{
  "base_question": "integrate((x-2)/(x**2-2*x+2), x)",
  "tree": [
    {
      "level": 0,
      "variants": [
        "integrate((x-2)/(x**2-2*x+2), x)",
        "integrate((x-1)/(x**2 - 2*x + 2), x)",
        "integrate((x-1)/sqrt((x-1)**2 + 1), x)",
        "integrate((1 - (x-1))/(x**2-2*x+2), x)",
        "integrate(1/((x**2-2*x+2)/(x-2)), x)",
        "integrate((sqrt(x-2)/(sqrt(2 - x))), x)",
        "integrate((exp(i * (x-2)))/(1 + exp(i * (x-2))), x)",
        "integrate((tan(x-1)-1)/(1+tan(x-1)**2), x)",
        "integrate((2-x)/(x**2-2*x+2), x)",
        "integrate(e**(i*x) * (x-2)/(e**(-i*x) - 1)**2 + 1, x)",
        "integrate(sum((-1)**n*(x**n-2**n)(n+1) / ((n+1)**2 - 2n + 1)), x)"
      ],
      "children": [
        {
          "level": 1,
          "variants": [
            "integrate((x-1) - 1, x)",
            "integrate(x - 2, x)",
            "integrate((x - 1 - 1)**1, x)",
            "integrate((x - 2)**1, x)",
            "integrate(sin(x - 2), x)",
            "integrate((x - 2) + (x - 2)**2/2, x)",
            "integrate((x - 1) - 1, x)",
            "integrate((x**2 - 4)/(x - 2), x)",
            "integrate((2*x - 4)/2, x)",
            "integrate((x - 2), x)",
            "integrate((x**2 - 4)/(x + 2), x)"
          ],
          "children": [
            {
              "level": 2,
              "variants": [
                "integrate(x - 2, x)",
                "integrate((x - 2) + 0, x)",
                "integrate(x, x)",
                "integrate((x**2)/2 - 2*x + 2, x)",
                "integrate((e**(x) - e**2), x)",
                "integrate((x - 1) - 1, x)",
                "integrate((x/2 - 1) * 2, x)",
                "integrate(((x**2) - 4)/2, x)",
                "integrate((-x) + 2, x)",
                "integrate((x - 2) + 1 - 1, x)"
              ],
              "children": []
            },
            {
              "level": 2,
              "variants": [
                "integrate(-2 + x, x)",
                "integrate(x - 2, x)",
                "integrate(x, x)",
                "integrate(Heaviside(x + 2) * (-2 + x), x)",
                "integrate(-2 + (2 - (1 - x)), x)",
                "integrate((-2 + x) * exp(-x), x)",
                "integrate((2 * sinh(ln(2 + x))) / sinh(1), x)",
                "integrate(differentiate(ln(abs(-2 + x))), x)",
                "integrate(lim_{a -> -\u221e}^{\u221e} (-2 + x) * Heaviside(x - a), x)",
                "integrate(sin(x - \u03c0/2) + (-2 - sin(-x + \u03c0/2)), x)"
              ],
              "children": []
            },
            {
              "level": 2,
              "variants": [
                "integrate(-2, x)",
                "integrate(-2 * sin(0), x)",
                "integrate(-2 * exp(0), x)",
                "integrate(-4/2, x)",
                "integrate(-2 * cos(pi), x)",
                "integrate(-sqrt(4), x)",
                "integrate(-2 * Derivative(x), x)",
                "integrate(-log(exp(2)), x)",
                "integrate(-1 - 1, x)",
                "integrate(-2 * 1, x)"
              ],
              "children": []
            }
          ]
        },
        {
          "level": 1,
          "variants": [
            "integrate(-(2 - x)/(x**2 - 2*x + 2), x)",
            "integrate(-(x)/(2 - x**2 + 2x), x)",
            "integrate(-2/(1 + exp(x)**2), x)",
            "integrate(-((x^2)/(x^2 - 2x + 2)), x)",
            "integrate(-1/(1 - (sqrt(2)/2)e^x), x)",
            "integrate(-(2 - x)/(1 + x^2 - 2x), x)",
            "integrate(-(x - 2) / ((x - 1)**2 + 1), x)",
            "integrate(-2/(x**2 - 2*x + 2), x)",
            "integrate(-(2 - x) * (A/(x - 1) + B/(x^2 + 1)), x)",
            "integrate(-(2 - x)/(x**2 - 1 + 1), x)",
            "integrate(-(x - 2)/(x**2 - 2x + 2) + (x - 2)/(x**2 - 2x + 2), x)"
          ],
          "children": [
            {
              "level": 2,
              "variants": [
                "integrate(A/(x - 1) + B/(x - 1 + i), x)",
                "integrate((A * (x - 1 + i) + B * (x - 1)) / ((x - 1) * (x - 1 + i)), x)",
                "integrate(log((x - 1) * (x - 1 + i)), x)",
                "integrate(A/(x - 1) + B/(x - 1 + i), x)",
                "integrate(A/(x - 1) + B/(x - 1 + I), x)",
                "integrate((C + A/(x - 1 + i)), x)",
                "integrate(A/(x - 1 + (0.001)), x)",
                "integrate(A/(x - 1) + B/(x - 1 + E^(i*pi/2)), x)",
                "integrate(A/(x - 1) + B/(x - 1 + exp(pi/2*i)), x)",
                "integrate( (A + B*exp(i*x))/(x - 1 + i), x)",
                "integrate(A/(1 - x) + B/(1 - x + i), x)"
              ],
              "children": []
            },
            {
              "level": 2,
              "variants": [
                "integrate(-d/dx(ln(x^2 - 2*x + 2)), x)",
                "integrate(-d/dx(ln((x-1)**2 + 1)), x)",
                "integrate(-d/dx(ln(x^2 - 2*x + 2) + ln(1)), x)",
                "integrate(-d/dx(ln((x-1)**2 + 1) + 0), x)",
                "integrate(-d/dx(ln(1 + (x-1)^2)), x)",
                "integrate(-d/dx(ln(2 - (x-1)^2)), x)",
                "integrate(-d/dx(2*atan(x-1)), x)",
                "integrate(-d/dx(ln(1 + \\frac{1}{(x-1)^2})), x)",
                "integrate(-d/dx(log(x**2 - 2*x + 2) / log(2)), x)",
                "integrate(-d/dx(ln((x-1 - i)(x-1 + i))), x)",
                "integrate(-d/dx(exp(-ln(x**2 - 2*x + 2))), x)"
              ],
              "children": []
            },
            {
              "level": 2,
              "variants": [
                "integrate((x - 2)/(x**2 - 2*x + 2), x)",
                "integrate((1 + 1/(x**2 - 2*x + 2)), x)",
                "integrate((x - 1)/( (x - 1)**2 + 1), x)",
                "integrate((-1/(x**2 - 2*x + 2)) + 1/(x**2 - 2*x + 2), x)",
                "integrate((x - 1)/( (x - 1)**2 + 1) - (1/( (x-1)**2 + 1)), x)",
                "integrate((1/(x-1)) + (1/(x**2 - 2*x + 2)), x)",
                "integrate(((x - 2)*2)/(2*(x**2 - 2*x + 2)), x)",
                "integrate(1/((x**2 - 2*x + 2)/(x - 2)), x)"
              ],
              "children": []
            }
          ]
        },
        {
          "level": 1,
          "variants": [
            "integrate(1/(x-1) - 1/(x**2 - 2*x + 2), x)",
            "integrate(1/(x-1) - 1/((x-1)**2 + 1), x)",
            "integrate(1/(x-1) - 1/(2 * exp(-i) * (x - 1 - i)), x)",
            "integrate(1/(x - 1), x)",
            "integrate(diff(log(x - 1)), x)",
            "integrate((x**2 - 2*x + 2 - (x - 1)) / ((x - 1) * (x**2 - 2*x + 2)), x)",
            "integrate(1/(x - 1) - (A/(x - 1) + B/(x-1 + i) + C/(x-1 - i)), x)",
            "integrate(diff(log(x - 1 - log(x**2 - 2*x + 2))), x)",
            "integrate((2 - x)/(x**2 - 2*x + 2), x)",
            "integrate(log(abs(x - 1)) - arctan(x - 1), x)",
            "integrate(log(abs(x - 1))/2 - log(sqrt((x-1)**2 + 1)), x)"
          ],
          "children": [
            {
              "level": 2,
              "variants": [
                "integrate(1/tan(theta) - 1/(sec(theta)**2), x)"
              ],
              "children": []
            },
            {
              "level": 2,
              "variants": [
                "integrate((x^2 - 2x + 2 - (x - 1) * (x - 1))/(x - 1)(x^2 - 2x + 2), x)",
                "integrate(1/((x - 1)*(x**2 - 2*x + 2)), x)",
                "integrate(1/(x - 1) - 1/(x**2 - 2*x + 2), x)",
                "integrate(1/((x - 1)*(1 + ((x-1)**2))), x)",
                "integrate((1 - (x - 1))/(x - 1), x)",
                "integrate(1/((x - 1)*(1 + (x - 1))), x)",
                "integrate(log(x - 1)/((x**2 - 2*x + 2)), x)",
                "integrate(1/((x - 1)*(1 - (x**2 - 2*x + 2))), x)",
                "integrate(sin(x - 1)/((x - 1)*(x**2 - 2*x + 2)), x)",
                "integrate(1/((x - 2)*(x - 1)), x)"
              ],
              "children": []
            },
            {
              "level": 2,
              "variants": [
                "integrate(1/(x - 1) + (1/2)/(x**2-2x+2), x)",
                "integrate(1/(x - 1) + 1/2 * 1/((x-1)**2 + 1), x)",
                "integrate(1/(x - 1) + 1/2 * (1/((x - 1)**2 + 1)), x)",
                "integrate(( (x - 1) + (1/2) ) / ((x - 1)((x - 1)^2 + 1)), x)",
                "integrate(1/(x - 1) + 1/2 * (1/(x - 1 + i) - 1/(x - 1 - i)), x)",
                "integrate(1/(x - 1) + (1/2)*sec^2(arctan(x-1)), x)",
                "integrate(1/(x - 1) + (1/2)*(d/dx)(atan(x-1)), x)",
                "integrate(d/dx[ln(x - 1) + (1/2) ln((x - 1)^2 + 1)], x)",
                "integrate(1/(x - 1) + (1/2)/((x-1)**2 + 1), x)",
                "integrate(1/(x - 1), x)",
                "integrate(log(abs(x - 1)) + (1/2)*atan(x-1), x)"
              ],
              "children": []
            }
          ]
        },
        {
          "level": 1,
          "variants": [
            "integrate(1 + 1/(x**2 - 2*x + 2), x)",
            "integrate(x/(x**2 - 2*x + 2) + 1, x)",
            "integrate(1 + 1/(1 + (x - 1)**2), x)",
            "integrate(1 + 1/(1 + (x**2 - 2)), x)",
            "integrate(1 + 1/(2 - (x - 1)**2), x)",
            "integrate(log(x) + 1/(x**2 - 2*x + 2), x)",
            "integrate(1 + sum((-1)**n * (x - 1)**(2*n) for n in range(10))*(1/(2*n + 2)), x)",
            "integrate(1 + 1/(1 + tan(x - 1)**2), x)",
            "integrate(1 + 1/((x - 1 + i)*(x - 1 - i)), x)",
            "integrate(1 + 1/(x**2 - 2*x + 3 - 1), x)",
            "integrate(1 + 1/(x^2 - 2*x + 1 + 1), x)"
          ],
          "children": [
            {
              "level": 2,
              "variants": [
                "integrate(1 + 1/(x**2 - 2*x + 2), x)",
                "integrate(1 - (x - 2)/(x**2 - 2*x + 2), x)",
                "integrate(1 + 1/((2-x)**2 - 2(2-x) + 2), x)",
                "integrate(1 + 1/(x**2 - 2*1*x + 2), x)",
                "integrate(1 + (1/(x**2 + 1) - 1/(x**2 - 1)), x)"
              ],
              "children": []
            }
          ]
        },
        {
          "level": 1,
          "variants": [
            "integrate(1/((x-1)^2 + 1), x)",
            "integrate(x - 1, x)",
            "integrate(sin(x), x)",
            "integrate(1/(x**2 + 1), x)",
            "integrate(u, x)",
            "integrate(1/1 * (1/((x-1)/1)**2 + 1), x)",
            "integrate(imaginary_part(1/((x-1) + i)), x)",
            "integrate(1/(1 + sin((x-1) * pi/2)), x)",
            "integrate(1/(x**2 - 2*x + 2), x)",
            "integrate(1/(((x-1) + i)*((x-1) - i)), x)",
            "integrate(sum(1/(n**2 + 1)), x)"
          ],
          "children": [
            {
              "level": 2,
              "variants": [
                "integrate(1/((x-1)^2 + 1), x)",
                "integrate(1/(1 + ((x - 1)^2 + 0)), x)",
                "integrate(1/2*(1/((x-1)-1j) + 1/((x-1)+1j)), x)",
                "integrate(1/((x-1)**2) + 1, x)",
                "integrate(1/((x-k-1)**2 + 1), x)"
              ],
              "children": []
            }
          ]
        },
        {
          "level": 1,
          "variants": [
            "integrate(log(x**2 - 2*x + 2), x)",
            "integrate(log((x - 1)**2 + 1), x)",
            "integrate(log((x-1)**2 + 1 + 0), x)",
            "integrate(log((1 + (x - 1)**2)), x)",
            "integrate(log(1 + (x-1)**2), x)",
            "integrate(log(2 - (x - 1)**2), x)",
            "integrate(log(1 + tan(theta)**2), x)",
            "integrate(log(1 + (x - 1)**2), x)",
            "integrate(log(1 + (x/(x-1))**2), x)",
            "integrate(log(sqrt((x - 1)**2 + 1)), x)",
            "integrate(log(x**2 - 2*x + 2) + log(2), x)"
          ],
          "children": [
            {
              "level": 2,
              "variants": [
                "integrate(log((x - 1)**2 + 1), x)",
                "integrate(log(exp(log((x - 1)**2 + 1))), x)",
                "integrate(log(x**2 - 2*x + 2), x)",
                "integrate(log(sqrt((x - 1)**2 + 1)**2), x)",
                "integrate(x * log((x - 1)**2 + 1), x)",
                "integrate(log(complex((x - 1)**2 + 1)), x)"
              ],
              "children": []
            },
            {
              "level": 2,
              "variants": [
                "integrate(log(2) + log(1 + (x**2 - 2*x + 2)/2), x)",
                "integrate(log(1 + (x - 1)**2), x)",
                "integrate(log(2) + log(1 + (x**2/2 - x + 1)), x)",
                "integrate(log(1 + (x**2 - 2*x + 3)/2), x)",
                "integrate(log(2) + log(1 + (x**2 - 2*x + 2 + \u03b5)/2), x)",
                "integrate(log(2) + log(1 + 2 - (x - 1)**2), x)",
                "integrate(log(cos(x/2) + sin(x/2)), x)",
                "integrate(log(2) + atan(x - 1), x)",
                "integrate((x - 1) - ((x - 1)**3 / 3), x)",
                "integrate(log(2) + log((1 + (x - 1)*(x + 1))/2), x)",
                "integrate(log(2) + log(1 + (1/2)*((x - 1)**2 + 1)), x)"
              ],
              "children": []
            },
            {
              "level": 2,
              "variants": [
                "integrate(1/(x^2 - 2*x + 2) * (2*x - 2), x)",
                "integrate((2*(x-1))/((x-1)^2 + 1), x)",
                "integrate(differentiate(tan(x - 1)), x)",
                "integrate(2*(1/(1 + (x-1)^2)), x)",
                "integrate(-2/(2 - (x - 1)^2), x)",
                "integrate(2*exp(-1*(x-1)^2)/(1 + exp(-1*(x-1)^2)), x)",
                "integrate(2*(e^(-2*x))/(e^(-2x)+1), x)",
                "integrate(2*(-1/+1)*(x^2 -2x +2)/(x^2 -2x + 2)^2, x)"
              ],
              "children": []
            }
          ]
        },
        {
          "level": 1,
          "variants": [
            "integrate((x - 1)/(x**2 - 2x + 2) + 1/(x**2 - 2x + 2), x)",
            "integrate(1/(x**2 - 2*x + 2), x)",
            "integrate((1/2)/(x**2 - 2*x + 2), x)",
            "integrate(exp(-1*(x - 1)**2) + exp(-(x - 1)**2)/2, x)",
            "integrate(1/(x - 1)**2 + 1/(x**2 - 1), x)",
            "integrate((sin(x)/(cos(x)**2 + 1) + 1/(cos(x)**2 + 1)), x)"
          ],
          "children": [
            {
              "level": 2,
              "variants": [
                "integrate((x - 1)/(x**2 - 2x + 2) + 1/(x**2 - 2x + 2), x)",
                "integrate(1/(x**2 - 2*x + 2), x)",
                "integrate(1 + (x-2)/(x**2 - 2*x + 2), x)",
                "integrate(diff(log(x**2 - 2*x + 2), x)",
                "integrate(1/x - 1/(x**2 - 2*x + 2), x)"
              ],
              "children": []
            }
          ]
        },
        {
          "level": 1,
          "variants": [
            "integrate((x-2)/( (x-1)**2 + 1 ), x)",
            "integrate((x-1)/((x-1)**2 + 1), x)",
            "integrate((tan(u)-1)/(tan(u)**2 + 1), x)",
            "integrate(1/((x-1)**2 + 1), x)",
            "integrate(1/( (x-1)**2 + 1 ), x)",
            "integrate((x-1)/( (x-1)**2 + 1 ) - 1/( (x-1)**2 + 1 ), x)",
            "integrate((x-2)/(((x-1)**2 + 1)**3)**0.5, x)",
            "integrate(-(2 - (x-2))/((x-1)**2 + 1), x)",
            "integrate( d/dx((1/2) * log((x-1)**2 + 1)), x)",
            "integrate((x-1)/(1+(x-1)**2), x)",
            "integrate(-1 + (4/( 1 + (x-1)**2)), x)"
          ],
          "children": [
            {
              "level": 2,
              "variants": [
                "integrate((x-2)/( (x-1)**2 + 1 ), x)",
                "integrate((x-1)/((x-1)**2 + 1) - 1/((x-1)**2 + 1), x)"
              ],
              "children": []
            }
          ]
        },
        {
          "level": 1,
          "variants": [
            "integrate(1 - 2/(x**2 - 2*x + 2), x)",
            "integrate(1 - 2/(1 + (x - 1)**2), x)",
            "integrate(1 - (2/(1 + (x - 1)**2)), x)",
            "integrate(1, x)",
            "integrate(1 - 2/(((x-1)**2)+1), x)"
          ],
          "children": [
            {
              "level": 2,
              "variants": [
                "integrate(1 - 2/(x**2 - 2*x + 1 + 1), x)",
                "integrate(1 - 2/(exp(2*I*x) - 2*exp(I*x) + 2), x)",
                "integrate(1 - (A/(x-1) + B/(x^2-2x+2)), x)",
                "integrate(1 - 2/(midpoint_estimate), x)",
                "integrate(1 - (2/(2 - (x - 1)\u00b2)), x)",
                "integrate(1 - 2/((x - 1)\u00b2 + 1), x)",
                "integrate(1 - 2/((2-x - 1)\u00b2 + 1), x)",
                "integrate(1, x)",
                "integrate(1 - 2/(x\u00b2 + 1 - 2x + 1), x)",
                "integrate(1 - 2/(exp(i*(x-1)) + exp(-i*(x-1))), x)",
                "integrate(x*(-2/(x\u00b2 - 2x + 2)), x)"
              ],
              "children": []
            },
            {
              "level": 2,
              "variants": [
                "integrate(1, x)",
                "integrate(1 if x < 0 else 1, x)",
                "integrate(diff(x, x)",
                "integrate(sin(0) + cos(0), x)",
                "integrate(exp(ln(1)), x)",
                "integrate(2/(2*x), x)",
                "integrate(1/q * diff(q, x)",
                "integrate(Heaviside(x), x)",
                "integrate(exp(log(1)), x)",
                "integrate(cos(\u03b8)**2 + sin(\u03b8)**2, x)",
                "integrate(x**0, x)"
              ],
              "children": []
            },
            {
              "level": 2,
              "variants": [
                "integrate(1 - 1/(x**2 - 2*x + 2), x)",
                "integrate(1 - 1/((x-1)**2 + 1), x)",
                "integrate(1, x)",
                "integrate(1 - (1/((1 + i)*(1 - i) + (x - 1)**2)), x)",
                "integrate(1 - 1/((x-1 - i)*(x-1 + i)), x)",
                "integrate(1 - 1/(1 + (x-1)**2), x)"
              ],
              "children": []
            }
          ]
        },
        {
          "level": 1,
          "variants": [
            "integrate((1 - 1)/(x**2 - 2*x + 2) + 1/(x**2 - 2*x + 2), x)",
            "integrate(1/(x**2 - 2*x + 2), x)",
            "integrate(1/((x-1)**2 + 1), x)",
            "integrate(1/(x**2 - 2*x + 2) - 0, x)",
            "integrate((epsilon)/(x**2 - 2*x + 2), x)",
            "integrate(1/((x-1 - i)(x-1 + i)), x)"
          ],
          "children": [
            {
              "level": 2,
              "variants": [
                "integrate(1/(x**2 - 2*x + 2), x)",
                "integrate(1/((x - 1)**2 + 1), x)",
                "integrate(1/((1/(x**2 - 2*x + 2))), x)",
                "integrate(1/(sec(theta)**2), x)",
                "integrate(1/Derivation((x**2 - 2*x + 2)), x)",
                "integrate(exp(-((x-1)**2)/2), x)",
                "integrate(log(x**2 - 2*x + 2), x)",
                "integrate(1/((x-1) + i)(x-1 - i), x)",
                "integrate(sin(cos((x - 1) * pi)), x)",
                "integrate(1/(1 - (x - 1)**2) + 1/x, x)"
              ],
              "children": []
            }
          ]
        },
        {
          "level": 1,
          "variants": [
            "integrate((x-2)/(x**2-2*x+2), x)",
            "integrate((x-1)/(x**2 - 2*x + 2), x)",
            "integrate((x-1)/((x-1)**2 + 1), x)",
            "integrate((exp(-2) * (exp(x) - 2))/(exp(x) - 1)**2, x)",
            "integrate((x/(x**2 - 2*x + 2) - 2/(x**2 - 2*x + 2)), x)",
            "integrate((x**2 - 2)/(x**2 - 2*x + 2), x)",
            "integrate(atan(x-1) * (x-1)/(x**2-2*x+2), x)",
            "integrate(cot(x-1) * (1 - 2*(cot(x-1))**2), x)",
            "integrate(sin(x)/(cos(x)**2 + 1), x)",
            "integrate((x-2)/((x-1)**2 + 1), x)",
            "integrate(log(x-1)/((x-1)**2 + 1), x)"
          ],
          "children": [
            {
              "level": 2,
              "variants": [
                "integrate((x-1)/(x**2 - 2*x + 2), x)",
                "integrate(1/(x**2 - 2*x + 2), x)",
                "integrate(-(x - 2)/(x**2 - 2*x + 2), x)",
                "integrate(log(x)/((x - 1)**2 + 1), x)",
                "integrate((1/(1/(x-1) + 1)), x)",
                "integrate((x-1)/(1 + (x-1)**2), x)",
                "integrate(x/((x-1)**2 + 1), x)",
                "integrate(diff(x**2/2 - 2*x + 2, x)",
                "integrate(exp(-x + 1)/(exp(-2x + 2)+1), x)",
                "integrate((x-1)/((1-x)**2 + 1), x)",
                "integrate(u * diff(u, x)"
              ],
              "children": []
            },
            {
              "level": 2,
              "variants": [
                "integrate(1/2, x)",
                "integrate(1/2, x)",
                "integrate(sinh(0)/2 + 0, x)",
                "integrate(1/4 + 1/4, x)",
                "integrate(diff(x**2/4, x)",
                "integrate(exp(ln(2))/2, x)",
                "integrate(1/3 + 1/6, x)",
                "integrate(cos(0) / 2, x)",
                "integrate(DiracDelta(0)/2, x)",
                "integrate(1/2 * 1, x)",
                "integrate(sin(pi/2)/2, x)"
              ],
              "children": []
            }
          ]
        }
      ]
    }
  ]
}