{
  "base_question": "integrate((exp(x)-1)/(exp(x)+2), x)",
  "tree": [
    {
      "level": 0,
      "variants": [
        "integrate((exp(x)-1)/(exp(x)+2), x)",
        "integrate(1 - 3/(exp(x) + 2), x)",
        "integrate((exp(x) + 2 - 3)/(exp(x) + 2), x)",
        "integrate(1, x)",
        "integrate(exp(x)/(exp(x) + 2), x)",
        "integrate(e^x * (1 - exp(-x))/(exp(x) + 2), x)",
        "integrate((2/exp(x) + 1 - 1)/(2/exp(x) + 1), x)",
        "integrate((ln(exp(x) + 2) - ln(3)) * (d(exp(x))/exp(x)), x)"
      ],
      "children": [
        {
          "level": 1,
          "variants": [
            "integrate(1 - (3/(e^x + 2)), x)",
            "integrate(1, x)",
            "integrate(1 - 3/u, x)",
            "integrate((e**x - 1)/(e**x + 2), x)",
            "integrate(1 - 3/(2*(cosh(x/2) + 1)), x)",
            "integrate(1 - 3/(sec(t) + 2), x)",
            "integrate((e**(-x) - 3*e**(-x)/(e**x + 2)), x)",
            "integrate((1 - (3/(e**x + 2))), x)",
            "integrate(abs(1 - 3/(e**x + 2)), x)",
            "integrate((e**x + 2 - 3)/(e**x + 2), x)",
            "integrate(1 - (3*sin(x))/(sin(x) + 2), x)"
          ],
          "children": [
            {
              "level": 2,
              "variants": [
                "integrate((e**x + 2 - 3) / (e**x + 2), x)"
              ],
              "children": []
            },
            {
              "level": 2,
              "variants": [
                "integrate(1 - (3/(e**x + 2)), x)",
                "integrate(1, x)",
                "integrate(1 - (3 * diff(log(e**x + 2), x)",
                "integrate(1 - (3*(e**x - 2)/(e**(2*x) - 4)), x)",
                "integrate(1 - (A/(e**x + 2) + B/(e**x + 2)), x)",
                "integrate(1 - 3/(e**(-x) + 2), x)",
                "integrate(k * (1 - (3/(e**x + 2))), x)"
              ],
              "children": []
            },
            {
              "level": 2,
              "variants": [
                "integrate(1 - 1.5/(1 + e**-x/2), x)",
                "integrate(1 - 1.5/(1 + 1/e**(x/2)), x)",
                "integrate(1 - 0.75 * (2/(1 + e**(-x/2))), x)",
                "integrate(1 - (1.5/(1 + (1 + e**(-x/2) - 1))), x)",
                "integrate(1 - 1.5/(1 + e^{x/2}), x)",
                "integrate((e**(x/2) - 3/2) / (e**(x/2) + 1), x)",
                "integrate(log((1 + e**(-x/2))/(-1.5 + e**(-x/2))), x)",
                "integrate((3/2 * e**(x/2) - 1.5)/(e**(x/2) + 1), x)",
                "integrate(1 - (1.5/(1 + cosh(x/2))), x)",
                "integrate((1 + sinh(x/2))/(1 + cosh(x/2)), x)"
              ],
              "children": []
            }
          ]
        },
        {
          "level": 1,
          "variants": [
            "integrate((1 - 1/(e^x + 2)), x)",
            "integrate(1 - 1/(2 * (1 + e^x/2)), x)",
            "integrate((2/2) - (2/(2 * (e^x + 2))), x)",
            "integrate(1 - 1/(e^{-x} + 2) * e^{2x}, x)",
            "integrate(1 - e^{-x}/(e^{-x} + 2), x)",
            "integrate(log((e^x + 2)/(1 + e^x)), x)",
            "integrate(1 - 1/u * (1/u), x)",
            "integrate(1 - 1/(cosh(x) + 2), x)",
            "integrate((e^x + 1)/(e^x + 2), x)",
            "integrate(1 - (2/(e^{2x} - 1 + 2)), x)",
            "integrate(1 - 1/(2 * cosh(x/2)), x)"
          ],
          "children": [
            {
              "level": 2,
              "variants": [
                "integrate(1, x)",
                "integrate(0 + 1, x)",
                "integrate(cos(0), x)",
                "integrate(exp(0), x)",
                "integrate(x**0, x)",
                "integrate(DiracDelta(x), x)",
                "integrate(2**0, x)",
                "integrate(x*0, x)"
              ],
              "children": []
            }
          ]
        },
        {
          "level": 1,
          "variants": [
            "integrate(1 - 3/(e^x + 2), x)",
            "integrate((e^x + 2 - 3)/(e^x + 2), x)",
            "integrate(diff(log(e^x + 2)), x)",
            "integrate(1 - 3*(e^(-x))/(1 + 2e^(-x)), x)",
            "integrate(1, x)",
            "integrate(1 - 3/(sec(x) + 2), x)",
            "integrate(1 - P(X <= e^x), x)",
            "integrate((2 + e^x - 3)/(e^x + 2), x)",
            "integrate(1 - 3/(e**x + 2), x)"
          ],
          "children": [
            {
              "level": 2,
              "variants": [
                "integrate(1 - 3/(e^x + 2), x)",
                "integrate(1 - 3/(2 + e^x), x)",
                "integrate(1 - 3/(1 + 2 e^{-x}), x)",
                "integrate(1 - A/(e^x + 2) - B/(e^x + 2), x)",
                "integrate(1 - 1/(1 + 2)(1/(e^x - 2)), x)",
                "integrate(sin(0) - 3/(cosh(x) + 2), x)",
                "integrate(1 - 3/(1 + x + x^2/2 + ...), x)",
                "integrate(sum(-3/(e^x + 2)), x)",
                "integrate(1 - 3/(2/(e^-x) + 1), x)"
              ],
              "children": []
            }
          ]
        },
        {
          "level": 1,
          "variants": [
            "integrate((exp(x)/2)/(exp(x)+1), x)",
            "integrate((1/2) - (1/2)/(exp(x)+1), x)",
            "integrate((1/2) - (1/2)/(1+exp(-x)), x)",
            "integrate(exp(x)/(2*(exp(x)+1)), x)",
            "integrate((exp(x)/(exp(x)*(exp(x)+1))), x)",
            "integrate((1/2)*(sum([(x**n)/factorial(n) for n in range(100)])/(sum([(x**n)/factorial(n)+1 for n in range(100)]))), x)",
            "integrate(1/(1 + exp(-x)), x)",
            "integrate((1/4)/(1 + exp(-x)), x)",
            "integrate((exp(-x)/2)/(1 + exp(-x)), x)",
            "integrate(log(1 + exp(x))/2, x)",
            "integrate(1/2*1/(1 + exp(-x)), x)"
          ],
          "children": [
            {
              "level": 2,
              "variants": [
                "integrate(1 - 1/(exp(x) + 1), x)",
                "integrate(1/(1 + exp(-x)), x)",
                "integrate(exp(-x) * (1 - exp(-x)), x)",
                "integrate(1, x)",
                "integrate(1/2 - 1/(2*(exp(x) + 1)), x)",
                "integrate(1 - exp(-x)/(1 + exp(-x)), x)",
                "integrate(exp(x)/(exp(x) + 1), x)",
                "integrate(diff(atan(exp(-x)), x)",
                "integrate(log(exp(x) + 1), x)",
                "integrate(1 - 1/(2*cosh(x/2)), x)",
                "integrate(1 - 1/(exp(j*x) + 1), x)"
              ],
              "children": []
            },
            {
              "level": 2,
              "variants": [
                "integrate(1/2 - 1/(2*(exp(x) + 1)), x)",
                "integrate(1/2, x)",
                "integrate((1 - 1/(exp(x) + 1))/2, x)",
                "integrate(1/2 - 1/(2*(1 + exp(-x))), x)",
                "integrate(1/2 - 1/(2*(cosh(x) + 1)), x)",
                "integrate(1/2 + (-1)/(2*(exp(x) + 1)), x)",
                "integrate(1/2 - 1/(2*(1 + exp(a*x))), x)",
                "integrate(log(e^x + 1)/2 - log(2), x)"
              ],
              "children": []
            },
            {
              "level": 2,
              "variants": [
                "integrate(1/2 * (1 - 1/(exp(x) + 1)), x)",
                "integrate(1/2 - 1/(2 * (exp(x) + 1)), x)"
              ],
              "children": []
            }
          ]
        },
        {
          "level": 1,
          "variants": [
            "integrate(exp(x)/(exp(x)+2), x)",
            "integrate(1 - 2/(exp(x) + 2), x)",
            "integrate(exp(x)/2/(exp(x)/2 + 1), x)",
            "integrate(1/(1 + 2*exp(-x)), x)",
            "integrate(exp(-x)/(1/2 + 1/(exp(x))), x)",
            "integrate(exp(2*x)/(3 + exp(2*x)), x)",
            "integrate(exp(x)/(1 + 2*exp(-x)), x)",
            "integrate(1/(1/2 + exp(-x)), x)",
            "integrate(1/(exp(-x)+2/exp(-x)), x)",
            "integrate(exp(x)/(2 + exp(x)), x)",
            "integrate(Derivative(log(exp(x) + 2)), x)"
          ],
          "children": [
            {
              "level": 2,
              "variants": [
                "integrate(1 - 2/(exp(x) + 2), x)",
                "integrate((2 + 2 - 2)/(exp(x) + 2), x)",
                "integrate((1 - 2/(exp(-x) + 2)), x)",
                "integrate(1 - 2*sum((-1)^n * (x**n)/(math.factorial(n)) for n in range(20)))/(1 + 2), x)",
                "integrate(1, x)",
                "integrate(1 - 2/(1/(exp(-x)) + 2), x)",
                "integrate(1 - 2/(2 + exp(x)), x)",
                "integrate(1 - 2/(1 + 2e^{-x}), x)",
                "integrate(1 - 2/u, x)",
                "integrate(x - 2/e^x, x)",
                "integrate(1 - 2/(2cis(x) + 2), x)"
              ],
              "children": []
            },
            {
              "level": 2,
              "variants": [
                "integrate(2*exp(x)/(exp(x) + 2) + 2/(exp(x) + 2), x)",
                "integrate((2*exp(-x)/(2 + exp(-x)) + 2/(2 + exp(-x))), x)",
                "integrate(2*exp(x)/(exp(x) + 2) + 2/(exp(x) + 2) + 2*pi*i, x)",
                "integrate(2 + (2 - (2*exp(x)/(exp(x) + 2))), x)",
                "integrate(2*exp(x)/(exp(x) + 2), x)",
                "integrate(2/(1 + 2/exp(x)) + 2/(1 + 2/exp(x)), x)",
                "integrate(2*ln(exp(x) + 2) - 2*ln(exp(x)), x)",
                "integrate(2*(1/(cosh(x))) + 2*cosh(x), x)",
                "integrate(2*e^x/(e^x + (2 + e^x * (0.5))), x)"
              ],
              "children": []
            },
            {
              "level": 2,
              "variants": [
                "integrate(1/(2 + exp(x)), x)",
                "integrate(1/(e^x) - 2/(2 + e^x), x)",
                "integrate(1/(2 + 2 * cosh(x/2)), x)",
                "integrate(1/(2 + (e^x + e^{-x})/2), x)",
                "integrate(1/(2 + sinh(x)), x)",
                "integrate(1/(2 + exp(log(4))), x)",
                "integrate(1/(3 - 1 + exp(x)), x)",
                "integrate(1/(exp(x) + 2) + 1/(exp(x) + 2), x)",
                "integrate(log(2 + e^x), x)",
                "integrate(1/(sqrt(3) + sqrt(3 - sqrt(4 - e^x))), x)",
                "integrate(1/(2* (1 + 0.5*exp(x))), x)"
              ],
              "children": []
            }
          ]
        },
        {
          "level": 1,
          "variants": [
            "integrate(log((e^x + 2)/(e^x)), x)",
            "integrate(log(e^x + 2) - x, x)",
            "integrate(log(1 + 2/e^x), x)",
            "integrate(log((e^x + 2)/e^x) + C, x)",
            "integrate(log(e^x + 2), x)",
            "integrate(numpy.log((numpy.exp(x) + 2)/numpy.exp(x)), x)",
            "integrate(log((2 + 1)/e^x), x)"
          ],
          "children": [
            {
              "level": 2,
              "variants": [
                "integrate(log(1 + 2*exp(-x)), x)",
                "integrate(log((1 + 2*exp(-x)) / exp(-x)), x)",
                "integrate(log(1 + 2*1/e^x), x)",
                "integrate(log(1 + 2*exp(-x)), x)",
                "integrate(log(1 + alpha*exp(-x)), x)",
                "integrate(log(1 + 2*(1 - e^{-x})), x)",
                "integrate(log(2*exp(-x) + 1) - log(2), x)",
                "integrate(log(1 + exp(-x)) + log(1 + exp(-x)), x)",
                "integrate(log(1 + 2*tan(t)), x)",
                "integrate(arcsinh(2*exp(-x)), x)",
                "integrate(log(2 + exp(x)) - log(exp(x)), x)"
              ],
              "children": []
            },
            {
              "level": 2,
              "variants": [
                "integrate(log(x + 2) - log(x), x)",
                "integrate(log(1 + 2/x), x)",
                "integrate(log(x + 2), x)",
                "integrate(d(log(x + 2)/dx), x)",
                "integrate(log(1 + 2/(x + 2 - 2)), x)",
                "integrate(log((x + 2)/(x * (1 - 0.01))), x)",
                "integrate(log(e^(log(x + 2) - log(x))), x)",
                "integrate(log(3 - (x + 2 - 3)/x), x)",
                "integrate(log((x + 2)/x), x)"
              ],
              "children": []
            },
            {
              "level": 2,
              "variants": [
                "integrate(log(v), x)",
                "integrate(diff(exp(log(v)), x)",
                "integrate(log(v + 1) - log(1), x)",
                "integrate(diff(v * log(v) - v, x)",
                "integrate(log(v)/1, x)",
                "integrate(log(v) / log(2), x)",
                "integrate(log(v) + (-log(v)), x)",
                "integrate(log(v) * exp(-x), x)"
              ],
              "children": []
            }
          ]
        },
        {
          "level": 1,
          "variants": [
            "integrate((2/(sin(x)+2)) * (cos(x)), x)",
            "integrate((2 * (2 - sin(x)) * cos(x)) / (4 - sin(x)^2), x)",
            "integrate(4 * cos(x) / (2 * sin(x/2) * cos(x/2) + 2), x)",
            "integrate(2 * (1 - x**2/2) / (x + 2), x)",
            "integrate((2 * cos(x) * (1 + sin(x))) / (sin(x) + 2) - 2 * sin(x) / (sin(x) + 2), x)",
            "integrate((2 - 2 * sin(x)/(sin(x) + 2)) * cos(x), x)",
            "integrate(2 * sin(pi/2 - x)/(2 + sin(pi/2 - x)), x)",
            "integrate(2 * cos(x) / (sin(x) + 2), x)",
            "integrate(2 * cos(x) / (sin(x) + 2 + cos^2(x)), x)"
          ],
          "children": [
            {
              "level": 2,
              "variants": [
                "integrate((2/(2*sin(x/2)*cos(x/2) + 2)) * (cos(x)), x)",
                "integrate((2/(sin(x) + 2)) * cos(pi/2 - x), x)",
                "integrate((2 * (sin(x) - 2)) / ((sin(x) + 2)(sin(x) - 2)), x)",
                "integrate((2/(2sin(x/2)cos(x/2) + 2)) * (1 - 2*sin(x/2)**2), x)",
                "integrate(2*cos(x)/(2 + sin(x)), x)",
                "integrate((2/(k + 2sin(x/2)cos(x/2))) * (cos(x)), x)",
                "integrate(2/(2sin(x/2)cos(x/2) + 2) * (e^(ix) + e^(-ix))/2, x)",
                "integrate((2/(2sin(x/2)cos(x/2) + 2)) * exp(-t), x)",
                "integrate((2/(2sin(x/2)cos(x/2) + 2)) * (-sin(x)), x)",
                "integrate((2/(2sin(x/2)cos(x/2) + 2)) * (1 - x**2/2 + x**4/24 - ...), x)",
                "integrate((2/(2*sin(x/2)*cos(x/2) + 2)) * (1 - 2*sin(x/2)**2), x)"
              ],
              "children": []
            },
            {
              "level": 2,
              "variants": [
                "integrate(2*sin(x)/(sin^2(x) + 4*sin(x) + 4), x)",
                "integrate(2*sin(x)/((sin(x)+2)**2), x)",
                "integrate(sin(2x)/(sin^2(x) + 4sin(x) + 4), x)",
                "integrate(2*(4cos(x)^2 - 4)/((4cos(x)^2 + 4)^2), x)",
                "integrate(2*(sin(x) - sin(x)**3/6 + ...)/(4 + 4sand in the series expansion, x)"
              ],
              "children": []
            },
            {
              "level": 2,
              "variants": [
                "integrate(2/(tan(x) + 2/cos(x)), x)",
                "integrate(2*cos(x)/(sin(x) + 2), x)",
                "integrate(2*cos(x)/(sqrt(1 - cos(x)**2) + 2), x)",
                "integrate(1/(tan(x) + 2/cos(x)), x)",
                "integrate(2*exp(-1j*x)/(sin(x)*exp(-1j*x) + 2*exp(-1j*x)), x)",
                "integrate(2/(2 - tan(x)), x)",
                "integrate(2/(1/tan(x) + 2/cos(x)/cos(x)), x)",
                "integrate(2*cos(x)/(2*sin(x) + 2*cos(x)), x)",
                "integrate(2/(tan(x/2) + cos(x)), x)",
                "integrate(2/(1/(sin(x)/cos(x)) + 2/cos(x)), x)",
                "integrate(2 * cos(x) / (sin(x) + 2), x)"
              ],
              "children": []
            }
          ]
        },
        {
          "level": 1,
          "variants": [
            "integrate(1 - 3/(exp(x) + 2), x)",
            "integrate(1 - 3 * (e^{-x} / (1 + 2e^{-x})), x)",
            "integrate(1, x)",
            "integrate(1 - 3/u, x)",
            "integrate(1 - 3/(exp(x) + 2), x)",
            "integrate(1 - 3/(sum_from_n=0_to_infinity(e^x / n)), x)",
            "integrate(1 - 3/(k*exp(x) + 2), x)",
            "integrate(1 - 3/(sqrt(x**2 + 4) - 2), x)",
            "integrate(Derivative(1 - 3/(exp(x) + 2), x)",
            "integrate(1 - 3/(exp(k*x) + 2), x)"
          ],
          "children": [
            {
              "level": 2,
              "variants": [
                "integrate(1, x)",
                "integrate(1 * c, x)",
                "integrate(diff(x**2/2, x)",
                "integrate(e**(0), x)",
                "integrate(diff(x, x)",
                "integrate(sqrt(1**2), x)",
                "integrate((1 + 0) / 2, x)",
                "integrate(sin(pi/4)**2 + cos(pi/4)**2, x)",
                "integrate(lim(n -> oo)(n/n), x)",
                "integrate(exp(0), x)",
                "integrate(cos(0), x)"
              ],
              "children": []
            },
            {
              "level": 2,
              "variants": [
                "integrate(1 - 3/u, x)",
                "integrate(1 - 3/(1 + t), x)",
                "integrate((u - 3)/u, x)",
                "integrate(1 - 3*v, x)",
                "integrate(1 - 3*exp(-ln(u)), x)",
                "integrate(1 - 3*(u**(-1)), x)",
                "integrate((u**2 - 3*u)/u, x)",
                "integrate(1 - 3*E(u), x)",
                "integrate((u - 3)/(u), x)",
                "integrate(1 - 3/(u - 0), x)"
              ],
              "children": []
            },
            {
              "level": 2,
              "variants": [
                "integrate(1 - 3*(1 - (exp(-x) + O(exp(-2*x)))), x)",
                "integrate(1 - 3*(1 - (1 - x + x**2/2 - x**3/6 + O(x**4))), x)",
                "integrate(3/(1 + e^(-x)) - 2, x)",
                "integrate(3*(cosh(x) - 1) - 2, x)",
                "integrate(3*(1 - (1 - x)), x)",
                "integrate(1 - 3*(sin(x) + O(sin(x)**2)), x)",
                "integrate(3*(1 - cos(x))/2 - 2, x)",
                "integrate(1 - 3*(1 - (1/e**x + O(1/e**(2*x)))), x)",
                "integrate(1 - 3*(1 - log(x + 1)), x)",
                "integrate(3*(d/dx(e**(-x))) - 2, x)",
                "integrate(-2 + 3 * cos(e^{-x}) + O(exp(-2*x)), x)"
              ],
              "children": []
            }
          ]
        },
        {
          "level": 1,
          "variants": [
            "integrate((1 - e^{-x})/(1 + 2e^{-x}), x)",
            "integrate((1 - e^{-x})/(1 + 2e^{-x}) * (1 + 2e^{-x})/(1 + 2e^{-x}), x)",
            "integrate(1/(1 + 2e^{-x}) - e^{-x}/(1 + 2e^{-x}), x)",
            "integrate((1 - e^{-kx})/(1 + 2e^{-kx}), x)",
            "integrate((1 - e^{-x})/(1 + 2e^{-x}) + (e^{-x} - e^{-2x})/(1 + 2e^{-2x}), x)",
            "integrate((1 - (2/(2 + 1/(e^{-x})))/(1 + 2e^{-x})), x)",
            "integrate((1 - e^{-x})/(3 + e^{-x} + 2^2 * e^{-2x}), x)",
            "integrate((1 - (1 - x + x^2/2 - x^3/6 + ...)) / (1 + 2(1 - x + x^2/2 - ...)), x)",
            "integrate(1/(1 + 2e^{-x}), x)",
            "integrate(A/(1 + 2u) + B/(1 - e^{-x}), x)",
            "integrate((1 - e^{-x})/(1 + 2e^{-x}) * (1 - e^{-x})/(1 - e^{-x}), x)"
          ],
          "children": [
            {
              "level": 2,
              "variants": [
                "integrate((1 - e^{-x})/(1 + 2e^{-x}), x)",
                "integrate(1/(1 + 2*exp(-x)), x)",
                "integrate((e^{-x} (1 + e^{-x})) / (1 + 2e^{-x}), x)",
                "integrate((1 - e^{-x}) / (3 - 3 + 2e^{-x}), x)",
                "integrate((1 - e^{-x}) * (1 + 2e^{-x}) / ((1 + 2e^{-x})^2), x)",
                "integrate((1 - e^{-x}) / (1 + e^{-x} + e^{-2x}), x)",
                "integrate(1 / (1 + 2e^{-x}), x)",
                "integrate((1 - e^{-x}) / (1 + e^{-x} + 2 * I*e^{-x}), x)",
                "integrate((e**(-x)*(1 - e**(x))) / (e**(x) + 2), x)"
              ],
              "children": []
            }
          ]
        },
        {
          "level": 1,
          "variants": [
            "integrate(tanh(x/2), x)",
            "integrate((exp(x/2) - exp(-x/2)) / (exp(x/2) + exp(-x/2)), x)",
            "integrate(sinh(x/2) / cosh(x/2), x)",
            "integrate(-tanh(-x/2), x)",
            "integrate(sum((-1)**k/(2*k + 1)**2 * x**(2*k + 1) for k in range(10)), x)",
            "integrate((e^(ix/2) - e^(-ix/2)) / (e^(ix/2) + e^(-ix/2)), x)",
            "integrate(tanh(x/2) * exp(-x**2), x)",
            "integrate(2*log(cosh(x/2)), x)",
            "integrate(tanh(x/2), x)"
          ],
          "children": [
            {
              "level": 2,
              "variants": [
                "integrate((exp(x/2) - exp(-x/2)) / (exp(x/2) + exp(-x/2)), x)",
                "integrate(tanh(x/2) * 2, x)",
                "integrate(sinh(x/2) / cosh(x/2), x)",
                "integrate(sin(i*x/2)/cos(i*x/2), x)",
                "integrate((exp(x/2) - exp(-x/2))/(exp(x/2) + exp(-x/2)) * exp(-x/2), x)",
                "integrate(arcsinh(exp(x/2)), x)",
                "integrate(1 - 2/(exp(x) + 1), x)",
                "integrate(log(exp(x/2)/(1 + exp(-x/2))), x)",
                "integrate(tanh(x/2), x)",
                "integrate((e**(x/2) - e**(-x/2))/(1 + e**(-x)), x)",
                "integrate((2 * sinh(x/2))/(cosh(x/2) + 1), x)"
              ],
              "children": []
            },
            {
              "level": 2,
              "variants": [
                "integrate(sinh(x/2)/(cosh(x/2)**2), x)",
                "integrate(e**(x/2)/(e**(x/2))**2, x)",
                "integrate(1/cosh(x/2), x)",
                "integrate(tanh(x/2)/cosh(x/2), x)",
                "integrate(diff(tanh(x/2), x)",
                "integrate(A/(cosh(x/2)**2) + B/(cosh(x/2)), x)",
                "integrate(sinh(n*x)/(cosh(n*x)**2), x)"
              ],
              "children": []
            },
            {
              "level": 2,
              "variants": [
                "integrate(2/(exp(x) + 1) - 1, x)",
                "integrate(2/(1 + exp(-x)) - 1, x)",
                "integrate(2/(exp(-x) + 1) - 1, x)",
                "integrate(tanh(x/2) - 1, x)",
                "integrate(2/(exp(x)*exp(0) + 1) - 1, x)",
                "integrate(-1 + 1/cosh(x/2), x)",
                "integrate(2/(exp(x) + 1), x)",
                "integrate(c*(2/(exp(x) + 1) - 1)/c, x)",
                "integrate(2*log(exp(x)+1) - x, x)",
                "integrate(2*exp(x)/(exp(x) + 1)^2, x)",
                "integrate(2*sec(x/2)/(sec(x/2) + 1) - 1, x)"
              ],
              "children": []
            }
          ]
        },
        {
          "level": 1,
          "variants": [
            "integrate((exp(x)-1)/(exp(x)+2), x)",
            "integrate((sinh(x)/cosh(x) - 2)/(sinh(x) + 2*cosh(x)), x)",
            "integrate((1 - 2/(e^x + 2)), x)",
            "integrate((1/(e^x + 2) - 1/(e^x + 1)), x)",
            "integrate(1/(e^x + 2) - (1)/2, x)",
            "integrate(-1 * (exp(-x) - 1)/(exp(-x) + 2), x)",
            "integrate((exp(-x) - 1)/(exp(-x) + 2), x)",
            "integrate((e^x - 3)/(e^x + 2), x)",
            "integrate(((cos(x) + i sin(x)) - 1)/((cos(x) + i sin(x)) + 2), x)",
            "integrate(3*((e^x - 1)/(e^x + 2))/(3), x)",
            "integrate((e^(x+1) - e)/(e^(x+1) + 2), x)"
          ],
          "children": [
            {
              "level": 2,
              "variants": [
                "integrate(exp(x)/(exp(x)+2), x)",
                "integrate(1 - 2/(e^x + 2), x)",
                "integrate(ln(e^x + 2) - ln(2), x)",
                "integrate(1/(1 + 2 * e^{-x}), x)",
                "integrate(tanh(x/2), x)",
                "integrate(exp(2*log(e^x)), x)",
                "integrate(diff(exp(x)/2, x)",
                "integrate(lim(2/(1 + exp(-x)), x)",
                "integrate(1/(1 + 2*exp(-x)), x)",
                "integrate(1/(1 + 2*cosh(x)), x)",
                "integrate((e^x + 2 - 2)/(e^x + 2), x)"
              ],
              "children": []
            },
            {
              "level": 2,
              "variants": [
                "integrate(((1 + x + x^2/2 +...)-1)/((1 + x + x^2/2 +...)+2), x)",
                "integrate(-log(1-x)/(-log(1-x) + 2), x)",
                "integrate(((1 + x + x**2/3 + ...)-1)/((1 + x + x**2/3 + ...)+2), x)",
                "integrate(((1 - x + x**2/2 - ...)-1)/((1 - x + x**2/2 - ...)+2), x)",
                "integrate((1/(2 + (1 + x + x**2/2 + ...)))-1/x, x)",
                "integrate(x*(-log(1-x))/(-log(1-x) + 2), x)",
                "integrate(sqrt(1 + x + x**2/2 - 1)/sqrt(1 + x + x**2/2 + 2), x)",
                "integrate(-integrate(1/(1+x), x)",
                "integrate(1/((-log(1-x)+2)(-1 + x + x**2/2)), x)",
                "integrate((e**x - 1)/(e**x*(1 + 2/e**x)), x)",
                "integrate((e**x + 2)/(e**x - 1), x)"
              ],
              "children": []
            },
            {
              "level": 2,
              "variants": [
                "integrate(1 - 3/(exp(x)+2), x)"
              ],
              "children": []
            }
          ]
        }
      ]
    }
  ]
}