{
  "base_question": "integrate(cosh(x)**2, x)",
  "tree": [
    {
      "level": 0,
      "variants": [
        "integrate(cosh(x)**2, x)",
        "integrate((1 + cosh(2*x))/2, x)",
        "integrate((1 + (exp(x) + exp(-x))**2)/4, x)",
        "integrate(sinh(x)**2 + 1, x)",
        "integrate(cos(0.5*complex(x))**2, x)",
        "integrate(cosh(\u03b1*x)**2, x)",
        "integrate(cosh(x) * sinh(x), x)",
        "integrate(x * sinh(x), x)",
        "integrate((exp(x) + exp(-x)) * (exp(x) + exp(-x))/4, x)",
        "integrate(cosh(2*x)/2, x)",
        "integrate((exp(x) + exp(-x))**2 / 4, x)"
      ],
      "children": [
        {
          "level": 1,
          "variants": [
            "integrate((1 + cosh(2*x))/2, x)",
            "integrate((1 + (e**(2*x) + e**(-2*x))/2)/2, x)",
            "integrate((1 + (2 * cosh(x)**2 - 1))/2, x)",
            "integrate((1 + 0.99 * cosh(2*x))/2 + 0.01, x)",
            "integrate((1/2 + (1/2)cosh(2*x)), x)",
            "integrate((1 + (exp(2*x) + exp(-2*x))/2)/2, x)",
            "integrate((cosh(2*x) + 1)/2 - 1/4, x)",
            "integrate((1 + (e**(2*x) + e**(-2*x))/2 + 0)/2, x)",
            "integrate((1/2 + 1/2 * (cosh(2*x) + 1)), x)",
            "integrate((cosh(x)**2 + 1/2), x)",
            "integrate((1 + 2*sinh(x)**2)/(2), x)"
          ],
          "children": [
            {
              "level": 2,
              "variants": [
                "integrate((1/2 + exp(2*x)/4 + exp(-2*x)/4), x)",
                "integrate((1/2 + u/4 + 1/(4*u)), x)",
                "integrate((1/2 + (1/2) * cosh(2*x)), x)",
                "integrate((1/2 + A/(e^{2x}) + B*e^{2x}), x)",
                "integrate((1/2 + (1/8) * (e^{2*x} + e^{-2*x})), x)",
                "integrate((1/2 + (1/4)((e^{2*x})^2 + 1/(e^{2*x})^2)), x)",
                "integrate(((1/2) + (1/4) * exp(2*x) + (1/4) * exp(-2*x) * (1 - exp(4 * x))), x)",
                "integrate((1/2 + (1/4) * elliptic_k(2*x)), x)",
                "integrate((1/2 + (1/4)*(1/(1 - e^{2*x}) + 1/(1 - e^{-2*x}))), x)",
                "integrate(1/2 + (1/2) * cosh(2*x), x)",
                "integrate(1/2 + exp(2*(x + 0)) / 4 + exp(-2*(x + 0)) / 4, x)"
              ],
              "children": []
            },
            {
              "level": 2,
              "variants": [
                "integrate((1 + (1 - cosh(2*x))/2), x)"
              ],
              "children": []
            },
            {
              "level": 2,
              "variants": [
                "integrate((1 + sinh(x)**2), x)",
                "integrate(1 + (1/4)*(exp(2*x) - 2 + exp(-2*x)), x)",
                "integrate(1 + (1/4)*((exp(x) - exp(-x))**2), x)",
                "integrate(1 + (1/2)*sinh(2*x), x)",
                "integrate(cosh(x)**2, x)",
                "integrate(1, x)",
                "integrate(1 + 1/2 * d(sinh(x)**2), x)",
                "integrate(1 + sinh(x + a)**2, x)",
                "integrate((1 + f(sinh(x))), x)",
                "integrate((1 + (exp(x) + exp(-x))**2 / 4), x)",
                "integrate(2 * cosh(x)**2 / 2, x)"
              ],
              "children": []
            }
          ]
        },
        {
          "level": 1,
          "variants": [
            "integrate(((exp(x) + exp(-x))/2)**2, x)",
            "integrate((cosh(2*x) + 1)/2, x)",
            "integrate((sec(x)*tan(x))**2 * (1/cos(x)), x)",
            "integrate((1 + cosh(2*x))/2, x)",
            "integrate((cosh(x) + sinh(x))**2, x)",
            "integrate(exp(-x**2/2) * cosh(x), x)",
            "integrate(cosh(x)**2, x)"
          ],
          "children": [
            {
              "level": 2,
              "variants": [
                "integrate(cosh(x)**2, x)",
                "integrate((1 + cosh(2*x)) / 2, x)",
                "integrate((exp(x) + exp(-x))**2 / 4, x)",
                "integrate((exp(2*x) + 2 + exp(-2*x)) / 4, x)",
                "integrate(sinh(x)*cosh(x), x)",
                "integrate(cosh(x)*d(sinh(x)), x)",
                "integrate(cosh(i*x)**2, x)",
                "integrate(1/2 + 1/2 * cosh(2*x), x)",
                "integrate(1/(2*sqrt(1+ sinh(x)**2)), x)"
              ],
              "children": []
            },
            {
              "level": 2,
              "variants": [
                "integrate((1 + cosh(2*x))/2, x)",
                "integrate((1 + exp(2*x) + exp(-2*x)) / 4, x)",
                "integrate(1/2, x)",
                "integrate(((1/2) + (cos(2*I*x))) / 2, x)",
                "integrate((1 + (1/2)*(exp(2*x) + exp(-2*x))), x)",
                "integrate((1 + cosh(-2*x))/2, x)",
                "integrate((exp(2*x)/4 + exp(-2*x)/4 + 1/2), x)",
                "integrate((1 + cosh(2*(x + a)))/2, x)",
                "integrate((1 + (exp(2*x) + exp(-2*x))/2)/2, x)",
                "integrate((1 + (exp(2*I*x) + exp(-2*I*x))/2)/2, x)",
                "integrate((1 + 0.5 * cosh(2*x))/2, x)"
              ],
              "children": []
            },
            {
              "level": 2,
              "variants": [
                "integrate((1 + x**2/2 + x**4/24 + ...)**2, x)",
                "integrate(exp(x**2), x)",
                "integrate(1 + x**2 + x**4/12 + x**6/720 + ... , x)",
                "integrate(tan(x)**2, x)",
                "integrate(sin(x)**2 + cos(x)**2, x)",
                "integrate(2 * (1 + x**2/2 + x**4/24) * (x + x^3/12), x)",
                "integrate(1 + (e^(ix) - 1)**2/(2i), x)",
                "integrate((exp(x**2/2))**2, x)",
                "integrate(Derivative(exp(x**2/2), x)"
              ],
              "children": []
            }
          ]
        },
        {
          "level": 1,
          "variants": [
            "integrate(sinh(x)*sinh'(x), x)",
            "integrate(0.5 * sinh(2*x), x)",
            "integrate((1/4)*(cosh(2*x) - 1), x)",
            "integrate((1/2)*(cosh(2*x) - 1)*(sinh'(x)), x)",
            "integrate(sinh(x) * cosh(x), x)",
            "integrate(0.5*(x + x**3/6 + x**5/120), x)",
            "integrate(f(x) * f'(x), x)"
          ],
          "children": [
            {
              "level": 2,
              "variants": [
                "integrate(sinh(x)*sinh'(x), x)",
                "integrate(sinh(x) * cosh(x), x)",
                "integrate(0.25*(cosh(2*x) - 1), x)",
                "integrate(0.25*(e**(2*x) - 1 - 2*e**(-2*x)), x)",
                "integrate(diff(sinh(x)**2, x)",
                "integrate(sinh(x)*cosh(x), x)",
                "integrate(0.5*(exp(x) + exp(-x)) * 0.5*(exp(x) - exp(-x)), x)",
                "integrate(sinh(x)**2 - sinh(0)**2, x)",
                "integrate(sinh(k*x)*sinh'(k*x), x)",
                "integrate(1/2 * (sinh(2*x)), x)",
                "integrate((e**x - e**(-x)) / 2 * (e**x + e**(-x)) / 2, x)"
              ],
              "children": []
            }
          ]
        },
        {
          "level": 1,
          "variants": [
            "integrate((exp(2*x) + 1 + exp(-2*x))/4, x)",
            "integrate((cosh(2*x)), x)",
            "integrate((1/4)*(exp(2*x) + 1 + 1/exp(2*x)), x)",
            "integrate((1/4)*(exp(2*x) + exp(-2*x) + 1), x)",
            "integrate((exp(2*x)/4), x)",
            "integrate((1/4)*(cosh(2*x) + 1 - sinh^2(x)), x)",
            "integrate((1/4)*(1 + tanh(2*x)), x)",
            "integrate(1/4*(exp(2*x) + exp(-2*x)), x)",
            "integrate((1/4)*((exp(x) + exp(-x))^2 + 1), x)",
            "integrate((cosh(2*x) + 1)/2, x)",
            "integrate(e**(2*x)/4 + 1/4 + e**(-2*x)/4, x)"
          ],
          "children": [
            {
              "level": 2,
              "variants": [
                "integrate(cosh(2*x)/2 + 1/4, x)",
                "integrate((e**(2*x) + e**(-2*x))/4 + 1/4, x)",
                "integrate((1/2) * (cosh(2*x) + 1), x)",
                "integrate((1/2) * (1/(1-tan(x)**2)), x)",
                "integrate((1/2)(cos(2*x) + sin(2*x)) + 1/4, x)",
                "integrate(sin(x)**2 + 1/4, x)",
                "integrate((-1/2) * (1 - sin(2*x)) + 1/4, x)",
                "integrate((1 - (2*x)**2/4 + O(x**4)) + 1/4, x)",
                "integrate(2*sinh(2*x), x)"
              ],
              "children": []
            },
            {
              "level": 2,
              "variants": [
                "integrate((sqrt(e**(2*x)) + sqrt(e**(-2*x)))**2/4 + 1/4, x)",
                "integrate((1/2) + (1/2) * cosh(2*x), x)",
                "integrate((1/4)*((1 + e^(2*x) + e^(-2*x)) + 1), x)",
                "integrate(0.25 * (2*cos(x))^2 + 0.25, x)",
                "integrate((1/4*(e^x + e^{-x})^2 + 1/4), x)",
                "integrate( (e^(2*x) + 2 + e^(-2*x))/4, x)",
                "integrate(1/4 * (exp(2*x) + 2 + exp(-2*x)), x)",
                "integrate(1/4 * sinh(2x)^2 + 1/4, x)",
                "integrate((1/4 * (2*sin(cosh)^2)) + (1/4), x)",
                "integrate(1/2 * (1 + 1/2 * (z - 1/z)^2), x)",
                "integrate( (cosh^2(x) + 1/4), x)"
              ],
              "children": []
            },
            {
              "level": 2,
              "variants": [
                "integrate(e**(2*x)/4, x)",
                "integrate(e**(2*x)/4, x)",
                "integrate(k * e**(2*x), x)",
                "integrate(e**(x)*e**(x)/4, x)",
                "integrate(e**(2*x), x)",
                "integrate(e**(2*x)/2 * (1/2), x)",
                "integrate(1/4 * e**(x)*e**(x), x)",
                "integrate(e**(2*x)/(2*2), x)",
                "integrate((e**x)**2/4, x)",
                "integrate(1/4 * sum((2**n * x**n)/factorial(n) for n in range(10)), x)",
                "integrate(e**(2*x) * e**(-2*x) * e**(2*x), x)"
              ],
              "children": []
            }
          ]
        },
        {
          "level": 1,
          "variants": [
            "integrate(cos(ix)**2, x)",
            "integrate(cosh(x)**2, x)",
            "integrate((1 + cos(2*ix))/2, x)",
            "integrate((1/4) * (e^{-2x} + 2 + e^{2x}), x)",
            "integrate(differentiate(cos(ix)**2, x)",
            "integrate(1/2 * (1 + sinh(2x)/2), x)",
            "integrate(cos(ix) * differentiate(cos(ix), x)",
            "integrate((1/2) * (e^(x) + e^(-x)), x)",
            "integrate((1/4) * (exp(-2*x) + 2 + exp(2*x)), x)",
            "integrate((1/2) * (1 + cos(2*I*x)), x)",
            "integrate(cos(ix) * cos(ix), x)"
          ],
          "children": [
            {
              "level": 2,
              "variants": [
                "integrate(cos(ix)**2, x)",
                "integrate((exp(x) + exp(-x))**2 / 4, x)",
                "integrate(1/2 + 1/2*cos(2*ix), x)",
                "integrate(1/2 + 1/2 * exp(-x)*exp(x), x)",
                "integrate(cosh(x)**2, x)",
                "integrate(0.5 + 0.5*sin(2*ix)/(2*i), x)",
                "integrate(diff(cos(ix)**2, x)",
                "integrate(sum(((-1)**n * (ix)**(2*n) / factorial(2*n))**2 for n in range(10)), x)",
                "integrate(exp(-x**2 / 2) * cos(ix)**2, x)",
                "integrate(1 / (1 - t**2 * (ix)**2), x)",
                "integrate((1 + cos(2*ix)) / 2, x)"
              ],
              "children": []
            }
          ]
        },
        {
          "level": 1,
          "variants": [
            "integrate(cosh(x), x)",
            "integrate(0.5 * exp(x) + 0.5 * exp(-x), x)"
          ],
          "children": [
            {
              "level": 2,
              "variants": [
                "integrate(1/2 * (exp(I*x) + exp(-I*x)), x)",
                "integrate(1/2 * (exp(I*(x + pi/2)) + exp(-I*(x + pi/2))), x)",
                "integrate(1/4 * (exp(I*(2*x)) + exp(-I*(2*x))), x)",
                "integrate(sin(x + pi/2), x)",
                "integrate(log(exp(I*x)), x)",
                "integrate(1/4 / (exp(-I*x) - exp(I*x)), x)",
                "integrate(diff(sin(x), x)",
                "integrate(cos(x)**2, x)",
                "integrate(1/2 * ((exp(x) + exp(-x)) * I), x)",
                "integrate(1/2 * ((exp(I*x) + exp(-I*x))/I), x)"
              ],
              "children": []
            },
            {
              "level": 2,
              "variants": [
                "integrate(1 * d(sinh(x)), x)"
              ],
              "children": []
            },
            {
              "level": 2,
              "variants": [
                "integrate(sqrt(1 + sinh(x)**2), x)",
                "integrate(cosh(x), x)",
                "integrate(sqrt(1 + ((exp(x) - exp(-x)) / 2)**2), x)",
                "integrate(sqrt(1 + U_n(sinh(x))**2), x)",
                "integrate(sqrt(1 + (exp(x) - exp(-x))**2 / 4), x)",
                "integrate(sqrt(1 + cosh(x)**2 - 1), x)",
                "integrate(sqrt(1 + sinh(x)**2) * diff(I(x), x)",
                "integrate(sqrt(cosh(x)**2), x)",
                "integrate(exp(x), x)",
                "integrate(sqrt(cos(x)**2), x)",
                "integrate(sqrt(1 + (a * sinh(x))**2), x)"
              ],
              "children": []
            }
          ]
        },
        {
          "level": 1,
          "variants": [
            "integrate((sqrt(1 + tanh(x)**2)), x)",
            "integrate(sqrt(1 + tanh(x)**2), x)",
            "integrate(sqrt(1 + (sin(x)/cos(x))**2), x)",
            "integrate(sqrt(1 + (sinh(x)/cosh(x))**2), x)",
            "integrate(sqrt(1 + [(exp(x) - exp(-x))/(exp(x) + exp(-x))]**2), x)",
            "integrate(sech(x), x)",
            "integrate(1/(sqrt(1 - tanh(x)**2)), x)",
            "integrate(1 + (cos(x)**2 + sin(x)**2), x)"
          ],
          "children": [
            {
              "level": 2,
              "variants": [
                "integrate((sqrt(1 + tanh(x)**2)), x)",
                "integrate(sech(x), x)",
                "integrate(sqrt(1 + ((exp(x) - exp(-x)) / (exp(x) + exp(-x)))**2), x)",
                "integrate(sqrt(1 + (tan(x))**2), x)",
                "integrate(sqrt(cot(x)**2 + 1), x)",
                "integrate(sqrt(sec(x)**2 - 1 + 1), x)",
                "integrate(sqrt(1 + tanh(2*x)**2), x)",
                "integrate(sqrt(1 + (2*tanh(x) / (1+tanh(x)**2))**2), x)",
                "integrate(sqrt(1 + sinh(x)**2/cosh(x)**2), x)",
                "integrate(sqrt(exp(2*x) + 1), x)",
                "integrate(1/cosh(x), x)"
              ],
              "children": []
            }
          ]
        },
        {
          "level": 1,
          "variants": [
            "integrate((1 + cosh(2*x)) / 2, x)",
            "integrate((1 + (exp(2*x) + exp(-2*x))/2) / 2, x)",
            "integrate(1/2, x)",
            "integrate((1 + 1 + 2*sinh(x)**2) / 2, x)",
            "integrate((1 + (exp(ix) + exp(-ix))/2), x)",
            "integrate(1/2 + 1/2 * (e^(2*x) + e^(-2*x))/2, x)",
            "integrate((1 + cosh(2*(x + pi/4))) / 2, x)",
            "integrate((1 + (exp(2*1j*x) + exp(-2*1j*x))/2) / 2, x)",
            "integrate(1/4 + (1/4)(exp(2x) + exp(-2x)), x)"
          ],
          "children": [
            {
              "level": 2,
              "variants": [
                "integrate((1 + cosh(2*x)) / 2, x)",
                "integrate((1/2 + (exp(2*x) + exp(-2*x))/4), x)",
                "integrate(1/2, x)",
                "integrate(1/4 * d(sinh(2*x))/dx + 1/2, x)",
                "integrate((1 + (e^{2*x} + e^{-2*x})/2) / 2, x)",
                "integrate(1/2 + 1/2*(cos(2*ix) + 1), x)",
                "integrate((1/2 + 1/2 * ((exp(2*x)+1)/2 + (1+exp(-2*x))/2)), x)",
                "integrate((1 + (e^{2*x}+e^{-2*x})/2)/2, x)",
                "integrate(1/2 + (e**(2*x)/2 + e**(-2*x)/2), x)"
              ],
              "children": []
            }
          ]
        },
        {
          "level": 1,
          "variants": [
            "integrate((exp(x) + exp(-x))**2 / 4, x)",
            "integrate((cosh(x))**2, x)",
            "integrate((cosh(x)**2), x)",
            "integrate((sinh(x) + 1)**2, x)",
            "integrate((1 + cosh(2*x))/8, x)",
            "integrate((2*sinh(x) + 1)**2/4, x)",
            "integrate((exp(2*x) + 2 + exp(-2*x))/4, x)",
            "integrate((cos(2*ix) + 1)/4, x)",
            "integrate(exp(2*x)/4, x)",
            "integrate((exp(a*x) + exp(-a*x))**2/4, x)",
            "integrate((1/4) * (exp(x) * exp(-x)), x)"
          ],
          "children": [
            {
              "level": 2,
              "variants": [
                "integrate((exp(x) + exp(-x))**2 / 4, x)",
                "integrate((cosh(2*x) + 1)/2, x)",
                "integrate((1/2)*(e^x + e^{-x})*(e^x - e^{-x}), x)",
                "integrate((1/4)*(1/cosh(x))**2, x)",
                "integrate(sinh(x)**2, x)",
                "integrate((1/4)*((1/(e^x)) + 1)^2, x)",
                "integrate(e^(2*x) + 1 + e^(-2*x), x)",
                "integrate(log((e^x + e^{-x})**2), x)",
                "integrate((1/4)*(e^(2*I*x) + 2 + e^(-2*I*x)), x)",
                "integrate(1 + sinh(x)**2, x)",
                "integrate(sinh(2*x)/2, x)"
              ],
              "children": []
            }
          ]
        },
        {
          "level": 1,
          "variants": [
            "integrate(0.5 + 0.5*cosh(2*x), x)",
            "integrate(0.5 + 0.25*(sympy.exp(2*x) + sympy.exp(-2*x)), x)",
            "integrate(0.5 + 0.5 * sympy.cos(sympy.I * (2 * x)), x)",
            "integrate(0.5 + 0.5 * (1 + (2*x)**2/2 + (2*x)**4/24 + (2*x)**6/720), x)",
            "integrate(0.5 + 0.5 * (0.5*(sympy.exp(2*x) + sympy.exp(-2*x))), x)",
            "integrate(0.5 + 0.5 * (sympy.exp(2*x) - sympy.exp(-2*x))/(2*sympy.I), x)",
            "integrate(0.5 + 0.5 * (1 + (2*x)**2/2), x)",
            "integrate(0.5 + 0.5 * (sympy.sqrt(1 + (2*x)**2)), x)",
            "integrate(0.5 + 0.5 * sympy.cosh(-2*x), x)"
          ],
          "children": [
            {
              "level": 2,
              "variants": [
                "integrate(0.5 + 0.25*e**(2*x) + 0.25*e**(-2*x), x)",
                "integrate(0.5 + 0.125*cosh(2*x), x)",
                "integrate(0.5 + 0.25*(e**(2*x) + e**(-2*x)), x)",
                "integrate(0.5 + 0.25*(e**(2*x) + 1/e**(2*x)), x)",
                "integrate(0.5 + 0.125*(4*e**(2*x) + 4*e**(-2*x)), x)",
                "integrate(0.5 + 0.25*sum(e**(2*x)/factorial(n) for n in range(10)), x)",
                "integrate(0.5 + 0.25*(differential_exp(2*x, x)",
                "integrate(0.5 + 0.25*(e**(2*x) * e**(-2*x) + e**(-2*x)), x)",
                "integrate(0.5 + 0.25*(log(e**(2*x)))**2 + 0.25*(log(e**(-2*x)))**2, x)",
                "integrate(0.5 + 0.25*(1/(e**(2*x))) + 0.25*(1/(e**(-2*x))), x)",
                "integrate(0.5 + 0.125*(e**(2*x) + e**(-2*x)) + (1/2)*sin(2x), x)"
              ],
              "children": []
            },
            {
              "level": 2,
              "variants": [
                "integrate(0.5, x)",
                "integrate(1/2, x)",
                "integrate((sin(x)/2 + cos(x)/2), x)",
                "integrate(cos(pi/3), x)",
                "integrate(0.5 + t*e^{-t*x}, x)",
                "integrate(0.5*(1 - x), x)",
                "integrate((1/n), x)",
                "integrate(exp(-ln(2)), x)",
                "integrate(5/9, x)",
                "integrate(sech(0)/2, x)"
              ],
              "children": []
            },
            {
              "level": 2,
              "variants": [
                "integrate(0.5 + 0.5*(1 + (2*x)**2/2!), x)",
                "integrate(1 + (x**2), x)",
                "integrate(0.5, x)",
                "integrate(1/2 + 1/2 * (1 + (x**2)), x)",
                "integrate(0.5 + 0.5*(1 + (4*x**2)/2!), x)",
                "integrate(1 + (2*x)**2 / 4, x)",
                "integrate(exp(x) - 1 + (2*x)**2 / 4, x)",
                "integrate(0.5 * 1 + (0.5 * (2**2)*(x**2)/2!), x)",
                "integrate(0.5 + (1 + (2*x)**2/4), x)",
                "integrate((1 + x**2).series(x), x)",
                "integrate(1 + tan(theta)**2, x)"
              ],
              "children": []
            }
          ]
        },
        {
          "level": 1,
          "variants": [
            "integrate(cosh(x)**2, x)"
          ],
          "children": [
            {
              "level": 2,
              "variants": [
                "integrate(cosh(x)**2, x)",
                "integrate((1 + cosh(2*x))/2, x)",
                "integrate((exp(x)**2 + exp(-x)**2)/2, x)",
                "integrate(cosh(x)*diffeh(cosh(x)), x)",
                "integrate(1/4 * (cosh(2*x) + 1), x)",
                "integrate(cos(ix)**2, x)",
                "integrate(fourier(cosh(x)**2), x)",
                "integrate(laplace(cosh(x)), x)",
                "integrate(integrate(cosh^2(x), x)",
                "integrate(sinh(x)*d(y)/dy(cosh(x)), x)",
                "integrate(robot_method(cosh^2(x)), x)"
              ],
              "children": []
            }
          ]
        }
      ]
    }
  ]
}