{
  "base_question": "integrate(x**3/(x**2+1)**2, x)",
  "tree": [
    {
      "level": 0,
      "variants": [
        "integrate(x**3/(x**2+1)**2, x)",
        "integrate((x*(x**2 + 1) - x)/(x**2 + 1)**2, x)",
        "integrate(x**3 * exp(-t*x)/(x**2 + 1)**2, x)",
        "integrate(x**3/((x + 0.5)**2 + 0.75)**2, x)",
        "integrate(A/(x^2 + 1) + B/(x^2 + 1)^2, x)",
        "integrate(x**3/(x**2 + 1)**2, x)",
        "integrate((x**3 * (cos(x) + I * sin(x)))/(x**2 + 1)**2, x)",
        "integrate(-x / (x**2 + 1), x)",
        "integrate((x**2 + 1 - 1)x / (x**2 + 1)**2, x)",
        "integrate((x**2 + 1) / (x**2 + 1)**2 * x, x)",
        "integrate((x**3 / (1 + 1/x**2)**2), x)"
      ],
      "children": [
        {
          "level": 1,
          "variants": [
            "integrate((x**2 + 1)*x/(x**2 + 1)**2 - x/(x**2 + 1)**2, x)",
            "integrate((x**2/(x**2 + 1)**2), x)",
            "integrate(1/(x**2 + 1), x)",
            "integrate(diff(atan(x)), x)",
            "integrate((x**4 + 2x**2)/(x**2 + 1)**2, x)",
            "integrate(x * (1 - 1/(x**2 + 1)), x)",
            "integrate(x**3 * exp(-2 * log(x**2 + 1)), x)",
            "integrate((x**2 + 1)/(x * (x**2 + 1) ** 2), x)",
            "integrate(u.diff(x) * x, x)",
            "integrate(x**3 * (2/(1+x**2) - 1/((1+x**2)**2)), x)",
            "integrate( (Cauchy_integral)/((x**2 + 1)**2), x)"
          ],
          "children": [
            {
              "level": 2,
              "variants": [
                "integrate(x**3/(x**2 + 1)**2, x)",
                "integrate(x/(x**2 + 1) - 1/(x**2 + 1)**2, x)",
                "integrate(1/2 * d(x**2)/(x**2 + 1), x)",
                "integrate(x**3/(x**2 + t)**2, x)",
                "integrate((1/2)*(-I)*((e**(I*x))**3)/((1 + e**(2*I*x))**2), x)",
                "integrate(-2*integrate(1/(u), x)",
                "integrate(2*x**2/(x**2 + 1)**2 - (x**2 + 1)/(x**2 + 1)**2, x)",
                "integrate(x - (x/(x**2 + 1)**2), x)"
              ],
              "children": []
            },
            {
              "level": 2,
              "variants": [
                "integrate((x**2 + 1 - 1)/(x**2 + 1)**2, x)"
              ],
              "children": []
            },
            {
              "level": 2,
              "variants": [
                "integrate(x/(x**2 + 1), x)",
                "integrate(1/2 * (2*x)/(x**2 + 1), x)",
                "integrate(x/(1 + (x**2)), x)",
                "integrate(x**2/2 + 1/2 * (1/(x**2 + 1)), x)",
                "integrate(-1 * x/(-x**2 - 1), x)",
                "integrate(1 - 1/(x/(x**2 + 1)), x)",
                "integrate(x/(x**2 + 1) + 0, x)",
                "integrate(1/2 * diff(x**2 + 1, x)",
                "integrate(1/2 * diff(log(x**2 + 1), x)",
                "integrate(1/(1 + (x**2 + 1)/x), x)",
                "integrate((x**2 - 1)/(x**2 + 1) + 1/(x**2 + 1), x)"
              ],
              "children": []
            }
          ]
        },
        {
          "level": 1,
          "variants": [
            "integrate(2*x/(1 + x**2), x)",
            "integrate(2*x/(1 + x**2), x)",
            "integrate(1/(1 + x**2), x)",
            "integrate((-2x)/(1 + x**2), x)",
            "integrate(1 + \\frac{1}{x**2+1}, x)",
            "integrate(imaginary(2*complex_function(x)), x)",
            "integrate(2*x/(1+x**2) + 0, x)"
          ],
          "children": [
            {
              "level": 2,
              "variants": [
                "integrate(2 * x / (1 + x**2), x)",
                "integrate(2*x**2 / (x*(1 + x**2)), x)",
                "integrate(2 * (1/2) * d(x**2), x)",
                "integrate(2 * tanh(x), x)",
                "integrate(diff(ln(1 + x**2), x)",
                "integrate(1 - 1/(1 + x**2), x)",
                "integrate(-2 * x / (-(1 + x**2)), x)",
                "integrate(k * 2 * x / (1 + (x/k)**2), x)",
                "integrate(2 * x * (1 + x**2)**(-1), x)",
                "integrate(2 * x * (1/(1+x**2)), x)",
                "integrate(d(x**2) / (1 + x**2), x)"
              ],
              "children": []
            },
            {
              "level": 2,
              "variants": [
                "integrate(x / (1 + x**2), x)",
                "integrate((1/2) * x / (1 + x**2), x)",
                "integrate(sqrt(x**2) / (1 + x**2), x)",
                "integrate(tan(x) / (1 + tan(x)**2), x)",
                "integrate(x / (1 + x**2), x)",
                "integrate((x / (1 + x**2)) + (1/(2+x**2)), x)",
                "integrate(diff(log(1 + x**2), x)",
                "integrate(x * exp(-log(1 + x**2)), x)",
                "integrate((1/2) * (x/(1+x**2) + x/(1+x**2)), x)",
                "integrate(1 / (1 + x**2)**0.5, x)"
              ],
              "children": []
            },
            {
              "level": 2,
              "variants": [
                "integrate(x, x)"
              ],
              "children": []
            }
          ]
        },
        {
          "level": 1,
          "variants": [
            "integrate(1 - 1/(x**2 + 1), x)",
            "integrate(1, x)",
            "integrate(1 - 1/f(x), x)",
            "integrate(x.diff(x), x)",
            "integrate(1 - 1/(1 + (1/x)**2), x)",
            "integrate(1 + 1/(x**2 + 1), x)",
            "integrate(1 - sin(x)/x, x)",
            "integrate(1 - 1/(tan(x)**2 + 1), x)",
            "integrate(1 - Re(1/(e^{ix} + e^{-ix})), x)",
            "integrate(diff(1/(x**2 + 1), x)",
            "integrate(diff(tan^{-1}(x)), x)"
          ],
          "children": [
            {
              "level": 2,
              "variants": [
                "integrate(1, x)",
                "integrate(1/n, x)",
                "integrate(exp(log(1)), x)",
                "integrate((exp(I*0) + exp(I*pi))/2, x)",
                "integrate(diff(x, x)",
                "integrate(1/epsilon * (x/epsilon), x)",
                "integrate(Heaviside(x), x)",
                "integrate(fourier_transform(1), x)",
                "integrate(cos(x)**2 + sin(x)**2, x)",
                "integrate(exp(0), x)",
                "integrate(2 - 1, x)"
              ],
              "children": []
            },
            {
              "level": 2,
              "variants": [
                "integrate(x * d(1/(x**2 + 1)), x)"
              ],
              "children": []
            },
            {
              "level": 2,
              "variants": [
                "integrate(1 - diff(tan(x)), x)",
                "integrate(1 - sec(x)**2, x)",
                "integrate(1 - diff(sin(x)/cos(x)), x)",
                "integrate(1, x)",
                "integrate(1 - (tan(x) + sec(x)), x)",
                "integrate(1 - diff(cot(pi/2 - x)), x)",
                "integrate(1 - diff(u), x)",
                "integrate(1 - (x + x**3/3 + 2*x**5/15 + ...), x)",
                "integrate(1 - (sec(x)**2 - 1), x)",
                "integrate(3/3 - diff(tan(x)), x)",
                "integrate(1 - (1/2) * diff(tan(x)), x)"
              ],
              "children": []
            }
          ]
        },
        {
          "level": 1,
          "variants": [
            "integrate(1 - (1 + 1/(x**2 + 1)), x)",
            "integrate(-1/(x**2 + 1), x)",
            "integrate(-1/(2*i) * (1/(x-i) - 1/(x+i)), x)",
            "integrate(-d/dx(tan^-1(x)), x)",
            "integrate(-1/(1 + tan(x)**2), x)",
            "integrate(-sec**2(atan(x)), x)",
            "integrate(-(1 - 1/(x**2 + 1)), x)",
            "integrate(differentiate(-1/(x**2 + 1)), x)",
            "integrate(-1/(cosh(x)**2), x)",
            "integrate(-d(atan(x)), x)",
            "integrate(-series(1/(1+x**2), x)"
          ],
          "children": [
            {
              "level": 2,
              "variants": [
                "integrate(1 - (1 + 1/(x**2 + 1)), x)",
                "integrate(-1/(x**2 + 1), x)",
                "integrate(u - (1 + 1/(x**2 + 1)), x)",
                "integrate(-atan(x), x)",
                "integrate(log(x**2 + 1), x)"
              ],
              "children": []
            }
          ]
        },
        {
          "level": 1,
          "variants": [
            "integrate(x**2/(x**2 + 1), x)",
            "integrate(1 - 1/(x**2 + 1), x)",
            "integrate(x**2/(x**2 + 1 + O(1/x**2)), x)",
            "integrate(1 - (1)/(x**2 + 1), x)",
            "integrate((x**2 + 1 - 1)/(x**2 + 1), x)"
          ],
          "children": [
            {
              "level": 2,
              "variants": [
                "integrate(x**2/(x**2 + 1), x)",
                "integrate((x**2 + 1 - 1)/(x**2 + 1), x)",
                "integrate(1 - 1/(x**2 + 1), x)",
                "integrate(log(x**2 + 1), x)",
                "integrate(1/(1 + (x**2 + 1)**(-1)), x)",
                "integrate(x**2/(x**2 + 0.001), x)",
                "integrate(x**2/(x**2 + 1), x)",
                "integrate(1 - 1/(x**2 + 1) + 1/(x**2 + 1), x)",
                "integrate(1 - 1/(1 + e^(2*i*pi*x)), x)",
                "integrate((x*x)/(x**2 + 1), x)",
                "integrate(ln(x**2 + 1)/ln(e), x)"
              ],
              "children": []
            }
          ]
        },
        {
          "level": 1,
          "variants": [
            "integrate((1 - 1/(x**2 + 1)), x)",
            "integrate(x**2 / (x**2 + 1), x)",
            "integrate(1 - sum(k * x**(2*k) for k in range(infinity)), x)",
            "integrate(1 - (1/(x**2 + 1) + epsilon * (x**2 + 1)), x)",
            "integrate((x**2 + 1)/(x**2 + 1) - (1/(infinity - (x**2 + 1))), x)",
            "integrate(1 - d/dx(tan_inverse(x)), x)",
            "integrate(1 - sum((-1)**k * (x**(2*k))/(2*k) for k in range(infinity)), x)",
            "integrate(1 + (-1)**(x), x)",
            "integrate((1 - 1/(x**2 + 1))/(x - x), x)"
          ],
          "children": [
            {
              "level": 2,
              "variants": [
                "integrate((1 - 1/(x**2 + 1)), x)",
                "integrate((1 + -1/(x**2 + 1)), x)",
                "integrate(((x**2 + 1)/(x**2 + 1) - 1/(x**2 + 1)), x)",
                "integrate(((1 - 0.001) + 0.001 - 1/(x**2 + 1)), x)",
                "integrate((1 - 1/((x - 0)**2 + 1)), x)",
                "integrate(1 - diff(tan(x), x)",
                "integrate((1 - 1/(sin(x)**2 + cos(x)**2)), x)",
                "integrate((1 - 1/(x**2 + 1)), x)",
                "integrate((x**2 + 1)/(x**2 + 1) - 1/(x**2 + 1), x)",
                "integrate((1 - k/(x**2 + 1) + k/(x**2 + 1)), x)",
                "integrate(1 - exp(-x**2)/(x**2 + 1), x)"
              ],
              "children": []
            }
          ]
        },
        {
          "level": 1,
          "variants": [
            "integrate(x*(x**2/(x**2 + 1)**2), x)",
            "integrate(x**2/(x**2 + 1)**2, x)",
            "integrate(differentiate(x**3/(x**2 + 1)), x)",
            "integrate(sum((-1)**n*(x**2)**n/(n+1)*(1)**(n+1)), x)",
            "integrate(1/(x**2 + 1) - 1/(x**2 + 1)**2, x)",
            "integrate(symmetry_transform(x), x)",
            "integrate(exp(log(x**2)/(1 + x**2)), x)",
            "integrate(x * (1 / (1 + (1/x)**2))**2, x)",
            "integrate(x * (1 + 1/x**2)**(-2), x)",
            "integrate(x * ((x**2 - 1)**2) / ((x**2 + 1)**2 * (x**2 - 1)**2), x)",
            "integrate((x**3 - x^3 + x*(1/(x**2 + 1)**2)), x)"
          ],
          "children": [
            {
              "level": 2,
              "variants": [
                "integrate(x**3 / (x**2 + 1)**2, x)",
                "integrate(x * (x**2 / (x**2 + 1)**2), x)",
                "integrate(1 / (x**2 + 1), x)",
                "integrate((x**2 + 1)/(x**2 + 1)**2 - 1/(x**2 + 1)**2, x)",
                "integrate(x**2 / (x**2 + 1)**2 + 1 / (x**2 + 1), x)",
                "integrate(1 / (sqrt((x**2 + 1)**2)) - 1 / ((x**2 + 1)**2), x)"
              ],
              "children": []
            },
            {
              "level": 2,
              "variants": [
                "integrate(x / (1 + x**2)**2, x)",
                "integrate(u * -2*x/(1 + x**2), x)",
                "integrate(x / (1 + x**2)**2, x)",
                "integrate(x * exp(-1/(1 + x**2)**2), x)",
                "integrate((x/(1 + x**2)**2)*sin(x), x)"
              ],
              "children": []
            },
            {
              "level": 2,
              "variants": [
                "integrate(x / (x**2 + 1)**2, x)",
                "integrate(x / (2*(x**2 + 1)**2), x)",
                "integrate((2*x) / ((x**2 + 1)*(x**2 + 1)), x)",
                "integrate(x / (k*(x**2 + 1)**(k)), x)",
                "integrate(1/ (x**2 + 1)) - integrate(1 / (x**2 + 1)**2, x)",
                "integrate((x + i*0) / ((x - i)*(x + i))**2, x)",
                "integrate(x * exp(-2*x**2}, x)",
                "integrate(-x / (-(x**2 + 1)**2), x)",
                "integrate(x/(x**2+1)**2, x)",
                "integrate(x * ((x**(-2) + 1)**(-2)), x)",
                "integrate((x + c) / ((x**2 + 1)^2), x)"
              ],
              "children": []
            }
          ]
        },
        {
          "level": 1,
          "variants": [
            "integrate(1/(x**2 + 1) - 1/(x**2 + 1)**2, x)"
          ],
          "children": [
            {
              "level": 2,
              "variants": [
                "integrate(1/(x**2 + 1), x)",
                "integrate(1/2 * (1/(x + i) - 1/(x - i)), x)",
                "integrate(1/(x - I), x)",
                "integrate(1/((x + I)*(x - I)), x)",
                "integrate(1 + O(x**2), x)",
                "integrate(1/(pi - tanh(x)), x)",
                "integrate(1/(x**2 + 1) + x/(x**2 + 1), x)",
                "integrate(F'(x), x)",
                "integrate((1/x)*1/(1 + (1/x)**2), x)"
              ],
              "children": []
            },
            {
              "level": 2,
              "variants": [
                "integrate(x**2/(x**2 + 1)**2, x)",
                "integrate(1 - 1/(x**2 + 1)**2, x)",
                "integrate(-differentiation((x**2 + 1)**-1), x)",
                "integrate(A/(x**2 + 1) + B/(x**2 + 1)**2, x)",
                "integrate((d/tan_inv(x))/(x**2 + 1), x)",
                "integrate(Gamma(a)/Gamma(b) *(x**k * (x**2 + 1)**-n), x)",
                "integrate(x**2/(x**2 + 1)**2, x)",
                "integrate((1 - (1/(x^2 + 1))) * (1/(x**2 + 1)), x)",
                "integrate(1/(x^2 + 1) - 1/(x^2 + 1)^2, x)",
                "integrate(diff(log(x**2 + 1), x)",
                "integrate(x * diff(arctan(x), x)"
              ],
              "children": []
            },
            {
              "level": 2,
              "variants": [
                "integrate(1/(x**2 + 1)*(1 - 1/(x**2 + 1)), x)",
                "integrate(1/(x**2)*(x**2 + 1)**2, x)",
                "integrate(1/(x**2 + 1)**2 + 1, x)",
                "integrate(1/(x**2 + 1), x)",
                "integrate(1/(x**2 + 1) - 1/(x**2 + 1)**2, x)",
                "integrate(-1/(x**2 + 1) + 1/x**2, x)",
                "integrate(log(x**2 + 1), x)"
              ],
              "children": []
            }
          ]
        },
        {
          "level": 1,
          "variants": [
            "integrate(x**2 * x / (x**2 + 1)**2, x)",
            "integrate(x**3 / (x**2 + 1)**2, x)",
            "integrate(x**2 / (x**2 + 1)**2 + x / (x**2 + 1)**2, x)",
            "integrate(x**2 * x * exp(-x**2) / (1 + exp(-x**2))**2, x)",
            "integrate((x - 1 / (x**2 + 1)**2), x)",
            "integrate(-x**3 / (1 + x**2)**2, x)",
            "integrate(x**2 * x / ((1 + x**2) * d/dx(1 + x**2)), x)",
            "integrate(x**2 * x / (1 + x**(-2))**2, x)"
          ],
          "children": [
            {
              "level": 2,
              "variants": [
                "integrate(x**2 / (x**2 + 1), x)",
                "integrate(1 - 1/(x**2 + 1), x)",
                "integrate(tan(x)**2 * sec(x)**2, x)",
                "integrate(1 - (1/2) * diff(atan(x)), x)",
                "integrate((x - I)*(x + I) / ((x - I)*(x + I) + 1), x)",
                "integrate(x - x/(x**2 + 1), x)",
                "integrate(sin(x)**2 * sec(x)**2, x)"
              ],
              "children": []
            }
          ]
        },
        {
          "level": 1,
          "variants": [
            "integrate(A/(x**2 + 1) + B/(x**2 + 1)**2, x)",
            "integrate(A/(x**2 + 1) + B*(x**2 + 1)**(-2), x)"
          ],
          "children": [
            {
              "level": 2,
              "variants": [
                "integrate(A/(1 + x**2), x)"
              ],
              "children": []
            },
            {
              "level": 2,
              "variants": [
                "integrate(1/(x**2 + 1) + 1/(x**2 + 1)**2, x)",
                "integrate(1/(x**2 + 1), x)",
                "integrate((1/((x**2 + 1)**(3/2))), x)",
                "integrate(1/(x**2 + 1) * (1 + x**2), x)",
                "integrate(x**2/(x**2 + 1)**2, x)",
                "integrate(1/(1 + 1/x**2), x)",
                "integrate(1/((-x)**2 + 1) + 1/((-x)**2 + 1)**2, x)",
                "integrate(1/(e^(i*x) + e^(-i*x)) + 1/(e^(2*i*x) + 2 + e^(-2*i*x)), x)"
              ],
              "children": []
            },
            {
              "level": 2,
              "variants": [
                "integrate(A/(x**2 + 1), x)",
                "integrate((A/2)/(x**2 + 1), x)",
                "integrate(A * sec(x)**2, x)",
                "integrate(A * I * (1/(x - I) - 1/(x + I)), x)",
                "integrate(A * exp(-x**2)/(1 + exp(-x**2)), x)",
                "integrate(A/(x**2 + epsilon), x)",
                "integrate(A/(1 + e**(x**2)), x)"
              ],
              "children": []
            }
          ]
        },
        {
          "level": 1,
          "variants": [
            "integrate(x**3/(x**2+1)**2, x)",
            "integrate(x * (x**2/(x**2 + 1)), x)",
            "integrate((x/(x^2 + 1)) - (1/(x^2 + 1)**2), x)",
            "integrate(((x**2 + 1) - 1)/(x**2 + 1)**2, x)",
            "integrate(sum(a_n*x**n), x)",
            "integrate(approx_func(x), x)",
            "integrate(1/(x**2 + 1)**(m+1/2), x)",
            "integrate(A / (x^2 + 1) + B / (x^2 + 1)^2, x)",
            "integrate(x^2/(x**2 + 1) - 1/(x**2 + 1), x)",
            "integrate((d/dx[(x^2 + 1)**(-1)]) * x**2, x)"
          ],
          "children": [
            {
              "level": 2,
              "variants": [
                "integrate(x**3/(x**2+1)**2, x)",
                "integrate(x**2/(x**2 + 1)**2, x)",
                "integrate(x*(x**2 + 1)**(-1) - x/(x**2 + 1)**2, x)",
                "integrate(1/(x**2 + 1) - 1/(x**2 + 1)**2, x)",
                "integrate(x**2 * d/dx(1/(x**2 + 1)), x)",
                "integrate((x**5 + x^3)/(x**4 + 2x^2 + 1), x)",
                "integrate((sum((x**3 / n! for n in range(4)))), x)"
              ],
              "children": []
            },
            {
              "level": 2,
              "variants": [
                "integrate(x - 2*x/(x**2 + 1), x)",
                "integrate(x - d/dx(ln(x^2 + 1)), x)",
                "integrate((x + 1) - 2(x + 1)/((x + 1)^2 - 2), x)",
                "integrate((x^2 + 1)/1 - 1 - (2x)/(x^2 + 1), x)",
                "integrate((x - 1 + 1) - \\frac{2x}{(x^2 + 1)}, x)",
                "integrate((x + 1) - 2(x)/(x^2 + 0.1), x)",
                "integrate(x - \\frac{2x}{(x^2 + x + 1 - x)}, x)"
              ],
              "children": []
            },
            {
              "level": 2,
              "variants": [
                "integrate(2*x/(x**2 + 1), x)",
                "integrate(2*diff(x**2 + 1, x)",
                "integrate(1/(1/u), x)"
              ],
              "children": []
            }
          ]
        }
      ]
    }
  ]
}