{
  "base_question": "integrate(exp(2*x)*sin(3*x), x)",
  "tree": [
    {
      "level": 0,
      "variants": [
        "integrate(exp(2*x)*sin(3*x), x)",
        "integrate(exp(2*x) * (1/(2i) * (exp(3*I*x) - exp(-3*I*x))), x)",
        "integrate(exp(2*x) * sin(3*x), x)",
        "integrate(e**(2*x) * (A * cos(3*x) + B * sin(3*x)), x)",
        "integrate(exp(2*x) * sinh(3*ix), x)",
        "integrate(CauchyIntegralFormula(exp(2*x), x)",
        "integrate(exp(2 * (x + a)) * sin(3 * (x + b)), x)",
        "integrate((exp(2*x)/(1 - exp(-3*I*x))), x)",
        "integrate(exp(2*x) * cos(3*x - pi/2), x)",
        "integrate(0.5 * exp(2*x) * (sin(3*x) + sin(3*x + pi)), x)",
        "integrate(exp(2*x) * (sin(3*x)), x)"
      ],
      "children": [
        {
          "level": 1,
          "variants": [
            "integrate(sum((2**n / factorial(n)) * x**n for n in range(10)), x)",
            "integrate(sum((2**n / gamma(n + 1)) * x**n for n in range(10)), x)",
            "integrate(sum((2*x)**n / factorial(n) for n in range(10)), x)",
            "integrate(x * sum((2**n / factorial(n)) * x**(n-1) for n in range(10)), x)",
            "integrate(exp(2 * x) - sum(exp(2 * x) for n in range(10)), x)",
            "integrate(sum((2**n / factorial(n)) * (x + 1)**n for n in range(10)), x)",
            "integrate(sum((2**n / factorial(n)) * sinh(x) for n in range(10)), x)",
            "integrate((e**2) * sum((1 / factorial(n)) * (2 * x)**n for n in range(10)), x)",
            "integrate((2 * x)**9 / factorial(9) + sum( (2 * x)**n / factorial(n) for n in range(9)), x)",
            "integrate(sum((2**n / factorial(n)) * x**n for n in range(10)), x)",
            "integrate(sum((2 * x)**n / factorial(n) for n in range(10)), x)"
          ],
          "children": [
            {
              "level": 2,
              "variants": [
                "integrate(2 * exp(2*x) - 2 * sum(x ** n / factorial(n) for n in range(10)), x)",
                "integrate(2 * exp(2*x) - 2 * (1 + x + x ** 2 / 2), x)",
                "integrate(2 * exp(2*x/a) - 2 * sum((a*x) ** n / factorial(n) for n in range(10)) * (a), x)",
                "integrate(integrate(2 * d(exp(2*x), x)",
                "integrate(2 * (exp(x)*exp(x)) - 2 * sum(x ** n / factorial(n) for n in range(10)), x)",
                "integrate(2 * exp(2*x) - sum(2/n * (x/n) ** n for n in range(10)), x)"
              ],
              "children": []
            },
            {
              "level": 2,
              "variants": [
                "integrate(sum((2 * x) ** n / factorial(n) for n in range(10)), x)",
                "integrate(2*x*(1 - (2*x)**10/factorial(10) + (2*x)**11/factorial(11)), x)",
                "integrate(2*x * e**(2*x) - 2*x*sum((2*x)**n/factorial(n+1) for n in range(9)), x)",
                "integrate(2*x*(1 + 2x + (2x)**2/2! + (2x)**3/3! + (2x)**4/4! + (2x)**5/5! + (2x)**6/6! + (2x)**7/7! + (2x)**8/8! + (2x)**9/9!), x)",
                "integrate(sum(((2*x)**n/n! - (2*x)**(n+1)/(n+1)!)) for n in range(9)), x)",
                "integrate(sum(exp(-2*x)*(2*x)**n/factorial(n) for n in range(10)), x)",
                "integrate(2*x*prod(1 + (2*x)**n/factorial(n) for n in range(10)), x)"
              ],
              "children": []
            },
            {
              "level": 2,
              "variants": [
                "integrate(sum((2**n / factorial(n)) * x**n for n in range(10)), x)",
                "integrate(sum((3**n / factorial(n)) * (2/3)**n * x**n for n in range(10)), x)",
                "integrate(sum((2**n / factorial(n)) * (x**n / 2**n) * 2**n for n in range(10)), x)",
                "integrate(sum((2**(n+1) / factorial(n+1)) * x**n for n in range(10)), x)",
                "integrate(sum((2**n / factorial(n)) * x**n / (1 + x**2) for n in range(10)), x)",
                "integrate(sum((2**n / n!) * (x**n) * (sin(x))**0 for n in range(10)), x)",
                "integrate(diff(e**(2*x), x)",
                "integrate(sum((2**n / factorial(n)) * (x/3)**n for n in range(10)), x)",
                "integrate(sum((2**n * e**(x/(n + 1)) / factorial(n)) for n in range(10)), x)",
                "integrate(sum((2**n / Gamma(n + 1)) * x**n for n in range(10)), x)",
                "integrate(sum((1/factorial(n)) * (u/2)**n for n in range(10)), x)"
              ],
              "children": []
            }
          ]
        },
        {
          "level": 1,
          "variants": [
            "integrate(exp(2*x) * (exp(3*I*x) - exp(-3*I*x))/(2*I), x)",
            "integrate(e**2*x * (e**(3*I*x) - e**(-3*I*x)) / (2*I), x)",
            "integrate(e**(2*x) * sin(3*x), x)",
            "integrate(E * e**(2*x) * e**(3*I*x), x)",
            "integrate(e**(2*x) * delta(x - (3/2)) * 3, x)",
            "integrate(e**(2*x) * (cos(3x - \u03c0/2)), x)",
            "integrate(d(e**(3*I*x)) / (3*I) * e**(2*x), x)",
            "integrate(e**(2*x) * e**(3*I*x) - e**(2*x) * e**(-3*I*x) / (2i), x)",
            "integrate(e**(2*x) * sin(3*x + \u03d5), x)",
            "integrate(e**(2*x) * (sin(3*x)), x)",
            "integrate((e**(x))**2 * (1/(2i) * (e**(3*I*x) - e**(-3*I*x))), x)"
          ],
          "children": [
            {
              "level": 2,
              "variants": [
                "integrate(sin(3*x) * exp(2*x), x)",
                "integrate(1/(2*I) * (exp(3*I*x) - exp(-3*I*x)) * exp(2*x), x)",
                "integrate(sin(3*x + 0) * exp(2*x), x)",
                "integrate(cos(3*x - pi/2) * exp(2*x), x)",
                "integrate(sin(3*x) * exp(2*x), x)",
                "integrate(imag(exp(2*x) * exp(3ix)), x)",
                "integrate(exp(2*x) * sin(3*x), x)",
                "integrate((e^(2*x) * (e^(3*I*x) - e^(-3*I*x))) / (2i), x)",
                "integrate(3 * sin(3*x) * (1/3) * exp(2*x), x)",
                "integrate(sinh(2*x) * (3 * cos(3*x)) + cosh(2*x) * (3 * sin(3*x)), x)",
                "integrate(1/3 * exp(2*x) * d(sin(3*x)), x)"
              ],
              "children": []
            },
            {
              "level": 2,
              "variants": [
                "integrate(exp(2*x) * sin(3*x), x)",
                "integrate(e**(2*x) * sin(3*x), x)"
              ],
              "children": []
            },
            {
              "level": 2,
              "variants": [
                "integrate((exp(3*I*x) - exp(-3*I*x)) / (2*I) * exp(2*x), x)",
                "integrate((exp(3*I*x) - exp(-3*I*x)) * exp(2*x) / (2*I), x)",
                "integrate(sin(a*x) * exp(2*x), x)",
                "integrate(sin(3*x + pi) * exp(2*x), x)",
                "integrate((3*i*cos(3*x) * exp(2*x) - integrate(2*exp(2*x)*cos(3*x), x)",
                "integrate(sinh(3*x) * exp(2*x), x)",
                "integrate((exp(2*x) * (exp(3*i*x) - exp(-3*i*x)) / (2*i)), x)",
                "integrate((e^{2x}/I * (1 - cos(6x)) / 2), x)",
                "integrate(1/(2I) * (e^{2x} * e^{3Ix}), x)",
                "integrate(e^{2x} * sinh(3x) / I, x)",
                "integrate(e^{2x} * (e^{3Ix} / (3I))', x)"
              ],
              "children": []
            }
          ]
        },
        {
          "level": 1,
          "variants": [
            "integrate(exp(2*x) * (1/(2i))(exp(I*3*x) - exp(-I*3*x)), x)",
            "integrate(exp(2*x) * (1/(2i)) * (exp(I*2.5*x) - exp(-I*2.5*x)), x)",
            "integrate(exp(2*x) * (1/(2i)) * (exp(I*(3-0.1)*x) - exp(-I*(3-0.1)*x)), x)",
            "integrate(exp(2*x) * (1/(2i)) * (exp(I*3.5*x) - exp(-I*3.5*x)), x)",
            "integrate(exp(2*x) * (1/(2i)) * (exp(I*(3+0.5)*x) - exp(-I*(3+0.5)*x)), x)",
            "integrate(exp(2*x) * (1/(2i)) * (-exp(I*3*x) + exp(-I*3*x)), x)",
            "integrate(sin(3*x) * exp(2*x), x)",
            "integrate(exp(2*x) * (1/(2i) * exp(I*3*x)), x)",
            "integrate(exp(2*x) * sinh(3x), x)",
            "integrate(exp(2*x) * (1/(2i)) * 2i*sin(3*x/2)*cos(3*x/2), x)",
            "integrate(exp(2.1*x) * (1/(2i)) * (exp(I*3*x) - exp(-I*3*x)), x)"
          ],
          "children": [
            {
              "level": 2,
              "variants": [
                "integrate(e**(2*x) * sin(3*x), x)",
                "integrate(e**(2*x) * (1j * (e**(3 * x) - e**(-3 * x)) / (2 * 1j)), x)",
                "integrate(sin(3*x), x)",
                "integrate(e**(-2 * x) * (-cos(3 * x)), x)",
                "integrate(e**(2 * x) * ((1 - cos(6 * x)) / 2), x)",
                "integrate(Laplace(e**(2*x) * sin(3*x), x)"
              ],
              "children": []
            },
            {
              "level": 2,
              "variants": [
                "integrate(e**(x) * (1/(2i)) * (e**(i*3*x) - e**(-i*3*x)), x)",
                "integrate(e**(x) * (1/(2i)) * (e**(i*3*x) - e**(-i*3*x)), x)",
                "integrate(sin(3*x) * e**(x), x)",
                "integrate(e**(x) * (sin(3*x)), x)",
                "integrate(e**(x + i*3*x) - e**(x - i*3*x), x)",
                "integrate(e**(x) * sin(3*x), x)",
                "integrate(e**(x) * (sin(3*x) + cos(3*x)), x)",
                "integrate(e**(x) * sinh(3*i*x), x)",
                "integrate(e**(x) * (e**(3*i*x) - e**(-3*i*x)) / (2*i), x)",
                "integrate(e**(x) * (1 - cos(3*x)), x)",
                "integrate(e**(x) * (cos(3*x) + i*sin(3*x)), x)"
              ],
              "children": []
            },
            {
              "level": 2,
              "variants": [
                "integrate(e**(2*x) * (1/(2i)) * (e**(i*3*x) + e**(-i*3*x) - 2 * cos(3*x)), x)",
                "integrate(e**(2*x) * (1/(2i)) * e**(i*3*x), x)",
                "integrate(e**(2*x) * (1/(2i)) * (e**(i*3*x) - e**(-i*3*x)), x)",
                "integrate(e**(2*x) * (1/(2i) * -2 * cos(3*x)), x)",
                "integrate(e**(2*x) * (sin(3*x)/(i)), x)",
                "integrate(e**(2*x) * (e**(i*3*x) - e**(-i*3*x)), x)",
                "integrate(e**(2*x) * (1/(2i)) * (e**(i*3*x) - 2 * cos(3x) + e**(-i*3*x)), x)",
                "integrate(e**(2*x) * ((1/(2i)) * (z**3 + z**(-3) - 2 * (z + z**(-1))/2)), x)"
              ],
              "children": []
            }
          ]
        },
        {
          "level": 1,
          "variants": [
            "integrate(A*exp(2*x)*cos(3*x) + B*exp(2*x)*sin(3*x), x)",
            "integrate((A + I*B)*exp((2 + 3*I)*x), x)",
            "integrate(exp(2*x)*(A*cos(3*x) + B*sin(3*x)), x)",
            "integrate(A*exp(2*x)*(cos(3*x) + sin(3*x)), x)",
            "integrate((A + B)**2 * exp(2*x) * (cos(3*x) - sin(3*x)), x)",
            "integrate(A*exp(2*x)*sin(3*x) + B*exp(2*x)*cos(3*x), x)",
            "integrate(A*exp(2*x + t) + B*exp(2*x - t), x)"
          ],
          "children": [
            {
              "level": 2,
              "variants": [
                "integrate(exp((2 + 3*I)*x) * (A - I*B), x)",
                "integrate((A - I*B) * exp((2 + 3*I)*x), x)",
                "integrate((A - I*B) * (exp(2*x) * (cos(3*x) + I*sin(3*x))), x)",
                "integrate(exp((2 + 3*I)*x) * A, x)",
                "integrate(exp((-2 - 3*I)x) * (-A + I*B), x)",
                "integrate(exp((2 + 3*I)*(k*x)) * (A - I*B) / k, x)",
                "integrate(exp((2 + 3*I)*(x + pi/3)) / exp(pi/3) * (A - I*B), x)",
                "integrate(exp((2 + 3*I)*(x - c)) * exp(c*(2 + 3*I))*(A - I*B), x)",
                "integrate((A - I*B) * polar_coordinates(exp((2 + 3*I)*x)), x)"
              ],
              "children": []
            },
            {
              "level": 2,
              "variants": [
                "integrate(e**(2*x) * (A*cos(3*x) + B*sin(3*x)), x)",
                "integrate(e**(2*x) * ((A + B * I) * e**(3 * I * x)), x)",
                "integrate(e**(2*x) * ((A + 1) * cos(3*x) + (B + 1) * sin(3*x)), x)",
                "integrate(e**(2*x) * (A * (1/(2i))(e**(3 * I * x) - e**(-3 * I * x)) + B * (1/(2i))(e**(3 * I * x) + e**(-3 * I * x))), x)",
                "integrate(10**(2 * x / log(10)) * (A * cos(3 * x) + B * sin(3 * x)), x)",
                "integrate(e**(2*(x + k)) * (A * cos(3 * (x + k)) + B * sin(3 * (x + k))), x)",
                "integrate(e**(2*x) * (C * cos(6*x) + D * sin(6*x)), x)",
                "integrate(e**(2*x) * e**(-kx) * (A * cos(3*x) + B * sin(3*x)), x)",
                "integrate(e**(2*x) * (A * (cos(3*x)) + B * (sin(3*x))), x)",
                "integrate(e**(2*x) * (A * (1/3) * (sin(3*x)) + (B/3) * (cos(3*x))), x)"
              ],
              "children": []
            },
            {
              "level": 2,
              "variants": [
                "integrate(A * e**(2*x) * (cos(3*x) + I*sin(3*x)), x)",
                "integrate(B * e**(2*x) * (cos(3*x) + I*sin(3*x)), x)",
                "integrate(A * e**(2*x + 3*I*x), x)",
                "integrate(A * e**(2*x) * cos(3*x), x)",
                "integrate(A * (differential(ctg(3*x) + i * sine(3*x))) * e**(2*x), x)",
                "integrate(A * e**(2*x) * e**(3*I*x), x)",
                "integrate(A * e**(u * x), x)",
                "integrate(A * (K + K**(-1)) * e**(2*x) * (cos(3*x) + I*sin(3*x)), x)"
              ],
              "children": []
            }
          ]
        },
        {
          "level": 1,
          "variants": [
            "integrate(real(exp(2*x) * (cos(3x) + I*sin(3x))), x)",
            "integrate(exp((2 + 3*I)*x), x)",
            "integrate(exp(2*x) * cos(3*x), x)",
            "integrate(e^(2*x) * cos(3*x), x)",
            "integrate(e^(2*x) * (exp(3*I*x) + exp(-3*I*x))/2, x)",
            "integrate(sum((2**k / factorial(k)) * x**k for k in range(10)) * sum(((-1)**n / factorial(2*n)) * (3*x)**(2*n) for n in range(10)), x)",
            "integrate(real(exp(2*x) * (cos(3*x) - I*sin(3*x))), x)",
            "integrate(exp(2*x) * polar(3*x), x)",
            "integrate(exp(2*x) * (exp(I*3*x)), x)",
            "integrate(Laplace_transform(exp(2*x) * (cos(3*x) + I * sin(3*x)), x)",
            "integrate(sum(2**n/factorial(n)*x**n for n in range(5)), x)"
          ],
          "children": [
            {
              "level": 2,
              "variants": [
                "integrate(exp((2 + I*3)*x), x)",
                "integrate(exp(2*x) * (cos(3*x) + I*sin(3*x)), x)",
                "integrate(exp(2*x) * exp(I*3*x), x)",
                "integrate(exp(2*x), x)",
                "integrate(exp(2*x) * cosh(3x) + I * exp(2*x) * sinh(3x), x)",
                "integrate(exp(2*a*x) * exp(I*3*a*x), x)",
                "integrate(exp((1 + I * 3)x + x), x)",
                "integrate(exp((2.5 + I*3)*x), x)",
                "integrate(exp((2 + I*3)*t*x), x)",
                "integrate(exp((2 + I*3)*x) + exp((2 + I*3)*x)*0, x)",
                "integrate(exp((I*3 + 2)*x), x)"
              ],
              "children": []
            },
            {
              "level": 2,
              "variants": [
                "integrate(exp(2*x) * cos(3*x), x)",
                "integrate(e**(2*x) * (exp(I * 3 * x) + exp(-I * 3 * x)) / 2, x)",
                "integrate(exp((2 + 3 * I) * x), x)",
                "integrate(e**(2*x) * cos(3*x), x)",
                "integrate(e**(2*x) * sin(3*x + pi/2), x)",
                "integrate(exp(2*(x + 3/4)) * cos(3*(x + pi/4)), x)",
                "integrate(e**(2*x) * (sin(3*x + pi/6) * cos(pi/6) + cos(3*x + pi/6) * sin(pi/6)), x)",
                "integrate(exp(2*x) * cos(3*x), x)",
                "integrate(cosh(2*x) * e**(3*I*x), x)",
                "integrate((e**(x) * e**(x)) * (1/2 * (e**(-3*I * x) + e**(3*I * x))), x)",
                "integrate(exp(2*x) * (exp(3*I*x) + exp(-3*I*x)) / 2, x)"
              ],
              "children": []
            },
            {
              "level": 2,
              "variants": [
                "integrate(exp(2*x), x)",
                "integrate((exp(x))**2, x)",
                "integrate(e**(2*x) * (1/2), x)",
                "integrate(cos(2*(i*x)) * exp(x), x)",
                "integrate(exp(2*I*x), x)",
                "integrate(1/e**(-2*x), x)",
                "integrate(cosh(2*x), x)",
                "integrate(exp(x) * exp(x), x)",
                "integrate(cosh(2*x) + sinh(2*x), x)",
                "integrate(exp(2*k*x), x)",
                "integrate(exp(log(exp(2*x))), x)"
              ],
              "children": []
            }
          ]
        },
        {
          "level": 1,
          "variants": [
            "integrate(exp(2*x) * (2*sin(3x/2)*cos(3x/2)), x)"
          ],
          "children": [
            {
              "level": 2,
              "variants": [
                "integrate(exp(2*x) * sin(1.5*x), x)",
                "integrate(exp(2*x) * (1/(2i) * (exp(1.5*ix) - exp(-1.5*ix))), x)",
                "integrate(0.5 * (exp(2*x + 1.5*ix) + exp(2*x - 1.5*ix)), x)",
                "integrate(exp(2*x) * sin(1.5*x + \u03c0/2), x)",
                "integrate(exp(2*x) * (1.5 + (1/(2 * pi)) * integrate(exp(2*x) * cos(1.5*x), x)",
                "integrate(exp(2*x) * sqrt(1 - (sin(1.5*x))**2), x)",
                "integrate(exp(2*x) / (1 + (1.5^2/(2^2))), x)",
                "integrate(exp(2*x) * (sin(1.5*x) * e^(an imaginary constant term)), x)",
                "integrate(exp((2 + 1.5*I) * x) / (2*I), x)",
                "integrate(exp(2*x) * sin(1.5*x)/(cos(1.5*x)^2 + sin(1.5*x)^2), x)",
                "integrate(sin(1.5*x) * diff(e**(2*x), x)"
              ],
              "children": []
            },
            {
              "level": 2,
              "variants": [
                "integrate(exp(2*x) * (exp(1.5*I*x) - exp(-1.5*I*x))/2, x)",
                "integrate(exp((2 + 1.5*I)*x) - exp((2 - 1.5*I)*x), x)",
                "integrate(e^(2*x) * sin(1.5*x), x)",
                "integrate(exp(2*x) * exp(1.5*I*x)/2 - exp(2*x) * exp(-1.5*I*x)/2, x)",
                "integrate((exp(2*x) * sinh(1.5*x))/2, x)",
                "integrate(exp((2 + 1.5*I)*x), x)",
                "integrate((exp(2*x)*e^(1.5*I*x) - exp(2*x)*e^(-1.5*I*x))/2, x)",
                "integrate(exp(2*x) * (exp(a*I*x) - exp(-a*I*x))/2, x)",
                "integrate(exp(2*x) * cos(1.5*x), x)",
                "integrate(exp(2*x) * sin(1.5*x), x)",
                "integrate(exp(2*x) * (exp(1.5*I*x) - exp(-1.5*I*x))/2, x)"
              ],
              "children": []
            },
            {
              "level": 2,
              "variants": [
                "integrate(exp(2*x) * sin(x), x)"
              ],
              "children": []
            }
          ]
        },
        {
          "level": 1,
          "variants": [
            "integrate(differentiate(exp(2*x) * cos(3*x), x)",
            "integrate(exp(2*x) * (-3*sin(3*x) + 2*cos(3*x)), x)",
            "integrate(exp(2*x) * (1/2 * (exp(3*I*x) + exp(-3*I*x))), x)",
            "integrate(differentiate((1/1) * exp(2*x) * cos(3*x), x)",
            "integrate(differentiate(exp(2*x) * (cos(2x + x)), x)",
            "integrate((e^(2*x) * sin(3*x) + 2 * e^(2*x) * cos(3*x)) * 1/3, x)",
            "integrate(differentiate(exp(2*x) * (sin(3*x + pi/2)), x)",
            "integrate(differentiate(exp(2*(x + a)) * cos(3*(x + b)), x)",
            "integrate(differentiate(e^(2*x), x)",
            "integrate(differentiate(exp(2*(x - 1)) * cos(3*(x - 1)), x)",
            "integrate(differentiate(exp(2*x) * (1/2 * (exp(3*x) + exp(-3*x))), x)"
          ],
          "children": [
            {
              "level": 2,
              "variants": [
                "integrate(e**(2*x) * cos(3*x), x)",
                "integrate(e**(2*x) * (e**(3*I*x) + e**(-3*I*x)) / 2, x)",
                "integrate(e**((2 + 3*I)*x), x)",
                "integrate(e**(2*x) * cos(3*x), x)",
                "integrate(e**(2*x) * sin(3x + pi/2), x)",
                "integrate(e**(2*x) * (sin(3x) + cos(3x)), x)"
              ],
              "children": []
            },
            {
              "level": 2,
              "variants": [
                "integrate(e**(2*x) * (cos(3*x) + I * sin(3*x)), x)",
                "integrate(e**(2*x) * cos(3*x), x)",
                "integrate(e**(2*x) * (cos(3*x) - I * sin(3*x)), x)",
                "integrate(e**(2*x) * (e^{i 3x} + e^{-i 3x}) / 2, x)",
                "integrate(diff(e**(2*x) * (cos(3*x) + I * sin(3*x)), x)",
                "integrate(e**(2*x) * (cos(3*x + \u03c0/2)), x)",
                "integrate(e**(2*x) * exp(i * 3*x), x)",
                "integrate(e**(2*x) * (1/2i) * (exp(i * 3*x) - exp(-i * 3*x)), x)",
                "integrate((cos(3*x) + I * sin(3*x)) / e**(-2*x), x)"
              ],
              "children": []
            },
            {
              "level": 2,
              "variants": [
                "integrate(e**(2*x), x)",
                "integrate(u**2 / u, x)",
                "integrate(e**(x + x), x)",
                "integrate(e**x * e**x, x)",
                "integrate(e**(2*z*x), x)",
                "integrate(e**(2*x) * (cos(0) + I*sin(0)), x)",
                "integrate((1 + 1) * e**(2 * x) / 2, x)",
                "integrate(1 / (s - 2), x)",
                "integrate(e**(k*x), x)",
                "integrate(cos(2*x) + I*sin(2*x), x)",
                "integrate(e**(2*x) * 1, x)"
              ],
              "children": []
            }
          ]
        },
        {
          "level": 1,
          "variants": [
            "integrate(sin(3*x), x)",
            "integrate(1/3 * (1 - cos(3*x)), x)",
            "integrate(u * dv, x)",
            "integrate(3*sin(x) - 4*sin^3(x), x)",
            "integrate(imaginary(1/2i*(e^(3*i*x) - e^(-3*i*x))), x)",
            "integrate(sin(3*x + k*pi), x)",
            "integrate(y - y'', x)",
            "integrate(sin(n*pi*x/T), x)",
            "integrate(imaginary(e^(3i*x)), x)",
            "integrate(E - E**(3*I*x), x)",
            "integrate(sin(3*x), x)"
          ],
          "children": [
            {
              "level": 2,
              "variants": [
                "integrate(sin(3*x), x)",
                "integrate((e^(3*I*x) - e^(-3*I*x))/(2*I), x)"
              ],
              "children": []
            },
            {
              "level": 2,
              "variants": [
                "integrate(3*sin(x) - 4*sin(x)**3, x)",
                "integrate(sin(x) * (3 - 4 * sin(x)**2), x)",
                "integrate(3*sin(x) - 4*(3*sin(x) - sin(3*x))/4, x)",
                "integrate(sin(x) * (3 - 4*sin(x)**2), x)",
                "integrate(3*(e^(ix) - e^(-ix))/(2i) - 4*((e^(ix) - e^(-ix))/(2i))**3, x)",
                "integrate(3*sin(x) - (3/4)(3*sin(x) - sin(3*x)), x)",
                "integrate(3*sin(x) - 4*((1 - cos(2*x))/2)*(sin(x)), x)",
                "integrate(3*numpy.imag(e**(1j*x)) - 4*numpy.imag(e**(1j*x))**3, x)",
                "integrate(3*(1 - cos(2*x)/2) - 4*(1 - cos(2*x)/2)**3, x)",
                "integrate(3*sin(x - pi/2) - 4*sin(x - pi/2)**3, x)",
                "integrate(numpy.sin(x)*(3 - 4*numpy.sin(x)**2), x)"
              ],
              "children": []
            },
            {
              "level": 2,
              "variants": [
                "integrate(imaginary(exp(3*I*x)), x)",
                "integrate(2*i*sin(3*x), x)",
                "integrate(sin(-3*x), x)",
                "integrate(imaginary(e**(3*I*x) + e**(-3*I*x)), x)",
                "integrate((1 - cos(6*x))/2, x)",
                "integrate(sin(3*(x + pi/6)) - sin(-pi/2), x)",
                "integrate(exp(-k*x)*sin(3*x), x)",
                "integrate(diff(-cos(3*x), x)",
                "integrate(sin(3*x) + sum(sin(n*x)), x)"
              ],
              "children": []
            }
          ]
        },
        {
          "level": 1,
          "variants": [
            "integrate(exp(2*x), x)",
            "integrate((exp(x))**2, x)",
            "integrate(exp(x)*exp(x), x)",
            "integrate(cos(2*I*x), x)",
            "integrate(sinh(x)*sinh(x), x)",
            "integrate(1/exp(-2*x), x)",
            "integrate(2*exp(2*x), x)"
          ],
          "children": [
            {
              "level": 2,
              "variants": [
                "integrate(exp(2*x), x)",
                "integrate(exp(2*x), x)",
                "integrate(2*exp(2*x)/2, x)",
                "integrate(integrate(exp(2*x), x)",
                "integrate(Heaviside(x) * exp(2*x), x)",
                "integrate(laplace(exp(2*x)), x)",
                "integrate(exp(-(-2)*x), x)",
                "integrate((exp(x))**2, x)",
                "integrate(exp(2*log(exp(x))), x)",
                "integrate(exp(2*(x-0)), x)",
                "integrate(2*integrate(e^(2*x), x)"
              ],
              "children": []
            },
            {
              "level": 2,
              "variants": [
                "integrate(exp(x) * exp(x), x)",
                "integrate(exp(x) * exp(x), x)",
                "integrate(cosh(2*x) + sinh(2*x), x)",
                "integrate(1/2 * exp(2*x) * 2, x)",
                "integrate((exp(x))**2, x)",
                "integrate(exp(2*x / 1), x)",
                "integrate(exp(k*x), x)",
                "integrate((e**x)**2, x)",
                "integrate((diff(exp(x), x)",
                "integrate(diff(exp(x), x)",
                "integrate(2 * sinh(x) * cosh(x), x)"
              ],
              "children": []
            },
            {
              "level": 2,
              "variants": [
                "integrate(1/(1 + 1/n + exp(2*x/n)), x)",
                "integrate(1/(1 + exp(2*x/n) + 1/n), x)",
                "integrate(1/(((1 + 1/n) + exp(2*x/n) - 1)), x)",
                "integrate(1/(1 + 1/n + sum((2x/n)**k/factorial(k) for k in range(10))), x)",
                "integrate(1/(1 + 1/n + (1 + 2x/n)), x)",
                "integrate((1/cosh((x/n))) * 1/(1 + 1/n + (sinh(2*(x/n))^2)), x)",
                "integrate(1/(log(1 + 1/n) + log(1 + e^(2*x/n))), x)",
                "integrate(1/(const + exp(2*x/n)), x)",
                "integrate(1/(1 + 1/n + e^{-2*x/n}), x)",
                "integrate(1/(exp(2*x/n) + O(1/n)), x)",
                "integrate(exp(-2*x/n)/(1 + 1/n + 1), x)"
              ],
              "children": []
            }
          ]
        },
        {
          "level": 1,
          "variants": [
            "integrate(exp(2*x) * cos(3*x), x)",
            "integrate(re(e**((2 + 3*I)*x)), x)",
            "integrate(e**(2*x) * (e**(3*I*x) + e**(-3*I*x))/2, x)",
            "integrate((1/3) * (e**(2*x) * (e**(3*I*x) - e**(-3*I*x))/2), x)",
            "integrate(e**(lambda*x) * cos(3*x), x)",
            "integrate(e**(2*x) * cos(3*x), x)",
            "integrate(re(e**(2*x) * sin(3x) * i), x)",
            "integrate(e**(2*x) * exp(3*I*x)/2, x)"
          ],
          "children": [
            {
              "level": 2,
              "variants": [
                "integrate(e**(2*x) * cos(3*x), x)"
              ],
              "children": []
            },
            {
              "level": 2,
              "variants": [
                "integrate(e**(2*x) * (e**(3*I*x) + e**(-3*I*x)) / 2, x)",
                "integrate(e**(2*x) * (1/2) * (e**(3*I*x) + e**(-3*I*x)), x)",
                "integrate(e**(2*x) * (cos(3*x)), x)",
                "integrate(e**(2*x) * cos(3*x), x)",
                "integrate(e**(2*x) * (sqrt(2) * cos(3*x + pi/4)), x)",
                "integrate(e**(2*x) * (d/dx(sin(3*x))), x)",
                "integrate((1/e**(-2*x)) * (1/2) * (e**(3*I*x) + e**(-3*I*x)), x)",
                "integrate(e**(2*x) * (cos(3*x) + i * sin(3*x)) / 2, x)",
                "integrate(e**(2*x) * (e**(3I*x) + e**(-3I*x))/2, x)"
              ],
              "children": []
            },
            {
              "level": 2,
              "variants": [
                "integrate(e**(2*x) * (1/2 * (e**(3*I*x) + e**(-3*I*x))), x)",
                "integrate(e**(2*x) * (1/2 * (e**(3*I*x) + e**(-3*I*x))), x)",
                "integrate(e**(5*I*x) * e**(2*x), x)",
                "integrate((e**(2*x) / 2) * (e**(3*I*x) + e**(-3*I*x)), x)",
                "integrate((1/2 * (e**(3*I*x) + e**(-3*I*x))) * (e**(2*x)), x)",
                "integrate((1/2) * (e**(3*I*x) + e**(-3*I*x)), x)",
                "integrate(k * e**(2*x) * cos(3x), x)",
                "integrate(e**(x) * e**(x) * (1/2 * (e**(3*I*x) + e**(-3*I*x))), x)",
                "integrate(e**(2*x) * cos(3*x), x)",
                "integrate(e**(2*x) * (1/2 * (e**(3*I*x) + e**(-3*I*x) + e**(I*x) + e**(-I*x) - e**(I*5*x) - e**(-I*5*x)), x)",
                "integrate(e**(2*x) * (1/2 * (e**(3*I*(x + pi/6)) + e**(-3*I*(x + pi/6))), x)"
              ],
              "children": []
            }
          ]
        },
        {
          "level": 1,
          "variants": [
            "integrate(exp(2*x)*I*(exp(I*3*x) - exp(-I*3*x))/(2*I), x)",
            "integrate(exp(2*x)*I*(exp(I*3*x) - exp(-I*3*x))/(2*I), x)",
            "integrate(e^(2*x)*(I/2)*((exp(I*3*x) - exp(-I*3*x))/I), x)",
            "integrate(e^(2*x)*sin(3*x), x)",
            "integrate(exp(3*x)*exp(-x)*sin(3*x), x)",
            "integrate((exp(2*x) + 1 - 1)*I*(exp(I*3*x) - exp(-I*3*x))/(2*I), x)",
            "integrate(exp(2*x)*(0.5*(e^(I*3*x) + e^(-I*3*x)))*I, x)",
            "integrate(exp(2*sqrt(x))*I*(exp(I*sqrt(3)*x) - exp(-I*sqrt(3)*x))/(2*I), x)",
            "integrate(exp(2*x)*sin(3*x), x)"
          ],
          "children": [
            {
              "level": 2,
              "variants": [
                "integrate(exp(2*x) * sin(3*x), x)"
              ],
              "children": []
            },
            {
              "level": 2,
              "variants": [
                "integrate((exp(x))**2 * sin(3*x), x)",
                "integrate((exp(2*x) * (exp(3*I*x) - exp(-3*I*x)) / (2*I)), x)",
                "integrate(exp(2*x) * sin(3*x), x)",
                "integrate(exp(2*x) * (3*sin(x) - 4*sin(x)**3), x)",
                "integrate((cosh(2*x) + sinh(2*x)) * sin(3*x), x)",
                "integrate(exp((2 + 3*I)*x) - exp((2 - 3*I)*x), x)",
                "integrate(diff(exp(2*x), x)",
                "integrate(exp(2*x) * (1 - cos(3*x)**2), x)",
                "integrate(exp(2*x) * (2*sin(3/2 * 2x)), x)"
              ],
              "children": []
            },
            {
              "level": 2,
              "variants": [
                "integrate(sin(3*x), x)",
                "integrate((exp(I * 3 * x) - exp(-I * 3 * x)) / (2 * I), x)",
                "integrate(3*sin(x) - 4*sin(x)**3, x)",
                "integrate(cos(3*x - pi/2), x)",
                "integrate(3 * (1 - cos(3*x)), x)",
                "integrate(sqrt(1 - cos(3 * x)**2), x)",
                "integrate(sin(3*x) * 1, x)",
                "integrate((3*x - (3*x)^3 / 6 + O(x^5)), x)",
                "integrate(sin(3*x) * (1/x - 1/(x + Pi/3)), x)",
                "integrate(2 * sin(1.5*x) * cos(1.5*x), x)"
              ],
              "children": []
            }
          ]
        },
        {
          "level": 1,
          "variants": [
            "integrate(exp(2*x)*sin(3*x), x)",
            "integrate(imaginary(e^(2*x + 3*I*x)), x)",
            "integrate(e^(2*x) * D(sin(3*x), x)",
            "integrate(e^(2*x) * (1/(2i) * (e^(3ix) - e^(-3ix))), x)",
            "integrate(exp(2*x) * (1/(2i) * (exp(3*I*x) - exp(-3*I*x))), x)",
            "integrate(e^(2*(x + x0)) * sin(3*(x + x0)), x)",
            "integrate(exp((2 + 3i)*x), x)",
            "integrate(1/2 * (e^(2*x + 3i*x) - e^(2*x - 3i*x)), x)",
            "integrate(Laplace_transform(exp(2*x) * sin(3*x)), x)",
            "integrate(D(e^(2*x) * sin(3x), x)",
            "integrate(sin(3*x)*diff(exp(2*x), x)"
          ],
          "children": [
            {
              "level": 2,
              "variants": [
                "integrate(exp(2*x)*I*(exp(3*I*x) - exp(-3*I*x)) / (2*I), x)",
                "integrate(exp(2*x) * (exp(3*I*x) - exp(-3*I*x)), x)",
                "integrate(exp(2*x) * (exp(3*I*x) / 2 - exp(-3*I*x) / 2), x)",
                "integrate((exp(5*I*x) - exp(-x)) / 2, x)",
                "integrate(exp(2*x) * cos(3*x), x)",
                "integrate(e^(2*x) * sin(3*x), x)",
                "integrate(exp(2*x) * i * (exp(3*I*x) - exp(-3*I*x)), x)",
                "integrate(1 / (2i) * (e^(2*x + 3*I*x) - e^(2*x - 3*I*x)), x)",
                "integrate((e^(2*x) * exp(3*I*x) - e^(2*x) * exp(-3*I*x)), x)",
                "integrate(exp(2*x) * sin(3*x), x)",
                "integrate(exp(2*x) * (cos(3*x)+ I*sin(3*x)), x)"
              ],
              "children": []
            },
            {
              "level": 2,
              "variants": [
                "integrate(exp(2*x)*(exp(3*x) - exp(-3*x)) / (2*I), x)",
                "integrate((exp(5*x) / (2*I) - exp(-x) / (2*I)), x)",
                "integrate(e**(2*x) * (e**(3*x) - e**(-3*x)) / (2*I), x)",
                "integrate(exp(2*x) * sinh(3*x) / I, x)",
                "integrate(exp(2*x) * (1/2 * (e**(3*I*x) - e**(-3*I*x))) / (I), x)",
                "integrate(exp(2*x) * (2 * sinh(3*x)) / I, x)",
                "integrate((cosh(3*x) * e**(2*x) - sinh(3*x) * e**(2*x)) / (2*I), x)",
                "integrate(e**(5*x) / (2*I) - integrate(e**(-x) / (2*I), x)",
                "integrate((e**(5*x) - e**(-x)) / (2*I), x)"
              ],
              "children": []
            },
            {
              "level": 2,
              "variants": [
                "integrate(exp(2*x)*sin(3*x+alpha), x)",
                "integrate(exp(2*x)*I*(exp(I*(3*x + alpha)) - exp(-I*(3*x + alpha)))/2, x)",
                "integrate(exp(2*x) * (exp(i*(3*x + alpha)) - exp(-i*(3*x + alpha))) / (2 * I), x)",
                "integrate(sin(3*x + alpha), x)",
                "integrate(exp(2*x) * (exp(3*i*x + i*alpha) - exp(-3*i*x - i*alpha))/(2*i), x)",
                "integrate(2 * exp(2*x) * sin(1.5*(3x + alpha)), x)",
                "integrate(1/(2*i) * (exp(2 + 3*i)*exp(3*i*x + alpha) - exp(2 - 3*i)*exp(-3*i*x - alpha)), x)",
                "integrate(exp(2*x)*sin(3*x), x)",
                "integrate(sin(3*(x + pi/6) + alpha) * exp(2*(x + pi/6)), x)",
                "integrate(exp(2*x) * ellipfun(3*x + alpha), x)",
                "integrate(1 + \\int(exp(2*x) * sin(3*x + alpha), x)"
              ],
              "children": []
            }
          ]
        },
        {
          "level": 1,
          "variants": [
            "integrate(0.5 * exp(2*x) * (exp(I*3*x) - exp(-I*3*x)), x)",
            "integrate(0.25 * exp(2*x) * (exp(I*3*x) - exp(-I*3*x)), x)",
            "integrate(exp(2*x) * sin(3*x), x)",
            "integrate(0.5 * exp(2*x) * (0.5 * (exp(I*4x) - exp(2*I*2x))), x)",
            "integrate(0.5 * exp(2*x) * (1 - exp(-I*3*x)) * (exp(I*3*x)), x)",
            "integrate(0.5 * exp(2*x) * (exp(I * 3x) + exp(-I * 3x) - 2), x)",
            "integrate(i * (0.5 * (exp(2*x + I*3*x) - exp(2*x - I*3*x))), x)",
            "integrate(0.5 * (exp(2*x) + exp(2*x + I*3*x) + exp(2*x - I*3*x)), x)",
            "integrate(0.5 * exp(5*x) * (exp(I*3/5*5*x) - exp(-I*3/5*5*x)), x)",
            "integrate(exp(2*x) * i * 2 * (sin(3*x) / 2), x)",
            "integrate(0.5 * e**(2*x) * (2 * I * sin(3*x)), x)"
          ],
          "children": [
            {
              "level": 2,
              "variants": [
                "integrate(0.5 * exp(2*x) * (2 * I * sin(3*x)), x)",
                "integrate(0.5 * exp(2*x) * (e^(3*I*x) - e^(-3*I*x)), x)",
                "integrate(exp(2*x) * (e^(3*I*x) - e^(-3*I*x)), x)",
                "integrate(i * exp(2*x) * (e^(3*I*x) - e^(-3*I*x)), x)",
                "integrate(0.25 * exp(2*x) * (e^(3i*x) - e^(-3i*x)), x)",
                "integrate(0.5 * exp(2*x) * (2i * (e^(3i*x) - e^(-3i*x)/2)), x)",
                "integrate(0.5 * exp(2*x) * (sin(3x) + i * cos(3x)), x)",
                "integrate(0.5 * exp((2 + 3i) * x), x)",
                "integrate(exp(2*x)*d(sin(3*x))/dx, x)",
                "integrate(exp(2*x) * i * sin(3*x), x)",
                "integrate(exp(2*x + 3*I*x) - exp(2*x - 3*I*x), x)"
              ],
              "children": []
            },
            {
              "level": 2,
              "variants": [
                "integrate(exp(2*x) * (e^(I*3*x) - e^(-I*3*x)), x)",
                "integrate(2 * I * e^(2 * x) * (e^(I * 3 * x)), x)",
                "integrate(I * (e^(2 * x + I * 3 * x) - e^(2 * x - I * 3 * x)) / 2, x)",
                "integrate(e^(2 * x) * I * 3 * cos(3 * x), x)",
                "integrate(2 * I * e^(2*x) * sin(3*x), x)",
                "integrate(e^(2*x) * cos(3*x), x)",
                "integrate((e^(2*x)) / (1 + (3 / 2) * e^(2*x)), x)",
                "integrate(e^{sqrt(2)*sqrt(x)} * sin(3*sqrt(x)), x)",
                "integrate(exp(2 * (x + \u03c0 / 6)) * (e^(I * 3 * (x + \u03c0 / 6)) - e^(-I * 3 * (x + \u03c0 / 6))), x)",
                "integrate(e^x * sinh(3x), x)"
              ],
              "children": []
            },
            {
              "level": 2,
              "variants": [
                "integrate(exp(2*x) * e^(I*3*x), x)",
                "integrate(exp(2*x) * (cos(3*x) + I*sin(3*x)), x)",
                "integrate(exp(2*x), x)",
                "integrate(u * exp(2*x), x)",
                "integrate(exp(2*x) * exp(I * 3 * x), x)",
                "integrate(exp(2*x + I * 3*x), x)",
                "integrate(cosh(3*x) * exp(2*x) + I * sinh(3*x) * exp(2*x), x)",
                "integrate(cos(3 * x) * (exp(2 * x) + I * sin(3 * x)), x)"
              ],
              "children": []
            }
          ]
        }
      ]
    }
  ]
}