{
  "base_question": "integrate(x/(x**4+1), x)",
  "tree": [
    {
      "level": 0,
      "variants": [
        "integrate(x/(x**4+1), x)",
        "integrate(x / (x**4 + 1), x)",
        "integrate((A / (x**2 + 1)) + (B / (x**4 + 1)), x)",
        "integrate(x / ((x**2 + sqrt(2))**2 - 2), x)",
        "integrate(x / ((x**2 + 1 + sqrt(1-x**4))**2 - 2), x)",
        "integrate(x / ((1 + i*x**2)(1 - i*x**2)), x)",
        "integrate(log(x) / (x**4 + 1), x)",
        "integrate(A/(x**2 - sqrt(2)*x + 1) + B/(x**2 + sqrt(2)*x + 1), x)",
        "integrate(x**5/(x**8 + x**4), x)",
        "integrate((x**3 - x + x)/(x**4 + 1), x)",
        "integrate(0.5*x**(-1)*(1/(u**2 + 1)), x)"
      ],
      "children": [
        {
          "level": 1,
          "variants": [
            "integrate(1/(2*(x**2+1)), x)",
            "integrate(1/(2*tan(x)**2), x)",
            "integrate(1/(x**2 + 1), x)",
            "integrate(1/2 * 1/(1 + (x)**2), x)",
            "integrate(1/2 * (1/(1 + (x**2))), x)",
            "integrate(1/2 * (1/(x**2 + 1)), x)",
            "integrate(0.5 * (1/(x**2 + 1)), x)"
          ],
          "children": [
            {
              "level": 2,
              "variants": [
                "integrate(1/(2*(x**2+1)), x)",
                "integrate(1/2 * (1/(1 + x**2)), x)",
                "integrate((1 - (x**2/(x**2 + 1))) / 2, x)",
                "integrate((1/4) * (2/(x**2 + 1)), x)",
                "integrate(1/(2 * sqrt(x**2 + 1)**2), x)",
                "integrate(1/2 * ln(1 + x**2) / (1 + x**2), x)",
                "integrate(1/2 * (1 + sinh(x)**2), x)",
                "integrate(1/(2*(1 + (1/2)*x**2)), x)",
                "integrate(1/(1+x**2), x)",
                "integrate(1/(2(2 + 2*x**2)), x)",
                "integrate(1/((x**2 + 1)*2), x)"
              ],
              "children": []
            }
          ]
        },
        {
          "level": 1,
          "variants": [
            "integrate(tan(x)/(sec(x)**2 + 1), x)",
            "integrate(sin(x)/(cos(x)*(2 + (sin(x)/cos(x))**2)), x)",
            "integrate(tan(x + pi/4)/(2 + tan(x + pi/4)**2), x)",
            "integrate(cot(x)/(2 + cot(x)**2), x)",
            "integrate(tanh(x)/(sech(x)**2 + 1), x)",
            "integrate((exp(ix) - exp(-ix))/(2i*(exp(ix) + exp(-ix))**2 + 2), x)",
            "integrate(tan(x)/(a + tan(x)**2), x)",
            "integrate(tan(tan(x))/(2 + (tan(tan(x)))**2), x)",
            "integrate(sin(x)/(cos(x) * (2 + (sin(x)/cos(x))**2)), x)",
            "integrate(sin(x)/((cos(x)**2 + 1) * cos(x)), x)",
            "integrate((2 * tan(x/2)/((1 - tan(x/2)**2)**2 + 1)), x)"
          ],
          "children": [
            {
              "level": 2,
              "variants": [
                "integrate(tan(x)/(sec(x)**2), x)",
                "integrate(sin(x)*cos(x), x)",
                "integrate(0.5*sin(2*x), x)",
                "integrate(tanh(x)*sech(x)**2, x)",
                "integrate(u*v.diff(x), x)",
                "integrate(tan(x), x)",
                "integrate(tan(x)**2, x)",
                "integrate(tan(x)/x**2, x)",
                "integrate(sin(x) - 1/(cos(x)**2), x)",
                "integrate(tan(x) * sec(x)**2, x)",
                "integrate(cot(x) * (1/cos(x)**2), x)"
              ],
              "children": []
            },
            {
              "level": 2,
              "variants": [
                "integrate(tan(x)/(1 + tan(x)**2), x)",
                "integrate(tan(x)/(1 + tan(x)**2)**2, x)",
                "integrate(1/2*sin(2*x), x)",
                "integrate(-cos(x)/(sin(x)**2), x)",
                "integrate(sin(x), x)",
                "integrate(sin(x)/sqrt(1 - sin(x)**2), x)",
                "integrate(cot(pi/2 - x)/(1 + cot(pi/2 - x)**2), x)",
                "integrate(-1/2*log(1 + tan(x)**2), x)",
                "integrate(tan(x)/(1 + tan(x)**2), x)",
                "integrate(sin(x)*cos(x)/1, x)",
                "integrate(sin(x)/(cos(x)*(1 + sin(x)**2/cos(x)**2)), x)"
              ],
              "children": []
            },
            {
              "level": 2,
              "variants": [
                "integrate(tan(x)/(2 + tan(x)**2), x)",
                "integrate(sin(x)/(2cos(x) + sin(x)**2), x)",
                "integrate(exp(-x)/(2 + exp(-2*x)), x)",
                "integrate(i*(e^(ix) - e^(-ix))/(2 + (i(e^(ix) - e^(-ix))^2)), x)",
                "integrate((3*tan(x) - tan(x)**3)/(2 + tan(x)**2), x)",
                "integrate(tan(x)/(1 + sec(x)**2), x)",
                "integrate(tan(x)/(tan(x + \u03c0)**2 + 2), x)",
                "integrate(tan(k*x)/(2 + tan(k*x)**2), x)",
                "integrate(tanh(x)/(sqrt(2+tanh(x)**2)), x)"
              ],
              "children": []
            }
          ]
        },
        {
          "level": 1,
          "variants": [
            "integrate(1/x**3 * (1 - 1/(x**4 + 1)), x)",
            "integrate(1/x**3, x)",
            "integrate(1/x**3 * (x**4 / (x**4 + 1)), x)",
            "integrate(-2/(x**2 * (1 - 1/(x**4 + 1))), x)",
            "integrate(-d(log(x))/(x**3 * (1 - 1/(x**4 + 1))), x)",
            "integrate(1/x**3 * (1 - 1/(x**4 + 1)), x)",
            "integrate(1/x**3*(-(x**4/(x**4 + 1))), x)",
            "integrate(cosh(x)**-3 * (1 - 1/(cosh(x)**4 + 1)), x)",
            "integrate(1/(x**4 * (1 - 1/(x**4 + 1))), x)",
            "integrate(A/(x) + B/(x**2) + C/(x**4 + 1), x)",
            "integrate(1/(x**4 + 1), x)"
          ],
          "children": [
            {
              "level": 2,
              "variants": [
                "integrate(1/x**3, x)",
                "integrate(x**(-3), x)",
                "integrate(-1/x**2, x)",
                "integrate(1/x**2, x)",
                "integrate(1/(x**3 + 1), x)",
                "integrate(-1/(x**3), x)",
                "integrate(-e**(-3*ln(x)), x)",
                "integrate(1/x**2 * 1/x, x)",
                "integrate(exp(-3 * log(x)), x)",
                "integrate(1/((1/3)*x**3), x)",
                "integrate(-diff(1/(2 * x**2), x)"
              ],
              "children": []
            },
            {
              "level": 2,
              "variants": [
                "integrate(1/x**3 * (x**4/(x**4 + 1)), x)",
                "integrate(1/x**3 * (1 - 1/(x**4 + 1)), x)"
              ],
              "children": []
            },
            {
              "level": 2,
              "variants": [
                "integrate(1/x**3 - (1/(x**4 + 1)) * (1/x**3), x)",
                "integrate((1/x**3) - (1/(x**4 + 1)) * (1/x**3), x)",
                "integrate(atan(x)/(x**3), x)",
                "integrate(log(x)/(x**3), x)",
                "integrate((1/x**3 + 1/(x**3)(x**4 + 1) - 1/(x**3)), x)",
                "integrate((A/(x^2) + B/(x^2 + 1)), x)",
                "integrate(1/(x**3) - 1/(x**4 + 1), x)",
                "integrate(1/x**3, x)",
                "integrate(x/(1 - (1/x**4)), x)",
                "integrate(1/(sin(x)**4 + cos(x)**4), x)",
                "integrate(1/(x**3 * (x**4 + 1j)), x)"
              ],
              "children": []
            }
          ]
        },
        {
          "level": 1,
          "variants": [
            "integrate(A/(x**2 + a) + B/(x**2 + b), x)",
            "integrate(A/(a) * (1/(1 + (x/sqrt(a))**2)), x)",
            "integrate(A * dlog(sqrt(a) + x**2)/dx, x)",
            "integrate(A/(a * (1 + tan(theta)**2)), x)",
            "integrate(A/(a) / (1 + (x**2/a)), x)",
            "integrate(A * Im(log(x + sqrt(x**2 + a))), x)",
            "integrate(A * (1/a * du / (1 + u**2)), x)",
            "integrate(A * (1/a) * (1/cosh(x/sqrt(a))**2), x)",
            "integrate(A/(1 + (x/sqrt(a))**2), x)",
            "integrate(A * atan(x/sqrt(a)), x)",
            "integrate(A/(x**2 + a), x)"
          ],
          "children": [
            {
              "level": 2,
              "variants": [
                "integrate(A/(x**2 + a) + B/(x**2 + b), x)",
                "integrate(A * sec(theta)**2 / (sec(theta)**2 + 1) + B * sec(phi)**2 / (sec(phi)**2 + 1), x)",
                "integrate(A / ((x + I * sqrt(a))(x - I * sqrt(a))) + B / ((x + I * sqrt(b))(x - I * sqrt(b))), x)",
                "integrate(1/2 * (A/(sqrt(a) x) + B/(sqrt(b) x)), x)",
                "integrate(A/(x + sqrt(a) * I) + B/(x + sqrt(b) * I), x)",
                "integrate(kB/(x**2 + a) + B/(x**2 + b), x)",
                "integrate((A + B)/(x**2 + a), x)",
                "integrate((A + t * B)/(x**2 + a + t*(b-a)), x)",
                "integrate((A + B) / 2 / (x**2 + (a + b)/2), x)",
                "integrate(A/(a*tan(theta)**2 + a), x)",
                "integrate((A*(x**2 + b) + B*(x**2 + a)) / ((x**2 + a)*(x**2 + b)), x)"
              ],
              "children": []
            }
          ]
        },
        {
          "level": 1,
          "variants": [
            "integrate(1/(u**2 - 1), x)",
            "integrate(1/((u-1)*(u+1)), x)",
            "integrate(1/(cosh(u)**2 - 1), x)",
            "integrate(1/(x**4 - 1), x)",
            "integrate(1/((x + c)**2 - 1), x)"
          ],
          "children": [
            {
              "level": 2,
              "variants": [
                "integrate(1/(u**2 - 1), x)",
                "integrate(1/((u-1)*(u+1)), x)",
                "integrate(1/(e^(2*x) - 1), x)",
                "integrate(1/2 * (1/(u - 1) - 1/(u + 1)), x)",
                "integrate(1/((u + I)(u - I)), x)",
                "integrate(1/(tan(x)**2 - 1), x)",
                "integrate(1/((x + 1)**2 - 1), x)",
                "integrate(1/((u - 1)*(u + 1)), x)",
                "integrate(1/u - 1/(u + 1), x)",
                "integrate(-1/(1 - u**2), x)",
                "integrate(1/(2*(u**2 - 1)), x)"
              ],
              "children": []
            }
          ]
        },
        {
          "level": 1,
          "variants": [
            "integrate(i * (1/(x**4 + 1)), x)",
            "integrate(i * (1/(x**2 + 1j)) / (x**2 - 1j), x)",
            "integrate(i * (1/((x**2 + (1 + sqrt(2) * 1j)) * (x**2 + (1 - sqrt(2) * 1j)))), x)",
            "integrate(i * (1/(x**4 + 1)) * exp(1j * pi), x)",
            "integrate(i * (1/(sinh(x)**4 + 1)), x)",
            "integrate(i * exp(-x**4) * cos(x), x)",
            "integrate(i * (1/(x**4 + 1)) * (x**2/(x**2 - 1)), x)",
            "integrate(i * ((x^2 - i)/(x^4 + 1)), x)",
            "integrate(i / ((x**2 - sqrt(2) * x + 1) * (x**2 + sqrt(2) * x + 1)), x)",
            "integrate(i * exp(-1 * x**4), x)"
          ],
          "children": [
            {
              "level": 2,
              "variants": [
                "integrate(i * (1/((x**2 - sqrt(2) * x + 1) * (x**2 + sqrt(2) * x + 1))), x)",
                "integrate(i * (1 / ((1 / (x**2 - sqrt(2) * x + 1)) * (1 / (x**2 + sqrt(2) * x + 1)))), x)",
                "integrate(i * (1 / (((x - (sqrt(2) / 2))**2 + (1 - (sqrt(2) / 2)**2)) * ((x + (sqrt(2) / 2))**2 + (1 - (sqrt(2) / 2)**2)))), x)",
                "integrate(i * (A / (x**2 - sqrt(2) * x + 1) + B / (x**2 + sqrt(2) * x + 1)), x)",
                "integrate(i * (1 / ((x**2 + 1) + (sqrt(2) / 2) * x ** 2)), x)",
                "integrate(i * (1 / ((sec(x)**2 - sqrt(2) * tan(x) + 1)(sec(x)**2 + sqrt(2) * tan(x) + 1))), x)",
                "integrate(i * (1 / ((exp(x) - sqrt(2))(exp(-x) + sqrt(2)))), x)",
                "integrate(i * (1 / (f(x)**2 + g(x)**2)), x)",
                "integrate(i * (1 / (x**2 - sqrt(2)*x + 1) + 1 / (x**2 + sqrt(2)*x + 1)), x)",
                "integrate(i * (1 / ((x - 1) * (x + 1))), x)",
                "integrate(i / ((x - (sqrt(2)/2))**2 + (1/2)) / ((x + (sqrt(2)/2))**2 + (1/2)), x)"
              ],
              "children": []
            },
            {
              "level": 2,
              "variants": [
                "integrate(i * (1/(tan(x)**4 + 1)), x)",
                "integrate(i/(sin(x)**4/cos(x)**4 + 1), x)",
                "integrate(i/( ((e**(ix) - e**(-ix))/(i*(e**(ix) + e**(-ix))) )**4 + 1), x)",
                "integrate(i/(sec(x)**2 - 1 + 1), x)",
                "integrate(i/(tan(2*x)**4 + 1), x)",
                "integrate(i/(cot(x)**4 + 1), x)",
                "integrate(i/( (sin(x)**4 / cos(x)**4) + 1), x)",
                "integrate(i /( (tan(x)**2)**2 + 1), x)",
                "integrate(i/(tan(x-\u03c0/2)**4 + 1), x)"
              ],
              "children": []
            },
            {
              "level": 2,
              "variants": [
                "integrate(i * (d/dx(tan^{-1}(x**2))), x)",
                "integrate(i * (1/(1 + x^4)), x)",
                "integrate(i * (d/dx(log(1 + x^4))), x)",
                "integrate(i * (x/(1 + x^4)), x)",
                "integrate(i * (x**2/(1 + x**4)), x)",
                "integrate(i * (d/dx(tan^{-1}(sqrt(x)))), x)",
                "integrate(i * (2 * x / (1 + s^4)), x)",
                "integrate(i * sum(1/n^2 * (x**2/n**2)/(1 + (x**2/n**2)^2)), x)",
                "integrate(i * (2x/(1+x^4)), x)"
              ],
              "children": []
            }
          ]
        },
        {
          "level": 1,
          "variants": [
            "integrate(x/(sqrt(1 + tan(x)**2)), x)",
            "integrate(x * cos(x), x)",
            "integrate(x * (1/sqrt(1-sin(x)**2)), x)",
            "integrate((pi-x) * cos(x), x)",
            "integrate(1/2 * x^2 * sin(x), x)",
            "integrate(x / sqrt(1 + (sin(x)/cos(x))**2), x)",
            "integrate(x * (1 - (x**2)/2 + (x**4)/24), x)",
            "integrate(-x * cos(-x), x)",
            "integrate(x / sqrt(1 + (e^(ix)/e^(-ix))**2), x)",
            "integrate(tanh(x) / sqrt(1 + tanh(x)**2), x)"
          ],
          "children": [
            {
              "level": 2,
              "variants": [
                "integrate(x / cos(x), x)",
                "integrate(x * (e**(1j * x) + e**(-1j * x)) / 2, x)",
                "integrate(tan(x)**2 / (1/tan(x)), x)",
                "integrate(x * sec(x), x)",
                "integrate(x * (1/cos(x)), x)",
                "integrate(x * sin(x) / (sin(x) * cos(x)), x)",
                "integrate(x * (cos(x) + sin(x)), x)",
                "integrate(x**(0.5) * (1/cos(x))**(0.5), x)",
                "integrate(x * (1 + \\frac{x^2}{2} + \\frac{5x^4}{24} + ...), x)",
                "integrate(x / ((e**(ix) + e**(-ix)) / 2), x)",
                "integrate(x / cosh(ix), x)"
              ],
              "children": []
            },
            {
              "level": 2,
              "variants": [
                "integrate(x * cos(x), x)",
                "integrate(x * cos(x), x)",
                "integrate(x * re(e**(I*x)), x)",
                "integrate(0.5 * (x * (e**(I*x) + e**(-I*x))), x)",
                "integrate(x / (1 + (x**2)/2 + (x**4)/24), x)",
                "integrate(1 * integrate(cos(x), x)",
                "integrate(x * (0.5 * (e**(I*x) + e**(-I*x))), x)",
                "integrate((x / 2) * (sin(x) + cos(x)), x)",
                "integrate(x * sin(x), x)",
                "integrate(x * exp(I * x), x)",
                "integrate(-x * sin(x), x)"
              ],
              "children": []
            },
            {
              "level": 2,
              "variants": [
                "integrate(x**2 / (1 + tan(x)**2), x)",
                "integrate(x**2 / (1 + tan(x)**2), x)",
                "integrate(x**2 * (1 + cos(2*x)) / 2, x)",
                "integrate(x**2 * (1 / cos(x)**2), x)",
                "integrate(x**2 * (1 + (e^(2 * I * x))**(-1)), x)",
                "integrate(x**2 * (1 / (1 + (cos(x) / sin(x))**2)), x)",
                "integrate(x**2 / (1 + derivative(tan(x), x)",
                "integrate((x**2 * (1 + cos(2*x)) / 2), x)",
                "integrate(x**2 / (1 + exp(2*I*x)), x)",
                "integrate(tan(x)**2 / (1 + tan(x)**2), x)",
                "integrate(x**2 / (1 - tan(x)**2), x)"
              ],
              "children": []
            }
          ]
        },
        {
          "level": 1,
          "variants": [
            "integrate(sin(x)/(cos(x)**4 + 1), x)",
            "integrate(sin(x)/(1/16*(1 + cos(2*x))^2 + 1), x)",
            "integrate(2*tan(x/2)/(1/tan(x/2)**4 + 1), x)",
            "integrate(sin(x)/(sin(x)**4 + 2*sin(x)**2 + 1), x)",
            "integrate(-1/2*(exp(ix) - exp(-ix))/(cos(exp(2*ix))**4 + 1), x)",
            "integrate(i*(1-z**4)/(1 + real(z)), x)",
            "integrate(2*sqrt(u)/(1 - u**2 + 1), x)",
            "integrate(2*sin(x)/(cos(x)**4 + cos(3*x)), x)",
            "integrate(sin(x)*exp(-x)/(cos(x)**4 + 1), x)"
          ],
          "children": [
            {
              "level": 2,
              "variants": [
                "integrate(sin(x)/(1 + (1/4)*(1 + cos(2*x))**2), x)",
                "integrate(2 * sin(x/2) / (1 + (1/16)*(1 + cos(x))**2), x)",
                "integrate(sin(x) / (1 + (1/8)*(2cos(x))**2), x)",
                "integrate(sin(x) * cos(x) / (1 + (1/4)*(1 + cos(2x))**2), x)",
                "integrate((2*tan(x/2)) / ((1 + tan(x/2)**2)*(1 + (1/4)*(1 + (1 - tan(x/2)**2))**2)), x)",
                "integrate((e**(ix) - e**(-ix)) / (2i * (1 + (1/4)*(1 + cos(2x))**2)), x)",
                "integrate(sin(x)/(1 + (1/4)*(1 + (1 - 2*sin(x)**2))**2), x)",
                "integrate(sin(x)/(1 + (1/4)*(g**2)), x)",
                "integrate(cos(x - pi/2)/(1 + (1/4)*(1 + cos(2*(x - pi/2)))**2), x)",
                "integrate(sin(x)/(1 + (1/4)*sum((1 + cos(2*x))**k for k in range(15)), x)",
                "integrate(A*sin(x)/(B + (C + cos(2x))^2), x)"
              ],
              "children": []
            },
            {
              "level": 2,
              "variants": [
                "integrate(sin(x)/(sec(x)**4 + 1), x)",
                "integrate(sin(x) * cos(x)**4 / (1 + cos(x)**4), x)",
                "integrate(sin(x) * (1 + tan(x)**2)**2 / (1 + cos(x)**4), x)",
                "integrate((sin(x)/(1 + (1/(1 + u**2)**2))) * (1/(cos(x)**2)), x)",
                "integrate(sin(x) * cos(x)**2 / ((1 + tan(x)**4) * cos(x)**2), x)",
                "integrate(sin(x)/(1 + 1/(cos(x)**4)), x)",
                "integrate(tan(x) * cos(x)**3 / ((1 + tan(x)**2)**4 + 1), x)",
                "integrate(sin(x)/(2*tan(x)**2 + 1), x)",
                "integrate(-1 * cos(x)/(sec(x)**4 + 1), x)",
                "integrate(sin(x)/(1 + 1 + tan(x)**4), x)"
              ],
              "children": []
            },
            {
              "level": 2,
              "variants": [
                "integrate(sin(x)/(tan(x)**2 + 1), x)",
                "integrate(sin(x) - sin(x)*sin(x)**2, x)",
                "integrate(sin(x)*sec(x)**2/(tan(x)**2 + 1), x)",
                "integrate(2*sin(x/2)*cos(x)*cos(x)**2, x)",
                "integrate(-1/cos(x)**2, x)",
                "integrate(sin(x)*(1 - tan(x)**2), x)",
                "integrate(cos(pi/2 - x)/(tan(x)**2 + 1), x)",
                "integrate(2*sin(x), x)",
                "integrate(1/2*(1 - cos(2*x)), x)",
                "integrate(-1*cos(x), x)"
              ],
              "children": []
            }
          ]
        },
        {
          "level": 1,
          "variants": [
            "integrate(x/(x**2 + 1)**2 - 1/(x**2 + 1), x)",
            "integrate(x/(x**2 + 1)**2, x)",
            "integrate(1/(x^2 + 1) - (1/(x**2 + 1)**2 + x/(x**2 + 1)**2), x)",
            "integrate(1/2 * diff(1/(x**2 + 1), x)",
            "integrate((x/(e^(2*1j*x) + 1)**2 - 1/(e^(1j*x) + 1)), x)",
            "integrate(-1/((1/x**2 + 1)**2) - 1/(1/x**2 + 1), x)",
            "integrate((x/(x**2 + 1)**2), x)",
            "integrate((x - 1)/(x**2 + 1)**2 + 1/(x**2 + 1), x)",
            "integrate(-1/(x**2 + 1) + x/(x**2 + 1)**2, x)",
            "integrate(x * diff(tan(x), x)",
            "integrate(sinh(x)/((cosh(x))^2), x)"
          ],
          "children": [
            {
              "level": 2,
              "variants": [
                "integrate(x/(x**2 + 1)**2, x)",
                "integrate(x/(x**2 + 1)**2, x)"
              ],
              "children": []
            },
            {
              "level": 2,
              "variants": [
                "integrate((x - 1)/((x**2 + 1)**2), x)",
                "integrate((x/(x**2 + 1)**2) - (1/(x**2 + 1)**2), x)",
                "integrate(((1/(x**2 + 1)) - (1/(x**2 + 1)**2)), x)",
                "integrate(((x - 0.5) - (0.5))/((x**2 + 1)**2), x)",
                "integrate(1/(x**2 + 1)**2 - 2/(x**2 + 1)**2, x)",
                "integrate((x - 1)/((x**2 + 1)**2), x)",
                "integrate(x/(x**2 + 1)**2, x)",
                "integrate((x-1)*(1/((x**2 + 1)**2)), x)",
                "integrate((I*x - I)/(I*x^2+1)**2, x)",
                "integrate((x/(x**2 + 1)**2 - 1/(x**2 + 1)**2), x)",
                "integrate(A/(x^2 + 1) + B/(x^2 + 1)^2, x)"
              ],
              "children": []
            },
            {
              "level": 2,
              "variants": [
                "integrate(A/(x**2 + 1) + B/(x**2 + 1)**2, x)",
                "integrate(A/(x**2 + 1) + B/(x**2 + 1)**2, x)",
                "integrate(A/x**2 + A/(x**2 + 1)**2 - A/(x**2 + 1), x)",
                "integrate((A-B)/(x**2 + 1) + B/(x**2 + 1)**2, x)",
                "integrate((A + B)/(x**2 + 1)/(x**2 + 1), x)",
                "integrate(A*(x + 1)/(x**2 + 1) + B/(x**2 + 1)**(3/2), x)",
                "integrate(log(x**2 + 1)**A + B/(x**2 + 1)**2, x)",
                "integrate((A + B)/(x**2 + 1) + B/(x**2 + 1)**2, x)",
                "integrate(A/(x**2 + 1), x)",
                "integrate((A/(x**2 + 1) + B/(x**2 + 1)**2) * (1 - 1), x)",
                "integrate(A * d(arctan(x))/dx + B * d(arctan(x))/(x**2 + 1), x)"
              ],
              "children": []
            }
          ]
        },
        {
          "level": 1,
          "variants": [
            "integrate(1/(x**4 + 1), x)",
            "integrate(1/((x**2 + 1)**2 - x**2), x)",
            "integrate(1/((x**2 - e**(i*pi/4))*(x**2 + e**(i*pi/4))), x)",
            "integrate(1/2 * (1/(x**2 + exp(i*pi/4)) + 1/(x**2 + exp(i*3*pi/4))), x)",
            "integrate(x**2/(x**6 + x**2), x)",
            "integrate(1/(r**4 + 1) * (r*sqrt(x**2)), x)",
            "integrate((2*x**2)/((x**2 + 1)**2), x)",
            "integrate(1 / ((x**2 + sqrt(2))**2 - 2*x**2), x)",
            "integrate(1 / (x**4 + 1), x)",
            "integrate(1/x**4 + 1, x)",
            "integrate(1/2 * (exp(-4*x) - exp(4*x)) / (exp(4*x) + 1), x)"
          ],
          "children": [
            {
              "level": 2,
              "variants": [
                "integrate(1/(x**4 + 1), x)",
                "integrate(1/((x**2 - sqrt(2)*x + 1)*(x**2 + sqrt(2)*x + 1)), x)",
                "integrate(1/(x**4 + 1), x)",
                "integrate(1/((x**2 + 1)**2 - (sqrt(2)*x)**2), x)",
                "integrate(1/(tan(x)**4 + 1), x)",
                "integrate(1/(2*(x**4 + 1/sqrt(2))), x)",
                "integrate(2/(sqrt(2)*((sqrt(2)*x)**4 + 1)), x)",
                "integrate(1/(x**4 + e**(1j * 0)), x)",
                "integrate(1/((x**2 + sqrt(2)) * (x**2 - sqrt(2))), x)",
                "integrate(1/(x**4 + 1 + x**2), x)",
                "integrate(1/(1 + (x**2)**2), x)"
              ],
              "children": []
            }
          ]
        },
        {
          "level": 1,
          "variants": [
            "integrate(1/4 * diff(x**4 + 1, x)",
            "integrate(x**3, x)",
            "integrate(1/4 * x**4 + 1/4, x)",
            "integrate(1/4 * (x**4).diff(x), x)",
            "integrate(1/2 * (2 * (x**4).diff(x)), x)",
            "integrate(1/4 * (4*(tan(x)**4)), x)",
            "integrate(1/4 * diff(u, x)",
            "integrate((1/4 * (diff(x**4 + c, x)",
            "integrate(1/4 * (x**4 + (1 - x**4)), x)",
            "integrate(1/4 * A * (x**4 + diff(1, x)",
            "integrate(4 * (1/4 * diff(x**4 + 1, x)"
          ],
          "children": [
            {
              "level": 2,
              "variants": [
                "integrate(x**3, x)",
                "integrate((x**2)**(3/2), x)",
                "integrate(x*x**2, x)",
                "integrate(3*(x**3)/3, x)",
                "integrate((x**2 + x + x - x) * (x), x)",
                "integrate((x + 0)**3, x)",
                "integrate(exp(3*log(x)), x)",
                "integrate(log(x**4), x)",
                "integrate((sqrt(x**2 + 0**2))**3, x)"
              ],
              "children": []
            },
            {
              "level": 2,
              "variants": [
                "integrate(diff(x**4 + 1, x)",
                "integrate(4*x**3, x)",
                "integrate(diff((x**2 + sqrt(2))*(x**2 - sqrt(2)), x)",
                "integrate(diff((x**2)**2 + 1, x)",
                "integrate(diff((-x)**4 + 1, x)",
                "integrate(diff(sqrt(x**8 + 2*x**4 + 1), x)",
                "integrate(diff(x**4, x)",
                "integrate(diff(exp(4*log(x)) + 1, x)",
                "integrate(4 * x**3, x)",
                "integrate(diff(0 * x**2 + 4 * x**3 + 1, x)",
                "integrate((1 + diff(x**4, x)"
              ],
              "children": []
            },
            {
              "level": 2,
              "variants": [
                "integrate(0, x)",
                "integrate(1, x)",
                "integrate(x * (1 - x), x)",
                "integrate(sum(x**n/factorial(n) for n in range(10)), x)",
                "integrate(1/(1 + x**2), x)",
                "integrate(sin(x), x)",
                "integrate(x**2 * (1 - x**2), x)",
                "integrate(x**3 * exp(-x), x)",
                "integrate(x * exp(-x), x)",
                "integrate(1/(x + 1), x)"
              ],
              "children": []
            }
          ]
        },
        {
          "level": 1,
          "variants": [
            "integrate(x/( (x**2 - sqrt(2))*(x**2 + sqrt(2)) ), x)",
            "integrate(x/((2*sqrt(2) + (x**2 - sqrt(2))*(x**2 + sqrt(2)))), x)",
            "integrate(x/(x**4 - 2), x)",
            "integrate(x/(sqrt(2)*sqrt(u**2 - 1)), x)",
            "integrate(1/(k + (x^2)\u00b2), x)",
            "integrate(log(x)/((x**2 - sqrt(2))*(x**2 + sqrt(2))), x)",
            "integrate(1/(2*(sqrt(2)+x**2)), x)",
            "integrate(1/(x**2 + sqrt(2)), x)",
            "integrate(x*sqrt(2)/( (sqrt(2)*x**2 - 2)(sqrt(2)*x**2 + 2) ), x)",
            "integrate((2*x)/( (2-x**2-sqrt(2))(2+x**2-sqrt(2)) ), x)",
            "integrate((1/(-sqrt(2)+x**2)) - (1/(sqrt(2)+x**2)), x)"
          ],
          "children": [
            {
              "level": 2,
              "variants": [
                "integrate(1/(2*sqrt(2)) * (1/(x^2 - sqrt(2)) - 1/(x^2 + sqrt(2))), x)",
                "integrate(1/(2*sqrt(2)) * (1/(x**2 - sqrt(2)) - 1/(x**2 + sqrt(2))), x)",
                "integrate(1/(2*sqrt(2)) * (2*x**2) / (2x**4 - 2), x)",
                "integrate(1/(2*sqrt(3)) * (1/(x**2 - sqrt(3)) - 1/(x**2 + sqrt(3))), x)",
                "integrate(1/(4*sqrt(2)) * (1/((x**2 - i*sqrt(2))*(x**2 + i*sqrt(2)))), x)",
                "integrate(1/(2*sqrt(2)) * (1/((x - sqrt(2))*(x + sqrt(2)))), x)",
                "integrate(sin(x) / (2*sqrt(2) * (cos(x)**2 - 1)), x)",
                "integrate(1/(2*sqrt(2)) * (1/(sinh(x)**2 - sqrt(2))), x)",
                "integrate(1/(2*sqrt(2)) * ((1/((x - sqrt(2))(x + sqrt(2)))) - (1/(x**2 + 1))), x)"
              ],
              "children": []
            },
            {
              "level": 2,
              "variants": [
                "integrate(1/(x^4 - 2), x)",
                "integrate(1/((x**2 - sqrt(2))*(x**2 + sqrt(2))), x)",
                "integrate(1/(2*(x**2 - 1j)), x)"
              ],
              "children": []
            },
            {
              "level": 2,
              "variants": [
                "integrate(x/(x^2 - sqrt(2)), x)",
                "integrate(x/(x**2 - 2**(1/2)), x)",
                "integrate(x/((x - 2**(1/4))*(x + 2**(1/4))), x)",
                "integrate(x * diff(log(x**2 - sqrt(2)), x)",
                "integrate(x/(x**2 - sqrt(2)), x)",
                "integrate((x + sqrt(2))/(x**2 - sqrt(2)), x)",
                "integrate(x/(x**2 - 2), x)",
                "integrate(1/(sqrt(2)) * (2x/(x^2 - sqrt(2))), x)",
                "integrate(1/(sqrt(2)+i*x**2), x)",
                "integrate(e^x/(e^(2*x) - sqrt(2)), x)"
              ],
              "children": []
            }
          ]
        },
        {
          "level": 1,
          "variants": [
            "integrate(A*x/(x**2 + sqrt(2)) + B*x/(x**2 - sqrt(2)), x)",
            "integrate((A*sqrt(2) * x/(sqrt(2)*((x**2 + sqrt(2))*(x**2 - sqrt(2))))), x)",
            "integrate((A*x + B*(x**2))/(x**2 + sqrt(2)), x)",
            "integrate((A/2 + B/2)/(1 + sqrt(2)/x**2) + (A*x - B/2)/(x**2 + sqrt(2)), x)",
            "integrate((A/(x - sqrt(2)) - A/(x + sqrt(2)) + B/(x - sqrt(2)) - B/(x + sqrt(2))), x)",
            "integrate((A/(sqrt(2))*x/(x/(sqrt(2)+1))) + (B/(sqrt(2))*x/(x/(sqrt(2)-1))), x)",
            "integrate( (A + B)/(x**2 + sqrt(2)) * x + (A - B)/(x**2 - sqrt(2)) * x, x)",
            "integrate(A*exp(i*x)/(exp(2*i*x) + sqrt(2)) + B*exp(i*x)/(exp(2*i*x) - sqrt(2)), x)",
            "integrate(log(x**2 + sqrt(2))*A + log(x**2 - sqrt(2))*B, x)",
            "integrate((A*(x**2 - sqrt(2)) + B*(x**2 + sqrt(2))) / ((x**2 + sqrt(2))*(x**2 - sqrt(2))), x)",
            "integrate(A*x/(x**2 + sqrt(2)), x)"
          ],
          "children": [
            {
              "level": 2,
              "variants": [
                "integrate(A*x/(x**2 + 1) + B*x/(x**2 - 1), x)",
                "integrate(x * (A/(x**2 + 1) + B/(x**2 - 1)), x)",
                "integrate(A/(x**2 + 1) + B/(x**2 - 1), x)",
                "integrate((A*x*(x**2 - 1) + B*x*(x**2 + 1)) / ((x**2 + 1)(x**2 - 1)), x)",
                "integrate(A * log(x**2 + 1) + B * log(x**2 - 1), x)",
                "integrate(A * (x**2 - 1)/(x**2 + 1) + B * (1 - x**2)/(x**2 - 1), x)",
                "integrate(A * x/(x**2 + 1)**0.5 + B * x/(x**2 - 1)**0.5, x)",
                "integrate(A * x * d(x/(x^2 + 1)) + B * x * d(x/(x^2 - 1)), x)",
                "integrate(A * (d/dx)(ln(x^2 + 1)) + B * (d/dx)(ln(x^2 - 1)), x)",
                "integrate(A * x/(1 + x^2) + B * x/(x^2 - 1), x)",
                "integrate((A + C * x**2) * x/(x**2 + 1) + (B + C * x**2) * x/(x**2 - 1), x)"
              ],
              "children": []
            },
            {
              "level": 2,
              "variants": [
                "integrate(A*x/(x**2 + 0.5) + B*x/(x**2 - 0.5), x)"
              ],
              "children": []
            },
            {
              "level": 2,
              "variants": [
                "integrate(A*(1/2)*x/(x**2 + sqrt(2/2)) + B*(1/2)*x/(x**2 - sqrt(2/2)), x)",
                "integrate((A + B) * (1/2) * x / ((x**2 + sqrt(2/2)) * (x**2 - sqrt(2/2))), x)",
                "integrate(A/(x**2 + sqrt(2/2)) + B/(x**2 - sqrt(2/2)), x)",
                "integrate(A*(1/2)*(x/((x-sqrt(1/2))*(x+sqrt(1/2)))) + B*(1/2)*(x/((x-sqrt(1/2))*(x+sqrt(1/2)))), x)",
                "integrate(A * (1/2) * (x/(2 * (x**2/sqrt(2/2) + 1))) + B * (1/2) * (x/(2 * (x**2/sqrt(2/2) - 1))), x)",
                "integrate(A * (1/4) * (sinh(x)/cosh(x) + exp(-x)/(1 + exp(-2*x))) + B * (1/4) * (sinh(x)/cosh(x) - exp(-x)/(1 - exp(-2*x))), x)",
                "integrate(A*(1/2)*x/(x**2 + 1) + B*(1/2)*x/(x**2 - 1), x)",
                "integrate((A*(1/2)*x*(x**2 - 1) + B*(1/2)*x*(x**2 + 1))/(x**4 - 1), x)",
                "integrate(A*(1/2)*d/dx(log(x**2 + sqrt(1))) + B*(1/2)*d/dx(log(x**2 - sqrt(1))), x)"
              ],
              "children": []
            }
          ]
        }
      ]
    }
  ]
}