{
  "base_question": "integrate(1/sqrt(x**2+9), x)",
  "tree": [
    {
      "level": 0,
      "variants": [
        "integrate(1/sqrt(x**2+9), x)",
        "integrate(1/sqrt(9(1+(x/3)**2)), x)",
        "integrate(1/(3*sqrt(1 + (x/3)**2)), x)",
        "integrate(1/sqrt(9)*(1/(1 + (x/3)**2)), x)",
        "integrate(1/sqrt(x**2 + 3**2), x)",
        "integrate(1/3*sin(arctan(x/3)), x)",
        "integrate(1/sqrt((-x)^2 + 9), x)",
        "integrate(1/(sqrt(9)*sqrt(1 + (x/3)**2)), x)",
        "integrate(1/(sqrt(9) * sqrt(1 + (x/3)**2)), x)",
        "integrate(1/sqrt(3^2 + x**2), x)",
        "integrate(3/(sqrt(1 + (x/3)**2)), x)"
      ],
      "children": [
        {
          "level": 1,
          "variants": [
            "integrate(1/sqrt(9*(1 + (x/3)**2)), x)",
            "integrate(1/sqrt(9) * 1/sqrt(1 + (x/3)**2), x)",
            "integrate(1/(3*sqrt(9 - x**2)), x)",
            "integrate(1/3 * d/dx(arctan(x/3)), x)"
          ],
          "children": [
            {
              "level": 2,
              "variants": [
                "integrate(1/3 * 1/sqrt(1 + (x/3)**2), x)",
                "integrate(log(1 + (x/3)**2)/(3*sqrt(1 + (x/3)**2)), x)",
                "integrate(1/3 * (1 + (1/9) * x**2)**-0.5, x)",
                "integrate(1/3 * x**(1/2) *(-0.5)/(1 + (x/3)**2), x)",
                "integrate((1/3 * sqrt(1 + (x/3)**2))**-1, x)"
              ],
              "children": []
            }
          ]
        },
        {
          "level": 1,
          "variants": [
            "integrate(1/sqrt(x**2 + a**2), x)",
            "integrate(1/sqrt((a**2 + x**2) + (x - a**2)**2), x)",
            "integrate(k / sqrt(1 + x**2 * k**2), x)",
            "integrate((x**2 - a**2) / (sqrt(x**2 + a**2) * (x**2 - a**2)), x)",
            "integrate(1/(sqrt(a**2) * sqrt(x**2 + a**2)), x)",
            "integrate(1/sqrt(x**2 + a**2), x)",
            "integrate(1/sqrt((a**2)* (1 - (x/a)**2)), x)"
          ],
          "children": [
            {
              "level": 2,
              "variants": [
                "integrate(1/sqrt(x**2 + a**2), x)",
                "integrate(1/(a * sqrt(1 + (x/a)**2)), x)",
                "integrate(1/sqrt(x**2 + a**2), x)",
                "integrate(1/sqrt(a**2 * (1 + (x/a)**2)), x)",
                "integrate(1/sqrt(x**2 + (-a)**2), x)",
                "integrate(1/sqrt(a**2 + x**2), x)",
                "integrate(1/sqrt(a**2(1 + (x/a)**2)), x)",
                "integrate(1/a/sqrt(1 + (x/a)**2), x)"
              ],
              "children": []
            }
          ]
        },
        {
          "level": 1,
          "variants": [
            "integrate(1/sqrt(x**2 + 3**2), x)",
            "integrate(1 / sqrt(3**2 + (x/3)**2) * 3, x)",
            "integrate(1 / (3 * (1 + (x/3)**2)), x)",
            "integrate(1 / sqrt((x + i*3)**2), x)",
            "integrate(log(x + sqrt(x**2 + 9)), x)",
            "integrate(1/(3 * sqrt(1 + (x/3)**2)), x)",
            "integrate(1/(3 * sqrt(tan(x)**2 + 1)), x)",
            "integrate(1/(3 * cosh(x/3)), x)",
            "integrate(1/sqrt(1 + (x/3)**2), x)",
            "integrate(1/cos(x/3), x)",
            "integrate(1/(sqrt(3^2) * exp(y/6)), x)"
          ],
          "children": [
            {
              "level": 2,
              "variants": [
                "integrate(1/sqrt(x**2 + 3**2), x)",
                "integrate(1/(3 * sqrt(1 + tan(theta)**2)), x)",
                "integrate(1/(3 * sqrt(cosh(t)**2)), x)",
                "integrate(1/3 * 1/sqrt(x**2/9 + 1), x)",
                "integrate(log(1 + x/3)/3, x)",
                "integrate(1/sqrt((x + 3)*(x - 3) + 9), x)",
                "integrate(1/(3 * sqrt(tan(t)**2)), x)",
                "integrate(asin(x/3), x)",
                "integrate(1/(3 * sqrt(e^(2*u) + 9)), x)",
                "integrate(d/tan(x/3), x)"
              ],
              "children": []
            },
            {
              "level": 2,
              "variants": [
                "integrate(1/sqrt(u), x)",
                "integrate(u**(-1/2), x)",
                "integrate(2*t**(-1/2), x)",
                "integrate(1/sqrt(1-sin(x)**2), x)",
                "integrate(sqrt(u**(-1)), x)",
                "integrate((u**(-1/2) * x**1), x)",
                "integrate(1/(u**0.5), x)",
                "integrate(2 * log(u), x)",
                "integrate((u**(1/2))**(-1), x)",
                "integrate(2/(2**0.5), x)",
                "integrate(1/(r**2 + x**2)**0.5, x)"
              ],
              "children": []
            },
            {
              "level": 2,
              "variants": [
                "integrate(1/(3*sqrt(1 + (x/3)**2)), x)",
                "integrate(log(1 + (x/3)**2), x)",
                "integrate(1/(sqrt(1 + (x/a)**2)), x)",
                "integrate(1/(3/v), x)",
                "integrate(1/(3*sqrt(1 + x**2)), x)",
                "integrate(1/(sqrt(9 + x^2)), x)",
                "integrate(1/(sqrt(x + 9)), x)"
              ],
              "children": []
            }
          ]
        },
        {
          "level": 1,
          "variants": [
            "integrate(1/sqrt(3**2 + x**2), x)",
            "integrate(1/sqrt(x**2 + 9), x)",
            "integrate(1/log(3 + x**2), x)",
            "integrate(1/sqrt(a**2 + x**2), x)",
            "integrate(x/(3^2 + 1/x**2)^(1/2), x)",
            "integrate((1/((1 + (x/3)**2)**(1/2))), x)",
            "integrate(1/(3 * sqrt(1 + (x/3)**2)), x)",
            "integrate(1/(3 * sqrt(1 + sinh(t)**2)), x)",
            "integrate(1/(sqrt(3**2 * (1 + (x/3)**2))), x)",
            "integrate(1/sqrt(1 + tan(theta)**2), x)",
            "integrate(1/(3 * sqrt(sec(t)**2 - 1)), x)"
          ],
          "children": [
            {
              "level": 2,
              "variants": [
                "integrate(1/sqrt(3**2 + x**2), x)",
                "integrate(1/(3 * sqrt(1 + (x/3)**2)), x)",
                "integrate(1/sqrt(u), x)",
                "integrate(1/sqrt(3**2 + (x - 3)**2), x)",
                "integrate(1/sqrt((3 + x)(3 - x)), x)",
                "integrate(1/(3 * cosh(t)), x)",
                "integrate(1/(3 * sec(theta)), x)",
                "integrate(1/(sqrt(9 - 9*sin(t)**2)), x)",
                "integrate(1/(sqrt(1 - (x/3)**2)), x)",
                "integrate(1/(3 * sin(theta)), x)",
                "integrate(1/sqrt((3+x)(3-x)), x)"
              ],
              "children": []
            }
          ]
        },
        {
          "level": 1,
          "variants": [
            "integrate(1/sqrt((x/3)**2 + 1), x)",
            "integrate(3/sqrt(x**2 + 9), x)",
            "integrate(1/sqrt((x/3)**2 + 1), x)"
          ],
          "children": [
            {
              "level": 2,
              "variants": [
                "integrate(1/sqrt((x/3)**2 + 1), x)",
                "integrate(1/sqrt((1 + (x/3)**2))*(3**2), x)",
                "integrate((1/(3*sqrt(1 + (x/3)**2)))/(3), x)",
                "integrate(3/(x*sqrt(1 + (x/3)**2)), x)"
              ],
              "children": []
            }
          ]
        },
        {
          "level": 1,
          "variants": [
            "integrate(1/sqrt(9 + x**2), x)",
            "integrate(1/sqrt(3**2 + x**2), x)",
            "integrate(1/sqrt(k**2 + x**2), x)",
            "integrate(1/sqrt((x + 3)*(x - 3)), x)",
            "integrate(1/sqrt((x + 3j)*(x - 3j)), x)",
            "integrate(1/sqrt(9*(1 + (x/3)**2)), x)",
            "integrate((9 + x**2)**(-1/2), x)",
            "integrate(1/sqrt(9 + (x**2)), x)",
            "integrate(1/sqrt(9 + x**2), x)"
          ],
          "children": [
            {
              "level": 2,
              "variants": [
                "integrate(1/(3*sqrt(1+(x/3)**2)), x)",
                "integrate(1/sqrt(9 + x**2), x)",
                "integrate(1/((sqrt(1 + (x/3)**2) * (x/3))), x)",
                "integrate(1/(3 * exp((1/2)*log(1 + (x/9)))), x)"
              ],
              "children": []
            },
            {
              "level": 2,
              "variants": [
                "integrate(1/(9**0.5) + (x**2)/(2*9**(3/2)) + ..., x)",
                "integrate(1/(3) + (x**2)/(2*27), x)",
                "integrate((1/3) + (1/54)*x**2, x)",
                "integrate((1/3) + (1/54)*x**2 + (1/4)*x**4, x)",
                "integrate(cos(0) + (cos(x)**2)/(2*27), x)",
                "integrate((1/x**0.5) + (x)/(54), x)",
                "integrate(1/(3 + x) + (x**2)/(54 + x**2), x)",
                "integrate(exp(-1/(3)) + (exp(-x**2)/(54)), x)",
                "integrate(1/(3) + (1/(54*exp(1j*x**2))), x)",
                "integrate(1/(3) + (1/(s + (x**2/54))), x)",
                "integrate(3 * sinh(x / 3), x)"
              ],
              "children": []
            },
            {
              "level": 2,
              "variants": [
                "integrate(1/(sqrt(x**2 + 3**2)), x)",
                "integrate(1/(sqrt(x**2 + 9)), x)",
                "integrate(1/sqrt(x**2 + 9), x)",
                "integrate(1/(sqrt(3**2 + (x/3)**2)), x)",
                "integrate(1/(sqrt(3**2*(1 + (x/3)**2))), x)",
                "integrate(1/(sqrt(x**2 + 3**2)), x)",
                "integrate(1/(sqrt(1 + (x/3)**2)), x)"
              ],
              "children": []
            }
          ]
        },
        {
          "level": 1,
          "variants": [
            "integrate(1/sqrt(9*(x**2/9 + 1)), x)",
            "integrate(1/sqrt(9*(x**2/9 + 1)), x)",
            "integrate(1/sqrt(9*((1 + (x/3)**2))), x)",
            "integrate(sinh(x/3), x)",
            "integrate(log(abs(x + sqrt(9*(x**2/9 + 1)))), x)",
            "integrate(1/sqrt(9*(9 - x**2)), x)",
            "integrate(1/cosh(x/3), x)",
            "integrate(log(1 + sqrt(1 + (x**2/9)))*x**2/9, x)",
            "integrate(1/(3*sqrt(x**2 + 9)), x)",
            "integrate(1/sqrt(9*(x**2 + 9)), x)"
          ],
          "children": [
            {
              "level": 2,
              "variants": [
                "integrate(1/sqrt(1 + (x/3)**2), x)",
                "integrate(1/sqrt(9 + x**2), x)",
                "integrate(1/sqrt(1 + (3**2)*(x/3)**2), x)",
                "integrate(1/sqrt(1 + ((x/3) - 0.1)**2), x)",
                "integrate(1/sqrt(exp(x/3) + (x/3)**2), x)",
                "integrate(1/sqrt(x**4/81 + 1), x)",
                "integrate(sqrt((x**2 + 9)/(9*(1 + (x/3)**2))), x)"
              ],
              "children": []
            },
            {
              "level": 2,
              "variants": [
                "integrate(1/sqrt(9*(1 + (x/3)**2)), x)"
              ],
              "children": []
            }
          ]
        },
        {
          "level": 1,
          "variants": [
            "integrate(log(sqrt(x**2 + 9)), x)",
            "integrate(log(3*sec(theta)), x)",
            "integrate(log(3*cosh(t)), x)",
            "integrate(log(3) + 1/2*log((x**2 + 9)/9), x)",
            "integrate(e**(-x**2/2) * log(x**2 + 9), x)",
            "integrate(9 + x**2/2 - 9*x**4/8, x)",
            "integrate(log(x**2 + 9)/2, x)",
            "integrate(log(x**2 + 9), x)",
            "integrate(log(3*sqrt(1 + (x/3)**2)), x)",
            "integrate(log(1/9*x**2 + 1), x)",
            "integrate(log(3*cosh(atanh(x/3))), x)"
          ],
          "children": [
            {
              "level": 2,
              "variants": [
                "integrate(log(3) + log(sqrt(x**2 + 3**2)), x)",
                "integrate(log(3 * sqrt(x**2 + 9)), x)",
                "integrate(log(3) + log(sqrt(9 * (1 + (x/3)**2))), x)",
                "integrate(log(3) + log(sqrt(k*x**2 + 9)), x)",
                "integrate(1/2 * (1/(x**2 + 9)) * 2*x, x)",
                "integrate(log(3) + log(sqrt((a/x)**2 + 9)), x)",
                "integrate(log(3) + log(sqrt(x**2 + 9)) * exp(ix), x)",
                "integrate(log(3) + log(sqrt(x**2 + 9)), x)",
                "integrate(log(3) + log(sqrt(x**2 + 3**2)), x)",
                "integrate(log(3) + log(x**2 + 3**2) / 2, x)",
                "integrate(log(3) + log(sqrt(3**2 * (tan(theta)**2 + 1))), x)"
              ],
              "children": []
            },
            {
              "level": 2,
              "variants": [
                "integrate(log(3) + log(1 + x**2/9), x)",
                "integrate(log(3) + log(1 + (x/3)**2), x)",
                "integrate(log(3), x)",
                "integrate(log(3 + ((x/3)**2)), x)",
                "integrate(log(1 + (x/3)**2) + log(3), x)",
                "integrate(differentiate(log(3 * (1 + (x/3)**2), x)",
                "integrate(log(3) - log(1 + \\frac{(-x^2)/9)}), x)",
                "integrate(log(3) + log(x**2/9 + 1), x)",
                "integrate(log(3 * (1 + x**2 / 9)), x)",
                "integrate(log(3) + log(9/9 + x**2/9), x)",
                "integrate(log(3) + log(9/(9 + x**2)), x)"
              ],
              "children": []
            },
            {
              "level": 2,
              "variants": [
                "integrate(log(sqrt(x**2 + 9)), x)",
                "integrate(log(1/2 * (x**2 + 9)), x)",
                "integrate(log(sqrt((x + 3)**2 + 0)), x)",
                "integrate(log(sqrt(9 + x**2)), x)",
                "integrate(log((x**2 + 9)/9), x)",
                "integrate(log((9 + x**2)**(-1)), x)",
                "integrate(log(sqrt(r**2)), x)",
                "integrate(log(9 / (1 + (x/3)**2)), x)"
              ],
              "children": []
            }
          ]
        },
        {
          "level": 1,
          "variants": [
            "integrate(1/sqrt((x**2/9) + 1), x)",
            "integrate(1/sqrt(x**2 + 9), x)",
            "integrate(1/(1 + (x/3)**2), x)",
            "integrate(1/sqrt((x**2 + 9)), x)",
            "integrate(1/sqrt((3**2 + (x**2)^2)), x)",
            "integrate(1/(sqrt((x/3)**2 + 1)), x)",
            "integrate(1/(sqrt(x**2 + 9)), x)",
            "integrate(3 / sqrt(x**2 + 9), x)",
            "integrate(1/sqrt(9 + x**2), x)",
            "integrate(sqrt(9)/(9 + x**2), x)",
            "integrate(log(x + sqrt(x^2 + 9)), x)"
          ],
          "children": [
            {
              "level": 2,
              "variants": [
                "integrate(1/sqrt(a**2 + x**2), x)",
                "integrate(1/(sqrt(a**2 + 1/x**2) * x**2), x)",
                "integrate(1/sqrt(a**2 + x**2), x)",
                "integrate(1/sqrt(a**2(1 + (x/a)**2)), x)",
                "integrate(1/sqrt((a + x)(a - x)), x)",
                "integrate(1/sqrt(a**2*(1 + (x/a)**2)), x)"
              ],
              "children": []
            },
            {
              "level": 2,
              "variants": [
                "integrate(A/(B + x) + C/(D + x), x)",
                "integrate(A/(B + x), x)",
                "integrate(A/(B + x) + C/(D + x), x)",
                "integrate(1/(B + x) + 1/(D + x), x)",
                "integrate(A*arctan((x+B)/A) + C*arctan((x+D)/C), x)",
                "integrate((A*(D + x) + C*(B + x))/((B+x)(D+x)), x)",
                "integrate(A/(-B + x) + C/(-D + x), x)",
                "integrate(A/(1 + (x+B)/B) + C/(1 + (x+D)/D), x)",
                "integrate(ln(B+x) + ln(D+x), x)"
              ],
              "children": []
            }
          ]
        },
        {
          "level": 1,
          "variants": [
            "integrate(darcsqrt(9 + x**2), x)",
            "integrate(sinh(archyperbolic(x / 3)), x)",
            "integrate((x * sqrt(1 + (3/x)**2)), x)",
            "integrate(3 * sqrt(1 + (x / 3)**2), x)",
            "integrate((9 + x**2)**(1/2), x)",
            "integrate(x * d(sqrt(9 + x**2)), x)",
            "integrate(sqrt(9) * sqrt(1 + (x/3)**2), x)",
            "integrate(1/2 * (9 + x**2) * x, x)",
            "integrate(e^(x**2/9) * sqrt(9 + x**2), x)"
          ],
          "children": [
            {
              "level": 2,
              "variants": [
                "integrate(sqrt(9 + 9*tan(x)**2), x)",
                "integrate(3*sec(x), x)",
                "integrate(3/ cos(x), x)",
                "integrate(3/sqrt(1 - sin(x)**2), x)",
                "integrate(sqrt(9*(1 + tan(x)**2)), x)",
                "integrate(3*1/cos(x), x)",
                "integrate(sqrt(9*(1 + sin(x)**2/cos(x)**2)), x)"
              ],
              "children": []
            },
            {
              "level": 2,
              "variants": [
                "integrate(3*sqrt(1 + (x/3)**2), x)",
                "integrate(sqrt(x**2 + 9), x)",
                "integrate(3*(1 + (x/3)**2)**(1/2), x)",
                "integrate(u*dv, x)",
                "integrate(3*sqrt(1 + (x**2)/9), x)",
                "integrate(3*(1/2)*(1 + (x/3)**2)**(1/2), x)",
                "integrate(3*(1/2)*log(x + sqrt(1 + (x/3)**2)), x)",
                "integrate(3*elliptic_k(1 + (x/3)**2), x)",
                "integrate(sqrt(9 + x**2), x)"
              ],
              "children": []
            },
            {
              "level": 2,
              "variants": [
                "integrate(darcsqrt(x**2 + 9), x)",
                "integrate(0.5 * (x**2 + 9)**(1/2) * 2, x)",
                "integrate(sqrt((x - 0)**2 + (3)**2), x)",
                "integrate(3 * sqrt(1 + (x/3)**2), x)",
                "integrate(x * (1 + 9/x**2)**(1/2), x)",
                "integrate(3*sqrt(1 + (x/3)**2), x)",
                "integrate(sqrt(9*(x**2/9 + 1)), x)"
              ],
              "children": []
            }
          ]
        },
        {
          "level": 1,
          "variants": [
            "integrate(1/sqrt(x**2+9), x)",
            "integrate(1/sqrt(9*tan(theta)**2 + 9), x)",
            "integrate(1/sqrt((x + 3)*(x - 3) + 18), x)",
            "integrate(1/sqrt(9*(1 + (x/3)**2)), x)",
            "integrate(e**(1/2)*((-x/3)+sqrt(x**2+9)/3), x)",
            "integrate(1/3*sin(arcsin(x/3)), x)",
            "integrate(1/(3*sqrt(1 + (x/3)**2)), x)",
            "integrate(x/sqrt(x**2 + 9), x)",
            "integrate(1/sqrt(x**2 + 3**2), x)"
          ],
          "children": [
            {
              "level": 2,
              "variants": [
                "integrate(1/sqrt(x**2+9), x)",
                "integrate(exp(-s*sqrt(x**2 + 9)), x)",
                "integrate(1/(9*sum((x/9)**n)), x)"
              ],
              "children": []
            }
          ]
        }
      ]
    }
  ]
}