{
  "base_question": "integrate(sinh(2*x), x)",
  "tree": [
    {
      "level": 0,
      "variants": [
        "integrate(sinh(2*x), x)",
        "integrate((exp(2*x) - exp(-2*x))/2, x)",
        "integrate(2*cosh(2*x)*1/2, x)",
        "integrate(2*sin(2*x)*cos(2*x), x)",
        "integrate(cosh(2*x), x)",
        "integrate(transform(sinh(2*x)), x)",
        "integrate((e**(2*x) - e**(-2*x)) / 2, x)",
        "integrate((1/(2*1j))*(e**(2*1j*x) - e**(-2*1j*x)), x)",
        "integrate(2 * sinh(2*x) * (1/2 * sinh(2*x) - 1/2), x)",
        "integrate(cosh(2*x - pi/2), x)",
        "integrate(1/2 * d(cosh(2*x), x)"
      ],
      "children": [
        {
          "level": 1,
          "variants": [
            "integrate(cosh(2*x)/2, x)",
            "integrate((e**(2*x) + e**(-2*x))/4, x)",
            "integrate(cosh(2*x)/4 + cosh(2*x)/4, x)",
            "integrate(2*sinh(2*x)/4, x)",
            "integrate(cosh(2*x)/3 + cosh(2*x)/6, x)",
            "integrate(2*sinh(2*x), x)",
            "integrate((e**(2*I*x) + e**(-2*I*x))/4, x)",
            "integrate((1 + sinh(2*x))/(2), x)",
            "integrate(e**(2*x)/4, x)",
            "integrate(cosh(2*x)/2, x)",
            "integrate(cos(2*sqrt(-1)*x)/2, x)"
          ],
          "children": [
            {
              "level": 2,
              "variants": [
                "integrate(cosh(2*x)/2, x)",
                "integrate(e**(2*x)/4, x)",
                "integrate(cosh(2*x), x)",
                "integrate(sech(2*x), x)",
                "integrate(0.5 * sum([e**(2*x)/factorial(n) for n in range(10)]), x)",
                "integrate(cos(2*I*x)/2, x)",
                "integrate(cosh(2*(pi - x))/2, x)",
                "integrate((e**(2*x) + e**(-2*x))/(2*1), x)",
                "integrate((1/2)*sqrt(1 + (2/2)*cos(2*x)), x)"
              ],
              "children": []
            }
          ]
        },
        {
          "level": 1,
          "variants": [
            "integrate(e**(2*x)/2 - e**(-2*x)/2, x)",
            "integrate((e**(2*x) - e**(-2*x))/2, x)",
            "integrate(sinh(2*x), x)",
            "integrate((1/2)(e**(2*x) - 1), x)",
            "integrate(e**(2*x)/2, x)",
            "integrate(e**(2*x + 0.1)/2 - e**(-2*x + 0.1)/2, x)",
            "integrate(log(e**(2*x)/2) - log(2/e**(2*x)), x)",
            "integrate(1/2 * sum([(2*x)**n/factorial(n) for n in range(2)]), x)",
            "integrate(e**(4*x)/2 - e**(-2*x)/2, x)",
            "integrate((1/2)*(e**(2*x) - e**(-2*x)), x)",
            "integrate(e**(2*x)/2 - e**(-2*x)/2, x)"
          ],
          "children": [
            {
              "level": 2,
              "variants": [
                "integrate(e**(2*x) - e**(-2*x), x)",
                "integrate(2 * sinh(2*x), x)",
                "integrate(e**(2*x), x)",
                "integrate(y', x)",
                "integrate((e**(2*x) - e**(-2 * x)) / 2j, x)",
                "integrate(2*(e**(2*x)/2 - e**(-2*x)/2), x)",
                "integrate(2*sinh(2*x), x)",
                "integrate(e**(2*x)*(1 - e**(-4*x)), x)",
                "integrate((e**(2*x) - e**(-2*x)) * (1), x)",
                "integrate((e**(2*x))**2 - 1 / e**(2*x), x)",
                "integrate(2*log(e**(2*x)), x)"
              ],
              "children": []
            },
            {
              "level": 2,
              "variants": [
                "integrate(sinh(2*x), x)",
                "integrate((exp(2*x) - exp(-2*x)) / 2, x)",
                "integrate(2 * sinh(x) * cosh(x), x)",
                "integrate(sinh(2*(x + 1)), x)",
                "integrate((e**(2*x) - 1/e**(2*x)) / 2, x)",
                "integrate(sinh(a*x), x)",
                "integrate(sinh(2*x) * 1, x)",
                "integrate(sinh(2*x) * e**(-k*x), x)",
                "integrate(sinh(2*x) * (1/4 + 3/4), x)",
                "integrate(2x * cosh(2x), x)",
                "integrate((sinh(x) * cosh(x)), x)"
              ],
              "children": []
            },
            {
              "level": 2,
              "variants": [
                "integrate(e**(2*x), x)",
                "integrate(exp(log(exp(2*x))), x)",
                "integrate(cos(2*x) + I*sin(2*x), x)",
                "integrate(e**(1) * e**(x + x), x)",
                "integrate(e**(x + x*1j) * e**(x - x*1j), x)",
                "integrate(v**2 * (1 / v), x)",
                "integrate(e**(x + x), x)",
                "integrate((e**(x))**2, x)",
                "integrate(e**(x) * e**(x), x)",
                "integrate(e**(2*x)/(e**(2*x)), x)",
                "integrate(e**(2*x+0), x)"
              ],
              "children": []
            }
          ]
        },
        {
          "level": 1,
          "variants": [
            "integrate(x**3/6 - x/2, x)",
            "integrate(x**3/6, x)",
            "integrate(1/6 * (x**3 - 3*x), x)",
            "integrate((x**2/6) + (-1/12), x)",
            "integrate(x**3/6 + x/2, x)",
            "integrate(x**3/6 - x/2, x)",
            "integrate(1/6 * x**3 - x/2, x)",
            "integrate((x**3 - 3*x)/6, x)",
            "integrate(x**3/6 + (-1)*(x/2), x)",
            "integrate(1/6 * exp(log(x**3)) - 1/2 * exp(log(x)), x)",
            "integrate((1/6 * ((x**3) - (3)(1/2)(x) + (3)(1/2)(x) - 1/2)), x)"
          ],
          "children": [
            {
              "level": 2,
              "variants": [
                "integrate(x**3/6 - x/2, x)",
                "integrate((1/6)*(x**2)*(x**2 - 3), x)",
                "integrate(x**3/6, x)",
                "integrate(1/6*(x**3 - 3x), x)",
                "integrate(diff(x**4/24 - x**2/4, x)",
                "integrate((1/6)*((x**4)/4) - (1/2)*(x**2), x)",
                "integrate((1/6)*(sin(x**2)/2), x)",
                "integrate((1/6)*(x**3 - 3*x), x)",
                "integrate((x/2)*(x**2 - 3), x)",
                "integrate((1/6)*(x**3 - 3 + 3) - 1/2, x)",
                "integrate((1/6)*(x**3) - (1/2)*(x), x)"
              ],
              "children": []
            }
          ]
        },
        {
          "level": 1,
          "variants": [
            "integrate(sin(2*x)/i, x)",
            "integrate((e**(2*I*x) - e**(-2*I*x))/(2), x)",
            "integrate(-2*(exp(2*I*x) - exp(-2*I*x))/(4*i), x)",
            "integrate(sin(2*x), x)",
            "integrate(sin(2*x) * (-1), x)",
            "integrate(sin(2*x) / (i * 1), x)",
            "integrate(integrate(sin(2*x), x)",
            "integrate(sqrt(1 - cos(2*x)**2)/(i*cos(2*x)), x)",
            "integrate(2*(1 - cos(2*x))/(2*i), x)"
          ],
          "children": [
            {
              "level": 2,
              "variants": [
                "integrate(sin(2*x), x)",
                "integrate(2*sin(x)*cos(x), x)",
                "integrate((e**(2*I*x) - e**(-2*I*x)) / (2*I), x)",
                "integrate(2*cos(x)*cos(x), x)",
                "integrate(sin(2*x)*(1), x)",
                "integrate(2*(1 - cos(2*x)), x)",
                "integrate(sin(2*x), x)",
                "integrate((sin(2*x)/(e**(2*I*x))), x)",
                "integrate((exp(I*2*x) - exp(-I*2*x))/(2*I), x)",
                "integrate(-d(cos(2*x), x)",
                "integrate(sin(2*x) * (1 + 0), x)"
              ],
              "children": []
            },
            {
              "level": 2,
              "variants": [
                "integrate(sin(2*x) * (1/-i), x)",
                "integrate((1/-i) * (e**(2*I*x) - e**(-2*I*x)) / (2*i), x)",
                "integrate((e**(2*I*x) - e**(-2*I*x)) / (2 * -i), x)",
                "integrate(-sin(2*x) / i, x)",
                "integrate(sin(-2*x) / -i, x)",
                "integrate(2*cos(2*x) / -i, x)",
                "integrate(sin(2*(x + \u03c0)) * (1/-i), x)",
                "integrate(-i*cos(2*x), x)",
                "integrate((sin(2*x)*(-i))/(i*i), x)",
                "integrate(-i * (e**(2*I*x) - e**(-2*I*x))/(2*i), x)",
                "integrate(sin(2*((x/2))) * (1/-i) * 2, x)"
              ],
              "children": []
            },
            {
              "level": 2,
              "variants": [
                "integrate((exp(2*I*x) - exp(-2*I*x))/(2*I), x)",
                "integrate(sin(2*x), x)",
                "integrate(-cos(2*x)/2, x)",
                "integrate(exp(I*2*x)/2 - exp(-I*2*x)/2, x)",
                "integrate(-1/2 * d(cos(2*x))/dx, x)",
                "integrate(sin(2*x)*cos(2*x), x)",
                "integrate(exp(2*I*x)/2 - exp(-2*I*x)/2, x)",
                "integrate(sin(2*x)/2, x)"
              ],
              "children": []
            }
          ]
        },
        {
          "level": 1,
          "variants": [
            "integrate(sinh(2*x + \u03c0/2), x)",
            "integrate(sinh(2*x) * cosh(pi/2) + cosh(2*x) * sinh(pi/2), x)",
            "integrate(cosh(2*x), x)",
            "integrate(sinh(pi/2)*cosh(2*x), x)",
            "integrate(-cosh(2*x), x)",
            "integrate((exp(2*x + pi/2) - exp(-(2*x + pi/2))) / 2, x)",
            "integrate(sinh(2*x)*cosh(pi/2) + cosh(2*x)*sinh(pi/2), x)",
            "integrate(sinh(2*x + pi/2), x)",
            "integrate(-I*sin(I*(2*x + pi/2)), x)",
            "integrate(cosh(2*x + pi/2), x)",
            "integrate(1/2 * (exp(2*x + pi/2) - exp(-(2*x + pi/2))), x)"
          ],
          "children": [
            {
              "level": 2,
              "variants": [
                "integrate(sinh(2*x) * cos(pi/2) + cosh(2*x) * sin(pi/2), x)",
                "integrate(exp(2*x)/2 + exp(-2*x)/2, x)",
                "integrate(exp(2*x)/2, x)",
                "integrate(sinh(2*x), x)",
                "integrate(0 + exp(2*x)/2 - exp(-2*x)/2, x)",
                "integrate((exp(2*x) + exp(-2*x))/2, x)",
                "integrate(-sinh(-2*x)*(-cos(pi/2)) + cosh(-2*x)*(-sin(pi/2)), x)",
                "integrate(i*(exp(2*x) + exp(-2*x))/2, x)",
                "integrate(cosh(2*(x + 3/4)), x)",
                "integrate(2*cosh(2x), x)",
                "integrate(cosh(2*(x + pi/4)) - sinh(2*(x + pi/4)), x)"
              ],
              "children": []
            },
            {
              "level": 2,
              "variants": [
                "integrate(cosh(2*x), x)",
                "integrate(cosh(x) * cosh(x), x)",
                "integrate(1/2 * (exp(2*x) + exp(-2*x)), x)",
                "integrate(1/2 * (exp(2*x)), x)",
                "integrate((sin(2*I*x) / (2*I)), x)",
                "integrate(sinh(2x), x)",
                "integrate(1/(1 - sinh(2x)**2), x)",
                "integrate(cosh(2*x)**2, x)",
                "integrate((exp(2*x) + exp(-2*x))/2, x)",
                "integrate((exp(2*I*x) + exp(-2*I*x))/2, x)",
                "integrate(0.5*(cosh(2*x)), x)"
              ],
              "children": []
            },
            {
              "level": 2,
              "variants": [
                "integrate(cosh(2*x) + sinh(2*x), x)",
                "integrate(exp(2*x), x)",
                "integrate(cosh(2*x), x)",
                "integrate((exp(2*x) + exp(-2*x))/2 + (exp(2*x) - exp(-2*x))/2, x)",
                "integrate(differentiate(exp(2*x)), x)",
                "integrate(e^(2*x), x)",
                "integrate(2*sinh(2*x/2), x)",
                "integrate(0.5*(exp(2*x) + exp(-2*x)) + 0.5*(exp(2*x) - exp(-2*x)), x)",
                "integrate(cosh(a*x) + sinh(a*x), x)",
                "integrate(1/2 * (e**(2*x) + e**(-2*x)), x)",
                "integrate(cosh(2*x) + sinh(2*x), x)"
              ],
              "children": []
            }
          ]
        },
        {
          "level": 1,
          "variants": [
            "integrate(2 * sinh(2*x), x)",
            "integrate(e**(2*x) - e**(-2*x), x)",
            "integrate(4 * sinh(x) * cosh(x), x)",
            "integrate(cosh(2*x) * 2 * 2, x)",
            "integrate(2*(e**(2*x) - e**(-2*x))/2, x)",
            "integrate(e**(2*x), x)",
            "integrate(2 * integrate(e**(2*x), x)",
            "integrate(4 * (sinh(x))^2 * cosh(x), x)",
            "integrate(2 * (sinh(x) * cosh(x) * 2), x)",
            "integrate(2 * 2 * cosh(2*x), x)",
            "integrate(2*(-i * sin(2i*x)), x)"
          ],
          "children": [
            {
              "level": 2,
              "variants": [
                "integrate(2 * sinh(2*x), x)",
                "integrate(diff(2*cosh(2*x), x)",
                "integrate(4 * sinh(x) * cosh(x), x)",
                "integrate(2 * sinh(-2*x), x)",
                "integrate(2 * sin(-2i*x), x)",
                "integrate(2 * (e**(x)) * (e**(x) - e**(-x)), x)",
                "integrate(e**(2*x) - e**(-2*x), x)",
                "integrate(2 * (cosh(2*x) - 1), x)",
                "integrate(2 * (cos(2*ix) - 1), x)",
                "integrate(2 * ((e**x)**2 - (e**(-x))**2), x)",
                "integrate(sinh(2*x) + sinh(2*(-x)), x)"
              ],
              "children": []
            }
          ]
        },
        {
          "level": 1,
          "variants": [
            "integrate(cosh(2*x) - 1, x)",
            "integrate((exp(2*x) + exp(-2*x))/2 - 1, x)",
            "integrate(2*cosh(2*x)/2 - 1, x)",
            "integrate(2*sinh(x)**2, x)",
            "integrate((cos(2*I*x) + 1)/2 - 1, x)",
            "integrate(integrate(cosh(2*x) - 1, x)",
            "integrate((cosh(2*x + a) - 1), x)",
            "integrate(cosh(2*x) - 1, x)",
            "integrate((exp(2*x) + exp(-2*x) - 2)/2, x)"
          ],
          "children": [
            {
              "level": 2,
              "variants": [
                "integrate(e**(2*x)/2 + e**(-2*x)/2 - 1, x)",
                "integrate((1/2)*(e**x)**2 + (1/2)/(e**x)**2 - 1, x)",
                "integrate(cosh(2*x) - 1, x)",
                "integrate((e**(2*x)/2 - 1 + e**(-2*x)/2), x)",
                "integrate((1/2)*(e**(2*1j*x) + e**(-2*1j*x))/2 - 1, x)",
                "integrate((1/2)*(cosh(2*x) + sinh(2*x))/2 - 1, x)",
                "integrate(e**(2*x)/2, x)",
                "integrate((1/2)*(1 + 2*x + (2*x)**2/2 +...) - 1, x)"
              ],
              "children": []
            },
            {
              "level": 2,
              "variants": [
                "integrate(cosh(2*x)*sinh(2*x)/sinh(2*x), x)",
                "integrate(exp(2*x) + exp(-2*x), x)",
                "integrate(1/2 * (exp(2*x) + exp(-2*x)), x)",
                "integrate(cosh(2*x) * (1 - 2/sinh(2*x)), x)",
                "integrate(sqrt(sinh(2*x)^2 + 1), x)",
                "integrate(sinh(2*x)*cosh(2*x)/sinh(2*x), x)",
                "integrate(cosh(2*x), x)",
                "integrate((1/2) * sinh(4*x)/(sinh(2*x)), x)",
                "integrate(2 * (1 - sinh(2*x)) / (1 - cosh(2*x)), x)"
              ],
              "children": []
            },
            {
              "level": 2,
              "variants": [
                "integrate(cosh(2*x), x)"
              ],
              "children": []
            }
          ]
        },
        {
          "level": 1,
          "variants": [
            "integrate(2 * x + O(x**3), x)"
          ],
          "children": [
            {
              "level": 2,
              "variants": [
                "integrate(2 * x, x)",
                "integrate(2 * diff(x**2, x)",
                "integrate(2 * sin(asin(x)), x)",
                "integrate(2 * exp(log(x**2)), x)",
                "integrate(2 * Re(e^(i*x)), x)",
                "integrate(2 * sinh(2 * asinh(x)), x)",
                "integrate(2 * (x*diff(x, x)",
                "integrate((2 * x), x)",
                "integrate(2 * (2*n) / factorial(n), x)",
                "integrate(diff(x**2, x)",
                "integrate(2 * x, x)"
              ],
              "children": []
            },
            {
              "level": 2,
              "variants": [
                "integrate(2 * x + x**3, x)",
                "integrate(4/2 * x + x**3, x)",
                "integrate(x * (2 + x**2), x)",
                "integrate(2x + x**3 + 1 - 1, x)",
                "integrate(x**3 * 2, x)",
                "integrate(x**3 + 2 - 2*(1 - x), x)",
                "integrate((x + 1)**3 - 3*(x + 1)**2 + 3*(x + 1) - 1 - 1, x)",
                "integrate((x**4)/4 + 2x, x)",
                "integrate(2*cos(0)*x + sin(x**3), x)",
                "integrate((x + I)**3 - 3, x)",
                "integrate(x**3 + 2*x, x)"
              ],
              "children": []
            },
            {
              "level": 2,
              "variants": [
                "integrate(2 * x + (x**2)/2, x)",
                "integrate(2 * x * x + (x**2)/2 - 2 * x**2, x)",
                "integrate(2 * x + ((x + 1)**2)/2 - 1/2, x)",
                "integrate((k * 2) * x + (1/k) * (x**2)/2, x)",
                "integrate(2 * (x + (1j * x)) + ((x + (1j * x))**2)/2, x)",
                "integrate((x * (2+ x/2)), x)",
                "integrate(2 * (-x) + ((-x)**2)/2, x)",
                "integrate(diff(x**2 + x**2, x)"
              ],
              "children": []
            }
          ]
        },
        {
          "level": 1,
          "variants": [
            "integrate((e**(2*x) + e**(-2*x))/2, x)",
            "integrate(cosh(2*x), x)",
            "integrate(e**(2*x)/2, x)",
            "integrate(1/2 * e**(2*x) + 1/2 * e**(-2*x), x)",
            "integrate((cosh(2*x) + i*sinh(2*x))/2, x)",
            "integrate((e**(2*x) + e**(-2*x) + e**0 - e**0)/2, x)",
            "integrate((e**(2*x) + e**(-2*x))/2, x)",
            "integrate((e**(a*x) + e**(-a*x))/2, x)",
            "integrate(1/2 * (e**(2*x) + 1/e**(2*x)), x)",
            "integrate((e**(2*x) + e**(2*(-x)))/2, x)",
            "integrate((exp(2*x) + exp(-2*x))/2, x)"
          ],
          "children": [
            {
              "level": 2,
              "variants": [
                "integrate(sinh(2*x), x)",
                "integrate((exp(2*x) - exp(-2*x)) / 2, x)",
                "integrate(2 * sinh(2*x) / 2, x)",
                "integrate(2 * sinh(2*x), x)",
                "integrate(sinh(2*(x + 1)), x)",
                "integrate(sinh(2*x + k), x)",
                "integrate(exp(2*x) - exp(-2*x), x)",
                "integrate((1/2)*(exp(2*x) - exp(-2*x)), x)",
                "integrate(sinh(x), x)",
                "integrate(cosh(2*x) - 1, x)",
                "integrate(2*cosh(2*x) / 2, x)"
              ],
              "children": []
            },
            {
              "level": 2,
              "variants": [
                "integrate(e**(2*x), x)",
                "integrate(exp(2*x), x)",
                "integrate(4*exp(2*x)/4, x)",
                "integrate(exp(2*x)/(1), x)",
                "integrate(exp(x)*exp(x), x)",
                "integrate(exp(a*x), x)",
                "integrate((cos(0) + I*sin(0)) * exp(2*x), x)",
                "integrate(exp(I*0 + 2*x), x)",
                "integrate((e**x)**2, x)",
                "integrate(sqrt(e**(4*x)), x)",
                "integrate(e**(x) * e**(x), x)"
              ],
              "children": []
            },
            {
              "level": 2,
              "variants": [
                "integrate(cos(2*x), x)",
                "integrate((exp(2*I*x) + exp(-2*I*x)) / 2, x)",
                "integrate(cos(2*x + 2*pi), x)",
                "integrate(sin(pi/2 - 2*x), x)",
                "integrate(1 - 2*sin(x)**2, x)",
                "integrate(2*cos(x)**2 - 1, x)",
                "integrate(3 * cos(2*x)/3, x)",
                "integrate((sin(2*x + pi/2) + sin(2*x - pi/2)) / 2, x)",
                "integrate(cos(2*x), x)",
                "integrate(cos(2*x + pi), x)"
              ],
              "children": []
            }
          ]
        },
        {
          "level": 1,
          "variants": [
            "integrate((exp(2*x) - exp(-2*x)) / 2, x)",
            "integrate((exp((1 + 1e-5)*2*x) - exp(-(1 + 1e-5)*2*x)) / 2, x)",
            "integrate(sinh(2*x + 1) - sinh(1), x)",
            "integrate((2*sinh(2*x)) / 2, x)",
            "integrate(diff(cosh(2*x), x)",
            "integrate(1 - (1 - (exp(2*x) - exp(-2*x))/2), x)",
            "integrate(sinh(2*x) + sinh(0), x)",
            "integrate(((exp(2*x) - exp(-2*x)) / 2) * (1 + cos(x)), x)",
            "integrate((exp(2*x) - exp(-2*x)) / 2 + (exp(2*j*x) - exp(-2*j*x)) / 2, x)",
            "integrate(exp(2*x) * (1 - exp(-4*x))/2, x)",
            "integrate(0.5 * (e**(2*x) - e**(-2*x)), x)"
          ],
          "children": [
            {
              "level": 2,
              "variants": [
                "integrate(sinh(2*x), x)",
                "integrate((exp(2*x) - exp(-2*x))/2, x)",
                "integrate(2 * sinh(x) * cosh(x), x)",
                "integrate(sinh(2*(x + 1)), x)",
                "integrate(sinh(k*2*x), x)",
                "integrate(sinh(2*x), x)",
                "integrate(log(exp(2*x)), x)",
                "integrate(sinh(2*x) * dx, x)"
              ],
              "children": []
            },
            {
              "level": 2,
              "variants": [
                "integrate((exp(x)**2 - exp(-x)**2) / 2, x)",
                "integrate(exp(x) / 2 * (exp(x) - exp(-x)), x)",
                "integrate(sinh(x) * exp(x), x)",
                "integrate(cosh(x) * sinh(x) / 2, x)",
                "integrate(sinh(k*x) / k, x)",
                "integrate(cosh(x) - 1, x)",
                "integrate(log(exp(x) / exp(-x)), x)",
                "integrate((exp(x) + exp(-x))^2 / 4, x)",
                "integrate(sinh(x) * (sinh(x^2) / sinh(x^2)), x)",
                "integrate(sinh(x) + x / 10, x)"
              ],
              "children": []
            },
            {
              "level": 2,
              "variants": [
                "integrate(differentiate(cosh(2*x)), x)",
                "integrate(2*(exp(2*x) - exp(-2*x))/2, x)",
                "integrate(2*sum((2**n)/(factorial(n))*x**n for n in range(10)), x)",
                "integrate(2*sinh(2*x), x)",
                "integrate(tanh(2*x) * cosh(2*x), x)",
                "integrate(4*sinh(x)*cosh(x), x)",
                "integrate(cosh(2*(x + pi / 4)), x)",
                "integrate(sinh(2*x)*exp(-x**2), x)",
                "integrate(exp(2*x)/((1 - exp(2*x))**, x)",
                "integrate(2*(x**2/2 - x**4/24 + ...), x)",
                "integrate(numerical_quadrature(2*cosh(2*x), x)"
              ],
              "children": []
            }
          ]
        },
        {
          "level": 1,
          "variants": [
            "integrate(sinh(2*x), x)",
            "integrate((exp(2*x) - exp(-2*x)) / 2, x)",
            "integrate(2 * sinh(x) * cosh(x), x)",
            "integrate(diff(exp(2*x), x)",
            "integrate((exp(2j*x) - exp(-2j*x))/(2j), x)",
            "integrate(sinh(2*(x + a)), x)",
            "integrate((e^(2*x) - e^(-2*x))/2, x)",
            "integrate(2*x*cosh(2*x), x)",
            "integrate((exp(2*x) - exp(-2*x))/2, x)",
            "integrate(exp(2*x)/2 - exp(-2*x)/2, x)",
            "integrate(2*cosh(2*x)/2, x)"
          ],
          "children": [
            {
              "level": 2,
              "variants": [
                "integrate(sinh(2*x), x)",
                "integrate((exp(2*x) - exp(-2*x)) / 2, x)",
                "integrate(2 * sinh(x) * cosh(x), x)",
                "integrate(imaginary_part(exp(2*I*x)), x)",
                "integrate(cosh(2*x), x)",
                "integrate(exp(2*x) - exp(-2*x), x)",
                "integrate(-sinh(-2*x), x)",
                "integrate(sinh(2*x) * exp(-I * k * x), x)",
                "integrate((exp(2*x) - exp(-2*x))/2, x)",
                "integrate(2*sinh(x)*cosh(x), x)",
                "integrate(sinh(2*(x + pi)), x)"
              ],
              "children": []
            }
          ]
        }
      ]
    }
  ]
}