{
  "base_question": "integrate(12*sinh(x)**2, x)",
  "tree": [
    {
      "level": 0,
      "variants": [
        "integrate(12*sinh(x)**2, x)",
        "integrate(12 * (1/4 * (exp(2*x) - 2 + exp(-2*x))), x)",
        "integrate(12 * sinh(x) * cosh(x), x)",
        "integrate(6 * (cosh(2*x) - 1), x)",
        "integrate(12 * (1/2 * (1 - cos(2*x))), x)",
        "integrate(12 * ((e**x - e**(-x))**2) / (4 * e**(2*x)), x)",
        "integrate(differentiate(6 * (2*sinh(x) * cosh(x))), x)",
        "integrate(12 * (sinh(x) ** 2) * e**(-2*x), x)",
        "integrate(3*(e**(2*x) - 2 + e**(-2*x)), x)"
      ],
      "children": [
        {
          "level": 1,
          "variants": [
            "integrate(6*(cosh(2*x) - 1), x)",
            "integrate(6*(exp(2*x) + exp(-2*x) - 2)/2, x)",
            "integrate(3*(exp(2*x) + exp(-2*x) - 2), x)",
            "integrate(3*2*(cosh(2*x) - 1), x)",
            "integrate(3*(exp(2*x) + exp(-2*x) - 2) + 3*(cosh(2*x) - cosh(0)), x)",
            "integrate(6*(sinh(2*x)/2)^2, x)",
            "integrate(12*(cosh(2*x) - 1)/2, x)",
            "integrate(6*(cos(2 * x + pi/4) * (cos(2 * x + pi/4) - sin(2 * x + pi/4)) - 1), x)",
            "integrate(6*cosh(2*(x + a)) - 6, x)",
            "integrate(6 * (cosh(2 * (x + pi)) - 1), x)",
            "integrate(6*(1/2*(exp(2*x) + exp(-2*x)) - 1), x)"
          ],
          "children": [
            {
              "level": 2,
              "variants": [
                "integrate(3*(e**(2*x) + e**(-2*x) - 2), x)",
                "integrate(3*(2*cosh(2*x) - 2), x)",
                "integrate(3*(e**(2*x) + e**(-2*x)) - 6, x)",
                "integrate(3*(1 + 2*x**2/2 + (2*x**4)/24 + ... - 2), x)",
                "integrate(3*(e**(2*(x + 1)) + e**(-2*(x + 1)) - 2), x)",
                "integrate(3*(e**(2*x) + 1/e**(2*x) - 2), x)",
                "integrate(3*(e**(2*x) + e**(-2*x) - 2), x)",
                "integrate(3*(e**(2*x)), x)",
                "integrate(3*(e**(2*x)) + 3*(e**(-2*x)), x)",
                "integrate(3*(d/dx (e**(2*x) - e**(-2*x))), x)",
                "integrate(3*((1 - 1/x**2*2) * (e**(2*x) + e**(-2*x))), x)"
              ],
              "children": []
            },
            {
              "level": 2,
              "variants": [
                "integrate(6*(sinh(x)**2), x)",
                "integrate(3*(cosh(2*x) - 1), x)",
                "integrate(6*((e**x - e**(-x))**2)/(4), x)",
                "integrate(6*sinh(x)*cosh(x), x)",
                "integrate(12*(sinh(x)*sinh(x)), x)",
                "integrate(6*(sinh(x) + sinh(x))*sinh(x), x)",
                "integrate(6*(sinh(x)**2), x)",
                "integrate(6*(-1/2)*d(sinh(x)**2, x)",
                "integrate(2*integrate(e**(2*1j*x)), x)"
              ],
              "children": []
            },
            {
              "level": 2,
              "variants": [
                "integrate(6*(d(sinh(2*x), x)",
                "integrate(3 * (e^(2*x) - e^(-2*x)), x)",
                "integrate(6 * (2 * e**(2 * x) - (-2) * e**(-2 * x)) / 2, x)",
                "integrate(3 * (e**(2 * x) + e**(-2 * x)), x)",
                "integrate(6 * (2 * cosh(2 * (lambda * x))), x)",
                "integrate(6 * sinh(2 * x), x)",
                "integrate(6 * (-sinh(-2 * x)), x)",
                "integrate(d((6 * sinh(2 * x) * cosh(2 * x))), x)",
                "integrate(6 * (sin(2 * ix)), x)",
                "integrate(6 * sum((2**n / math.factorial(n)) * x**n for n in range(100)), x)",
                "integrate(3*(d(cosh(2*x), x)"
              ],
              "children": []
            }
          ]
        },
        {
          "level": 1,
          "variants": [
            "integrate(3*(e^(2*x) - 2 + e^(-2*x)), x)",
            "integrate(3*(2*cosh(2*x) - 2), x)",
            "integrate(3*((e^(2*x) - 2 + 1/e^(2*x))), x)",
            "integrate(3*(1/2*(e^(2*x) - 2 + e^(-2*x))), x)",
            "integrate(3*(e^(2*x) + e^(-2*x) - 2), x)",
            "integrate(3*(e^{2*x} + e^{-2*x} - 2), x)",
            "integrate(3*((2*cos(2 * (log(2)) * (2*x))/(cos(2))), x)",
            "integrate(3*((1 + e^{2*x} - 1 + e^{-2*x})), x)"
          ],
          "children": [
            {
              "level": 2,
              "variants": [
                "integrate(6*cosh(2*x) - 6, x)"
              ],
              "children": []
            },
            {
              "level": 2,
              "variants": [
                "integrate(3*e^(2*x), x)",
                "integrate(3/2 * 2 * e^(2*x), x)",
                "integrate(3 * (e^x)**2, x)",
                "integrate(3 * sum((2*x)**n / factorial(n) for n in range(10)), x)",
                "integrate(3 * integrate(e^(2*x), x)",
                "integrate(3 * exp(I * pi + 2*x), x)",
                "integrate(1.5 * d(3*e^(2*x), x)",
                "integrate(3 * e^(2*x) / (1/x), x)",
                "integrate(3 * exp(log(e^2)*x), x)"
              ],
              "children": []
            },
            {
              "level": 2,
              "variants": [
                "integrate(3*(e^(2*x) + e^(-2*x)), x)",
                "integrate(6 * cosh(2*x), x)",
                "integrate(3*e**(2*x), x)",
                "integrate((1/2)(e**(2*x) + 2 + e**(-2*x)), x)",
                "integrate(3 * ((e**x)**2 + (e**(-x))**2), x)",
                "integrate(3*(e**(2*x) + 1/e**(2*x)), x)",
                "integrate(6 * cosh(2*x)/2, x)",
                "integrate(6*cosh(2*x), x)",
                "integrate(3*(e^(2*x)), x)",
                "integrate(3*(2*cos(2*x*pi)), x)",
                "integrate(3*(cosh(2*x)), x)"
              ],
              "children": []
            }
          ]
        },
        {
          "level": 1,
          "variants": [
            "integrate(12*sinh(x)*cosh(x), x)",
            "integrate(6*sinh(2*x), x)",
            "integrate(3*(e**(2*x) - 1), x)",
            "integrate(3*(e**(2*x) + 1 - 2)/2, x)",
            "integrate(6*e**(2*x), x)",
            "integrate(12*i*sin(ix)*cos(ix), x)",
            "integrate(12*sinh(x + pi)*cosh(x + pi), x)",
            "integrate(12 derivate(sinh(x)*cosh(x), x)",
            "integrate(12*(cosh(x))^2 - 12*(sinh(x))^2, x)"
          ],
          "children": [
            {
              "level": 2,
              "variants": [
                "integrate(6*sinh(2*x), x)",
                "integrate(6 * (exp(2*x) - exp(-2*x)) / 2, x)",
                "integrate(6 * -sinh(-2*x), x)",
                "integrate(6 * -i * sin(2*i*x), x)",
                "integrate(6 * sinh(2*x), x)",
                "integrate(6 * (sinh(2*x) + 4), x)"
              ],
              "children": []
            },
            {
              "level": 2,
              "variants": [
                "integrate(6*(exp(2*x) - exp(-2*x))/2, x)",
                "integrate(6*sinh(2*x), x)",
                "integrate(3*(cosh(2*x) + sinh(2*x)), x)",
                "integrate(3*(exp(2*a*x) - exp(-2*a*x)), x)",
                "integrate(3*(exp(2*ix) - exp(-2*ix)), x)",
                "integrate(3*(Laplace(exp(2*x))), x)",
                "integrate(3*exp(2*ix), x)",
                "integrate(3 * sinh(2*x), x)",
                "integrate(3 * ((e**x)**2 - (e**(-x))**2), x)",
                "integrate(3 * (exp(2*x) - exp(-2*x))/2, x)",
                "integrate(3 * exp(2*x), x)"
              ],
              "children": []
            },
            {
              "level": 2,
              "variants": [
                "integrate(6*d/dx(sinh(2*x)), x)",
                "integrate(12*cosh(2*x), x)",
                "integrate(6*(e**(2*x)/2 - e**(-2*x)/2), x)",
                "integrate(-6*d/dx(sinh(-2*x)), x)",
                "integrate(12*(sinh(x)*cosh(x)), x)",
                "integrate(6*(2x - (2x)**3/6 + (2x)**5/120), x)",
                "integrate(3*(e**(2*x)-e**(-2*x)), x)",
                "integrate(3*d/dx(sinh(2*x)) * e**(-alpha*x), x)",
                "integrate(6*(2*sinh(x)*cosh(x)), x)",
                "integrate(3 * d/dx(sinh(4 * x)), x)",
                "integrate(6 * d/dx((e^(2*x) - e^(-2*x))/2), x)"
              ],
              "children": []
            }
          ]
        },
        {
          "level": 1,
          "variants": [
            "integrate(3*(1 - cosh(2*x)), x)",
            "integrate(3*(1 - (exp(2*x) + exp(-2*x))/2), x)",
            "integrate(3*(1 - cosh(2*x)), x)",
            "integrate(3*(1 - (1 + (2*x)**2/2 + (2*x)**4/24 + ...)), x)",
            "integrate(3 - (3/2)*((exp(2*x) + exp(-2*x))), x)",
            "integrate(3 - 1.5*exp(2*x) + 1.5*exp(-2*x), x)",
            "integrate(3*integrate(1-cosh(2*x)), x)",
            "integrate(3*(1 - 1/2*(exp(2*x) + exp(-2*x))), x)",
            "integrate(3 * (1 - (sqrt(sinh(2*x)**2 + 1))), x)",
            "integrate(3*(1 - sinh(2*(x + p))), x)",
            "integrate(3 - (3/2)*(e**(2*x) + e**(-2*x)), x)"
          ],
          "children": [
            {
              "level": 2,
              "variants": [
                "integrate(3, x)",
                "integrate(3 / (1 / 1), x)",
                "integrate(3 * (differentiable_function(x) ** 0), x)"
              ],
              "children": []
            },
            {
              "level": 2,
              "variants": [
                "integrate(3*(1 - (exp(2*x) + exp(-2*x)) / 2), x)",
                "integrate(3 * (1 - sinh(2*x)), x)",
                "integrate(3, x)",
                "integrate(3 * (1 - (1 + (2*x)**2/2)), x)",
                "integrate(3 * (1 - (exp(2*I*x) + exp(-2*I*x))/2), x)",
                "integrate(3 * (1 - cos(2*x * pi)), x)",
                "integrate(3 * (1 - (2 - 2*cos(2*x))), x)",
                "integrate(3 * (sin(2*x)*sinh(2*x)), x)",
                "integrate(3 * (1 - (e**(2*x)*e**(-2*x))/2), x)",
                "integrate(3 * (1 - (u**2 + 1/u**2)/2) * du/(u), x)",
                "integrate(3 * (1 - cosh(-2*x)), x)"
              ],
              "children": []
            },
            {
              "level": 2,
              "variants": [
                "integrate(-3*sinh(2*x)*sinh(2*x), x)",
                "integrate(-12 * sinh(x)*cosh(x) * sinh(x)*cosh(x), x)",
                "integrate(-\\frac{3}{4} * (e^{4*x} - 2 + e^{-4*x}), x)",
                "integrate(-6 * tanh(x) * cosh(x) * tanh(x) * cosh(x), x)",
                "integrate(-\\frac{3}{8} * (sin(4*x) + 4), x)",
                "integrate(-3*cosh(2*x)^2 + 3/4, x)",
                "integrate(-\\frac{3}{2} * sinh(4 * (2/3)*x), x)",
                "integrate(-\\frac{3}{2}ln(e**(2*x) - e**(-2*x)), x)",
                "integrate(-3*(2x - 1)^2, x)",
                "integrate(-\\frac{3}{2} * (1/(1 - sinh(2x))), x)"
              ],
              "children": []
            }
          ]
        },
        {
          "level": 1,
          "variants": [
            "integrate(12*sinh(x)**2, x)",
            "integrate(6 - 6*cosh(2*x), x)",
            "integrate(3*(e**(2*x) - 2 + e**(-2*x)), x)",
            "integrate(12*u * du, x)",
            "integrate(3*(e**(2*x) + e**(-2*x) - 2), x)",
            "integrate(12*cosh(1j*x)**2, x)",
            "integrate(12*(1 - cosh(x)**2), x)",
            "integrate(12*(1/(exp(x)-exp(-x))), x)",
            "integrate(3*(exp(2*x) - 2 + exp(-2*x)), x)",
            "integrate(12*(0.5*exp(x) - 0.5*exp(-x))**2, x)",
            "integrate(6*(12/2)*cosh(2*x), x)"
          ],
          "children": [
            {
              "level": 2,
              "variants": [
                "integrate(12*sinh(x)**2, x)",
                "integrate(3*(e**(2*x) - 2 + e**(-2*x)), x)",
                "integrate(6 - 6*cosh(2*x), x)",
                "integrate(12*(e**(x) - e**(-x))*(e**(x)), x)",
                "integrate(3*(sinh(x) + x), x)",
                "integrate(12*1/(cosh(x)**2) - 24, x)",
                "integrate(6*(sinh(2*x)), x)"
              ],
              "children": []
            }
          ]
        },
        {
          "level": 1,
          "variants": [
            "integrate(6*e^(2*x), x)",
            "integrate(3 * 2 * e^(2*x), x)",
            "integrate(2*k * e^(2*x), x)",
            "integrate(6 * (1 + 2*x + (2*x)**2/2 + (2*x)**3/6 + ...), x)",
            "integrate(2 * e^(x) * 6 * e^(x), x)",
            "integrate(6 / e^(-2*x), x)",
            "integrate(6 * e^(2*x), x)",
            "integrate(6 * (exp(ln(2)**2))**(x), x)",
            "integrate(6 * log(e^(2*x)), x)",
            "integrate((3 * x + 3) * 2 * e^(2*x) / (x + 1), x)",
            "integrate(6 * e^(2*x) / (1 + e^(2*x)), x)"
          ],
          "children": [
            {
              "level": 2,
              "variants": [
                "integrate(6*e**(2*x), x)",
                "integrate(6 * e**(2 * x), x)",
                "integrate(6 * (cosh(2x) + sinh(2x)), x)",
                "integrate(6 * exp(2 * pi * i * (frequency * x)), x)",
                "integrate(6 * e**(-2 * x), x)",
                "integrate(6 * (1 / e**(2 * x)), x)",
                "integrate(6 * exp(log(exp(2 * x))), x)",
                "integrate(6 * derivative(e**(2*x), x)"
              ],
              "children": []
            },
            {
              "level": 2,
              "variants": [
                "integrate(6*(e**x)**2, x)",
                "integrate(6*(e**x)**2, x)",
                "integrate(3*e**(2*x), x)",
                "integrate(2*3*e**(2*x), x)",
                "integrate(6*cos(i*x)*e**(i*x), x)",
                "integrate(6*(cosh(2*x) + sinh(2*x)), x)",
                "integrate(6*exp(ln(e**(2*x))), x)",
                "integrate(6*|e**(x)|**2, x)",
                "integrate(3*e**(2*x) + 3*e**(2*x), x)",
                "integrate(6*(differential(e**(2*x))) * e**(-2*x), x)",
                "integrate(6 * sum((2*x)**n / factorial(n) for n in range(10)), x)"
              ],
              "children": []
            },
            {
              "level": 2,
              "variants": [
                "integrate(6*(e**(2*x)), x)",
                "integrate(6 * e**(2 * x), x)",
                "integrate(6 * (e**x)**2, x)",
                "integrate(3 * e**(2 * x) * 2, x)",
                "integrate(6 * (cos(0) + sin(0)) * e**(2 * x), x)",
                "integrate(6 * d(e**(2 * x)), x)",
                "integrate(6 * (1 + 2 * x + (2 * x)**2/2), x)"
              ],
              "children": []
            }
          ]
        },
        {
          "level": 1,
          "variants": [
            "integrate(12*u^2 * cosh(x), x)",
            "integrate(12*u**2 * (exp(x) + exp(-x)) / 2, x)",
            "integrate(12*u**2 * cosh(-x), x)",
            "integrate(12*u**2 * cosh(pi/2 - x), x)",
            "integrate(12 * u**2 * sinh(x)^2 / sinh(x), x)",
            "integrate(12 * u**2 * cos(i*x), x)",
            "integrate(12 * u**2 * cosh(x**2), x)",
            "integrate(12 * u**2 * cosh(2*x), x)",
            "integrate(12*u**2 * cosh(x) * exp(-x**2), x)",
            "integrate(12*u^2 * (exp(x) + exp(-x)) / 2, x)",
            "integrate(6*u^2 * (d(diff(12*u^2 * exp(x), x)"
          ],
          "children": [
            {
              "level": 2,
              "variants": [
                "integrate(6*u**2 * (exp(x) + exp(-x)), x)",
                "integrate(12*u**2 * cosh(x), x)",
                "integrate(6*u**2 * (e**x + e**(-x)), x)",
                "integrate(6*u**2 * e**x, x)",
                "integrate(12*u**2 * (cosh(x)), x)",
                "integrate(6*u**2 * (1 + e**(-2*x)), x)",
                "integrate(k * (e**x + e**(-x)), x)",
                "integrate(6*u**2 * ((e**(x/2))**2 + (e**(-x/2))**2), x)",
                "integrate(6*u**2 * (log(e**x) + log(e**(-x))), x)",
                "integrate(6*u**2 * (e^(x) + 1) * (1 + e^(-x)), x)"
              ],
              "children": []
            },
            {
              "level": 2,
              "variants": [
                "integrate(u**2 * cosh(x), x)",
                "integrate(u**2 * (exp(x) + exp(-x)) / 2, x)",
                "integrate(u**2, x)",
                "integrate(sinh(x)**2 * sqrt(1+sinh(x)**2), x)",
                "integrate(u**2 * (1 + cosh(2*x)) / 2, x)",
                "integrate(u**2 * cos(I * x), x)",
                "integrate(u**2 * (e^x + e**(-x)) / 2 * e**(-x), x)",
                "integrate(u**2 * cosh(x + c), x)",
                "integrate(u**2 * (e**(i*x) + e**(-i*x)) / 2, x)",
                "integrate(u * u * cosh(x), x)",
                "integrate(u**2 * (1 + x**2 / 2 + x**4 / 24), x)"
              ],
              "children": []
            },
            {
              "level": 2,
              "variants": [
                "integrate(12*u**2 * sinh(x), x)",
                "integrate(6*u**2 * (e**x - e**(-x)), x)",
                "integrate(k*u**2 * sinh(x), x)",
                "integrate(12*u**2 * (e**x - e**(-x))/2, x)",
                "integrate(12*u**2 * (1/2*(e**x - e**(-x))), x)",
                "integrate(12*u**2 * sinh(x + \u03c0/2), x)",
                "integrate(12*(u**2 + 1)*(sinh(x)**2), x)",
                "integrate(12*(u**2/(cosh(x)**2)), x)",
                "integrate(12 * u**2 * (x + (x**3)/6 + (x**5)/120), x)",
                "integrate(12*u**2 * Grad(e**x), x)",
                "integrate(12*2*u**2 * (e**(x/2) - e**(-x/2)), x)"
              ],
              "children": []
            }
          ]
        },
        {
          "level": 1,
          "variants": [
            "integrate(3*(1 + cosh(2*x)), x)",
            "integrate(3*(1 + (exp(2*x) + exp(-2*x))/2), x)",
            "integrate(3*(1 + 1 + 2*(sinh(x))**2), x)",
            "integrate(3*(2 + (2*(sinh(x))**2 + 1)), x)",
            "integrate(3*(1 + (1/2)*(exp(2*x) + exp(-2*x))), x)",
            "integrate(3*(1 + (d/dx(sinh(2*x)))), x)",
            "integrate((1/(3/(1 + cosh(2*x)))), x)",
            "integrate(3*(cosh(2*x - pi/2)), x)",
            "integrate(6*(1 + cosh(2*x)/2), x)",
            "integrate(3*(1 + cosh(2*x)) + 0, x)",
            "integrate(3*(1 + 2*sinh(x)**2), x)"
          ],
          "children": [
            {
              "level": 2,
              "variants": [
                "integrate(3, x)",
                "integrate(3*1, x)",
                "integrate(3 + 0, x)",
                "integrate(2 + 1, x)",
                "integrate(9/3, x)",
                "integrate(diff(3*x, x)",
                "integrate(3 + 2 * pi * 0, x)",
                "integrate(3 * exp(0), x)",
                "integrate((4 + 2)/2, x)",
                "integrate(6/2, x)",
                "integrate(3 * Heaviside(x), x)"
              ],
              "children": []
            },
            {
              "level": 2,
              "variants": [
                "integrate(3 + (3/2)*(e**(2*x) + e**(-2*x)), x)",
                "integrate(3 + (3/2)*(2*cosh(2*x)), x)",
                "integrate(3 + 3*cosh(2*x), x)",
                "integrate(3, x)",
                "integrate(3 + (3/2)*(e**(2*x) + 1/e**(2*x)), x)",
                "integrate(3 + (3/2)*(1/2)*(e**(2*x) + e**(-2*x))/cosh(0.5), x)",
                "integrate(3 + (3/2)*(1 + (2*x)**2/2), x)",
                "integrate(3 + (3/2)*(e**(2*(x + 1)) + e**(-2*(x + 1))), x)",
                "integrate(3 + (3/2) * (e**(2*x) + e**(-2*x)) * cos(0) , x)",
                "integrate(3 + (3/2)*(e**(2*x) + e**(-2*x)), x)",
                "integrate(3 + (3/2)*2*cosh(2*x), x)"
              ],
              "children": []
            },
            {
              "level": 2,
              "variants": [
                "integrate(3 + 1.5*e**(2*x) + 1.5*e**(-2*x), x)",
                "integrate(3 + 1.5*(1 + (2*x)**2/2 + (2*x)**4/24 + ...), x)",
                "integrate(3 + 1.5*(e**(2*x) + e**(-2*x))/2, x)",
                "integrate(3 + 1.5*(cos(2*(e**x)) + sin(2*(e**x))), x)",
                "integrate(3 + 1.5*ln(e**(2*x)), x)",
                "integrate(3, x)",
                "integrate(1.5*(2 + e**(2*x) + e**(-2*x)), x)",
                "integrate(3 + 1.5*(cosh(2*x)+ sinh(2*x)), x)",
                "integrate(3 + 3*cosh(2*x), x)",
                "integrate(3 + 0.75*(e**(2*x) + e**(-2*x)), x)",
                "integrate(3 + 1.5*(sinh(2*x) + cosh(2*x)), x)"
              ],
              "children": []
            }
          ]
        },
        {
          "level": 1,
          "variants": [
            "integrate(12 * (1 - cosh(2*x)) / 2, x)",
            "integrate(6 * (2 - e**(2*x) - e**(-2*x)), x)",
            "integrate(3 * (e**(2*x) - 2 + e**(-2*x)), x)",
            "integrate(6 * (1 - (1/2)*(e**(2*x) + e**(-2*x))), x)",
            "integrate(6 * (2 - cosh(2*x)), x)",
            "integrate(12 * (sin(2*x)**2), x)",
            "integrate(6 * (d/dx(sinh(2*x))), x)",
            "integrate(6 * (1 - cosh(2*x)), x)",
            "integrate(6 * (1 - (1/(1 + (e**(-2*x))))), x)",
            "integrate(6 * (1 - (e**(2*x) + e**(-2*x))/2), x)",
            "integrate(-12 * sinh(x)**2, x)"
          ],
          "children": [
            {
              "level": 2,
              "variants": [
                "integrate(6, x)",
                "integrate(6*x**0, x)",
                "integrate(6 + 0, x)",
                "integrate(6 * exp(0), x)",
                "integrate(2 * 3, x)",
                "integrate(2 * 3 * 1, x)",
                "integrate(ln(exp(6)), x)",
                "integrate(6 * DiracDelta(x), x)",
                "integrate(6 * cos(0), x)",
                "integrate(2 * exp(0j) + 4, x)",
                "integrate(6 * sin(pi/2), x)"
              ],
              "children": []
            },
            {
              "level": 2,
              "variants": [
                "integrate(6 - 3*(e**(2*x) + e**(-2*x)), x)",
                "integrate(6 - 6*cosh(2*x), x)",
                "integrate(3*(2 - (e**(2*x) + e**(-2*x))), x)",
                "integrate(6 - 3 * d(e**(2*x), x)",
                "integrate(6 - 3*(e**(2*x) + g(x)), x)",
                "integrate(6 - 6*sinh(2*x)/2, x)",
                "integrate(6 - 3*(e**(2*x) + e**(-2*x)), x)",
                "integrate(6 - 3*(e**(2*I*x) + e**(-2*I*x)), x)",
                "integrate((6 - 3*(cosh(2x) + sinh(2x))), x)",
                "integrate(6 - 3*(1 + 2x + 2x^2/2 +...) - 3*(1 - 2x + 2x^2/2 - ...), x)",
                "integrate(6 - 3*(cosh(2*x) + sinh(2*x)), x)"
              ],
              "children": []
            },
            {
              "level": 2,
              "variants": [
                "integrate(6 - 3*(e**(2*x) - e**(-2*x))**2 / 2, x)",
                "integrate(6 - \\frac{3}{2}*(2*sinh(2*x))**2, x)",
                "integrate(6 - 3*(sinh(2*x))**2, x)",
                "integrate(6 - \\frac{3/2}{2}*((cosh(2*x) - sinh(2*x))**2), x)",
                "integrate(3/(4) + 3/2*(3 - (e**(2*x) - e**(-2*x))**2), x)",
                "integrate(3 + 3/2*(\\cosh(2*x) - 1), x)",
                "integrate(6 + (e**(2*x) - e**(-2*x)) * (3*e^(2*x)), x)",
                "integrate(6 - \\frac{3}{2} * (e**(4*x) - 2 + e**(-4*x)), x)",
                "integrate(6 - \\sum_{n=0}^{\\infty} \\frac{(2x)^{2n}}{n!} * 3/2, x)",
                "integrate(2(3 - \\frac{3}{2}*(e**(2*x) - e**(-2*x))**2), x)",
                "integrate(6 - 12*sin(x)**2, x)"
              ],
              "children": []
            }
          ]
        },
        {
          "level": 1,
          "variants": [
            "integrate(3 * sinh(2*x) * coth(x), x)",
            "integrate(6 * sinh(x) * cosh(x) / tanh(x), x)",
            "integrate(3 * sinh(2*x) / tanh(x), x)",
            "integrate(6 * sinh(x) * cosh(x) * coth(x), x)",
            "integrate(3 * (e^{2*x} - e^{-2*x})/(2 * (e^x - e^{-x})), x)",
            "integrate(3 * sinh(2*x) * (1/coth(x)), x)",
            "integrate(3 * (cosh(2*x) - 1), x)",
            "integrate(3 * (cosh(2*x)/sinh(x)), x)",
            "integrate(differentiate(exponential forms), x)"
          ],
          "children": [
            {
              "level": 2,
              "variants": [
                "integrate(6 * sinh(x) * cosh(x) * coth(x), x)",
                "integrate(3 * (e**(2*x) - 1) / (e**x - e**(-x)), x)",
                "integrate(3 * sinh(2 * x), x)",
                "integrate(6 * (cosh(x))**2, x)",
                "integrate(6 * (i * sin(1j*x)) * cosh(x) * (cosh(x) / (i * sin(1j*x))), x)",
                "integrate(6 * sinh(x) * d(6 * Cosh(x)), x)",
                "integrate(6 * log(cosh(x)**2), x)",
                "integrate(6 * (1 - tanh(x)**2), x)",
                "integrate(6 * (cosh(x) * sinh(x) + sinh(x) * cosh(x)), x)",
                "integrate(6 * sinh(x) * cosh(x) / sinh(x), x)",
                "integrate(3 * d(sinh(x)**2, x)"
              ],
              "children": []
            },
            {
              "level": 2,
              "variants": [
                "integrate(3 * sinh(2*x) * (cosh(x)/sinh(x)), x)",
                "integrate(3 * 2 * sinh(x) * cosh(x) * (cosh(x)/sinh(x)), x)",
                "integrate(3 * sinh(2*x) * coth(x), x)",
                "integrate(6 * sinh(x) * cosh^2(x), x)",
                "integrate(3 * sinh(2*x) * (1/sinh(x)), x)",
                "integrate(3 * (e^(2*x) - e^(-2*x)) * -(e^x/e^(-x)), x)",
                "integrate(3 * (e^(2*x) - e^(-2*x)) * (1/(e^x - e^(-x))), x)",
                "integrate(3 * (e^(2*x) - e^(-2*x)) * log(sinh(x)), x)",
                "integrate(3 * (sinh(2x)/sinh(x)), x)",
                "integrate(3 * (sinh(x) * cosh(x) + sinh(x) * cosh(x)), x)",
                "integrate(3 * sinh(2*x) * exp(-x), x)"
              ],
              "children": []
            },
            {
              "level": 2,
              "variants": [
                "integrate((3/2) * (e**(2*x) - e**(-2*x)) * coth(x), x)"
              ],
              "children": []
            }
          ]
        },
        {
          "level": 1,
          "variants": [
            "integrate(12 * (1 - cosh(2*x)) / 2, x)",
            "integrate(6 * (1 - (cosh(2*x) - 1) / 2), x)",
            "integrate(6 * (1 - sinh(2*x)/2), x)",
            "integrate(6 * (1 - (exp(2*x) + exp(-2*x)) / 2), x)",
            "integrate(6 * (1 - diff(cosh(2*x), x)",
            "integrate(12 * (1 + 0 - (1 + y**2/2 + y**4/24)), x)",
            "integrate( (1 - trapezoidal(cosh(2*x))), x)",
            "integrate(6 - 3*exp(2*x) - 3*exp(-2*x), x)",
            "integrate(6, x)",
            "integrate(12 - 6*sinh(2*x), x)",
            "integrate(6 - 6*cos(i*2*x), x)"
          ],
          "children": [
            {
              "level": 2,
              "variants": [
                "integrate(6, x)",
                "integrate(6 * 1, x)",
                "integrate(3 + 3, x)",
                "integrate(2 * (3 + 0*x), x)",
                "integrate(6 + 0, x)",
                "integrate(6 * exp(0), x)",
                "integrate(12/2, x)",
                "integrate(3*x**0 + 3*x**0, x)",
                "integrate((x-x)*6 + 6, x)",
                "integrate(6 * x**0, x)",
                "integrate(6 * cos(0), x)"
              ],
              "children": []
            },
            {
              "level": 2,
              "variants": [
                "integrate(6*(1 - (1 + (2*x)**2/2 + (2*x)**4/24)), x)",
                "integrate(7*(1 - (1 + (2*x)**2/2 + (2*x)**4/24)), x)",
                "integrate(6*(1 - (1 + (2*x)**2/2 + (2*x)**4/20)), x)",
                "integrate(-12*(2**0.5)*(x**2) - (x**4)/(4**0.5), x)",
                "integrate(6*(1 - (1 + (factorial(2)*x**2/2 + factorial(4)*x**4/24))), x)",
                "integrate(-6*(2x**2 + (1/4)*x**4), x)",
                "integrate(6*(1 - exp(-x**2)), x)",
                "integrate(6*(1 - (sum((2*x)**(2*n) / factorial(2*n) for n in range(12))), x)",
                "integrate(6*(-(2x)^2)*(-1) - ((x**4)/4), x)"
              ],
              "children": []
            },
            {
              "level": 2,
              "variants": [
                "integrate(6 - 3*(e**(2*x) + e**(-2*x)), x)",
                "integrate(6 - 6*cosh(2*x), x)",
                "integrate(6 - 6 * cosh(2*x), x)",
                "integrate(3 * (2 - 2 * cosh(2*x)), x)",
                "integrate(6 - 3*(1 + e^{2*x}/e^{2*x}), x)",
                "integrate(12/2 - 3*(e**(2*x) + e**(-2*x))/2, x)",
                "integrate(1 - (1/2)(e**(2*x) + e**(-2*x)), x)",
                "integrate(6 - 3*(cosh(2*x) + sinh(2*x)), x)",
                "integrate(u - dv: (6 - v), x)",
                "integrate(3*(2 - sinh(2*x)cosh(2*x)), x)"
              ],
              "children": []
            }
          ]
        },
        {
          "level": 1,
          "variants": [
            "integrate(3 * (e**(2*x) - 2 + e**(-2*x)), x)",
            "integrate(6 * cosh(2*x) - 6, x)",
            "integrate(3 * e**(2*x), x)",
            "integrate(3 * ((e**(2*x) - 2) + e**(-2*x)), x)",
            "integrate(3 * (e**(2*x) - 2 + e**(-2*x)) + 3, x)",
            "integrate(3 * (1 + e**(2*x) + e**(-2*x) - 3), x)",
            "integrate(1.5 * (e**(2*x) + e**(-2*x)) + 1.5 * sin(0), x)",
            "integrate(3 * (e**(2*x))**(1/2) * (e**(-2*x))**(1/2) - 2 + 3 * (e**(-2*x))**(1/2), x)",
            "integrate(3 * (4 * (cosh(2*x) - 0.5) - 3), x)",
            "integrate(3 * (sum([1/(2**n) * x**(2*n)/Math.factorial(2*n) for n in range(5)]) - 2), x)",
            "integrate(3 * (2 * cosh(2*x) - 2), x)"
          ],
          "children": [
            {
              "level": 2,
              "variants": [
                "integrate(3 * (e**(2*x) - 2 + e**(-2*x)), x)",
                "integrate(3 * (2 * cosh(2*x) - 2), x)",
                "integrate(3 * (e**(2*x) + e**(-2*x) - 2), x)",
                "integrate(6 * cosh(2*x) - 6, x)",
                "integrate(3 * (2 * e**(2*x) + e**(-2*x) - 4), x)",
                "integrate(3 * ((e**(2*x) - 1)^2 - 1), x)",
                "integrate(3 * (sum((2**n / factorial(n)) * x**n for n in range(10)) - 2 + sum((-2**n / factorial(n)) * x**n for n in range(10))), x)",
                "integrate(3 * (log(e**(2*x))**2 - 2 + log(e**(-2*x))**2), x)",
                "integrate(3 * (sqrt(e**(4*x)) + sqrt(e**(-4*x)) - 2), x)",
                "integrate(3 * (sinh(2*x) + 1/sinh(2*x) - 2), x)",
                "integrate(3 * (e**(4*x/2) - 2 + e**(-4*x/2)), x)"
              ],
              "children": []
            }
          ]
        },
        {
          "level": 1,
          "variants": [
            "integrate(12 * (x**2 / 2 + x**4 / 6 + O(x**6)), x)",
            "integrate(12 * (x**2 / 2 + (2*x**4) / 12 + O(x**6)), x)",
            "integrate(12 * ((1/2) * x**2 + (1/6) * x**4 + O(-x**2)), x)",
            "integrate(12 * (1/2*x**2 + 2*x**4 / 12 + O(x**3)), x)",
            "integrate(12 * (x**2 / 2 - O(x**6)), x)",
            "integrate(6 * (x**2 + (2 * x**4 / 12) + O(x**6)), x)",
            "integrate(12 * ((1 - (1/12)*x**2)**(-3) + O(x**6)), x)",
            "integrate(12 * (1/2 * e^(2*i*\u03c0*x**2) + O(x**6)), x)",
            "integrate(12 * (x**2 * (1 + x**2 / 3) + O(x**6)), x)",
            "integrate(12 * (e**(x**2) - 1 - x**2 - x**4/6 + O(x**6)), x)",
            "integrate(12 * ((x**2 + x**4) / 3 + O(x**6)), x)"
          ],
          "children": [
            {
              "level": 2,
              "variants": [
                "integrate(12 * (x**2 / 2), x)",
                "integrate(6 * (2 * (x**2 / 2)), x)",
                "integrate(diff(2*x**3, x)",
                "integrate(12 * (sin(x)**2 * (x/pi)**2), x)",
                "integrate(12 * (1/2) * exp(2 * log(x)), x)",
                "integrate(8 * x**2 + 4 * x**2, x)",
                "integrate(2 * 6 * (x**2), x)",
                "integrate(6 * x**2, x)",
                "integrate(12 * (1/2) * x**2, x)",
                "integrate(12 * sum([x**2 * (1/2)**n for n in range(1)]), x)",
                "integrate(12 * (((x + 1)**2 - 2 * 1 * x - 1)) / 2, x)"
              ],
              "children": []
            },
            {
              "level": 2,
              "variants": [
                "integrate(12 * (x**2 / 2 + x**4 / 6), x)",
                "integrate(6 * (x**2 + (x**4 / 3)), x)",
                "integrate(12 * x**2 * (1 + (x**2 / 3)), x)",
                "integrate(2 * (6 * x**4 + 12 * x**2) / 2, x)",
                "integrate(4 * (3 * x**2 + 2 * x**4), x)",
                "integrate(12 * (x**2 / 2), x)",
                "integrate(12 * x**2, x)",
                "integrate(12 * (x**2 / 1 + (x**4 / 6)), x)",
                "integrate(6 * x**2 * cos(0), x)",
                "integrate(2 * (x**4 + 3x**2), x)"
              ],
              "children": []
            },
            {
              "level": 2,
              "variants": [
                "integrate(12 * (x**2 / 3 + x**4 / 6), x)",
                "integrate(12 * (x**4 + 4 * (x**2 / 3 - x**4 / 6)), x)",
                "integrate(12 * (3 * tan(x)**2 + 2 * tan(x)**4) * sec(x)**2, x)",
                "integrate(12 * (4 * (x**2)**2 + 2 * (x**2)**2), x)",
                "integrate(12 * ((4/3) * x**2 + (2/6) * x**4), x)",
                "integrate(12 * (x**2 / 3) + 12 * (x**4 / 6), x)",
                "integrate(12 * ((2 * x**4) / 3 + 4 * x**2), x)",
                "integrate(12 * (x**2 / 3 + x**4 / 6) * e**(-x**2), x)",
                "integrate(4 * (x**2 + (1/2) * x**4), x)",
                "integrate(12 * (1/3 * (2*x)**2 + 1/6 * (2*x)**4), x)",
                "integrate(12 * (2 * (x**2 / 6) + (x**4 / 6)), x)"
              ],
              "children": []
            }
          ]
        }
      ]
    }
  ]
}