{
  "base_question": "integrate(sin(3*x)*cos(2*x), x)",
  "tree": [
    {
      "level": 0,
      "variants": [
        "integrate(sin(3*x)*cos(2*x), x)",
        "integrate(0.5 * (sin((3 + 2) * x) - sin((3 - 2) * x)), x)",
        "integrate(sin(3x + 2x) - sin(3x - 2x), x)",
        "integrate((e^(3*I*x) - e^(-3*I*x))/2 * ((e^(2*I*x) + e^(-2*I*x))/2), x)",
        "integrate(k*sin(3*x)*cos(2*x) / k, x)",
        "integrate(sin(2*x) * (1.5*sin(x) + cos(x)), x)",
        "integrate(sin(3*x) * cos(2*x) + 0, x)",
        "integrate(sin(3*x) * cos(2*x) + 1/2 - 1/2, x)",
        "integrate((2*sin(2*x)*cos(x)), x)",
        "integrate(sin(3*x - \u03c0/6), x)",
        "integrate(sin(3*x)*sin(pi/2 - 2*x), x)"
      ],
      "children": [
        {
          "level": 1,
          "variants": [
            "integrate(1/2 * (sin(5*x) + sin(x)), x)",
            "integrate(1/2 * (2 * cos(2.5 * x) * sin(2 * x)), x)",
            "integrate(1/2 * sin(5*x), x)",
            "integrate(1/4j * (e^(5jx) - e^(-5jx)) + 1/4j * (e^(jx) - e^(-jx)), x)",
            "integrate(1/2 * (-sin(5x) - sin(x)), x)",
            "integrate(1/2 * (cos(5*(x - pi/10)) - cos(5*(x + pi/10))), x)",
            "integrate(1/2 * (1/2 * (exp(5*j*x) - exp(-5*j*x)) + 1/2 * (exp(j*x) - exp(-j*x))), x)",
            "integrate(1/2 * (sin(5*x) + sin(x)), x)",
            "integrate(1/4i * (e^(6*ix) - e^(4*ix) + e^(2*ix) - 1), x)",
            "integrate(sin(5*x)/2, x)",
            "integrate(1/2 * (sin(5*(x + pi/10)) + sin((x + pi/10))), x)"
          ],
          "children": [
            {
              "level": 2,
              "variants": [
                "integrate(sin(5*x)/2, x)",
                "integrate((e**(5*I*x) - e**(-5*I*x))/(4*I), x)",
                "integrate(cos(5*x - pi/2)/2, x)",
                "integrate(-1/10 * (d/dx(cos(5*x))), x)",
                "integrate(imaginary((e**(5*I*x))/2), x)",
                "integrate(sin(5*(x + pi/10))/2, x)",
                "integrate((2*sin(2.5*x)*cos(2.5*x))/4, x)",
                "integrate((k*sin(5*x))/2, x)",
                "integrate(2 * sin(2.5*x) * cos(2.5*x)/2, x)",
                "integrate(sin(5*x + 2*pi)/2, x)",
                "integrate(exp(I*5*x)/2 - exp(-I*5*x)/2/(2*I), x)"
              ],
              "children": []
            },
            {
              "level": 2,
              "variants": [
                "integrate(sin(3*x)*cos(2*x), x)",
                "integrate(1/2 * (sin(5*x) + sin(x)), x)",
                "integrate(1/(2i) * (e^(3*I*x)*cos(2*x) - e^(-3*I*x)*cos(2*x)), x)",
                "integrate(sin(3*x + 2*x) - cos(3*x) \\sin(2x), x)",
                "integrate(sin(3*x), x)",
                "integrate(sin(3*x) * (1 * cos(2*x)), x)",
                "integrate(sin(3*x) * (1 - sin(2*x)**2), x)",
                "integrate(cos(3*x - \u03c0/2) * cos(2*x), x)",
                "integrate(cos(2*x) * sin(3*x), x)",
                "integrate(1/2*(sin(5*x) + sin(x)), x)",
                "integrate(1/2*(exp(3*I*x) - exp(-3*I*x)) * (exp(2*I*x) + exp(-2*I*x)), x)"
              ],
              "children": []
            },
            {
              "level": 2,
              "variants": [
                "integrate(1/4 * (exp(5*I*x) - exp(-5*I*x) + exp(I*x) - exp(-I*x)), x)",
                "integrate(1/4 * (10 * sin(5*x) + 2 * sin(x)), x)",
                "integrate(1/4 * (e^{5*I*x} - e^{-5*I*x}), x)",
                "integrate(1/4 * (5*sin(5*x) + sin(x)), x)",
                "integrate(1/4 * 2i * sinh(5 * x) + 2i * sinh(x), x)",
                "integrate(1/2 * (cos(5*x) + cos(x)), x)",
                "integrate(1/4 * (5 * delta(x - 5) - 5 * delta(x + 5) + delta(x - 1) - delta(x + 1)), x)",
                "integrate((1/4) * (e^{5i*x} + e^{-5i*x} + e^{ix} + e^{-ix}), x)",
                "integrate(1/4 * (e^{5i*x} + e^{-5i*x}),x)",
                "integrate(1/4 * (2 * cos(5 * x) + 2 * cos(x)), x)",
                "integrate((1/4)*(4*cos(x)*cos(5*x) + 5), x)"
              ],
              "children": []
            }
          ]
        },
        {
          "level": 1,
          "variants": [
            "integrate(3/2 * sin(2*x) - 1/2*sin(4*x), x)",
            "integrate(3/2 * sin(2*x), x)",
            "integrate(3/4 * (e^(2*I*x) - e^(-2*I*x)) - 1/4 * (e^(4*I*x) - e^(-4*I*x)), x)",
            "integrate(3/2 * sin(2*x) - 1 * sin(2*x) * cos(2*x), x)",
            "integrate(sin(2*x) * (3/2 - 1/2 * cos(2*x)), x)",
            "integrate(3/2 * cos(2*x + pi/2) - 1/2 * cos(4*x + pi/2), x)",
            "integrate(2 * cos(3*x) * sin(x), x)",
            "integrate(3/2 * imaginary_part( e^(2*I*x)) - 1/2 * imaginary_part(e^(4*I*x)), x)",
            "integrate(integrate(3/2 * sin(2*x), x)",
            "integrate(3/2 * sin(2*x) - sin(2*x) * cos(2*x), x)",
            "integrate((3/4 * (e**(2*I*x) - e**(-2*I*x)) - 1/4 * (e**(4*I*x) - e**(-4*I*x))), x)"
          ],
          "children": [
            {
              "level": 2,
              "variants": [
                "integrate(3/2 * sin(2*x) - sin(2*x) * cos(2*x), x)",
                "integrate(sin(2*x) * (3/2 - cos(2*x)), x)",
                "integrate((3/2 * 2 * sin(x) * cos(x) - 2 * sin(x) * cos(x) * cos(2*x)), x)",
                "integrate((3/2 * sin(2*x + t) - sin(2*x + t) * cos(2*x)), x)",
                "integrate((3/2) * sin(2*x) - (1/2) * sin(4*x), x)",
                "integrate((3/2) * sin(2*x) - (1/2) * (sin(2*x) (sin(2x) + cos(2x))), x)",
                "integrate(3/2 * sin(2*x) + 1/2 * sin(4*x), x)",
                "integrate(sin(2*x) * (3 - 2 * cos(2*x)), x)",
                "integrate((3/2 * sin(2*x) - 1/2 * (sin(2x) * e^(2*x))), x)",
                "integrate((-3/2 + (1/2) * (cos(2*x) - 1) * sin(2*x)), x)"
              ],
              "children": []
            },
            {
              "level": 2,
              "variants": [
                "integrate(3/2 * sin(2*x) - 1/2 * (2 \\sin(2x) \\cos(2x)), x)",
                "integrate(3 * sin(x) * cos(x) - sin^2(2*x), x)",
                "integrate(3/2 * sin(2*x) - 1/2 * sin(4*x), x)",
                "integrate(1/2 * (3 * sin(2*x) - sin(4*x)), x)",
                "integrate(3/2 * sin(2*x), x)",
                "integrate(sin(2*x) - 1/2 * sin(4*x), x)",
                "integrate((3/4) * (1 - cos(4*x)) - (1/4) * (cos(2*x) - cos(4*x)), x)",
                "integrate((3/2) * (2T2(x) - 1), x)",
                "integrate(3/2 * sin(2 * x) - 1/4 * sin(4 * x), x)",
                "integrate((3/4) * (e^(2*I*x) - e^(-2*I*x)) - (1/2) * (e^(4*I*x) - e^(-4*I*x)), x)"
              ],
              "children": []
            },
            {
              "level": 2,
              "variants": [
                "integrate(3/2 * sin(2*x) - sin^2(2*x) * sin(2*x), x)",
                "integrate((3/2) * sin(2*x) - sin(2*x) + sin(2*x) * cos^2(2*x), x)",
                "integrate((3/2)*sin(2*x) - (1/2 - cos(4*x)/2)*sin(2*x), x)",
                "integrate((3/4i)*(e**(2*ix) - e**(-2*ix)) - (e**(2*ix) - e**(-2*ix))**3/(8i), x)",
                "integrate(sin(2*x) * (3/2 - sin^2(2*x)), x)",
                "integrate((3/2)*sin(2*x) - (1/2)*sin(2*x) + (cos(4*x)/2)*sin(2*x), x)",
                "integrate((3/2)*sin(2*x) - (sin(2*x) - sin(2*x) * cos(4*x)/2), x)",
                "integrate(3/2*sin(2*x), x)",
                "integrate((3/2)*sin(2*x), x)",
                "integrate(sin(2*x)*(3/2 - a*sin(2*x)), x)",
                "integrate(cos(2*x)*sin(2*x) * (3 - 2*cos^2(2*x)), x)"
              ],
              "children": []
            }
          ]
        },
        {
          "level": 1,
          "variants": [
            "integrate(sin(3*x), x)",
            "integrate(1j*(exp(3*1j*x) - exp(-3*1j*x)) / 2, x)",
            "integrate(exp(I*3*x) - exp(-I*3*x), x)",
            "integrate(-cos(3*x), x)",
            "integrate(sin(2*x)*cos(x) + cos(2*x)*sin(x), x)",
            "integrate(sin(3*x) + sin(3*x + 2*pi), x)",
            "integrate(I*(sinh(3*I*x)), x)",
            "integrate(I*(e^(3*i*x) - e^(-3*i*x))/(2*i), x)",
            "integrate(2*sin(3*x/2)*cos(3*x/2), x)",
            "integrate(sin(3*x + pi/6), x)",
            "integrate((exp(3*x * I) - exp(-3*x * I)) / (2 * I), x)"
          ],
          "children": [
            {
              "level": 2,
              "variants": [
                "integrate(sin(3*x), x)"
              ],
              "children": []
            },
            {
              "level": 2,
              "variants": [
                "integrate(3*x - (3**3 * x**3) / 3! + (3**5 * x**5) / 5! - (3**7 * x**7) / 7!, x)",
                "integrate(3 * (x - (3**2 * x**3) / 3! + (3**4 * x**5) / 5! - (3**6 * x**7) / 7!), x)",
                "integrate(Im(3 * e^(3*x) - (1/3!)*3^3 * (3*x)^3 + (1/5!)*3^5 * (3*x)^5 - (1/7!)*3^7 * (3*x)^7), x)",
                "integrate(3 * sinh(3*x), x)",
                "integrate((-1)**((3 * x**3)/3!) * (3**7)/(7!) * x**7 + ... + 3*x, x)",
                "integrate(3 * sin(3*x), x)",
                "integrate(3/(1+x**2) - 3*(1/3!)*(3*x)**3 + ..., x)",
                "integrate(-3*x + (3+x)/(sin(3*x)), x)",
                "integrate(Re(3 * e^(3*ix)) - (Im(3)) * (3*x)**3/(3!), x)"
              ],
              "children": []
            },
            {
              "level": 2,
              "variants": [
                "integrate(sin(x) * cos(2*x), x)",
                "integrate(1/2 * (sin(3*x) + sin(-x)), x)",
                "integrate(1/2 * (e^(3*ix) - e^(-ix)), x)",
                "integrate(sin(x) * cos(2*x), x)",
                "integrate(sin(x) * (1/2 - (1/2 * (sin(4*x)/4))), x)",
                "integrate((1 - cos(2x))/2 * sin(x), x)",
                "integrate(1/2 * (sin(x) + sin(3*x)), x)",
                "integrate(1/2 * (sin(2x) - sin(4*x)), x)",
                "integrate((1/(4i)) * (e^(ix) - e^(-ix))(e^(2ix) + e^(-2ix)), x)",
                "integrate(sin(x)*integrate(cos(2*x), x)",
                "integrate(1/(1/cos(x) * sin(x)), x)"
              ],
              "children": []
            }
          ]
        },
        {
          "level": 1,
          "variants": [
            "integrate((e^(i*3*x) + e^(-i*3*x)) * (e^(i*2*x) + e^(-i*2*x)), x)"
          ],
          "children": [
            {
              "level": 2,
              "variants": [
                "integrate((e^(i*3*x) + e^(-i*3*x)) * (e^(i*2*x) + e^(-i*2*x)), x)",
                "integrate(2 * (sin(5*x)/5 + sin(x)), x)",
                "integrate(e^(i*5*x)/2 + e^(ix)/2 + e^(-i*5*x)/2 + e^(-ix)/2, x)",
                "integrate(2*cos(3*x)*integrate(2*cos(2*x), x)",
                "integrate(2 * (e^(i*3*x) + e^(-i*3*x)) * cos(2*x), x)",
                "integrate((r**3 + r**(-3)) * (r**2 + r**(-2)), x)",
                "integrate(4 * (cosh(3*x) * cosh(2*x)), x)",
                "integrate((sqrt(2) * e^(i*(3*x + 2*x))/sqrt(5)), x)",
                "integrate(2*cos(5*x) + 2*cos(x), x)",
                "integrate(e^(i*5*x) + e^(i*x) + e^(-i*5*x) + e^(-i*x), x)",
                "integrate(2*cos(2x + 3x) + 2*cos(2x - 3x), x)"
              ],
              "children": []
            }
          ]
        },
        {
          "level": 1,
          "variants": [
            "integrate(sin(3*x) * sin(pi/4 - 2*x), x)",
            "integrate(sin(3*x) * cos(2*x - pi/4), x)",
            "integrate(cos(2*x - pi/4) * sin(3*x), x)",
            "integrate(sin(3*(x + pi/(6))) * sin(pi/4 - 2*(x + pi/(6))), x)",
            "integrate((exp(3*I*x) - exp(-3*I*x)) * (exp(I*(pi/4 - 2*x)) - exp(-I*(pi/4 - 2*x))) / (4*I), x)",
            "integrate(sin(9*x) * sin(\\frac{\\pi}{4} - 6*x), x)",
            "integrate(-sin(3*x) * sin(-(\\frac{\\pi}{4} - 2*x)), x)",
            "integrate((sin(3*x) + 0.5*sin(5*x)) * sin(pi/4 - 2*x), x)",
            "integrate(sin(3*x + pi) * sin(pi/4 - 2*x), x)",
            "integrate(sin(3*(x + pi/(12))) * sin(pi/4 - 2*(x + pi/(12))), x)",
            "integrate(1/2 * (cos(5*x - pi/4) - cos(x + pi/4)), x)"
          ],
          "children": [
            {
              "level": 2,
              "variants": [
                "integrate(sin(3*x) * sin(pi/4 - 2*x), x)",
                "integrate(sin(3*x)*((sqrt(2)/2)*cos(2*x) + (sqrt(2)/2)*sin(2*x)), x)",
                "integrate(cos((pi/2) - 3*x)*sin(pi/4 - 2*x), x)",
                "integrate((1 - cos(3*x) - cos(pi/4 - 2*x)), x)",
                "integrate((sqrt(2)/2) * (cos(2*x) - cos(3*x + pi/4)), x)",
                "integrate(sin(3*x)*cos(2*x + pi/4), x)",
                "integrate(sin(-3*x) * sin(pi/4 - 2*x), x)",
                "integrate((1/2*I)*(exp(I*3*x) - exp(-I*3*x)) * (1/2*(exp(I*(pi/4 - 2*x)) - exp(-I*(pi/4 - 2*x)))), x)",
                "integrate(0.5 * (cos(3*x + 2*x - \u03c0/4) - cos(3*x - 2*x + \u03c0/4)), x)",
                "integrate(cos(2x - \u03c0/4) * cos(3x), x)",
                "integrate(0.5 * (sin(5*x - \u03c0/4) + sin(x - \u03c0/4)), x)"
              ],
              "children": []
            }
          ]
        },
        {
          "level": 1,
          "variants": [
            "integrate(sin(3*x)*cos(2*x), x)",
            "integrate((1/(2*I))*(exp(3*I*x) - exp(-3*I*x))*cos(2*x), x)",
            "integrate(0.5*(sin(5*x) + sin(x)), x)",
            "integrate(Derivative(sin(3*x), x)",
            "integrate((1/2)*(exp(5*I*x) - exp(I*x)), x)",
            "integrate(1/2*sin(5*x) + 1/2*sin(x), x)",
            "integrate(Derivative(cos(2*x), x)",
            "integrate(cos(2*(3*x - \u03c0/6)), x)",
            "integrate(Delta(x - 5)*sin(3*x)*cos(2*x), x)",
            "integrate(1/2 * (sin(5*x) + sin(x)), x)",
            "integrate(1/4 * (cos(x) - cos(5*x)), x)"
          ],
          "children": [
            {
              "level": 2,
              "variants": [
                "integrate(1/2 * (sin(5*x) + sin(x)), x)",
                "integrate(sin((5 + 1)/2 * x) * cos((5 - 1)/2 * x), x)",
                "integrate(1/4 * (exp(5*I*x) - exp(-5*I*x) + exp(I*x) - exp(-I*x)), x)",
                "integrate(sin(3*x) * cos(2*x), x)",
                "integrate(1/2 * (cos(2*x - 4*x) - cos(2*x + 4*x)), x)",
                "integrate(1/2 * sin(5*x), x)",
                "integrate(-1/4 * (cos(4*x) - cos(6*x)), x)",
                "integrate(1/2 * (cos(5*x - pi/2) + cos(x - pi/2)), x)",
                "integrate(1/2 * (1/(2i) * (e^(6*I*x) - e^(-4*I*x))), x)",
                "integrate(1/2 * (4/25 * (5 * sin(5*x) - sin(x))), x)",
                "integrate(1/2 * (-sin(5*x) + sin(x)), x)"
              ],
              "children": []
            },
            {
              "level": 2,
              "variants": [
                "integrate(sin(3*x) * (e^(2*I*x) + e^(-2*I*x)) / 2, x)",
                "integrate((1/2) * (sin((3+2)x) - sin((3-2)x)), x)",
                "integrate((e^(3*I*x) - e^(-3*I*x)) * (e^(2*I*x) + e^(-2*I*x)) / (4i), x)",
                "integrate((1/2) * (sin(5x) - sin(x)), x)",
                "integrate(2 * sin(3x) * cos(2x), x)",
                "integrate(sin(3*x) * (e^(2*I*x) + e^(-2*I*x)) / 2, x)",
                "integrate((x * sin(3*x) * (e^(2*I*x) + e^(-2*I*x)))/(2*x), x)",
                "integrate(2 * sin(3*x) * cos(2*x), x)",
                "integrate((e^(3*I*x) - e^(-3*I*x))/4I * ((e^(2*I*x) + e^(-2*I*x))/2), x)",
                "integrate(sin(3*x) * (e^(1*I*x) + e^(-1*I*x)) / 2, x)",
                "integrate(0.5 * (e^(3*I*x) - e^(-3*I*x)) * (e^(2*I*x) + e^(-2*I*x)), x)"
              ],
              "children": []
            },
            {
              "level": 2,
              "variants": [
                "integrate((sin(2*x)*cos(x) + cos(2*x)*sin(x)) * cos(2*x), x)",
                "integrate(2 * (sin(2*x) * cos(x) + cos(2*x) * sin(x)) * cos(2*x) / 2, x)",
                "integrate((sin(3*x + \u03c0/2) * cos(2*x)), x)",
                "integrate((sin(2*x) * cos(x) + (1 + sin^2(x)) * sin(2*x)), x)",
                "integrate((sin(2*x) * cos(x) + 0.5 * cos(2*x) * sin(x)) * cos(2*x), x)",
                "integrate(1/2 * (sin(5*x) + sin(x)) * cos(2*x), x)",
                "integrate((sin(2*x) * cos(x) + cos(2*x) * sin(x) + sin^2(x)-sin^2(x))*cos(2*x), x)",
                "integrate((sin(4*x) - sin(2*x)) * cos(2*x), x)",
                "integrate((sin(2*x) * cos(x + \u03c0/4) + cos(2*x) * sin(x + \u03c0/4)) * cos(2*x), x)",
                "integrate((sin(2*(x + 1)) * cos(x + 1)) * cos(2*(x + 1)), x)",
                "integrate((sin(2x + \u03c0/3) * cos(x)) * cos(2x), x)"
              ],
              "children": []
            }
          ]
        }
      ]
    }
  ]
}