{
  "base_question": "integrate((x**3+1)/(x**2+1), x)",
  "tree": [
    {
      "level": 0,
      "variants": [
        "integrate((x**3+1)/(x**2+1), x)",
        "integrate(x + 1 - (-x + 1)/(x**2 + 1), x)",
        "integrate((tan(x)**3 + 1)/(sec(x)**2), x)",
        "integrate(differentiate(ln(x**2 + 1)), x)",
        "integrate(A + (B*x + C)/(x**2 + 1), x)",
        "integrate((x**2 + 1)*(x - 1) + 2/(x**2 + 1), x)",
        "integrate(1/((x**2 + 1)/(x**3 + 1)), x)",
        "integrate((x**2 + 1)/(x**3 + 1), x)",
        "integrate(x + (1 - x)/(x**2 + 1), x)",
        "integrate((x**2)*(x) + 1/(x**2 + 1), x)",
        "integrate((x**3)/(x**2 + 1) + 1/(x**2 + 1), x)"
      ],
      "children": [
        {
          "level": 1,
          "variants": [
            "integrate(x + 1/(x**2 + 1), x)",
            "integrate(x + 1/x**2 + 1, x)",
            "integrate(x + d(atan(x), x)",
            "integrate(x + d(x**2/2, x)",
            "integrate(x + sech(x)**2 / 2, x)",
            "integrate(x + log(x ** 2 + 1), x)",
            "integrate(tan(x) + 1/(sec(x)**2), x)",
            "integrate((1/(1 + x**2)) + x, x)",
            "integrate(1 + (x**2)/(x**2 + 1), x)",
            "integrate(cos(x)*x + sin(x)/(cos(x)**2), x)",
            "integrate(real(e^ix) + imaginary(1/(e^(2ix) + 1)), x)"
          ],
          "children": [
            {
              "level": 2,
              "variants": [
                "integrate(x + 1/(x**2 + 1), x)",
                "integrate((x**3 + x)/(x**2 + 1), x)",
                "integrate(log(x**2 + 1), x)",
                "integrate(x*(1/x**2 + 1), x)",
                "integrate(x + 1/(x**2 + 1) - 0 + 0, x)",
                "integrate(x, x)",
                "integrate(-x + 2/(x**2 + 1), x)",
                "integrate(1/(1/x + 1/(x**2 + 1)), x)",
                "integrate(x * 1, x)",
                "integrate(1/2 * (2*x + 1/(x**2 + 1)), x)",
                "integrate(1 / (x + 1/(x**2 + 1)), x)"
              ],
              "children": []
            }
          ]
        },
        {
          "level": 1,
          "variants": [
            "integrate(1 - 1/(x^2 + 1), x)",
            "integrate(1, x)"
          ],
          "children": [
            {
              "level": 2,
              "variants": [
                "integrate(1 - diff(atan(x)), x)",
                "integrate(1, x)",
                "integrate(1 - 1/(1 + x**2), x)",
                "integrate(1 - diff(u), x)",
                "integrate((1 + 1/(1+x**2) - 1/(1+x**2)), x)",
                "integrate(1 - (sin(atan(x)))**2 / (1 + x**2), x)",
                "integrate(1 - exp(-x**2), x)",
                "integrate(1 - (x - x**3/3 + x**5/5 - ...), x)",
                "integrate(x**2/(1 + x**2), x)",
                "integrate(1 - (1/(1 + x**2)), x)",
                "integrate((x**2 + 1)/(1 + x**2) - 1, x)"
              ],
              "children": []
            },
            {
              "level": 2,
              "variants": [
                "integrate(1 - sum((-1)**n * (x**(2*n))/(2*n + 1)! for n in range(5)), x)",
                "integrate(1 - (1 - cos(x))[:5], x)",
                "integrate(1 - (sin(x)/x), x)",
                "integrate(1 + sum((-1)**n * (x**(2*n))/(2*n)! for n in range(5)), x)",
                "integrate(1 - (x**2 * sinh(x) / x**2), x)",
                "integrate(1 - (exp(ix) - exp(-ix)) / (2ix), x)",
                "integrate(1 - (f(t) with f being Fourier sines), x)",
                "integrate(1 - sum((-1)**n * ((tan(theta(x)))**(2*n))/(2*n + 1)! for n in range(5)), x)",
                "integrate(1 - sum((-1)**n * (x**(2*n))/(2*n + 1)! for n in range(10)), x)",
                "integrate(1 - (1 - cos(x)) + x**10/10, x)",
                "integrate(1 + sum((-1)**n * (x**(2*n))/(2*n + 1)! for n in range(5)), x)"
              ],
              "children": []
            },
            {
              "level": 2,
              "variants": [
                "integrate(1, x)",
                "integrate(1 * 1, x)",
                "integrate(diff(x, x)",
                "integrate(1 - 0*t, x)",
                "integrate(cos(0)**2, x)",
                "integrate(x * 0, x)",
                "integrate(exp(0), x)",
                "integrate(3 / 3, x)",
                "integrate(sin(0)/sin(0), x)",
                "integrate(1, x)",
                "integrate(cos(0), x)"
              ],
              "children": []
            }
          ]
        },
        {
          "level": 1,
          "variants": [
            "integrate((x**2 + 1)x/x**2 - x/x**2, x)",
            "integrate((x + 1) * (x/x), x)",
            "integrate((x**2 + 1 - 1/x) * (1/x), x)",
            "integrate((x**2 + 1)/(x) - 1/x**2, x)",
            "integrate(x/(1 - x/x**2) + (1/x), x)",
            "integrate(x + 1/x - 1/x**2, x)",
            "integrate(((x**2 + 1)*x)/((x - 1)**2), x)",
            "integrate(x**2*exp(0*x) + exp(0*x)/x - exp(0*x)/x**2, x)",
            "integrate((1 + x**2) * (1/x - 1/x**2), x)",
            "integrate((x*x**2/x**2 + 1/x**2 - 1/x**2), x)",
            "integrate((x**3 + x)/(x(x**2)), x)"
          ],
          "children": [
            {
              "level": 2,
              "variants": [
                "integrate((x**2 + 1)x/x**2 - x/x**2, x)",
                "integrate(x, x)",
                "integrate(x - x^{-1}, x)",
                "integrate((x^2 - 1)/x, x)",
                "integrate(u * dx, x)",
                "integrate(1 - 1/x^2, x)",
                "integrate(x + (1/x), x)",
                "integrate((x + 1/x - 1/x), x)",
                "integrate(x + 1/x - 1/x**2, x)",
                "integrate((x**2 + 1 - 1/x)/x, x)",
                "integrate(x - 1/x, x)"
              ],
              "children": []
            }
          ]
        },
        {
          "level": 1,
          "variants": [
            "integrate((x**3 + k)/(x**2 + k), x)",
            "integrate(x, x)",
            "integrate(x + k/(x**2 + k), x)",
            "integrate((x/(x**2 + k) + (k/(x**2 + k))), x)",
            "integrate((x**3 + |k|*e**(i*theta))/(x**2 + |k|*e**(i*theta)), x)",
            "integrate((x + (k/(x**2 + k)))/(x^2 + k), x)"
          ],
          "children": [
            {
              "level": 2,
              "variants": [
                "integrate((x**3 + k)/(x**2 + k), x)"
              ],
              "children": []
            }
          ]
        },
        {
          "level": 1,
          "variants": [
            "integrate((x**3/(x**2 + 1) + 1/(x**2 + 1)), x)",
            "integrate(x**3/(x**2 + 1), x)",
            "integrate(x, x)",
            "integrate(A/(x + I) + B/(x - I) + (x**3)/(x**2 + 1), x)",
            "integrate(x**3/(x**2 + 1) + (1/(I*(x - I))) + (1/(-I*(x + I))), x)",
            "integrate(x**3/(x**2 + 1) + (1/(x**2 + 1)), x)",
            "integrate((x**3/(e**x + 1) + e**(-x))/(e**x + 1), x)",
            "integrate(x - 1 + 1/(x**2 + 1), x)",
            "integrate(x + (1 - x)/(x**2 + 1), x)",
            "integrate( x**3/(x**2 + 1), x)",
            "integrate((x**4)/( (x**2 + 1)**2) + (x)/(x**2 + 1), x)"
          ],
          "children": [
            {
              "level": 2,
              "variants": [
                "integrate(x + x/(x**2 + 1), x)",
                "integrate(x + x/(x**2 + 1), x)",
                "integrate(x + x/(x**2 + 1) + (1/(x**2 + 1) - 1/(x**2 + 1)), x)",
                "integrate(x + x/(tan(theta)**2 + 1), x)",
                "integrate((x**2 + 1)/(x**2 + 1) + x/(x**2 + 1), x)",
                "integrate(x + derivatives.append(x/(x**2 + 1)), x)",
                "integrate(x + sum(((-1)**n)*(x**(2*n + 1))/(2*n + 1)**2 for n in range(10)), x)",
                "integrate(k*x + k*x/(x**2 + 1), x)",
                "integrate(x + tan(atan(x)), x)",
                "integrate(x + (1/2)*diff(log(x**2 + 1), x)",
                "integrate(x**2 + (x - x**2) + (x/(x**2 + 1)), x)"
              ],
              "children": []
            },
            {
              "level": 2,
              "variants": [
                "integrate(x**3/(x**2 + 1), x)",
                "integrate(x**2 * (x**2 - 1), x)",
                "integrate((x**2)/(1/x + 1), x)",
                "integrate((x**2 + 1)(x - 1) + 1, x)",
                "integrate((x**2 + c)*(c - x), x)",
                "integrate(x + -x/(x**2 + 1), x)",
                "integrate((x**2)*x - x/(x**2 + 1), x)",
                "integrate((x**2 - 1) + 1/(x**2 + 1), x)",
                "integrate((x**2)/(x**2 + 1), x)",
                "integrate(x**2, x)",
                "integrate((x**2 + 1 - 1)/(x**2 + 1), x)"
              ],
              "children": []
            },
            {
              "level": 2,
              "variants": [
                "integrate(x - x/(x**2 + 1), x)",
                "integrate((1/2)*2*x - x/(x**2 + 1), x)",
                "integrate(x**3/(x**2 + 1), x)",
                "integrate(x * exp(-log(x**2 + 1)), x)",
                "integrate(x**2/(x**2 + 1), x)",
                "integrate(x - (1/(x**2 + 1)), x)",
                "integrate(x - (1/2 * (2*x)/(x**2 + 1)), x)",
                "integrate(x*1 - Integrate((x)/(x**2 + 1), x)",
                "integrate(x - 1 + 1/(x**2 + 1), x)",
                "integrate(x - tanh(atan(x)), x)",
                "integrate(log(x**2 + 1), x)"
              ],
              "children": []
            }
          ]
        },
        {
          "level": 1,
          "variants": [
            "integrate(x^3 + 1, x)",
            "integrate((x + 1)*(x**2 - x + 1), x)",
            "integrate(x**3 + 1, x)",
            "integrate((x**3 + 1) - 1, x)",
            "integrate((x**3 + 1) + I*0, x)",
            "integrate(((x + 1)**3 - 3*(x + 1) + 3), x)",
            "integrate(1*x**3 + 1*1, x)",
            "integrate(x**3 + 0*x + 1, x)",
            "integrate((x**3 + 1) + I*(0), x)",
            "integrate(x**3 + x**0, x)",
            "integrate((x + 1)**3 - 3*x**2 - 3*x - 1, x)"
          ],
          "children": [
            {
              "level": 2,
              "variants": [
                "integrate((x+1)*(x**2 - x + 1), x)",
                "integrate(x**3 + 1, x)",
                "integrate((x + 1) * (x**2 - x + 1), x)",
                "integrate((u - 1) * (x + 1), x)",
                "integrate(x**3, x)",
                "integrate((x**3 + 1)/(x + 1), x)",
                "integrate((x + 1) * ((x - 1/2)**2 + 3/4), x)",
                "integrate(sin(x + pi/4) * cos(x + pi/4) + sin(x + pi/4), x)",
                "integrate((x^2 - (1 + r))*x + (x + 1)/(1 - r), x)",
                "integrate(x*(x + 2) - (x - 1), x)",
                "integrate(2*(x+1)*(1/2*(x**2 - x + 1)), x)"
              ],
              "children": []
            },
            {
              "level": 2,
              "variants": [
                "integrate(((x + 1)**3 - 3*(x + 1)*1 + 3), x)",
                "integrate(((x + 1)**3 - 3*(x + 1) + 2 + 1), x)",
                "integrate(x**3 + 3*x**2 + 1, x)",
                "integrate((x + 1)**3 - 3*(x + 1), x)",
                "integrate(E**(x + 1) - 1, x)",
                "integrate(3*(x + 1) + (x - (x + 1)**2), x)",
                "integrate((1 - 2*k + (x + 1)**2)(x + y), x)",
                "integrate(((x - 1)*(x + 1)**2), x)",
                "integrate(((x + 1)**2 - 2)**2, x)",
                "integrate((x + 1) * ((x + 1)**2 - 3), x)",
                "integrate((x + 2) * ((x + 1)**2 - 1), x)"
              ],
              "children": []
            },
            {
              "level": 2,
              "variants": [
                "integrate(x**3, x)",
                "integrate((x**2 + x**2 - x**2) * x, x)",
                "integrate((x**(1/3))**9, x)",
                "integrate((x - 1)**3 + 3*(x - 1)**2 + 3*(x - 1) + 1 - 1, x)",
                "integrate((e**(3*log(x))), x)",
                "integrate(diff(x**4, x)",
                "integrate(x**2 * (x + 0), x)",
                "integrate(sin(3*x)*cos(x), x)",
                "integrate(diff(x**4/4, x)",
                "integrate(x**2 * x, x)",
                "integrate((x + 1)**3 - 3*(x + 1)**2 + 3*(x + 1) - 1, x)"
              ],
              "children": []
            }
          ]
        },
        {
          "level": 1,
          "variants": [
            "integrate(1 + 1/(x**2 + 1) - 1/(x**2 + 1), x)",
            "integrate(0 + 1, x)",
            "integrate((x**2 + 1)/(x**2 + 1), x)",
            "integrate(f(x) + 1, x)",
            "integrate(1 + sin(0) , x)",
            "integrate(1 + 1/(t) - 1/(t), x)",
            "integrate(2/2 + 1/(x**2 + 1) - 1/(x**2 + 1), x)",
            "integrate(1 + 1/y - 1/y, x)",
            "integrate(1 + 0 + (1 - (1 - 1/(x**2 + 1))), x)",
            "integrate(1 + integrate(1/(x**2 + 1) - 1/(x**2 + 1), x)",
            "integrate(1 + 0, x)"
          ],
          "children": [
            {
              "level": 2,
              "variants": [
                "integrate((x**2 + 1)/(x**2 + 1), x)",
                "integrate((x**2 + 1 + x**2 - x**2)/(x**2 + 1), x)",
                "integrate(((x**2 + 1)/(x**2 + 1)) - (x**2/(x**2 + 1)), x)",
                "integrate(((x**2 + 1)/(x**2 + 1) - 1 + 1), x)",
                "integrate(1, x)",
                "integrate(((x + 1)**2 - 2x)/(x**2 + 1), x)",
                "integrate((1 - (1/(x**2 + 1))), x)",
                "integrate((x**2 + i)/(x**2 + 1), x)",
                "integrate((x**2 + 1)/((x**2 + 1) + 0), x)",
                "integrate((1 + 1/(x^2 + 1)), x)",
                "integrate((1 + I*0)/(1 + I*0), x)"
              ],
              "children": []
            },
            {
              "level": 2,
              "variants": [
                "integrate(1 + 0, x)",
                "integrate(1 + 2 - 2, x)",
                "integrate(2 * (1/2), x)",
                "integrate(exp(0), x)",
                "integrate(sin(0)**2 + cos(0)**2, x)",
                "integrate(diff(x), x)",
                "integrate(Re(exp(I * 0)), x)",
                "integrate(1 * (x/x), x)",
                "integrate((-1)**2, x)",
                "integrate(1 * (1 + 0), x)",
                "integrate(1 + sin(0), x)"
              ],
              "children": []
            },
            {
              "level": 2,
              "variants": [
                "integrate(1, x)",
                "integrate(exp(0), x)",
                "integrate(2 * (1/2), x)",
                "integrate(sin(x)**2 + cos(x)**2, x)",
                "integrate(Heaviside(x), x)",
                "integrate(pi/pi, x)",
                "integrate(differentiate(x, x)",
                "integrate(gamma(1), x)",
                "integrate(1/(sqrt(2*pi)) * exp(-x**2/2), x)",
                "integrate(1/x, x)"
              ],
              "children": []
            }
          ]
        },
        {
          "level": 1,
          "variants": [
            "integrate(x + (x - 1)/(x**2 + 1), x)",
            "integrate(x + (1 - (1/(x**2 + 1))), x)",
            "integrate(x * (1 + (1 - 1/(x**2 + 1))), x)",
            "integrate((x**3 + x - x/(x**2 + 1)), x)",
            "integrate(tan(theta) + (tan(theta) - 1)/(1 + tan(theta)**2), x)",
            "integrate(x + d/dx(arctan(x)), x)",
            "integrate(differentiate(x**2/2 + (1/2) * arctan(x)), x)",
            "integrate((x**2 + x^3 + 1)/(x**2 + 1), x)",
            "integrate(x * (1 + u/(u - 1)), x)",
            "integrate(x, x)",
            "integrate(x + (x - 1)/(e^(i*x) + e^(-i*x)), x)"
          ],
          "children": [
            {
              "level": 2,
              "variants": [
                "integrate(x + (x - 1)/(x**2 + 1), x)",
                "integrate(x + (x/(x**2 + 1) - 1/(x**2 + 1)), x)",
                "integrate(sqrt(x**2 + 1) + (x - 1)/(x**2 + 1), x)",
                "integrate((x-1) + ((x - (1-1))/(x**2 + 1)), x)",
                "integrate(1 + (1/(x**2 + 1) - 1/x**2), x)",
                "integrate(h(x) + (h'(x) - h(x))/(h(x)**2), x)",
                "integrate((1/x**2) + 2*(x - 1)/(x**2 + 1), x)",
                "integrate((x**3)/(x**2) + (x - 1)/(x**2 + 1), x)",
                "integrate(x + (1/2) * log(x**2 + 1) - (1/2) * log(2), x)",
                "integrate((1/2)*((2*x + 2)/(x**2 + 1) + 1), x)",
                "integrate((x * (x ** 2 + 1))/(x**2 + 1) + (1/(x**2 + 1)), x)"
              ],
              "children": []
            }
          ]
        },
        {
          "level": 1,
          "variants": [
            "integrate(x + 1 - (x^2 - x + 1)/(x**2 + 1), x)",
            "integrate((x^2 + 1)/(x^2 + 1) + x - (x^2 - x + 1)/(x^2 + 1), x)",
            "integrate( (x + 1 - pi/4) + (pi/4 - (x^2 - x + 1)/(x^2+1)), x)",
            "integrate(x, x)",
            "integrate(sinh(x) + cosh(x) - (sinh^2(x)-sinh(x)+1)/(cosh^2(x)), x)",
            "integrate(x + 2 - (x^2 + 2 - x + 1)/(x^2 + 1), x)",
            "integrate( (A*sin(x) + B*cos(x)) - (0.5*sin^2(x) - 0.5*sin(x) + 1)/(1), x)",
            "integrate(x + 1 - (x**2 - x + 1)/((x + I)*(x - I)), x)",
            "integrate(x + 1 - A/(x^2 + 1) - B/(x^2 + 1), x)",
            "integrate(log(abs(x + 1)) + log(abs(x^2 + 1)) - (x^2 - x + 1)/(x**2 + 1), x)",
            "integrate(1 + (x^3)/(x^2 + 1) - (1 - x)/(x^2 + 1), x)"
          ],
          "children": [
            {
              "level": 2,
              "variants": [
                "integrate(x, x)",
                "integrate(x**1, x)",
                "integrate(exp(log(x)), x)",
                "integrate(2*x, x)",
                "integrate(x - 1 + 1, x)",
                "integrate(x**2/x, x)",
                "integrate(1 * x**1, x)",
                "integrate(u*dv, x)",
                "integrate(x * 1, x)",
                "integrate(e**(log(x)), x)",
                "integrate((lambda t: t), x)"
              ],
              "children": []
            },
            {
              "level": 2,
              "variants": [
                "integrate(x + 1 - (u - 1) / u, x)",
                "integrate(x, x)",
                "integrate(x + 1 - (2/x) + 1/x, x)",
                "integrate(x + 1 - (v + 1)/ (v + 2), x)",
                "integrate(x + 1 - (sec^2(t) - 1)/ sec^2(t), x)",
                "integrate(x + 1 - (3*(u/3 - 1))/(u/3), x)",
                "integrate(x + 1 - (u - 1)/ln(u), x)",
                "integrate(x + 1 - (u - 1)/(1 + (u - 1) + (u - 1)^2/2 + ...), x)",
                "integrate((x + 1) - 1/u, x)",
                "integrate((x+c + 1 - (u-1)/u), x)",
                "integrate(x + 1 - (e^x - 1)/e^x, x)"
              ],
              "children": []
            },
            {
              "level": 2,
              "variants": [
                "integrate(1 - (x^2 - x + 1)/(x**2 + 1), x)",
                "integrate(1 + (1/x) - (1/(x**2 + 1)), x)",
                "integrate(1 - 1/(x**2 + 1) + (x - 1)/ (x**2 + 1), x)",
                "integrate(x/(x**2 + 1), x)",
                "integrate(1 - (1 - x + x^2/2 + O(x^3)) / (1 + x^2), x)",
                "integrate(1/(x^2 + 1), x)",
                "integrate(log(x^2 + 1), x)",
                "integrate((1/2) * diff(x**2 + 1, x)",
                "integrate(1/2 * diff(atan(x), x)",
                "integrate(1 - A/(x**2 + 1) + B/x, x)",
                "integrate(1 - (x**2 - x + 1)/(1 + y^2), x)"
              ],
              "children": []
            }
          ]
        },
        {
          "level": 1,
          "variants": [
            "integrate(A/(x + j) + B/(x - j) + C/(x^2 + 1), x)"
          ],
          "children": [
            {
              "level": 2,
              "variants": [
                "integrate(A/(x + I) + B/(x - I) + C/(x^2 + 1), x)",
                "integrate((A*(x - I) + B*(x + I) + C)/(x^2 + 1), x)",
                "integrate(A/(x + exp(I * pi / 2)) + B/(x - exp(I * pi / 2)) + C/(x^2 + 1), x)",
                "integrate(A/(x + I) + B/(x - I) + 0.5*C/(x^2 + 1) + 0.5*C/(x^2 + 1), x)",
                "integrate(A/((x + I)) + B/((x - I)) + (C/2)*2/(x^2 + 1), x)",
                "integrate(log((x + I)/(x - I)), x)",
                "integrate(A/(x + I) + B/(x - I) + C * diff(tan(x), x)",
                "integrate(A/(x + I) + B/(x - I) + C*exp(-I*x)/(1 + exp(-2*I*x)), x)",
                "integrate((A - B)/(i*(x^2 + 1)), x)",
                "integrate(A + 1/(x + I) + B/(x - I), x)",
                "integrate(A/(x - I) + B/(x + I) + C*exp(I*atan(x)), x)"
              ],
              "children": []
            },
            {
              "level": 2,
              "variants": [
                "integrate((A*(x - j) + B*(x + j) + C*(x^2 + 1))/(x^2 + 1), x)",
                "integrate((A*x + B*x + C * (x**2 + 1))/(x**2 + 1) + (A*(-j) + B*j)/(x**2 + 1), x)",
                "integrate((A*(x - j) + B*(x + j) + C)/1 + C/(x**2 + 1), x)",
                "integrate((A*(x - 1j) + B*(x + 1j) + C*(x**2 + 1))/((x**2 + 1)), x)",
                "integrate(A*(x - j)/(x**2 + 1), x)",
                "integrate((A*(x - j) + B*(x + j) + C)/(1), x)",
                "integrate((A*(x - alpha) + B*(x + alpha) + C*(x**2 + 1))/(x**2 + 1), x)"
              ],
              "children": []
            },
            {
              "level": 2,
              "variants": [
                "integrate(A/(x + j) + B/(x - j) + C*arctan(x), x)",
                "integrate(log((x+j)/(x-j)), x)",
                "integrate((A/(x + exp(1j*t)) + B/(x - exp(1j*t))), x)",
                "integrate(A/x + B/(x^2 + 1) + C * arctan(x), x)",
                "integrate(differentiate(log(x+j)) + differentiate(log(x-j)) + C * arctan(x), x)",
                "integrate(A/(x + j) + B/(x - j) + C * (x - (x^3)/3 + O(x^5)), x)",
                "integrate(imaginary(log(x+j)) + imaginary(log(x-j)) + C * arctan(x), x)"
              ],
              "children": []
            }
          ]
        },
        {
          "level": 1,
          "variants": [
            "integrate(x + (1 - x)/(x**2 + 1), x)"
          ],
          "children": [
            {
              "level": 2,
              "variants": [
                "integrate(x, x)",
                "integrate(sqrt(x**2), x)",
                "integrate(x * 1, x)",
                "integrate(tanh(x)**2, x)",
                "integrate(exp(ln(x)), x)",
                "integrate((x**2 - 1) + 1, x)",
                "integrate((a + b), x)",
                "integrate(x + 0, x)",
                "integrate(exp(log(x)), x)",
                "integrate(1 + (x - 1), x)",
                "integrate(-(-x), x)"
              ],
              "children": []
            },
            {
              "level": 2,
              "variants": [
                "integrate(x + (1/(x**2 + 1)) - (x/(x**2 + 1)), x)",
                "integrate(x * (1 - 1/(x**2 + 1)) + 1/(x**2 + 1), x)",
                "integrate(tan(x)**2 + 1/(tan(x)**2 + 1), x)",
                "integrate(x + d/dx(tan^{-1}(x)), x)",
                "integrate(x + 1/(x**2 + 1) - 1/(x**2 + 1) * x, x)",
                "integrate(u, x)",
                "integrate(log(x**2 + 1), x)",
                "integrate(e^(ix) + e^(-ix)/(2) - (x/(2)), x)",
                "integrate(x - (x/(x**2 + 1)) + (1/(x**2 + 1)), x)"
              ],
              "children": []
            },
            {
              "level": 2,
              "variants": [
                "integrate(x + 1/(x**2 + 1), x)",
                "integrate(x, x)"
              ],
              "children": []
            }
          ]
        },
        {
          "level": 1,
          "variants": [
            "integrate(x + 1/(x**2 + 1), x)",
            "integrate(ln(exp(x)) + 1/(x**2 + 1), x)",
            "integrate(x**3/3 + (x**3 - 3*x)/3 + 1/(x**2 + 1), x)",
            "integrate(x + sum( (-1)**n*x**(2*n) for n in range(10)), x)",
            "integrate((x**3 + x)/(x**2 + 1), x)",
            "integrate(x, x)",
            "integrate(x * dx + 1/(x**2 + 1) * dx, x)",
            "integrate(1/y, x)",
            "integrate(e^(ix) + 1/(x**2 + 1), x)",
            "integrate(x + 1, x)",
            "integrate(1/x + (1/(1 + 1/x**2)), x)"
          ],
          "children": [
            {
              "level": 2,
              "variants": [
                "integrate(x, x)",
                "integrate(tan(x), x)",
                "integrate(sqrt(x**2), x)",
                "integrate(exp(ln(x)), x)",
                "integrate((x**2)**(1/2), x)",
                "integrate(c, x)",
                "integrate(A * sin(x), x)",
                "integrate(x * 1, x)",
                "integrate((x - 1) + 1, x)",
                "integrate(exp(log(x)), x)",
                "integrate((x + 0)**2 - 0**2, x)"
              ],
              "children": []
            },
            {
              "level": 2,
              "variants": [
                "integrate(v, x)",
                "integrate(a + b*x, x)",
                "integrate(Re(exp(I*x)), x)",
                "integrate(R*sin(w*x + phi), x)",
                "integrate(a * (x - b), x)",
                "integrate(u * dv, x)",
                "integrate((x**2) * v(x/x**2), x)",
                "integrate(v / (1 + n*v**2), x)",
                "integrate(u + (v - u), x)",
                "integrate(exp(log(v)), x)",
                "integrate(1/2 * (2*v), x)"
              ],
              "children": []
            },
            {
              "level": 2,
              "variants": [
                "integrate(x/(x**2 + 1), x)",
                "integrate(0.5 * (2 * x) / (x**2 + 1), x)",
                "integrate((u - 1) / u, x)",
                "integrate(sin(2 * atan(x)) / (cos(atan(x))**2), x)",
                "integrate(1 - (1/(x**2 + 1)), x)",
                "integrate(d(log(x**2 + 1))/dx, x)",
                "integrate(0.5 * d(log(x**2 + 1))/dx, x)",
                "integrate(0.5 * tan(atan(x)), x)",
                "integrate(0.5 * exp(i * log(x**2 + 1)), x)",
                "integrate(0.5 * 2 * x / (x**2 + 1), x)",
                "integrate(1/2 * (diff(log(x**2 + 1), x)"
              ],
              "children": []
            }
          ]
        },
        {
          "level": 1,
          "variants": [
            "integrate(1 + (x^2 - 1)/(x^2 + 1), x)",
            "integrate(1, x)"
          ],
          "children": [
            {
              "level": 2,
              "variants": [
                "integrate(1 + (x^2 - 1)/(x^2 + 1), x)",
                "integrate(1 - 2/(x**2 + 1), x)",
                "integrate(2*x**2/(x**2 + 1) + 1/(x**2 + 1), x)",
                "integrate(ln(x**2 + 1), x)",
                "integrate(2/(1 + (1/x**2)), x)",
                "integrate(x**2/(x**2 + 1) - 2/(x**2 + 1), x)",
                "integrate(x**0 + (x**2 - 1)/(x**2 + 1), x)",
                "integrate(1 + 1 - 2/(x**2 + 1), x)",
                "integrate(1 + (x - 1)/(x + 1) - 1/(x + 1), x)",
                "integrate(1 + ((x**2 + a) - (1+a))/(x**2 + a + 1), x)",
                "integrate(2*tan(x)**2/(tan(x)**2 + 1), x)"
              ],
              "children": []
            }
          ]
        }
      ]
    }
  ]
}