{
  "base_question": "integrate(cosh(2*x), x)",
  "tree": [
    {
      "level": 0,
      "variants": [
        "integrate(cosh(2*x), x)",
        "integrate((exp(2*x) + exp(-2*x)) / 2, x)",
        "integrate(cos(2*i*x), x)",
        "integrate(sinh(2*x), x)",
        "integrate(1/2 * (e^(2*x) + e^(-2*x)), x)",
        "integrate(cosh(-2*x), x)",
        "integrate(x * sinh(2*x), x)",
        "integrate(1 + (2*x)**2 / 2 + ((2*x)**4) / 24 + ..., x)",
        "integrate(cosh(2*x) * exp(-ax), x)",
        "integrate((exp(2*I*x) + exp(-2*I*x)) / 2, x)",
        "integrate(sqrt(1 + sinh(2*x)^2), x)"
      ],
      "children": [
        {
          "level": 1,
          "variants": [
            "integrate((exp(2*x) + exp(-2*x)) / 2, x)",
            "integrate(cosh(2*x), x)",
            "integrate((exp(2*x) + exp(-2*x)) / 2, x)",
            "integrate(cos((2*x)), x)",
            "integrate(u * exp(2*x), x)",
            "integrate((exp(2*x) - exp(-2*x) + 2*exp(-2*x))/2, x)",
            "integrate(log(exp(2*x)), x)",
            "integrate(exp(2*x)/2, x)",
            "integrate((1/2)*(e**(2*x) + e**(-2*x)), x)",
            "integrate((sum((2**n/factorial(n))*x**n for n in range(20))/2), x)",
            "integrate(differentiate(cosh(2*x), x)"
          ],
          "children": [
            {
              "level": 2,
              "variants": [
                "integrate((exp(2*x) + exp(-2*x)) / 2, x)",
                "integrate(cosh(2*x), x)",
                "integrate(sum([((2*x)**n) / factorial(n) for n in range(100)]) + sum([((-2*x)**n) / factorial(n) for n in range(100)]), x)",
                "integrate((exp(2*I*x) + exp(-2*I*x)) / 2, x)",
                "integrate(log(exp(2*x) + exp(-2*x)), x)",
                "integrate((a*exp(2*x) + b*exp(-2*x)) / 2, x)",
                "integrate(e^(2*x), x)"
              ],
              "children": []
            }
          ]
        },
        {
          "level": 1,
          "variants": [
            "integrate(2*cosh(x)**2 - 1, x)",
            "integrate(e**(2*x) + e**(-2*x) + 1, x)",
            "integrate(cosh(2*x), x)",
            "integrate(2*cos(ix)**2 - 1, x)",
            "integrate(2*(1 + x**2/2 + x**4/24 + ...) - 1, x)",
            "integrate(diff(2*cosh(x)**2 - 1, x)",
            "integrate(2*sin(x)**2 + 2*cos(x)**2 - 1, x)",
            "integrate(2*cosh(x)**2 - 1, x)",
            "integrate(2*(-cosh(-x)**2) - 1, x)",
            "integrate(2*u**2 - 1, x)",
            "integrate((e**(2*x) + 2 + e**(-2*x))/2, x)"
          ],
          "children": [
            {
              "level": 2,
              "variants": [
                "integrate(cosh(2*x), x)",
                "integrate(1/2 * exp(2*x) + 1/2 * exp(-2*x), x)",
                "integrate(cos(2*I*x), x)",
                "integrate(1/4 * (exp(2*x) + 2 + exp(-2*x)) - 1/4, x)",
                "integrate(diff(sinh(2*x), x)",
                "integrate(1/2 * (cosh(2*x) + cosh(-2*x)), x)",
                "integrate(2 * diff(sinh(2*x), x)",
                "integrate(3/3 * cosh(2*x), x)",
                "integrate(diff(sinh(x)**2, x)",
                "integrate(Re(exp(2*I*x)), x)"
              ],
              "children": []
            }
          ]
        },
        {
          "level": 1,
          "variants": [
            "integrate(sinh(2*x)/2, x)",
            "integrate(e**(2*x)/4 - e**(-2*x)/4, x)",
            "integrate(sinh(x) * cosh(x), x)",
            "integrate(sinh(2*(x + pi/4))/2, x)",
            "integrate((e**(2*x) + e**(-2*x)) / 4, x)",
            "integrate(sinh(2*(x - pi/2))/2, x)",
            "integrate(sinh(2*x + pi)/2, x)",
            "integrate(log(e**(2*x)+1)-log(e**(-2*x)+1), x)",
            "integrate((1/2 * sinh(2*x) - x + x) , x)",
            "integrate(e**(2*x)/2 - e**(-2*x)/2, x)",
            "integrate(sinh(2*x), x)"
          ],
          "children": [
            {
              "level": 2,
              "variants": [
                "integrate((e**(2*x) - e**(-2*x))/4, x)",
                "integrate(sinh(2*x)/2, x)",
                "integrate(sinh(2*x), x)",
                "integrate((1/4) * d(sinh(2*x))/dx, x)",
                "integrate((1/8) * (2 * (e**(2*x) - e**(-2*x))), x)",
                "integrate((1/2) * sinh(2*x)/2, x)",
                "integrate((1/4) * (e**(2*x) - e**(-2*x)), x)",
                "integrate(cos(2*x + pi/2)/2, x)",
                "integrate(2 * ((1/2) * sinh(2*x)), x)",
                "integrate((e**(-2*x) * (e**(4*x) - 1))/4, x)",
                "integrate((e**(2*x) - e**(-2*x))/2, x)"
              ],
              "children": []
            },
            {
              "level": 2,
              "variants": [
                "integrate(sinh(2*x), x)",
                "integrate((exp(2*x) - exp(-2*x)) / 2, x)",
                "integrate(-I*sin(I*2*x), x)",
                "integrate(exp(2*x), x)",
                "integrate(2 * sinh(x) * cosh(x), x)",
                "integrate(2*sin(x)*cos(x)*exp(x), x)",
                "integrate(sinh(2*x), x)",
                "integrate(d(2*cosh(2*x), x)",
                "integrate(exp(2*x)/2 - exp(-2*x)/2, x)",
                "integrate((exp(2*x) - exp(-2*x))/2, x)",
                "integrate(sinh(2*x) * 1, x)"
              ],
              "children": []
            },
            {
              "level": 2,
              "variants": [
                "integrate(e**(2*x) / 4, x)",
                "integrate(e**(2*x) / 2 * 1/2, x)",
                "integrate(e**(2*x) * (1/2)**2, x)",
                "integrate((e**(2*x) * e**0) / 4, x)",
                "integrate(e**(2*x) / (4 * e**0), x)",
                "integrate((e**(2*x) / 2) / 2, x)",
                "integrate((d(e**(2*x), x)",
                "integrate(1/4 * (e**(2*x) + e**(-2*x)), x)",
                "integrate(e**(2*x) / 4, x)",
                "integrate(e**(2*x) / 1 * (1/4), x)"
              ],
              "children": []
            }
          ]
        },
        {
          "level": 1,
          "variants": [
            "integrate(Re(exp(2*I*x)), x)",
            "integrate((exp(2*I*x) + exp(-2*I*x)) / 2, x)",
            "integrate(sin(2*x), x)",
            "integrate((cos(2*x) + cos(0))/2, x)",
            "integrate(1/2 * (sin(2*x + pi/2) - sin(2*x - pi/2)), x)",
            "integrate(I * (exp(I*2*x) - exp(-I*2*x)) / (2*I), x)",
            "integrate((sin(2*x + pi/4)) / sqrt(2), x)",
            "integrate(sin(2*x) * cos(pi/4), x)",
            "integrate((1/4) * (exp(2*I*x) + exp(-2*I*x)), x)",
            "integrate(cos(2*x) * x, x)",
            "integrate(cos(2*x), x)"
          ],
          "children": [
            {
              "level": 2,
              "variants": [
                "integrate(Re(exp(2*I*x)), x)",
                "integrate(cos(2*x), x)",
                "integrate(sin(2*x + (pi/2)), x)",
                "integrate(1/2 * (e^(2*I*x) + e^(-2*I*x)), x)",
                "integrate(sin(2*x + pi/2), x)",
                "integrate((e^(2*I*x) + e^(-2*I*x))/2, x)",
                "integrate(cos(2*x) * (1 + 0), x)",
                "integrate(cos(2*x) + sin(2*x) - sin(2*x), x)",
                "integrate(Re(e^(2*i*x + pi)), x)",
                "integrate(Re(exp(i*x)), x)",
                "integrate(Re(exp(2*I*x)), x)"
              ],
              "children": []
            }
          ]
        },
        {
          "level": 1,
          "variants": [
            "integrate(cosh(x)*cosh(x) + sinh(x)*sinh(x), x)",
            "integrate(exp(2*x)/2 + exp(-2*x)/2, x)",
            "integrate(cos(x)*cosh(x), x)",
            "integrate(sinh(x)**2 + cosh(x)**2, x)",
            "integrate(cosh(-x)*cosh(-x) + sinh(-x)*sinh(-x), x)",
            "integrate(tan(x)**2 + 1, x)",
            "integrate(cosh(x + h)*cosh(x + h) + sinh(x + h)*sinh(x + h), x)"
          ],
          "children": [
            {
              "level": 2,
              "variants": [
                "integrate(cosh(2*x)/2, x)",
                "integrate((exp(2*x) + exp(-2*x)) / 4, x)",
                "integrate(1 + (2*x)**2/2 + (2*x)**4/24, x)",
                "integrate((exp(2*I*x) + exp(-2*I*x))/4, x)",
                "integrate((sinh(2*x) + 1)/2, x)",
                "integrate(sqrt(2)*cos(sqrt(2)*x), x)",
                "integrate(exp(2*x) / 2 + exp(-2*x) / 2, x)",
                "integrate((exp(2*x) + 1) / (2*(1 - exp(2*x))), x)",
                "integrate(1 + 2*x^2 + (2x)^4/24, x)",
                "integrate(1/2 * d(cosh(2*x)), x)",
                "integrate((exp(2*x) + exp(-2*x))/4, x)"
              ],
              "children": []
            },
            {
              "level": 2,
              "variants": [
                "integrate((exp(x) + exp(-x))^2/4 + (exp(x) - exp(-x))^2/4, x)",
                "integrate((cosh(x)**2 + sinh(x)**2), x)",
                "integrate(exp(2*x)/4 + 1/4 + exp(-2*x)/4, x)",
                "integrate((1/4) * (e^(2*x) + 2 + e^(-2*x)), x)",
                "integrate((1/4) * ((1 + x + x**2/2 + x**3/6 + ...) + (1 - x + x**2/2 - x**3/6 + ...)), x)",
                "integrate((1/4) * (cosh(2*x) + 1), x)",
                "integrate(exp(x) * exp(x) / 4, x)",
                "integrate(cosh(x)**2 + sinh(x)**2, x)",
                "integrate((e^x + e^{-x})/2 + (e^x - e^{-x})/2, x)",
                "integrate(1/2 + 1/2*cosh(2*x), x)",
                "integrate(2*cosh(x)*cosh(x), x)"
              ],
              "children": []
            },
            {
              "level": 2,
              "variants": [
                "integrate((1 + sinh(2*x)/2), x)",
                "integrate(1 + (e**(2*x) - e**(-2*x))/4, x)",
                "integrate(1, x)",
                "integrate(1 + (2*sinh(x)*cosh(x)), x)",
                "integrate(1 + (1/4)*exp(2*x) - (1/4)*exp(-2*x), x)",
                "integrate(1 + (sinh(2*x) / 4 + cosh(2*x) / 4), x)"
              ],
              "children": []
            }
          ]
        },
        {
          "level": 1,
          "variants": [
            "integrate(2*sinh(x)*cosh(x), x)",
            "integrate(sinh(2*x), x)"
          ],
          "children": [
            {
              "level": 2,
              "variants": [
                "integrate(sinh(2*x), x)",
                "integrate((exp(2*x) - exp(-2*x)) / 2, x)",
                "integrate((e^(2*x) - e^(-2*x))/2, x)",
                "integrate(sinh(2*(x + 1)), x)",
                "integrate((1/2) * (exp(2*I*x) - exp(-2*I*x)), x)",
                "integrate(sinh(2*(x + pi)), x)",
                "integrate(2*sin(2x)/2, x)",
                "integrate(sin(2x*sinh(1)), x)",
                "integrate(sinh(2*x)/2, x)",
                "integrate(log(sinh(2*x)), x)",
                "integrate((exp(2*x) - exp(-2*x))/2, x)"
              ],
              "children": []
            },
            {
              "level": 2,
              "variants": [
                "integrate(2*(exp(x) - exp(-x))/2 * (exp(x) + exp(-x))/2, x)",
                "integrate(sinh(x) * sinh(x), x)",
                "integrate(e**x - e**(-x), x)",
                "integrate(diff(exp(x) * exp(x) / 2, x)",
                "integrate((exp(x) + exp(-x)) * (exp(x) - exp(-x)) * (1/2), x)",
                "integrate((exp(2 * x) - 1) / (exp(x)), x)",
                "integrate((2 * sinh(x) * sinh(x)), x)",
                "integrate((2 * (exp(-x) - exp(x))/(-2) * (exp(x) + exp(-x))/(-2)), x)",
                "integrate(e**(2*x) - 1/(e**(2*x)), x)",
                "integrate(1/2 * d(e**(2*x))/dx, x)",
                "integrate((e**(2*x) - 1)/4, x)"
              ],
              "children": []
            },
            {
              "level": 2,
              "variants": [
                "integrate(diff(sinh(x)**2, x)",
                "integrate(diff((exp(x) - exp(-x)) / 2, x)",
                "integrate(diff((exp(x) - exp(-x))**2 / 4, x)",
                "integrate(diff(0.25 * (exp(2*x) - 2 + exp(-2*x)), x)",
                "integrate(diff((1 - cosh(2*x)) / 2, x)",
                "integrate(diff(sin(1j * x)**2, x)",
                "integrate(diff(x**2/2 - 1/4, x)",
                "integrate(diff(2 * sin(2.*(x/2)))), x)",
                "integrate(diff(sinh(x) * sinh(x), x)",
                "integrate(diff(0.5 * (exp(2*x) + 2 + exp(-2*x)), x)",
                "integrate(diff(sinh(x)**2 + O(x**4)), x)"
              ],
              "children": []
            }
          ]
        },
        {
          "level": 1,
          "variants": [
            "integrate(differentiate(sinh(2*x)), x)",
            "integrate(sinh(2*x), x)",
            "integrate((exp(2*x) - exp(-2*x)) / 2, x)",
            "integrate(2 cosh(2*x), x)",
            "integrate(-1 * sinh(2*x) + 0, x)",
            "integrate(sin(2*arcsinh(x)), x)",
            "integrate(u * cosh(2*x), x)",
            "integrate(1/4*(exp(4*x) - 1), x)",
            "integrate(2 * cosh(2*x), x)",
            "integrate(4 * (sinh(2*x) / 2), x)",
            "integrate(differentiate(sinh(2*(x + pi))), x)"
          ],
          "children": [
            {
              "level": 2,
              "variants": [
                "integrate(differentiate(sinh(2*x)), x)",
                "integrate(exp(2*x)/2 - exp(-2*x)/2, x)",
                "integrate(2*sinh(x)*cosh(x), x)",
                "integrate(sinh(2*x), x)",
                "integrate(1/(2*I)*(exp(2*x) - exp(-2*x)), x)",
                "integrate(2*tanh(x), x)",
                "integrate(2*cosh(2*x), x)",
                "integrate(sinh(2x + 0), x)",
                "integrate((e**(2*x) - e**(-2*x))/2, x)",
                "integrate(2*sin(2*x/2)/2, x)",
                "integrate(2*tanh(x)*cosh(x)**2, x)"
              ],
              "children": []
            }
          ]
        },
        {
          "level": 1,
          "variants": [
            "integrate(exp(2*x)/2 + exp(-2*x)/2, x)",
            "integrate(cosh(2*x), x)",
            "integrate(exp(x)**2 / 2 + exp(-x)**2 / 2, x)",
            "integrate((1/2) * (e**(2*x) + e**(-2*x)), x)",
            "integrate((exp(2*x) + exp(-2*x)) / 2, x)",
            "integrate(e**(2*x)/2, x)",
            "integrate(1/2 * (e**(2*x) + e**(-2*x)), x)",
            "integrate(sinh(2*x), x)",
            "integrate(cosh(2*(-x)), x)",
            "integrate((1/2)*(v**2 + 1/v**2)*log(v), x)",
            "integrate(exp(2*x)/2, x)"
          ],
          "children": [
            {
              "level": 2,
              "variants": [
                "integrate(cosh(2*x), x)",
                "integrate((exp(2*x) + exp(-2*x)) / 2, x)",
                "integrate(1/2 * exp(2*x) + 1/2 * exp(-2*x), x)",
                "integrate(cosh(2*x), x)",
                "integrate(cosh(a*x), x)",
                "integrate(1 + (2*x)**2 / math.factorial(2) + (2*x)**4 / math.factorial(4), x)",
                "integrate(sinh(2*x), x)",
                "integrate(e^(2*I*x), x)",
                "integrate(cosh(arcus(sinh(2*x))), x)",
                "integrate(cosh(x)**2 - sinh(x)**2, x)",
                "integrate(cos(2 * I * x), x)"
              ],
              "children": []
            },
            {
              "level": 2,
              "variants": [
                "integrate((exp(2*x) + exp(-2*x)) / 2, x)",
                "integrate(1/2 * (1 + (e^{4x} - 1)/(e^{4x} + 1)), x)",
                "integrate((exp(2*x) + exp(-2*x)) / 2, x)",
                "integrate(cosh(2*x), x)",
                "integrate(1/2 * (exp(2*x) + exp(-2*x)), x)",
                "integrate(cosh(2*(x/2)), x)",
                "integrate(differentiate(sinh(2*x), x)",
                "integrate(cosh(2*x)/2 + 1/2, x)",
                "integrate(exp(2*x) / 2, x)",
                "integrate(1/2 * exp(2*x) * (1 + exp(-4*x)) , x)"
              ],
              "children": []
            },
            {
              "level": 2,
              "variants": [
                "integrate(exp(2*x) / 2, x)",
                "integrate((exp(x))**2, x)",
                "integrate(exp(2*x)/2, x)",
                "integrate(exp(x), x)",
                "integrate(diff(x, x)",
                "integrate(1 * exp(2*x), x)",
                "integrate(exp(2*x), x)",
                "integrate(2*sinh(x)*cosh(x), x)",
                "integrate(exp(x)*(e**x), x)"
              ],
              "children": []
            }
          ]
        },
        {
          "level": 1,
          "variants": [
            "integrate(1/2 * d(d/dx(sinh(2*x))), x)",
            "integrate(cosh(2*x), x)",
            "integrate((1/2) * (exp(2*x) - exp(-2*x)), x)",
            "integrate(exp(2*x)/2 - exp(-2*x)/2, x)",
            "integrate(1/2 * d(d/dx(sinh(2*x))), x)",
            "integrate(sinh(2*x)/2, x)",
            "integrate(1/2 * (d/dx(sinh(2*x))), x)",
            "integrate(1/2 * (sqrt(1 + tanh(2*x)**2)), x)",
            "integrate(1/2 * sinh(2*x), x)",
            "integrate(exp(2*x) - exp(-2*x), x)",
            "integrate(1/2 * d(d/dx(exp(2*x) - exp(-2*x))), x)"
          ],
          "children": [
            {
              "level": 2,
              "variants": [
                "integrate(cosh(2*x), x)",
                "integrate((exp(2*x) + exp(-2*x))/2, x)",
                "integrate(sum([(2**n)/(math.factorial(n)) * x**n for n in range(10)]), x)",
                "integrate((exp(2*x) + exp(-2*x))/4, x)",
                "integrate(exp(2*x)/2 - exp(-2*x)/2, x)",
                "integrate(cosh(2*(-x)), x)",
                "integrate(cos(2*i*x), x)",
                "integrate(sinh(2*x)/2, x)",
                "integrate(sinh(2x), x)",
                "integrate(k*sinh(2x)/2, x)",
                "integrate(x * sinh(2*x), x)"
              ],
              "children": []
            },
            {
              "level": 2,
              "variants": [
                "integrate(1/2 * (exp(2*x) - exp(-2*x)), x)",
                "integrate(sinh(2*x), x)",
                "integrate(exp(2*x)/2 - exp(-2*x)/2, x)",
                "integrate((e^(2*x) - e^(-2*x))/(2), x)",
                "integrate((1/2) * (e^(2*x) - 1/e^(2*x)), x)",
                "integrate(1/2 * (exp(2*x) - exp(-2*x)), x)",
                "integrate((exp(2*x) - (-1)*(exp(-2*x))) / 2, x)",
                "integrate((1/2) * u_diff, x)",
                "integrate(1/2 * sum((2*x)**n/factorial(n) for n in range(20)) - sum((-2*x)**n/factorial(n) for n in range(20)), x)"
              ],
              "children": []
            },
            {
              "level": 2,
              "variants": [
                "integrate(2*sinh(x)*cosh(x), x)",
                "integrate(sinh(2*x), x)",
                "integrate(diff(sinh(x)**2, x)",
                "integrate(cosh(2*x), x)",
                "integrate(2*(sqrt(sec(x)) - sqrt(cos(x))), x)",
                "integrate(x**(2)*exp(x), x)",
                "integrate(e**x - e**(-x), x)",
                "integrate(-e**(-x) + e**(x), x)",
                "integrate(2 * (x - x**3/6 + x**5/120) * (1 + x**2/2 + x**4/24), x)",
                "integrate(2*x/(e**x + e**(-x)), x)",
                "integrate((e**(1j*x) - e**(-1j*x)) * (e**(x) + e**(-x)), x)"
              ],
              "children": []
            }
          ]
        },
        {
          "level": 1,
          "variants": [
            "integrate(d(sinh(2*x)), x)",
            "integrate((exp(2*x) - exp(-2*x))/2, x)",
            "integrate(sinh(2*x), x)",
            "integrate(2 * sinh(x) * cosh(x), x)",
            "integrate((exp(1j*2*x) - exp(-1j*2*x))/(2j), x)",
            "integrate(cosh(2*x), x)",
            "integrate((exp(2*x)/2) - (exp(-2*x)/2), x)"
          ],
          "children": [
            {
              "level": 2,
              "variants": [
                "integrate(2*sinh(x)*cosh(x), x)",
                "integrate(sinh(2*x), x)",
                "integrate(e**(2*x) - e**(-2*x), x)",
                "integrate(2*i*sin(x)*cos(x), x)",
                "integrate(d(sinh(x)**2), x)",
                "integrate(derivative_of_anti_function, x)",
                "integrate(2*(x - x**3/6 + x**5/120)*(1 + x**2/2 - x**4/24), x)",
                "integrate(e**x - e**(-x), x)",
                "integrate(2*diff(sinh(x)**2, x)",
                "integrate(e**(2*x) - e**0 + e**(-2*x), x)",
                "integrate(sum(x**n/factorial(n) for n in range(10)), x)"
              ],
              "children": []
            },
            {
              "level": 2,
              "variants": [
                "integrate((exp(2*x) - exp(-2*x))/2, x)",
                "integrate(cosh(2*x)/2, x)",
                "integrate(exp(2*x) / 2 - exp(-2*x) / 2, x)",
                "integrate((exp(2*x) - cos(2*x))/2, x)",
                "integrate((tan(2*x)/2) - (1/(2*tan(2*x))), x)",
                "integrate(differentiate((sqrt(1 + 4*exp(2*x)) - sqrt(1 + 4*exp(-2*x)))/4), x)"
              ],
              "children": []
            },
            {
              "level": 2,
              "variants": [
                "integrate(sinh(2*x), x)",
                "integrate(exp(2*x)/2 - exp(-2*x)/2, x)",
                "integrate(exp(2*x), x)",
                "integrate(sinh(2*x) * 1, x)",
                "integrate(-1j*sin(2*I*x), x)",
                "integrate(sinh(-2*x), x)",
                "integrate(2*d(0.5*cosh(2*x)), x)",
                "integrate((exp(2*x) - exp(-2*x)) / 2, x)",
                "integrate(2*sinh(x)*cosh(x), x)",
                "integrate(sinh(2*x), x)",
                "integrate((2*x + (2**3 * x**3)/3 + (2**5 * x**5)/5), x)"
              ],
              "children": []
            }
          ]
        },
        {
          "level": 1,
          "variants": [
            "integrate(2*cosh(x)**2 - 1, x)",
            "integrate(2*(1 + cosh(2*x))/2 - 1, x)"
          ],
          "children": [
            {
              "level": 2,
              "variants": [
                "integrate(2*cosh(x)**2 - 1, x)",
                "integrate((2*(exp(x) + exp(-x))**2/4 - 1), x)",
                "integrate(2*cos(ix)**2 - 1, x)",
                "integrate(2*(1 + sinh(x) + sinh(x)**2) - 1, x)",
                "integrate(2*cosh(x)*sinh(x)*dx, x)",
                "integrate(2*cos(((pi/2) + x)/2)**2 - 1, x)",
                "integrate(2*diff(sinh(x), x)",
                "integrate(sum(2*(x**2/2)**2) - 1, x)",
                "integrate(2*(i*sinh(i*x) + cosh(i*x))**2 - 1, x)",
                "integrate(cosh(2*x), x)",
                "integrate(sinh(x)**2 + cosh(x)**2, x)"
              ],
              "children": []
            }
          ]
        },
        {
          "level": 1,
          "variants": [
            "integrate((exp(2*x) + exp(-2*x)) / 2, x)",
            "integrate(cosh(2*x), x)",
            "integrate(exp(2*x), x)",
            "integrate(exp(2*x + 0), x)",
            "integrate(cos(2*x), x)",
            "integrate((exp(2*x) - exp(-2*x)) / 2, x)",
            "integrate(1/2*(e**(2*x) + e**(-2*x)), x)",
            "integrate((1/2) * (t**2 + 1/t**2) * (1/t), x)",
            "integrate(2*sinh(2*x)/2, x)",
            "integrate((1/4) * (exp(2*x) + 2 + exp(-2*x)), x)",
            "integrate(tanh(2*x) * (1/2 + 1/4*sech(2*x)**2), x)"
          ],
          "children": [
            {
              "level": 2,
              "variants": [
                "integrate(cosh(2*x), x)",
                "integrate((exp(2*x) + exp(-2*x))/2, x)",
                "integrate(sqrt(1 + sinh(2*x)**2), x)",
                "integrate(2*cosh(x)*sinh(x), x)",
                "integrate(((1/2)*exp(2*x) + (1/2)*exp(-2*x)), x)",
                "integrate(sinh(2*x), x)",
                "integrate(log(exp(2*x)), x)",
                "integrate(2 * d(cosh(2*x), x)",
                "integrate(cosh(2*x) + 0, x)",
                "integrate((exp(2*x) + exp(-2*x)) / 2, x)",
                "integrate(diff(sinh(2*x), x)"
              ],
              "children": []
            },
            {
              "level": 2,
              "variants": [
                "integrate((exp(x) + exp(-x)) * (exp(x) / 2), x)",
                "integrate(cosh(x) * (exp(x) / 2), x)",
                "integrate((exp(-x) + exp(x)) * (exp(-x) / 2), x)",
                "integrate(exp(x) * (exp(x) + exp(-x)) / 2, x)",
                "integrate((exp(x) + exp(-x)) * (1/2) * exp(x), x)",
                "integrate(0.5 * (e^(2*x) + 1), x)",
                "integrate(exp(x) * (1 + exp(-2*x)) / 2, x)",
                "integrate((sum([exp(x)**n / math.factorial(n) for n in range(10)]) + sum([exp(-x)**n / math.factorial(n) for n in range(10)])) * (exp(x) / 2), x)",
                "integrate(2 * cosh(x) * (exp(x) / 2), x)",
                "integrate(exp(2 * x) / 2, x)",
                "integrate(exp(2 * x) / 2 + 1 / 2, x)"
              ],
              "children": []
            },
            {
              "level": 2,
              "variants": [
                "integrate(exp(2*x)/2 + exp(-2*x)/2, x)",
                "integrate(cosh(2*x), x)",
                "integrate(-(-e**(-2*x)/2 - e**(2*x)/2), x)",
                "integrate((e**(2*x) + e**(-2*x))/4 * 2, x)",
                "integrate(4*cosh(2*x)/4, x)",
                "integrate(2*(cosh(2*x)**2), x)",
                "integrate(1/2 * ((1 + 2*x + (2*x)**2/2! + ...) + (1 - 2*x + (2*x)**2/2! - ...)), x)",
                "integrate(diff(cosh(2*x), x)",
                "integrate(1/2 * (e**(2*1j*x) + e**(-2*1j*x)), x)",
                "integrate((e**(2*x)/2 + e**(-2*x)/2 + 0), x)",
                "integrate(0.5 * e**(2*x) + 0.5 * e**(-2*x), x)"
              ],
              "children": []
            }
          ]
        },
        {
          "level": 1,
          "variants": [
            "integrate(0.5 * diff(sinh(2*x), x)",
            "integrate(0.5 * (exp(2*x) - exp(-2*x)) / 2, x)",
            "integrate(cosh(2*x), x)",
            "integrate(2 * sinh(2*x) / 2, x)",
            "integrate(sinh(x) * cosh(x), x)",
            "integrate(0.5 * (2 * sinh(x) * cosh(x)), x)",
            "integrate(0.5 * sinh(2x) + 0.5 * sinh(2x), x)",
            "integrate(0.5 * sinh(2*sin(x)), x)",
            "integrate(log(cosh(x)), x)",
            "integrate(0.5 * sinh(2*x - \u03c0) + 0.5 * sinh(2*x + \u03c0), x)",
            "integrate((e**(2*x) - e**(-2*x)) / 4, x)"
          ],
          "children": [
            {
              "level": 2,
              "variants": [
                "integrate(sinh(2*x), x)",
                "integrate((1/2) * e**(2*x) - (1/2) * e**(-2*x), x)",
                "integrate(sinh(2*x), x)",
                "integrate(diff(cosh(2*x), x)",
                "integrate(3 * sinh(2*x)/3, x)",
                "integrate(1/2 * (e**(2*x) - e**(-2*x) + 2), x)",
                "integrate(2 * cosh(2*x) - 2, x)",
                "integrate((exp(2*x) - exp(-2*x)) / 2, x)",
                "integrate(cosh(2*x) - cosh(0), x)",
                "integrate(sqrt(1 + sinh(2*x)**2), x)",
                "integrate(exp(ln(sinh(2*x))), x)"
              ],
              "children": []
            },
            {
              "level": 2,
              "variants": [
                "integrate(0.5 * 2 * sinh(x) * cosh(x), x)",
                "integrate(0.5 * sinh(2*x), x)",
                "integrate(0.125 * (e^{2*x} - e^{-2*x}), x)",
                "integrate(0.5 * (e^x - e^{-x}) * (e^x + e^{-x}), x)",
                "integrate(0.5 * (0.5 * (e^{ix} - e^{-ix}))(0.5 * (e^{ix} + e^{-ix})), x)",
                "integrate(0.5 * (sinh(x) * exp(ix) + cosh(x) * exp(-ix)), x)",
                "integrate(0.5 * (x + x^3/6 + x^5/120) * (1 + x^2/2 + x^4/24), x)",
                "integrate(0.5 * ((e^x + e^{-x})/2)^2 - (0.5 * (e^x - e^{-x})^2), x)",
                "integrate((e^x - e^{-x})(e^x + e^{-x}), x)",
                "integrate(0.5 * (sinh(2*x)), x)",
                "integrate(sinh(x) * d(cosh(x)), x)"
              ],
              "children": []
            },
            {
              "level": 2,
              "variants": [
                "integrate(0.5 * (e**(2*x) - e**(-2*x)) / 2, x)",
                "integrate(0.5 * sinh(2*x), x)",
                "integrate((e**(2*x) - e**(-2*x)), x)",
                "integrate(log(cosh(2*x)), x)",
                "integrate(0.5 * ((e**(2*x) - e**(-2*x)) * (e**(2*x) + e**(-2*x))), x)",
                "integrate(0.5 * cosh(2*x), x)",
                "integrate((e**(2*I*x) - e**(-2*I*x)) / (2*I), x)",
                "integrate(1/4 * sinh(2*x), x)",
                "integrate(1/4 * (e**(2*x) - e**(-2*x)), x)",
                "integrate(1/8 * sum((2**n)/factorial(n) * x**n for n in range(50)), x)",
                "integrate(1/8 * e**(2*x) - 1/8 * e**(-2*x), x)"
              ],
              "children": []
            }
          ]
        }
      ]
    }
  ]
}