[
  {
    "level": 0,
    "variants": [
      "integrate(12*sinh(x)**2, x)",
      "integrate(3 * (exp(2*x) - 2 + exp(-2*x)), x)",
      "integrate(3 * exp(2*x), x)",
      "integrate(12 * u**2, x)",
      "integrate(6 * (cosh(2*x) - 1), x)",
      "integrate(6 * d/dx(cosh(2*x)), x)",
      "integrate(12 * (1 - cosh(x)^2), x)",
      "integrate(12 * (0.5 * sinh(x) + 0.5 * sinh(-x))**2, x)",
      "integrate(-12 * sin(ix)^2, x)",
      "integrate(12 * (DiracDelta(x)), x)",
      "integrate(12 * ((exp(x) - exp(-x)) / 2) ** 2, x)"
    ],
    "children": [
      {
        "level": 1,
        "variants": [
          "integrate(12 * (e**(2*x) - 1) / 4, x)",
          "integrate(3 * e**(2*x), x)",
          "integrate(3 * (1 - e**(-2*x)), x)",
          "integrate(3 * (cos(2*x) + I * sin(2*x) - 1), x)",
          "integrate(3 * symmetry(e**(2*x)), x)",
          "integrate(3 * d/dx(log(e**(2*x))), x)",
          "integrate(3 * (1/e**(-2*x) - 1), x)",
          "integrate(3 * (evalf(e**(2*x))) - 3, x)",
          "integrate(3 * (2 * x + \\frac{2**2 * x**2}{2} + (2**3 * x**3)/6 + 1/4, x)",
          "integrate(3 * u, x)",
          "integrate(3 * (cosh(2*x) - 1), x)"
        ],
        "children": [
          {
            "level": 2,
            "variants": [
              "integrate(3 * e**(2*x), x)",
              "integrate(3 * e**(-2*(-x)), x)",
              "integrate(3 * e**(log(e**(2*x))), x)",
              "integrate(1.5 * (6 * e**(2*x)), x)",
              "integrate(differentiate(ln(e**(2*x))), x)",
              "integrate(3 * cosh(2*x), x)",
              "integrate(3/2 * e**(2*x), x)",
              "integrate(diff(3*x, x)",
              "integrate(3 * e**(2j*x), x)",
              "integrate(2 * e**(2*x) + e**(2*x), x)",
              "integrate(3 * exp(log(exp(2*x))), x)"
            ],
            "children": []
          },
          {
            "level": 2,
            "variants": [
              "integrate(3 * (e**(2*x) - 1), x)",
              "integrate(3 * (e**(2*x) - 1), x)",
              "integrate(6 * (1/2)*(e**(2*x) - 1), x)",
              "integrate(6 * (cosh(x) - 1), x)",
              "integrate(1/3 * (1/e**(2*x) + 1), x)",
              "integrate(3 * (ln(e**(2*x)))', x)",
              "integrate((3/x**2) * (e**(2*x) - 1), x)",
              "integrate(3 * e**(2*x) - 3, x)",
              "integrate(3 * (2x + (2x)**3/6 + (2x)**5/120 - 1), x)",
              "integrate(3 * u * (1 - 1/u), x)",
              "integrate(differentiate(3 * e**(2*x) - 3 * x, x)"
            ],
            "children": []
          },
          {
            "level": 2,
            "variants": [
              "integrate(3 * (2*x + (2*x)**2/2 + ...), x)",
              "integrate(3 * (2*x + 2*x**2 + x**3), x)",
              "integrate(3 * ((2 * x) + (2 * x)**2 / 2 + (2 * x)**3 / 6), x)",
              "integrate(3 * (2*x * exp(2*x) / 2), x)",
              "integrate(3 * (2*x + 4*x**2), x)",
              "integrate(3 * (2*x + sin(2*x)**2), x)",
              "integrate(3 * (2*x + (2**2/2)*x**2 + (2**3/6)*x**3), x)",
              "integrate(3 * diff(x**3, x)",
              "integrate((6*x + 12*x**2 + 3*(2**3/3)*x**3), x)",
              "integrate(3 * factorial(2)*x**2 / factor(2)*(x**2 + x), x)",
              "integrate(3 * (x**2 + 2*x), x)"
            ],
            "children": []
          }
        ]
      },
      {
        "level": 1,
        "variants": [
          "integrate(12 * (1 - cosh(2*x)) / 2, x)",
          "integrate(12 * (-sinh(2*x)**2) / -2, x)",
          "integrate(6 - 6 * cosh(2*x), x)",
          "integrate(12 * sinh(2 * x) / 2, x)",
          "integrate(12 * (1 - (exp(2*x) + exp(-2*x))/2) / 2, x)",
          "integrate(3 * (4 - 2 * cosh(2 * x)), x)",
          "integrate(12, x)",
          "integrate(12 * (1 - cosh(2 * (-x))) / 2, x)",
          "integrate(-12 * (cosh(2 * x) - 1) / -2, x)",
          "integrate(12 * (1 - (1 + (2x)**2 / 2! + (2x)**4 / 4! + ...)), x)",
          "integrate(6 - 6 * (exp(2*x) + exp(-2*x)) / 2, x)"
        ],
        "children": [
          {
            "level": 2,
            "variants": [
              "integrate(6 * (1 - sinh(2*x)), x)",
              "integrate(6 - 3*e**(2*x) + 3*e**(-2*x), x)",
              "integrate(6, x)",
              "integrate(6 - 3*cosh(2*x), x)",
              "integrate(3 - 3*sinh(2*x), x)",
              "integrate(6 - (2*x + (4/3)*x**3 + (8/45)*x**5 + ...), x)",
              "integrate(6 - 3*2*arsinh(e**(2*x)), x)",
              "integrate(abs(6*(1 - sinh(2*x))), x)",
              "integrate(6 * (1 - (e**(2*x) - e**(-2*x))/2), x)",
              "integrate(6 * (1 - (2 * sinh(x) * cosh(x))), x)",
              "integrate(6 * (1 - 2 * sin(x) * cos(x)), x)"
            ],
            "children": []
          },
          {
            "level": 2,
            "variants": [
              "integrate(6, x)",
              "integrate(12/2, x)",
              "integrate(6*x**0, x)",
              "integrate(6*exp(0), x)",
              "integrate(6*sin(pi/2), x)",
              "integrate(2*3, x)",
              "integrate(3 + 3, x)",
              "integrate(diff(6*x), x)",
              "integrate(1*6, x)",
              "integrate(6 * Heaviside(x), x)",
              "integrate(exp(log(6)), x)"
            ],
            "children": []
          },
          {
            "level": 2,
            "variants": [
              "integrate(6 * (1 - derivate(sinh(2*x), x)"
            ],
            "children": []
          }
        ]
      },
      {
        "level": 1,
        "variants": [
          "integrate(6 * sinh(x)**2, x)",
          "integrate(3 * (e**(2*x) - 2 + e**(-2*x)), x)",
          "integrate(1.5 * (e**x - e**(-x))**2, x)",
          "integrate(3 * (cosh(2*x) - 1), x)",
          "integrate(3 * (cosh(x) - sinh(x)), x)",
          "integrate(6 * (1 - cosh(x)) * sinh(x), x)",
          "integrate(3 * (2^2 * sinh(x/2)^2), x)",
          "integrate(6 * (u**2 + 2), x)",
          "integrate(6 * sinh(a * x)**2 / a**2, x)",
          "integrate(6 * (e**(2*x) - 2 + e**(-2*x)) / 4, x)",
          "integrate(6 * (sinh(x) * cosh(x)), x)"
        ],
        "children": [
          {
            "level": 2,
            "variants": [
              "integrate(6 * sinh(x)**2, x)",
              "integrate(3 * (cosh(2*x) - 1), x)",
              "integrate(6 * ((exp(x) - exp(-x)) / 2)**2, x)",
              "integrate(6 * sinh(2*x/2)**2, x)",
              "integrate(6 * (cosh(x)**2 - 1), x)",
              "integrate(6 * u * cosh(x), x)",
              "integrate(6 * sinh(\u03c0 - x)**2, x)",
              "integrate(3 * sinh(2 * x) * cosh(x), x)",
              "integrate(3 - 3 * cosh(2 * x), x)",
              "integrate(3 * e**(2*x) - 6 + 3 * e**(-2*x), x)",
              "integrate((3 * e**(2 * x) - 6 + 3 * e**(-2 * x)), x)"
            ],
            "children": []
          }
        ]
      },
      {
        "level": 1,
        "variants": [
          "integrate(12 * u**2 * cosh(x), x)",
          "integrate(6 * u**2 * (e**x + e**(-x)), x)",
          "integrate(12 * u**2 * (1/2 * (e**x + e**(-x))), x)",
          "integrate(12 * u**2 * (1/(2) * (e**x + e**(-x))), x)",
          "integrate(6 * u**2 * 2 * cosh(x), x)",
          "integrate(6 * u**2 * (cosh(x) - cosh(x)), x)",
          "integrate(12 * u**2 * (1/2)*(e**(2*x) + 1/e**(2*x)), x)",
          "integrate(12 * u**2 * (exp(x) + exp(-x)) / 2, x)",
          "integrate(12 * u**2 * sinh(x), x)",
          "integrate((6 * u**2) * (exp(x) + exp(-x)), x)",
          "integrate(6 * u**2 * cosh(x) + 6 * u**2 * 0, x)"
        ],
        "children": [
          {
            "level": 2,
            "variants": [
              "integrate(12 * u**2 * sinh(x), x)",
              "integrate(6 * u**2 * (e**x - e**(-x)), x)",
              "integrate(12 * u**2 * sinh(x), x)",
              "integrate(12 * u**2 * (d/dx cosh(x)), x)",
              "integrate(12 * (u**2 * sinh(x)), x)",
              "integrate(12 * u**2 * (1/2 * (e**(ix) - e**(-ix))), x)",
              "integrate(6 * u**2 * (sinh(x) + sinh(-x)), x)",
              "integrate(12 * (u * u) * sinh(x), x)",
              "integrate(12 * u**2 * (sinh(x)/x)*x, x)",
              "integrate(12 * u**2 * (sin(ix)), x)",
              "integrate(12 * u**2 * (x - cosh(x)), x)"
            ],
            "children": []
          },
          {
            "level": 2,
            "variants": [
              "integrate(12 * u**2 * cosh(x), x)",
              "integrate(6 * u**2 * (e**x + e**(-x)), x)",
              "integrate(6 * u**2 * e**x, x)",
              "integrate(12 * u**2 * cosh(x), x)",
              "integrate(4 * (3 * u**2) * cosh(x), x)",
              "integrate(3 * u**2 * (1/2 * (e**(2*x) + 1 + e**(-2*x))), x)",
              "integrate(12 * u**2 * (cos(i*x)), x)",
              "integrate(12 * u**2 * (differential(cosh(x))), x)",
              "integrate(12 * h(x) * cosh(x), x)"
            ],
            "children": []
          },
          {
            "level": 2,
            "variants": [
              "integrate(12 * u**2 * cosh(-x), x)",
              "integrate(12 * u**2 * cosh(x), x)",
              "integrate(12 * (u**2) * cosh(-1 * x), x)",
              "integrate(12 * u**2 * (1/2 * (exp(-x) + exp(x))), x)",
              "integrate(12 * (u**2 * cosh(-x)), x)",
              "integrate(12 * u**2 * (exp(-x)+1) / 2, x)",
              "integrate(12 * ((k + u)**2) * cosh(-x), x)",
              "integrate(12 * r**2 * cosh(-x), x)"
            ],
            "children": []
          }
        ]
      },
      {
        "level": 1,
        "variants": [
          "integrate(12 * (sinh(x) + 1 - 1), x)",
          "integrate(12 * (exp(x)/2 - exp(-x)/2 + 1 - 1), x)",
          "integrate(12 * sinh(x), x)",
          "integrate(12 * (1/2 * (sin(ix) + sin(-ix)) + 1 - 1), x)",
          "integrate(12 * (sinh(x + 0) + 1 - 1), x)",
          "integrate(12 * ((exp(x) - exp(-x))/2 + 1 - 1), x)",
          "integrate(12 * (sinh(x) + k - k), x)",
          "integrate(12 * (sinh(x) + 0), x)",
          "integrate(12 * sinh(2*x)/2, x)",
          "integrate(6 * sinh(x), x)",
          "integrate(12 * (2 * (sin(x/2)/cosh(x/2))), x)"
        ],
        "children": [
          {
            "level": 2,
            "variants": [
              "integrate(12 * (sinh(x) + 1 - 1), x)",
              "integrate(12 * (exp(x) / 2 - exp(-x) / 2), x)",
              "integrate(12 * (1/2 * (exp(x) - exp(-x))), x)",
              "integrate(6 * (exp(x/2) - exp(-x/2)), x)",
              "integrate(12 * (cosh(x) - cosh(0)), x)",
              "integrate(12 * (sin(ix)/i), x)",
              "integrate(12 * (sqrt(cosh(x)**2 - 1)), x)",
              "integrate(12 * (0.5 * (e**x - e**(-x)) + 1 - 1), x)",
              "integrate(6 * (e**x - e**(-x)), x)",
              "integrate(12 * (sinh(x + 1) + 1 - 1), x)",
              "integrate(12 * (cosh(x) - 1), x)"
            ],
            "children": []
          }
        ]
      },
      {
        "level": 1,
        "variants": [
          "integrate(12 * (x - x**3 / 6 + ...), x)",
          "integrate(12*x - 2*x**3, x)",
          "integrate(12 * (\u221a(144) * sin(x)), x)",
          "integrate(12 * x * (1 - x**2 / 6 + ...), x)",
          "integrate(12 * (e^(-x) - e^(-x^3 / 6)), x)",
          "integrate(12 * (x + x**3 / (-6) + ...), x)",
          "integrate(12 * (x * exp(-x**2 / 6)), x)",
          "integrate(12 * (1 - cos^2(x)), x)",
          "integrate(12 * sum((x ** n) / factorial(n) for n in range(4)), x)",
          "integrate(12 * ((3x - x^3)), x)"
        ],
        "children": [
          {
            "level": 2,
            "variants": [
              "integrate(12 * (x - x**3 / 6 + ...), x)",
              "integrate(12 * (x * (1 - x**2 / 6)), x)",
              "integrate(12 * sin(x) * cos(x)**2, x)",
              "integrate(12 * (sqrt(x) - (sqrt(x)**3)/6), x)",
              "integrate((12 * (x * (1 - (x**2)/6))), x)",
              "integrate(12 * (1/2i * (e**(ix) - e**(-ix)) - (x**3)/(6)), x)",
              "integrate(12 * (x - (12 * x * (x/2)**2) / (2 * 3)), x)",
              "integrate(12 * x * (1 - (x**2/6)), x)",
              "integrate(12 * (x - (x/(6 * tan(x))), x)",
              "integrate(12 * (1 - cos(x**2)), x)"
            ],
            "children": []
          }
        ]
      },
      {
        "level": 1,
        "variants": [
          "integrate(12 * (x - x**3 / 6), x)",
          "integrate(10 * x - 2 * (x**3 / 5), x)",
          "integrate(x * 12 * (1 - (x**2) / 6), x)",
          "integrate(12 * (-x + \\frac{x^3}{6}), x)",
          "integrate(12 * (x - ([(x)**3 - 0]/6)), x)",
          "integrate(12 * (x - \\frac{1}{2}(x^3/3)), x)",
          "integrate(6 * (2x - \\frac{x^3}{3}), x)",
          "integrate(12 * x * (1 - x**2 / 12), x)",
          "integrate(2 * (6 * x - x**3), x)",
          "integrate(12 * x, x)",
          "integrate(12 * (x - (x**3 / 6)), x)"
        ],
        "children": [
          {
            "level": 2,
            "variants": [
              "integrate(12*x, x)",
              "integrate(6*(2*x), x)",
              "integrate(12 * x, x)",
              "integrate(x * 12, x)",
              "integrate(10*x + 2*x, x)",
              "integrate(12*(x**1), x)",
              "integrate((12*x) * 1, x)",
              "integrate(3 * 4 * x, x)",
              "integrate(x + x + x + x + x + x + x + x + x + x + x + x, x)",
              "integrate(12 * x / 1, x)",
              "integrate(derivative(6 * x**2, x)"
            ],
            "children": []
          },
          {
            "level": 2,
            "variants": [
              "integrate(2*x*(6 - x**2), x)",
              "integrate((6 - x**2) * 2*x, x)",
              "integrate(2*x*(6 - (x**2 - 3**2) + 9), x)",
              "integrate(12*x, x)",
              "integrate(2*x*exp(ln(6) - x**2), x)",
              "integrate(2*(6*x - x**3)/(6*x - x**3)*(6 - x**2), x)",
              "integrate(12*x - 2*x**3, x)",
              "integrate(2*x*(6 - x**2), x)",
              "integrate(6*2*x - 2*x^3, x)",
              "integrate(2*x*(7 - (x-1)**2), x)",
              "integrate(-2*-x*(6 - x**2), x)"
            ],
            "children": []
          },
          {
            "level": 2,
            "variants": [
              "integrate(12*x - 2*(x**2)/(2), x)",
              "integrate(2*(6*x - x**2), x)",
              "integrate(12*x, x)",
              "integrate(-1*(x-6)**2 + 36, x)",
              "integrate((12*x - x**2) * 1, x)",
              "integrate((12x - x**2), x)",
              "integrate(6*(2x - \\frac{x^2}{3}), x)",
              "integrate(2 * (6*x - x**2), x)",
              "integrate(- (x - 12)**2 + 144, x)",
              "integrate(12*x*exp(0) - (x^2/2)*exp(0), x)",
              "integrate((12 - 2x)x, x)"
            ],
            "children": []
          }
        ]
      },
      {
        "level": 1,
        "variants": [
          "integrate(3 * (e**(2*x) - 2 + e**(-2*x)), x)",
          "integrate(3 * e**(2*x), x)",
          "integrate(3 * (e**(2*x) - 2 + 1/e**(2*x)), x)",
          "integrate(3 * ((e**(2*x) + e**(-2*x))/2 - 2), x)",
          "integrate(3 * (2 * cosh(2*x) - 6), x)",
          "integrate(3 * (sin(2*pi*x) + cos(2*pi*x) - 2), x)",
          "integrate(3 * (e**(2*x) - 2 + e**(-2*x)), x)",
          "integrate(3 * (e^{2x} + e^{-2x} - 2), x)",
          "integrate(3 * (1/(e^{-2x}) + e^{2x} - 2), x)",
          "integrate(3 * (2 \\cosh(2x) - 2), x)",
          "integrate(3 * (1 - 2) + 3 * cosh(2x), x)"
        ],
        "children": [
          {
            "level": 2,
            "variants": [
              "integrate(3 * (e**(2*x) - 2 + e**(-2*x)), x)",
              "integrate(6 * cosh(2*x) - 6, x)",
              "integrate(3 * (2 * cosh(2 * x) - 2), x)",
              "integrate(3 * (integ(2 * e**(2*x), x)",
              "integrate(3 * (e**(2*x) - 2 + 1/e**(2*x)), x)",
              "integrate(3 * (cos(2x) + isin(2x) - 2 + cos(-2x) - isin(-2x)), x)",
              "integrate(3 * (f(x) - 2 + 1/f(x)), x)",
              "integrate(3 * (e**(2*x + 2) - 2 + e**(-2*x - 2)), x)",
              "integrate(3 * ((e**(2*x) - 2 + e**(-2*x)) + 0), x)",
              "integrate(3 * (cosh(2*x) + sinh(2*x) - 2), x)",
              "integrate(3 * (e**(2*x) + e**(-2*x) - 4), x)"
            ],
            "children": []
          }
        ]
      },
      {
        "level": 1,
        "variants": [
          "integrate(6*(cosh(2*x) - 1), x)",
          "integrate(3*(exp(2*x) + exp(-2*x) - 2), x)",
          "integrate(2*(3*(cosh(2*x) - 1)), x)",
          "integrate(12*(sinh(x)**2), x)",
          "integrate(12*(cosh(x)**2 - 1), x)",
          "integrate(6*(1 + cos(2*x) - 1), x)",
          "integrate(3*2*(sinh(2*x)), x)",
          "integrate(6*(cosh(2*x)-1), x)",
          "integrate(6*((exp(2*x) + exp(-2*x))/2 - 1), x)",
          "integrate(6*(1/2*(exp(2*x) + exp(-2*x)) - 1), x)",
          "integrate(6*diff(cosh(2*x) - 1, x)"
        ],
        "children": [
          {
            "level": 2,
            "variants": [
              "integrate(6*(cosh(2*x) - 1), x)",
              "integrate(6 * (1/2 * (e**(2 * x) + e**(-2 * x)) - 1), x)",
              "integrate(12 * cosh(x)**2 - 6, x)",
              "integrate(6 * (sinh(2 * x)**2 + cosh(2 * x)**2 - 1), x)",
              "integrate(6 * (cosh(2 * (x + pi/4)) - 1), x)",
              "integrate(6 * 2*sinh(2*x), x)",
              "integrate(6 * (1 + sin(2 * pi * (x/2))), x)",
              "integrate(6 * (cosh(2 * x) - 1), x)",
              "integrate(6 * (sech(2*x)**2 - 1), x)",
              "integrate((6 * (0.5 * (cosh(2*x) + 1))), x)",
              "integrate(3*(e**(2*x) + e**(-2*x) - 4), x)"
            ],
            "children": []
          }
        ]
      },
      {
        "level": 1,
        "variants": [
          "integrate(12*sinh(x), x)",
          "integrate(6 * (e**x - e**(-x)), x)",
          "integrate(12 * (sqrt(1 + tanh(x)**2) * tanh(x)), x)",
          "integrate(6 * e**x, x)",
          "integrate(12 * sinh(x + 1) - 12 * sinh(1), x)",
          "integrate(6 * (e**(x + 1) - e**(-(x + 1))), x)",
          "integrate(12/i * sin(ix), x)",
          "integrate(12 * sum(x**(2*n + 1)/factorial(2*n + 1) for n in range(10)), x)",
          "integrate(12 * (sinh(x) + sinh(-x)), x)",
          "integrate(12 * (2 * sinh^-1(e**x)), x)",
          "integrate(6 * (e**(x + ix) - e**(-x + ix)), x)"
        ],
        "children": [
          {
            "level": 2,
            "variants": [
              "integrate(12 * cosh(x), x)",
              "integrate(12 * (exp(x) + exp(-x)) / 2, x)",
              "integrate(6 * (e**x + e**(-x)), x)",
              "integrate(12 * sinh(x) + 12 * cosh(x) - 12 * sinh(x), x)",
              "integrate(12 * sinh(x + pi/2), x)",
              "integrate(6 * (sqrt(1 + sinh(x)**2)), x)",
              "integrate(3 * (cosh(x) + cosh(x)), x)",
              "integrate(12 * (1/2 * (e**(x + pi/2) + e**(-x + pi/2))), x)",
              "integrate(12 * cosh(x + 0.1), x)",
              "integrate((12/2) * (e**x + e**(-x)), x)",
              "integrate(12 * cosh(2 * x), x)"
            ],
            "children": []
          },
          {
            "level": 2,
            "variants": [
              "integrate(6 * e**x, x)",
              "integrate(3 * e**(x + log(2)), x)",
              "integrate(12 * e**x / 2, x)",
              "integrate(3 * e**x , x)",
              "integrate(6 * e**x * 1, x)",
              "integrate(2 * 3 * e**x, x)",
              "integrate(6 * sum(x**n / factorial(n) for n in range(100)), x)",
              "integrate(6 * e**(0.5 * (2 * x)), x)",
              "integrate(6 * (1 + x + x**2/2 + x**3/6 - 1 - x)/1, x)",
              "integrate(6 * e**x + 0 * (x**2 - x**2), x)"
            ],
            "children": []
          },
          {
            "level": 2,
            "variants": [
              "integrate(12 * sinh(x), x)",
              "integrate(12 * (exp(x) - exp(-x)) / 2, x)",
              "integrate(12 * sinh(x), x)",
              "integrate(6 * (e^(x) - e^(-x)), x)",
              "integrate(12 * (-sinh(-x)), x)",
              "integrate(12 * (h(x) - 0), x)",
              "integrate(12 * (1 / (2j) * (exp(1j * x) - exp(-1j * x))), x)",
              "integrate(12 * sinh((x + 0)**2), x)",
              "integrate(12 * x * sinh(x/x), x)",
              "integrate(12 * sinh(x) * 1, x)",
              "integrate(3 * (e^(x/2) - e^(-x/2)) * 4, x)"
            ],
            "children": []
          }
        ]
      },
      {
        "level": 1,
        "variants": [
          "integrate(3*(e**(2*x) - 2 + e**(-2*x)), x)",
          "integrate(3*(cosh(2*x) - 2 + sinh(2*x)), x)",
          "integrate(3*(3 + 2*x**2 + O(x**4) - 2), x)",
          "integrate(0.5 * 3 * ((e**x + e**-x)**2 - 2), x)",
          "integrate(3*((e**x - e**-x)**2 - 6), x)",
          "integrate(3*(2*arsinh(e**x - 1)), x)",
          "integrate(3*e**(2*x), x)",
          "integrate(3*((e**x - e**-x)*(e**x + e**-x) - 2), x)",
          "integrate(3*(tanh(2*x)*sech(2*x)), x)",
          "integrate(3*(2*cosh(2*x) - 2), x)",
          "integrate(3*(e**(2*x) + e**(-2*x) - 2), x)"
        ],
        "children": [
          {
            "level": 2,
            "variants": [
              "integrate(3*((e**(2*x) + 1/e**(2*x)) - 2), x)",
              "integrate(3*(2*cosh(2*x) - 2), x)",
              "integrate(3*(e**(2*x) - 1 + 1/(e**(2*x)) - 1), x)",
              "integrate(3*(\\frac{1}{e**(2*x)} + e**(2*x) - 2), x)",
              "integrate(6*sinh(2*x), x)",
              "integrate(3*(2*log(e**(2*x)) - 2), x)",
              "integrate(3*(d/dx(e**(2*x) - 1)), x)",
              "integrate(3*(exp(2*x) + exp(-2*x) - 2), x)",
              "integrate(3*(2*cos(2*x) - 2), x)",
              "integrate(3*(1/2*(e**(2*x) + 1/e**(2*x)) - 1), x)",
              "integrate(3*(0.5*(e**(2*x) + e**(-2*x)) - 1), x)"
            ],
            "children": []
          },
          {
            "level": 2,
            "variants": [
              "integrate(3*(e**(2*x) - 2 + 1)/(e**(2*x)), x)",
              "integrate(3 - 3*diff(e**(-2*x), x)",
              "integrate(3 - 3*sum((-2*x)**n/factorial(n) for n in range(10)), x)",
              "integrate(Re(3*(e**(2*x*I) - 2 + 1)/(e**(2*x*I))), x)",
              "integrate(3 - 3*cos(n*pi/2)*exp(-2*x), x)",
              "integrate(3*(cosh(2*x) - 2 + 1)/cosh(2*x), x)",
              "integrate(3*(e**(2*x) - 2)/e**(2*x) + 3/e**(2*x), x)",
              "integrate(3*(tan(2*x) - 2 + 1)/(tan(2*x)), x)",
              "integrate(diff(3*(e**(2*x) - 2 + 1)/(e**(2*x))), x)",
              "integrate(3*(e**(2*k*x) - 2 + 1)/(e**(2*k*x)), x)",
              "integrate(3*(e**(2*x) - 1)/(e**(2*x)), x)"
            ],
            "children": []
          },
          {
            "level": 2,
            "variants": [
              "integrate(6*(cosh(2*x) - 1), x)",
              "integrate(6*(0.5*(e**(2*x) + e**(-2*x)) - 1), x)",
              "integrate(6*(cosh(2*x) - sinh(2*x)), x)",
              "integrate(3*(cosh(2*x) - 1) + 3*(cosh(2*x) - cosh(0)), x)",
              "integrate(6*(0.5*((u**2) + (1/u**2)) - 1), x)",
              "integrate(12*sinh(x)**2, x)",
              "integrate(3*(e**(2*x) - e**(-2*x)), x)",
              "integrate(6*(sin(2*arcsinh(x))), x)",
              "integrate(3*{(cosh(2*x) + sinh(2*x)) - (2)}, x)",
              "integrate(6 * (1/2 * (exp(2*x) + exp(-2*x)) - 1), x)",
              "integrate(6 * sinh(2*x) * sinh(2*x), x)"
            ],
            "children": []
          }
        ]
      },
      {
        "level": 1,
        "variants": [
          "integrate(6*(1 - cosh(2*x)), x)",
          "integrate(6*(1 - (exp(2*x) + exp(-2*x))/2), x)",
          "integrate(3*(exp(0) - cosh(2*x)), x)",
          "integrate(6, x)",
          "integrate(6*(1 - (1 + tan(ix)**2)/2), x)",
          "integrate(3*((sqrt(1 + sinh(2*x)**2)) ** 2), x)",
          "integrate(6*(1 - cosh(2*x)), x)",
          "integrate(6*(1 - 1/2*(lambda**2 + 1)), x)",
          "integrate(6*(sinh(2x)/2), x)",
          "integrate(6 * (1 - (e**(2*x) + e**(-2*x)) / 2), x)",
          "integrate(6 * ((e**(x))**4 - 2*(e**(x))**2 + 1) / 4, x)"
        ],
        "children": [
          {
            "level": 2,
            "variants": [
              "integrate(6*(1 - cosh(2*x)), x)",
              "integrate(6*(1 - (e**(2*x) + e**(-2*x))/2), x)",
              "integrate(6*(-(e**(2*x) + e**(-2*x))/2 + 1), x)",
              "integrate(6*(-cosh(2*x) + 1), x)",
              "integrate(6*(1 - sin(2x)**2), x)",
              "integrate(6*(1 - cosh(2*x)), x)",
              "integrate(6*(1 - cosh(2*(-x))), x)",
              "integrate(6*(T_0(2*x)), x)",
              "integrate(6*(-sinh(2*x/2)**2), x)",
              "integrate(6*(1 - cosh(2*I*x)), x)",
              "integrate(6*(1 - cosh(2*0)), x)"
            ],
            "children": []
          }
        ]
      },
      {
        "level": 1,
        "variants": [
          "integrate(6, x)",
          "integrate(6*sin(t)**2 + 6*cos(t)**2, x)",
          "integrate(6*Heaviside(x), x)",
          "integrate(6*DiracDelta(x - c), x)",
          "integrate(6*exp(0), x)",
          "integrate(6 + 0*x + 0*x**2, x)",
          "integrate(6*x**0, x)",
          "integrate(6*(sin(0)**2 + cos(0)**2), x)",
          "integrate(1 + 1 + 1 + 1 + 1 + 1, x)",
          "integrate(diff(6*x, x)",
          "integrate(2 * 3, x)"
        ],
        "children": [
          {
            "level": 2,
            "variants": [
              "integrate(2 * 3, x)",
              "integrate(12 * (1/2), x)",
              "integrate(3 + 3, x)",
              "integrate(e**ln(6), x)",
              "integrate(0, x)",
              "integrate(6 + sin(0), x)",
              "integrate(diff(6*x, x)",
              "integrate(2 * 3, x)",
              "integrate(3 * (cos(0) + 3), x)",
              "integrate(6 * Heaviside(1), x)",
              "integrate(3 * 2, x)"
            ],
            "children": []
          },
          {
            "level": 2,
            "variants": [
              "integrate(3 + 3, x)",
              "integrate(4 + 2, x)",
              "integrate(3 * 2, x)",
              "integrate(1**2 + 2**2 + 2**2, x)",
              "integrate(abs(6), x)",
              "integrate(6 * sin(0) + 6 * cos(0), x)",
              "integrate(integrate(6, x)",
              "integrate(exp(log(6)), x)",
              "integrate(diff(6*x, x)",
              "integrate(6 * (1 + 0), x)",
              "integrate(3 + 3*I, x)"
            ],
            "children": []
          },
          {
            "level": 2,
            "variants": [
              "integrate(6 * exp(0), x)"
            ],
            "children": []
          }
        ]
      }
    ]
  }
]