{
  "base_question": "integrate(exp(-x)*cos(x), x)",
  "tree": [
    {
      "level": 0,
      "variants": [
        "integrate(exp(-x)*cos(x), x)",
        "integrate(exp(-x) * (exp(I*x) + exp(-I*x)) / 2, x)",
        "integrate(exp(-x) * (I*exp(I*x) - I*exp(-I*x)), x)",
        "integrate(exp(-x) * (1 - sin^2(x)), x)",
        "integrate(exp(-x) * (d/dx(sin(x))), x)",
        "integrate(exp(-x) * (1/2 * (exp(I*x) + exp(-I*x))), x)",
        "integrate(exp(-x) * cos(x + 2*pi), x)",
        "integrate(exp(-x) * cos(x) + exp(-x) * sin(x), x)",
        "integrate(exp(-x) * exp(I*x), x)",
        "integrate(exp(-x) * (exp(I*x) + exp(-I*x))/2, x)",
        "integrate(exp(-x) * (sin(x) + sin(x))/2, x)"
      ],
      "children": [
        {
          "level": 1,
          "variants": [
            "integrate(exp(-x) * sin(x), x)",
            "integrate(exp((-1 + I)*x), x)",
            "integrate(-exp(-x)*cos(x), x)",
            "integrate(exp(-x) * (sinh(I*x)), x)",
            "integrate(a*exp(-a*x)*sin(x), x)",
            "integrate(exp(-x)*(exp(I*x) - exp(-I*x))/(2i), x)",
            "integrate(exp(-x) * (d/dx(sin(x))), x)",
            "integrate(-exp(-x) * sin(x) + exp(-x) * cos(x), x)",
            "integrate(exp(-(1 - I) * x), x)",
            "integrate(exp(-x) * sin(x + 2 * pi), x)",
            "integrate(exp(x) * sin(-x), x)"
          ],
          "children": [
            {
              "level": 2,
              "variants": [
                "integrate(sin(x) * exp(-x), x)",
                "integrate(imaginary(e^{i*x} * exp(-x)), x)",
                "integrate((e^{ix} - e^{-ix})/(2i) * exp(-x), x)",
                "integrate(sin(x) * e^{-x} * e^{x} * e^{-x}, x)",
                "integrate(sin(x + 2*pi) * exp(-x), x)",
                "integrate(d/dx(-cos(x)) * exp(-x), x)",
                "integrate(0.5 * 2 * sin(x) * exp(-x), x)",
                "integrate(cos(pi/2 - x) * exp(-x), x)",
                "integrate(1/(1 + e^{i*x}) * exp(-x), x)"
              ],
              "children": []
            },
            {
              "level": 2,
              "variants": [
                "integrate(exp(-x) * (exp(I*x) - exp(-I*x))/(2*I), x)",
                "integrate(exp(-x) * sin(x), x)",
                "integrate(exp(-x) * sum((-1)**n * x**(2*n + 1) / factorial(2*n + 1) for n in range(10)), x)",
                "integrate(exp(-x) * (exp(I * x) - exp(-I * x))/(2 * I), x)",
                "integrate(exp(-(x + a)) * sin(x), x)",
                "integrate(exp(-x) * cos(x + pi/2), x)",
                "integrate(exp(-kx) * sin(x), x)",
                "integrate(exp(-x) * sin(x) / x, x)",
                "integrate(exp(-x) * (sin(x) + cos(x)), x)",
                "integrate(exp(-x) * (1/(2i) * (exp(I*x) - exp(-I*x))), x)",
                "integrate(exp(-x) * (1/(2i) * (-1) * (exp(-I*x) - exp(I*x))), x)"
              ],
              "children": []
            },
            {
              "level": 2,
              "variants": [
                "integrate(exp((-1 + I) * x), x)",
                "integrate(exp(-x) * exp(I*x), x)",
                "integrate(exp((-1 + I) * (x + a)), x)",
                "integrate(exp(-x) * (cos(x) + I*sin(x)), x)",
                "integrate((1/2) * (exp((-1 + I) * x) + exp((-1 - I) * x)), x)",
                "integrate(exp(-1 * x) * exp(I * x), x)",
                "integrate(1/(2) * exp((-1 + I) * x) + 1/(2) * exp((-1 - I) * x), x)",
                "integrate(sum(((I-1)**n)/factorial(n) * x**n for n in range(10)), x)",
                "integrate(-I*integrate(exp((-1 + I) * x), x)",
                "integrate(exp(I * x - x), x)",
                "integrate(exp((-1 + I) * (x * c / c)), x)"
              ],
              "children": []
            }
          ]
        },
        {
          "level": 1,
          "variants": [
            "integrate(exp(-x) * (cos(x) - sin(x)), x)",
            "integrate(exp(-x) * ((exp(I*x) + exp(-I*x))/2 - (exp(I*x) - exp(-I*x))/(2*I)), x)",
            "integrate(e^{-x} * (sin(x) - cos(x)), x)",
            "integrate(exp(x) * (cos(-x) - sin(-x)), x)",
            "integrate(exp(-x) * cos(x), x)",
            "integrate(cos(x) * exp(-x), x)",
            "integrate(exp(-x) * (cos(x) - sin(x)), x)",
            "integrate(exp(-x) (sin(x) + cos(x) + cos(x) - sin(x)), x)",
            "integrate(diff(sin(x) + cos(x)), x)"
          ],
          "children": [
            {
              "level": 2,
              "variants": [
                "integrate(exp(-x + I*x) * (1 - I), x)",
                "integrate((1 - I) * exp(-x + I*x), x)",
                "integrate((1 - I) * exp((I - 1)*x), x)",
                "integrate((1 - I) * exp(-x) * exp(I*x), x)",
                "integrate(exp(-x) * (1 - I) * (cos(x) + I*sin(x)), x)",
                "integrate((1 - I) * e**(-x) * (cos(x) + I*sin(x)), x)",
                "integrate((1 - I) * exp(-x) * exp(I*(x + pi/2)), x)",
                "integrate(exp(-x) * (cos(x) + i*sin(x)), x)",
                "integrate(diff(exp(-x + I * x), x)",
                "integrate(e^(a*x) * a, x)",
                "integrate(e^(-x) * (cos(x) + I*sin(x)) * (1 - I), x)"
              ],
              "children": []
            },
            {
              "level": 2,
              "variants": [
                "integrate(exp(-x) * sqrt(2) * cos(x + pi/4), x)",
                "integrate(exp(-x) * (cos(x) - sin(x)), x)",
                "integrate(e**(-x) * (1 / sqrt(2)) * (cos(x) - sin(x)), x)",
                "integrate(e**(-x) * 2 * cos((x + pi/4) / 2) * cos((x + pi/4) / 2), x)",
                "integrate(e**(-x) * sqrt(2) * cosh(x - pi/4), x)",
                "integrate(e**(-x) * (e**(i*(x + pi/4)) + e**(-i*(x + pi/4))) / 2, x)",
                "integrate(e**(-x) * sqrt(2) * d(cos(x + pi/4)), x)",
                "integrate(sum((-1)**n * x**n / math.factorial(n) for n in range(100)) * sqrt(2) * (1 - (x + pi/4)**2/2 + ... ), x)",
                "integrate(e**(-x) * (sin(x) + sin(x + pi/4)), x)",
                "integrate(sqrt(2) * e**(-x) * (sin(x) + cos(x)) * (sqrt(2)/2), x)",
                "integrate(sqrt(2) * e**(-x) * (1/2) * (sin(x) + cos(x)) * sqrt(2), x)"
              ],
              "children": []
            },
            {
              "level": 2,
              "variants": [
                "integrate(exp(-x) * cos(x), x)",
                "integrate(e**(-x) * cos(x), x)",
                "integrate(exp(-x) * (exp(I*x) + exp(-I*x)) / 2, x)",
                "integrate(exp(-x/2) * cos(x), x)",
                "integrate(exp(-x) * sin(x), x)",
                "integrate(exp(-t*x) * cos(x), x)",
                "integrate(differentiate(exp(-x) * cos(x), x)",
                "integrate(exp(-x + I*x), x)",
                "integrate(exp((-1+I)x), x)"
              ],
              "children": []
            }
          ]
        },
        {
          "level": 1,
          "variants": [
            "integrate(exp(-x) * (exp(ix) + exp(-ix))/2, x)"
          ],
          "children": [
            {
              "level": 2,
              "variants": [
                "integrate(exp(-x) * (exp(ix) + exp(-ix))/2, x)",
                "integrate((exp(ix) + exp(-ix)) / 2 * exp(-x), x)",
                "integrate(exp(-x) * exp(ix), x)",
                "integrate((exp(-x/2) * exp(-x/2) * (exp(ix) + exp(-ix)))/2, x)",
                "integrate(-1/2 * d/dx(exp(-x) * sin(x)), x)",
                "integrate(1/(e**(x) - cos(x) + 1), x)",
                "integrate(exp(-x) * sin(x), x)",
                "integrate(exp(-x + ix), x)",
                "integrate(exp(-x) * (exp(ix) + exp(-ix))/2, x)",
                "integrate(exp(-x) * (exp(ix) + exp(-ix)) * exp(k*x), x)",
                "integrate(exp(-x) * (1 - sin(x + pi/2)), x)"
              ],
              "children": []
            }
          ]
        },
        {
          "level": 1,
          "variants": [
            "integrate(exp(-x) * cos(x + pi/4), x)",
            "integrate(exp(-x) * (1/sqrt(2) * (exp(i*(x + pi/4)) + exp(-i*(x + pi/4)))), x)",
            "integrate(exp(-x) * (cos(x) * (1/sqrt(2)) - sin(x) * (1/sqrt(2))), x)",
            "integrate(exp(-x) * (sin(x + pi/4) / sqrt(2)), x)",
            "integrate((exp(-x / 2) * exp(-x / 2)) * cos(x + pi/4), x)",
            "integrate(e^{-x} * cos(x), x)",
            "integrate(sqrt(2)/2 * (exp(-x) * cos(x) - exp(-x) * sin(x)), x)",
            "integrate(exp(-x) * (Re(exp(i*(x + pi/4)))), x)",
            "integrate(exp(-x) * sin(x + pi/4), x)",
            "integrate(exp(-x) * (sin(x) + cos(x)), x)",
            "integrate(exp(-x) * (1/2 * (exp(i*(x+pi/4)) + exp(-i*(x+pi/4)))), x)"
          ],
          "children": [
            {
              "level": 2,
              "variants": [
                "integrate(e**(-x) * (cos(x)*cos(pi/4) - sin(x)*sin(pi/4)), x)",
                "integrate(e**(-x) * cos(x - pi/4), x)",
                "integrate(cos(x - pi/4) * e**(-x), x)",
                "integrate(e**(-x) * (1/sqrt(2)) * (cos(x) + sin(x)), x)",
                "integrate(sin(x) * e**(-x), x)",
                "integrate(e**(-x) * (cos(x) cos(pi/6) - sin(x) sin(pi/6)), x)",
                "integrate(e**(-x) * (1/(2**0.5)) * (e**(ix) + e**(-ix)), x)",
                "integrate(e**(-x) * (cos(x - 3*pi/4)), x)",
                "integrate(e**(-x) * (1/2 * (e**(i*(x + pi/4)) + e**(-i*(x + pi/4)))), x)",
                "integrate(e**(-x) * (1/sqrt(2) * (cos(x) - sin(x))), x)",
                "integrate(e**(-x) * (sqrt(2) * cos(x + pi/4)), x)"
              ],
              "children": []
            },
            {
              "level": 2,
              "variants": [
                "integrate(e**(-x) * (1/sqrt(2)) * (e**(i*x) + e**(-i*x)), x)"
              ],
              "children": []
            },
            {
              "level": 2,
              "variants": [
                "integrate(e**(-x) * cos(x), x)",
                "integrate(e**(-x) * (1/2 * (e**(ix) + e**(-ix))), x)"
              ],
              "children": []
            }
          ]
        },
        {
          "level": 1,
          "variants": [
            "integrate((exp(-abs(x)) * cos(x)), x)",
            "integrate(cos(x) * exp(-abs(x)) * exp(-abs(x)), x)",
            "integrate(cos(x) * diff(exp(-abs(x)), x)",
            "integrate(0.5 * (exp(1j * x) + exp(-1j * x)) * exp(-abs(x)), x)",
            "integrate(exp(-abs(x)) * (sin(x) * sin(x) + cos(x) * cos(x)), x)",
            "integrate(exp(-abs(k * x)) * cos(x), x)",
            "integrate(diff(sin(x), x)",
            "integrate(exp(-x) * cos(x), x)",
            "integrate(exp(-abs(x)) * (exp(I*x) + exp(-I*x)) / 2, x)",
            "integrate(exp(-(x**2)/2) * cos(x), x)",
            "integrate(exp(-x) * cos(x + pi), x)"
          ],
          "children": [
            {
              "level": 2,
              "variants": [
                "integrate((exp(-abs(x)) * cos(x)), x)",
                "integrate(exp(-abs(x)) * (exp(I*x) + exp(-I*x)) / 2, x)",
                "integrate(cos(x) / exp(abs(x)), x)",
                "integrate(cos(x), x)",
                "integrate(exp(-abs(x + I)) * cos(x + I), x)",
                "integrate(exp(-x**2) * cos(x), x)",
                "integrate(exp(-abs(x) + I * x), x)",
                "integrate(1/(1 + x**2) * e^{-abs(x)}, x)",
                "integrate(1/(2*pi) * exp(-abs(x)) * cos(x) * exp(I*x), x)",
                "integrate(exp(-abs(x)) * (1/2 * (exp(I*x) + exp(-I*x))), x)",
                "integrate(exp(-abs(x)) * sin(x + pi/2), x)"
              ],
              "children": []
            }
          ]
        },
        {
          "level": 1,
          "variants": [
            "integrate(exp(-x) * (1 + cos(2*x))/2, x)",
            "integrate(e**(-x)/2, x)",
            "integrate(e**(-x)/4 * (e**(2*I*x) + e**(-2*I*x)), x)",
            "integrate(e**(-x) * (cos(2*x)/2 + I*sin(2*x)/2), x)",
            "integrate(e**(-x) * 0.5 * (sin(2*x + \u03c0/2) + sin(2*x + 0)), x)",
            "integrate(exp(-x) * (1 + sin(2*x + \u03c0/2))/2, x)",
            "integrate(e**(-x) * cos(x)**2, x)",
            "integrate((1 + cos(2*x)) / 2 * exp(-x), x)",
            "integrate(exp(-x) * (1 + sin(2*x))/2, x)",
            "integrate(exp(-x) / 2, x)",
            "integrate(exp(-x) / 2 + exp(-x) * (exp(2*I*x) + exp(-2*I*x))/2 / 2, x)"
          ],
          "children": [
            {
              "level": 2,
              "variants": [
                "integrate(exp(-x)/2, x)",
                "integrate(exp(-x), x)",
                "integrate(-1, x)",
                "integrate(1/(2*exp(x)), x)",
                "integrate(exp(0)*exp(-x), x)",
                "integrate(1/2*exp(-x + I*0), x)",
                "integrate((exp(-x)+exp(x))/2 - exp(x), x)",
                "integrate(inverse_laplace(1/(s + 1)), x)",
                "integrate(exp(-x) / exp(-x)/2, x)",
                "integrate(exp(-2 * x) / 2, x)",
                "integrate(1/2 * exp(-x) * (x + 1), x)"
              ],
              "children": []
            },
            {
              "level": 2,
              "variants": [
                "integrate(exp(-x) * (1 + sin(2x)/2 + sin(2x)/2), x)",
                "integrate(e**(-x) + e**(-x) * sin(2*x), x)",
                "integrate(e**(-x) + (1/2) * e**(-x) * (sin(2*x) + sin(2*x)), x)",
                "integrate(e**(-x) * (1 + 2 * sin(2*x)), x)",
                "integrate(e**(-x) * (1 + (e**(2 * Iy) - e**(-2 * Iy))/(2i)), x)",
                "integrate(e**(-x) * (1 + (e**(2*I*x) - e**(-2*I*x))/(2i)), x)",
                "integrate(e**(-x) * (1 + e**(2*I*x) + e**(-2*I*x))/2, x)",
                "integrate(e**(-x) * (1/2) * (2 + sin(2*x) + sin(2*x)), x)"
              ],
              "children": []
            },
            {
              "level": 2,
              "variants": [
                "integrate(e^{-x}, x)",
                "integrate(e^{-x} * 1, x)",
                "integrate(1, x)",
                "integrate(e**(-log(exp(x))), x)",
                "integrate(c * e**(-x), x)",
                "integrate(e**(-2*pi*I * x), x)",
                "integrate(cos(-I * x), x)",
                "integrate(1/e**x, x)",
                "integrate(x * e**(-x), x)",
                "integrate(e**(-2*x) * 2, x)",
                "integrate(e**(-x) * 1/(1 - 0), x)"
              ],
              "children": []
            }
          ]
        },
        {
          "level": 1,
          "variants": [
            "integrate(exp(-0.5*x) * cos(x), x)",
            "integrate(exp(-0.5*x) * (1/2 * (exp(I*x) + exp(-I*x))), x)",
            "integrate(exp(-0.5*x) * (1 - (x**2)/2 + (x**4)/24), x)",
            "integrate(exp(-0.5*x) * sin(x + pi/2), x)",
            "integrate(exp(-0.5*x) * cos(x) + 0, x)",
            "integrate((exp(-0.5*x) * cos(x))/(1), x)",
            "integrate(exp(-0.5*x) * (cos(x) + sin(x)), x)",
            "integrate(e^{-0.5*x} * (1/2 * (e^{I*x} + e^{-I*x}) + e^{-I*x}), x)"
          ],
          "children": [
            {
              "level": 2,
              "variants": [
                "integrate(exp(-0.5*x) * cos(x), x)",
                "integrate(exp(-0.5*x) * (exp(I*x) + exp(-I*x)) / 2, x)",
                "integrate(exp(-(0.5*(x-1)**2) + 0.5 - 0.5) * cos(x), x)",
                "integrate(exp(-0.5*x) * sin(x + \u03c0/2), x)",
                "integrate((2*exp(-0.5*x)/(2 + exp(-0.5*x)^2)) * (4 + cos(x)), x)",
                "integrate(exp(-0.5*x) * cos(x), x)",
                "integrate(exp(-0.5*x) * (1 - (x^2/2!) + (x^4/4!) - ...), x)",
                "integrate(exp(-s*x), x)"
              ],
              "children": []
            }
          ]
        },
        {
          "level": 1,
          "variants": [
            "integrate(cos(x) * exp(-x)/2 + cos(x) * exp(-2*x)/4, x)",
            "integrate(cos(x) * (exp(-x)/2 + exp(-2*x)/4), x)",
            "integrate((exp(I*x) + exp(-I*x))/2 * (exp(-x)/2 + exp(-2*x)/4), x)",
            "integrate(cos(x) * (2 * exp(-x)/4 + exp(-2*x)/4), x)",
            "integrate(e^(1-2*x) * cos(x), x)",
            "integrate(cos(x) * exp(-x)/4 * (2 + exp(-x)), x)",
            "integrate(cos(x)/2 * exp(-x) + cos(x)/4 * exp(-2*x), x)",
            "integrate(cos(x) * (2 * exp(-x) + exp(-2*x))/4, x)",
            "integrate(cos(x) * exp(-x/2) * exp(-x/2)/2, x)",
            "integrate(sin(x - pi/2) * exp(-x)/2 + sin(x - pi/2) * exp(-2*x)/4, x)"
          ],
          "children": [
            {
              "level": 2,
              "variants": [
                "integrate(cos(x) * (1/2 * exp(-x) + 1/4 * exp(-2*x)), x)",
                "integrate(1/2 * cos(x) * exp(-x), x)",
                "integrate((1/2 * (e^(ix) + e^(-ix)) * (1/2 * exp(-x) + 1/4 * exp(-2x))), x)",
                "integrate(1/2 * exp(-(1 + 0j) * x) * (0.5 + 0.25 * exp(-x)), x)",
                "integrate(sin(x + pi/2) * (1/2 * exp(-x) + 1/4 * exp(-2*x)), x)",
                "integrate(exp(-x) * d(sin(x))/d(x) + exp(-2*x) * d(sin(x))/d(x), x)",
                "integrate(exp(2i * pi * k) * (1/2 * exp(-x) + 1/4 * exp(-2*x)), x)",
                "integrate(sum(factorial(-n) / (2**n * factorial(n) * (2n)!)) * exp(-x) * exp(-2*x), x)"
              ],
              "children": []
            },
            {
              "level": 2,
              "variants": [
                "integrate((1/4) * (2 * exp(-x) + e^{-2*x}) * cos(x), x)",
                "integrate((1/8) * (2 * exp(-x) + e^{-2 * x}) * (exp(I * x) + exp(-I * x)), x)",
                "integrate((1/4) * (2 * exp(-x) + e^{-2 * x}) * (1/2 * (exp(I * x) + exp(-I * x))), x)",
                "integrate((1/4) * 2 * exp(-x) * cos(x), x)",
                "integrate((1/4) * (2 * exp(-x) + e^{-2 * x}) * (-sin(x)), x)",
                "integrate((1/4) * (2 * exp(-x) + (exp(-x))**2) * cos(x), x)",
                "integrate((1/8) * (exp(-2 * x) + 2 * exp(-x)) * (cos(x) + cos(-x)), x)"
              ],
              "children": []
            },
            {
              "level": 2,
              "variants": [
                "integrate(cos(x) * exp(-x), x)",
                "integrate(exp(-x + I * x), x)",
                "integrate(e**(-x) * (sin(x) + e**(-x) * cos(x)), x)",
                "integrate(sin(x + pi/2) * exp(-x), x)",
                "integrate(exp(-x) * sqrt(pi) * sin(x + pi / 4) / 2**(1/2), x)",
                "integrate(cos(x + 1) * exp(-(x + 1)), x)",
                "integrate(-exp(-x) * (sin(x) + e**(-x) * cos(x)), x)"
              ],
              "children": []
            }
          ]
        },
        {
          "level": 1,
          "variants": [
            "integrate(exp(-x) * (exp(I*x) + exp(-I*x)) / 2, x)",
            "integrate(cos(x) / exp(x), x)",
            "integrate(Re(exp(-x + I*x)), x)",
            "integrate(exp(-x) * (exp(I*x) + exp(-I*x))/2, x)",
            "integrate(e^{-x} * sin(x), x)",
            "integrate((exp(I*x) - exp(-I*x)) / (2i * exp(x)), x)",
            "integrate(exp(-x*(1-I)), x)"
          ],
          "children": [
            {
              "level": 2,
              "variants": [
                "integrate(e**(-x) * cos(x), x)",
                "integrate(e**(-x) * (e**(ix) + e**(-ix)) / 2, x)",
                "integrate(e**(-x) * cos(x), x)",
                "integrate(cos(x) * diff(e**(-x), x)",
                "integrate(e**(-(x + (sin(x)**2) / 2)) * cos(x), x)",
                "integrate(imaginary_part(e**(-x + ix)), x)",
                "integrate(e**(-x) * (1/2 * (e**(ix) + e**(-ix))), x)",
                "integrate(e**(-x) * Fourier_transform(cos(x), x)",
                "integrate(e**(-x + i*arg(cos(x))), x)",
                "integrate(cos(x) * integrate(e**(-x), x)",
                "integrate(re(z), x)"
              ],
              "children": []
            },
            {
              "level": 2,
              "variants": [
                "integrate(e**(-x) * (1/2) * (sin(x) + sin(-x)), x)",
                "integrate(0, x)",
                "integrate(e**(-x) * (1/2) * (sin(x) + sin(-x) + 5 - 5), x)",
                "integrate(e**(-x) * (1/2) * (e**(ix) - e**(-ix)), x)",
                "integrate(e**(-x) * (1/2) * (sin(x) + sin(-x) + cos(x) - cos(x)), x)",
                "integrate(e**(-x) * (1/2) * (x - x^3/6 + x^5/120 - (x - x^3/6 + x^5/120)), x)",
                "integrate(e**(-x) * (1/2) * (2 * sin(x) \\cdot \\cos(x)), x)",
                "integrate(e**(-x) * (1/2) * (sin(2x)/2), x)",
                "integrate(e**(-x) * (1/2) * (sin(x + \u03c0) + sin(x)), x)",
                "integrate(e**(-x) * (1/2) * (sin(x + \u03c0) + sin(-x + \u03c0)), x)",
                "integrate(e**(-x) * (1/2) * (sin(2\u03c0 + x) + sin(-2\u03c0 - x)), x)"
              ],
              "children": []
            },
            {
              "level": 2,
              "variants": [
                "integrate(e**(-x) * (cos(x) + I*sin(x)), x)",
                "integrate(sum(((-1)**n / factorial(n)) * (cos(x) + I*sin(x)) for n in range(10)), x)",
                "integrate(diff(e**(-x) * (cos(x) + I*sin(x)), x)",
                "integrate((e**(-x) + e**(-x) * I * x) * (cos(x) + I*sin(x)), x)",
                "integrate(e**(-ax) * (cos(x) + I*sin(x)), x)",
                "integrate(e**(-x) * (1/2 * (e^(ix) + e^(-ix))), x)",
                "integrate(e**(-x) * (0.5 * (cos(x) + I*sin(x)) + 0.5 * (cos(x + \u03c0/4) + I*sin(x + \u03c0/4))), x)",
                "integrate(e**(-x + I*x), x)",
                "integrate(e**(-x) * (1 + I*sin(x) - I*sin(x) + cos(x)), x)",
                "integrate(e**(-x) * e^(I*x), x)",
                "integrate(e**(a*x) * (e**(I*x)), x)"
              ],
              "children": []
            }
          ]
        },
        {
          "level": 1,
          "variants": [
            "integrate(exp(-x) * (1 - (x^2)/2 + (x^4)/24), x)",
            "integrate((1 - (x**2)/2 + (x**4)/24) * (-e**(-x)), x)",
            "integrate(e**-x, x)",
            "integrate(e**(-x) * ((1 - (1*(x**2 - 1))))**3, x)",
            "integrate(1/(1 + exp(x)) * (1 - (1/x**2)*2 + (x**2)/24), x)"
          ],
          "children": [
            {
              "level": 2,
              "variants": [
                "integrate(exp(-x) * exp(x**2), x)",
                "integrate(exp((x - 1/2)**2 - 1/4), x)",
                "integrate(exp(-s) * exp((s + x**2)), x)",
                "integrate(exp(-x) * exp(diff(exp(x**2), x)",
                "integrate(sqrt(exp(-2*x) * exp(2*x**2)), x)",
                "integrate(exp((x - 0.5)**2 - 0.25), x)",
                "integrate(exp(x**2) * exp(-x), x)",
                "integrate(exp(-x + x**2), x)",
                "integrate(exp(-x) * exp(x**2 - pi*(sin(x)**2)), x)",
                "integrate(exp(x**2 - 1/x), x)",
                "integrate(exp(x)*exp(x**2 - x), x)"
              ],
              "children": []
            },
            {
              "level": 2,
              "variants": [
                "integrate(exp(-x), x)",
                "integrate(1 / exp(x), x)",
                "integrate(cos(-I * x) + I * sin(-I * x), x)",
                "integrate(1/exp(1)*(exp(-x)/exp(-1)), x)",
                "integrate(exp(-2) * exp(-(x - 2)), x)",
                "integrate(exp(-x**2), x)",
                "integrate(exp(-1j * x), x)",
                "integrate(exp(-3*x), x)",
                "integrate(1/(1 + x**2), x)"
              ],
              "children": []
            },
            {
              "level": 2,
              "variants": [
                "integrate(exp(-x) * (1 - (x**2)/2 + x**4/24), x)",
                "integrate(e**-x * (e**x / (1 + x**2/12)), x)"
              ],
              "children": []
            }
          ]
        },
        {
          "level": 1,
          "variants": [
            "integrate(exp((-1 + I)*x), x)",
            "integrate(exp(-x) * (cos(x) + I*sin(x)), x)",
            "integrate(exp(-x) * exp(i*x), x)",
            "integrate(exp(-x) * exp(I * x), x)",
            "integrate(exp(-x) * exp(I*x), x)",
            "integrate(e^(x) * e^(-2ix), x)",
            "integrate( (1/(1 - I))*exp((-1 + I)x), x)",
            "integrate(1/(1 + exp((1 - I)x)), x)"
          ],
          "children": [
            {
              "level": 2,
              "variants": [
                "integrate(exp((-1 + I)*x), x)",
                "integrate(exp(-x) * exp(I * x), x)",
                "integrate(exp(-x) * (cos(x) + I * sin(x)), x)",
                "integrate(exp(-z * x), x)",
                "integrate(exp(-1*x) * cos(x), x)",
                "integrate(cos(x - pi/2) * exp(-x), x)",
                "integrate(exp(sqrt(2)*exp(I*pi/4)*x), x)",
                "integrate(exp(-x), x)",
                "integrate(exp(-x) * (cos(x) + I*sin(x)), x)",
                "integrate(exp((-1 - i)*x), x)",
                "integrate(exp(sqrt(2)*cos(theta - pi/4)), x)"
              ],
              "children": []
            }
          ]
        },
        {
          "level": 1,
          "variants": [
            "integrate(cos(x)*exp(-x), x)",
            "integrate((e^(ix) + e^(-ix))/2 * exp(-x), x)",
            "integrate(e^(-x) * cos(x), x)",
            "integrate(cos(x) * exp(-s * x), x)",
            "integrate((e^(ix) + e^(-ix)) / 2 * exp(-x), x)",
            "integrate(exp(-x + i*x), x)",
            "integrate(cos(x) * exp(-a * x), x)",
            "integrate(diff(cos(x) * exp(-x), x)",
            "integrate((1/2) * (exp(I*x) + exp(-I*x)) * exp(-x), x)",
            "integrate(cos(x)*e**(-x), x)",
            "integrate((e**(ix) + e**(-ix))/2 * e**(-x), x)"
          ],
          "children": [
            {
              "level": 2,
              "variants": [
                "integrate(cos(x)*exp(-x), x)",
                "integrate(cos(x) / exp(x), x)",
                "integrate((exp(I*x) + exp(-I*x)) / 2 * exp(-x), x)",
                "integrate(exp(-x) * sin(x), x)",
                "integrate(exp((I - 1) * x), x)",
                "integrate(e^{-x} * (cos(x) - sin(x)), x)",
                "integrate((1 - x^2/2 + x^4/24 - ...) * exp(-x), x)",
                "integrate(1/(1 + x^2) * e^(-x^2), x)",
                "integrate(exp(-x) * L{cos(x)}, x)",
                "integrate(exp(-x) * cos(-x), x)",
                "integrate(sin(x) * e^{-x}, x)"
              ],
              "children": []
            }
          ]
        },
        {
          "level": 1,
          "variants": [
            "integrate(sin(x)*exp(-x), x)",
            "integrate(sin(x)*exp(-x), x)",
            "integrate(imaginary_part(exp(ix)*exp(-x)), x)",
            "integrate(cos(x + pi/2)*exp(-x), x)",
            "integrate((exp(ix) - exp(-ix)) / (2i) * exp(-x), x)",
            "integrate(1/(1 + (x-1)**2), x)",
            "integrate(imaginary_part(exp(ix) * exp(-x)), x)"
          ],
          "children": [
            {
              "level": 2,
              "variants": [
                "integrate(sin(x)*exp(-x), x)",
                "integrate(sin(x)*exp(-x), x)",
                "integrate(imaginary(exp(i*x))*exp(-x), x)",
                "integrate(sin(sqrt(x))*exp(-sqrt(x)), x)",
                "integrate((e**(1j*x) - e**(-1j*x)) / (2j) * e**(-x), x)",
                "integrate(e**(-x) * (sin(x) * e**(0 * x)), x)",
                "integrate(sin(x + 0) * exp(-x), x)",
                "integrate(sin(x + pi/2) * exp(-x), x)",
                "integrate(sin(2*x) * exp(-0.5*x), x)",
                "integrate(sin(x + 1j) * exp(-x), x)",
                "integrate(sin(x) * exp(-1j*x), x)"
              ],
              "children": []
            }
          ]
        }
      ]
    }
  ]
}