{
  "base_question": "integrate(x**2*cos(x), x)",
  "tree": [
    {
      "level": 0,
      "variants": [
        "integrate(x**2*cos(x), x)",
        "integrate(x**2 * (exp(I*x) + exp(-I*x))/2, x)",
        "integrate(x**2 * cos(x), x)",
        "integrate(x**2 * sqrt(1 - sin(x)**2), x)",
        "integrate(x**2 * sin(x + pi/2), x)",
        "integrate(x**2 * (cos(x) + cos(x + pi)), x)",
        "integrate((x**2 + 1) * cos(x), x)",
        "integrate(x**2*cos(x), x)",
        "integrate(x**2*sin(x), x)",
        "integrate(x**2*exp(I*x), x)",
        "integrate(diff(diff(x**3*sin(x), x)"
      ],
      "children": [
        {
          "level": 1,
          "variants": [
            "integrate(x**2*cos(x), x)",
            "integrate(x**2*sin(x), x)",
            "integrate(x**2*exp(I*x), x)",
            "integrate(1/2*sqrt(x)*cos(sqrt(x)), x)",
            "integrate(x**2*exp(x), x)",
            "integrate(1/(x**2 + 1)*sin(x) / (x**2 + 1), x)",
            "integrate(2*tan(x)**2*sin(tan(x)), x)",
            "integrate(x**2*(1 - sin(x)**2)**(1/2)*cos(x), x)",
            "integrate(x**2*cosh(x), x)"
          ],
          "children": [
            {
              "level": 2,
              "variants": [
                "integrate(x**2*sin(x), x)",
                "integrate(x**2*sin(x), x)",
                "integrate(-x**2*cos(x), x)",
                "integrate(x**2*(exp(I*x) - exp(-I*x))/(2*I), x)",
                "integrate(2*integrate(x*exp(-a*x), x)",
                "integrate(2*x*sin(x) \u2013 integrate(-2*sin(x), x)",
                "integrate(x**(2)/(cos^2(x) + 1)*sin^2(x), x)",
                "integrate(x**2*laplace(sin(x), x)",
                "integrate(sin(x)/x*x**2, x)",
                "integrate((x**2 - 2*x + 2 + 2*x - 2) * sin(x), x)",
                "integrate(differentiate(x**2*cos(x), x)"
              ],
              "children": []
            },
            {
              "level": 2,
              "variants": [
                "integrate(x**2*cos(x), x)",
                "integrate(x**2*cos(x), x)",
                "integrate(x**2*(exp(I*x) + exp(-I*x)) / 2, x)",
                "integrate(x**2 * (1 + cos(2*x))/2, x)",
                "integrate(x * integrate(x * cos(x), x)",
                "integrate(x**2 * sum((-1)**n * x**(2*n) / factorial(2*n) for n in range(5)) , x)",
                "integrate(sum((-1)**n * x**(2+2*n) / factorial(2*n) for n in range(5)) , x)",
                "integrate(x * (x * cos(x)), x)",
                "integrate((x**2 * sin(x)) * (cos(x) / sin(x)), x)",
                "integrate(x**2 * (exp(I*x) + exp(-I*x))/2, x)",
                "integrate(x**2*(exp(I*x) + exp(-I*x))/2, x)"
              ],
              "children": []
            },
            {
              "level": 2,
              "variants": [
                "integrate((-x)**2*cos(-x), x)",
                "integrate(x**2 * cos(x), x)",
                "integrate((-x)**2 * (1/2 * (exp(I*x) + exp(-I*x))), x)",
                "integrate(a / (x**2) * cos(x), x)",
                "integrate(x**2 * (sin(x)), x)",
                "integrate((-x)**2 * (1 - 2 * sin(x)**2), x)"
              ],
              "children": []
            }
          ]
        },
        {
          "level": 1,
          "variants": [
            "integrate(x**2*exp(I*x), x)",
            "integrate(x**2 * exp(I * x), x)",
            "integrate(x**2 * (cos(x) + I * sin(x)), x)",
            "integrate(x**2 * exp(a * x), x)",
            "integrate(x**2 * exp(I * (x + \u03c0)), x)",
            "integrate(x**2 * exp(-I * x), x)",
            "integrate((x * exp(I * \u03b8))**2 * exp(I * x), x)"
          ],
          "children": [
            {
              "level": 2,
              "variants": [
                "integrate(x**2*exp(I*x), x)",
                "integrate(x**2*exp(I*x), x)",
                "integrate(x**2*cos(x), x)",
                "integrate(x*exp(I*x) - integrate(exp(I*x), x)",
                "integrate(x**2*exp(I*x+t), x)",
                "integrate(x**2/(x**2+1e-10) * exp(I*x), x)",
                "integrate(x**2*FourierTransform(g(x), x)"
              ],
              "children": []
            }
          ]
        },
        {
          "level": 1,
          "variants": [
            "integrate(x*cos(x), x)",
            "integrate(x * cos(x), x)",
            "integrate(x * (exp(I*x) + exp(-I*x))/2, x)",
            "integrate(k * x * cos(x), x)",
            "integrate(x * sin(x + pi/2), x)",
            "integrate(x * (1 - x**2/2 + x**4/24 - x**6/720 + ...), x)",
            "integrate(x * cos(x + a), x)",
            "integrate(x * sinh(x), x)",
            "integrate((x + sin(x)) * cos(x), x)",
            "integrate(x*cos(x), x)",
            "integrate(Re(x * exp(I * x)), x)"
          ],
          "children": [
            {
              "level": 2,
              "variants": [
                "integrate(x * (exp(I * x) + exp(-I * x)) / 2, x)",
                "integrate(x * (cos(x) + I*sin(x)), x)",
                "integrate(x * cos(x), x)",
                "integrate(x * 2 * cos(x) / 2, x)",
                "integrate(x * (1 - sin(x)**2), x)",
                "integrate(x * (1/2 * (exp(I*x) + exp(-I*x))), x)",
                "integrate(x * ((exp(I*x) + exp(-I*x)) / (2 * exp(0))), x)",
                "integrate(x * (1/2 * (e^(I*x) + e^(-I*x))), x)",
                "integrate(x * sum((-1)**n * x**(2*n) / factorial(2*n) for n in range(100)), x)",
                "integrate(u * cos(x), x)",
                "integrate(x * exp(I * x), x)"
              ],
              "children": []
            },
            {
              "level": 2,
              "variants": [
                "integrate(x * cos(x), x)",
                "integrate(x * (exp(I * x) + exp(-I * x)) / 2, x)",
                "integrate(x * cos(x), x)",
                "integrate(x * (exp(I * x)), x)",
                "integrate(x * (1/2 * (exp(I * x) + exp(-I * x))), x)",
                "integrate(x * sin(x), x)",
                "integrate(x * cos(alpha * x), x)",
                "integrate(x * sin(x) + 2 * cos(x), x)",
                "integrate(x * (exp(I*x) + exp(-I*x)) / 2, x)",
                "integrate(x * sin(x + pi/2), x)",
                "integrate(x * cos(x) - integrate(cos(x), x)"
              ],
              "children": []
            },
            {
              "level": 2,
              "variants": [
                "integrate(x * (1 - sin(x)**2), x)",
                "integrate(x * (1 + cos(2*x)) / 2, x)",
                "integrate(x * (1/2 + (1/2) * cos(2*x)), x)",
                "integrate(x * (1 - (1 - x**2/2 + x**4/24) + O(x**5)), x)",
                "integrate((-x) * (1 - sin(-x)**2), x)",
                "integrate(x * (1 - sin(x)**2), x)",
                "integrate(a*x**2 + b*x + c, x)",
                "integrate(x * cos(x)**2, x)",
                "integrate(x * (1 + cos(2*x))/2, x)",
                "integrate(x, x)",
                "integrate(x * (1 - tan(x)**2 * cos(x)**2), x)"
              ],
              "children": []
            }
          ]
        },
        {
          "level": 1,
          "variants": [
            "integrate(x**2*(exp(I*x) + exp(-I*x))/2, x)",
            "integrate(x**2 * (exp(I*x)/2 + exp(-I*x)/2), x)",
            "integrate(x**2 * cos(x + pi/4), x)",
            "integrate(x * ddiff(x**2 * sin(x), x)",
            "integrate((-1)**2 * (x**2 * cos(-x)), x)",
            "integrate(-diff(x**3/3, x)",
            "integrate(x**2 * (1/2 * exp(i*x) + 1/2 * exp(-i*x)), x)",
            "integrate(x**2 * cos((1 + k)x), x)",
            "integrate(x**2 * cos(x), x)",
            "integrate(x**2 * (exp(I*x) - exp(-I*x))/(2*I), x)",
            "integrate(x**2 * (exp(I*x) + exp(-I*x))/2, x)"
          ],
          "children": [
            {
              "level": 2,
              "variants": [
                "integrate(x**2*cos(x), x)",
                "integrate(x**2 * cos(x), x)",
                "integrate(x**2 * (exp(I*x) + exp(-I*x)) / 2, x)",
                "integrate(2 * x * sin(x) + 2 * cos(x), x)",
                "integrate(((x**2 + 2) / 2) * cos(x) - cos(x), x)",
                "integrate((r**2) * cos(Sqrt(x)), x)",
                "integrate(x**2 * diff(sin(x), x)",
                "integrate(x**2 * sin(x + pi/2), x)",
                "integrate(diff(x**3 / 3) * cos(x), x)",
                "integrate(x**2 * (1 + cos(2*x)) / 2, x)",
                "integrate(((x + 1)**2 - 2*x - 1) * cos(x), x)"
              ],
              "children": []
            },
            {
              "level": 2,
              "variants": [
                "integrate(x**2 * (exp(I*x) + exp(-I*x)) / 2, x)",
                "integrate(x**2 * (cos(x)), x)"
              ],
              "children": []
            },
            {
              "level": 2,
              "variants": [
                "integrate(x * x * cos(x), x)",
                "integrate((x - 1 + 1)**2 * cos(x), x)",
                "integrate(x * integrate(cos(x), x)",
                "integrate(x**2 * (sin(x + pi/2)), x)",
                "integrate(x**2 * (exp(I*x) + exp(-I*x)) / 2, x)",
                "integrate(x**2 * (cos(x) + cos(-x)) / 2, x)",
                "integrate(x**2 * (cos(x) + cos(-x)) / 2 + 0, x)",
                "integrate(x**2 * cos(1*x), x)",
                "integrate(x**2 * (1 + cos(x)) / 2, x)",
                "integrate(x**2 * cos(x), x)",
                "integrate(x**2 * (exp(I * x) + exp(-I * x)) / 2, x)"
              ],
              "children": []
            }
          ]
        },
        {
          "level": 1,
          "variants": [
            "integrate(x**2*sin(x), x)",
            "integrate(-x**2*cos(x) + 2*integrate(x*cos(x), x)",
            "integrate(x**2 * (1/(2j) * (exp(1j*x) - exp(-1j*x))), x)",
            "integrate(x**2*sin(x), x)",
            "integrate(x**2 * (exp(1j*x) - exp(-1j*x))/(2j), x)",
            "integrate(x**2 * (sin(x)/x) * x, x)",
            "integrate(x**2*(sin(x/2) - sin(x/2)*cos(x/2)), x)",
            "integrate(x**2 * (x - x**3/6 + x**5/120 - ...), x)",
            "integrate((x**3)*(sin(x)/x), x)"
          ],
          "children": [
            {
              "level": 2,
              "variants": [
                "integrate(x**2 * (x - x**3/6 + x**5/120), x)",
                "integrate(x**2 * (x - (1/6)*x**3 + (1/120)*x**5), x)",
                "integrate(x**2 * sum([(x**(2*n)/factorial(n) * ((-1)**n)/(6**n)) for n in range(3)]), x)",
                "integrate(x * (x**2 - (1/6)*x**4 + (1/120)*x**6), x)",
                "integrate((x^2 - x^4/6 + x^6/120) * x, x)",
                "integrate(((1/2)*x**2 + (1/12)*x**4 - (1/720)*x**6) * x, x)",
                "integrate(x**2 * (1 - (1/6)*x**2 + (1/120)*x**4), x)",
                "integrate(x**2 * (x - (x/6) + (x/120)), x)",
                "integrate(x**3 - x**5/6 + x**7/120, x)",
                "integrate(x**2 * (e**(x) - (1 + x + x**2/2 + x**3/6)), x)",
                "integrate(g(x) - (x^3/6 - x^5/120), x)"
              ],
              "children": []
            },
            {
              "level": 2,
              "variants": [
                "integrate(-x**2 * diff(cos(x), x)",
                "integrate(x**2 * sin(x), x)",
                "integrate(x**2 * (e^{ix} - e^{-ix})/(2i), x)",
                "integrate(-x**2 * sqrt(1 - cos(x)**2), x)",
                "integrate(x**2 * (x - x**3/6 + x**5/120 - ...), x)",
                "integrate(-x**2 * sin(-x), x)",
                "integrate(x * (x * sin(x)), x)",
                "integrate(x**2 * (1 - e^{-sx}), x)",
                "integrate(-x**2 * (-sin(x)), x)",
                "integrate(x**2 * cos(x), x)",
                "integrate(x**2 * d(cos(x)), x)"
              ],
              "children": []
            },
            {
              "level": 2,
              "variants": [
                "integrate(x ** 2 * (1 - (x**2)/6 + (x**4)/120), x)"
              ],
              "children": []
            }
          ]
        },
        {
          "level": 1,
          "variants": [
            "integrate((cos(x))**2, x)",
            "integrate((1 + cos(2*x))/2, x)",
            "integrate(1 - (sin(x))**2, x)",
            "integrate(cos(x) * sin(x), x)",
            "integrate((1/2) * (exp(I*x) + exp(-I*x))**2, x)",
            "integrate((cos(1*x))**2, x)",
            "integrate(((exp(I*x) + exp(-I*x))/2)**2, x)",
            "integrate((1/2) + (1/2)*cos(2*x), x)",
            "integrate((cos(x + pi/2))**2, x)",
            "integrate((1 - cos(2*x))/2, x)",
            "integrate(cos(x)*sin(x), x)"
          ],
          "children": [
            {
              "level": 2,
              "variants": [
                "integrate((1 - (sin(x))**2), x)",
                "integrate(cos(x)**2, x)",
                "integrate(1/2 + 1/2 * cos(2*x), x)",
                "integrate(cos(x)**2 + (1 - 2*cos(x)**2), x)",
                "integrate(diff(x - sin(x), x)",
                "integrate((1 - (1 - 1/2 * (e^(2*I*x) + e^(-2*I*x))), x)",
                "integrate(k**2, x)",
                "integrate(1, x)",
                "integrate(-(-1 + sin(x)**2), x)",
                "integrate((1 - (1 - cos(x)**2)), x)",
                "integrate(cos(x) * cos(x), x)"
              ],
              "children": []
            },
            {
              "level": 2,
              "variants": [
                "integrate(1 - (sin(x))**2, x)",
                "integrate(cos(x)**2, x)",
                "integrate(cos(x)**2 + cos(x)**2 - sin(x)**2, x)",
                "integrate(1 - (a*sin(x))**2, x)",
                "integrate((1 + cos(2*x)) / 2, x)",
                "integrate(1 - (x - x**3/6 + x**5/120)**2, x)",
                "integrate(1 - ((1/2j) * (e^(ix) - e^(-ix)))**2, x)",
                "integrate(1 + sin(-x)**2, x)",
                "integrate(1 - sin(-x)**2, x)",
                "integrate((1 + cos(2*x)) ./ 2, x)",
                "integrate(0.5 - 0.5*cos(2*x), x)"
              ],
              "children": []
            },
            {
              "level": 2,
              "variants": [
                "integrate((1 + cos(2 * x)) / 2, x)",
                "integrate((1 + (exp(2 * I * x) + exp(-2 * I * x)) / 2) / 2, x)",
                "integrate((1 + (1 - 2 * sin(x)**2)) / 2, x)",
                "integrate((1 + (2 * cos(x)**2 - 1)) / 2, x)",
                "integrate((1 + cos(2 * (x + pi))) / 2, x)",
                "integrate((1 + (1 - cos(2 * x))/2) / 2, x)",
                "integrate((1 + 2 * (1 / 2 + cos(2 * x) / 2)), x)",
                "integrate(cos(x)**2, x)",
                "integrate((1 + sin(2 * x) / (2 * sin(x))) / 2, x)",
                "integrate((1 + cos(2 * (x - pi))) / 2, x)",
                "integrate(k * (1 + cos(2 * x)), x)"
              ],
              "children": []
            }
          ]
        },
        {
          "level": 1,
          "variants": [
            "integrate(x**2*(I * exp(I*x) + I * exp(-I*x))/2, x)",
            "integrate(x**2 * I * (1 - cos(x)), x)",
            "integrate((x + pi)**2 * (I * exp(I * (x + pi)) + I * exp(-I * (x + pi))) / 2, x)",
            "integrate(a * x**2 * (I * exp(I*x) + I * exp(-I*x)) / 2, x)",
            "integrate(x**2 * I * exp(I*x) / 2, x)",
            "integrate((-x)**2 * (I * exp(I*(-x)) + I * exp(-I*(-x))) / 2, x)",
            "integrate(x**2 * (I * sin(x) + I * (1 - cos(x))), x)",
            "integrate((b * x)**2 * (I * exp(I*x) + I * exp(-I*x)) / 2, x)",
            "integrate(x**2 * (I * sinh(x) - I * cosh(x)), x)",
            "integrate(x**2 * I * (differentiand(exp(I*x), x)"
          ],
          "children": [
            {
              "level": 2,
              "variants": [
                "integrate(x**2*(I * exp(I*x) + I * exp(-I*x))/2, x)"
              ],
              "children": []
            }
          ]
        },
        {
          "level": 1,
          "variants": [
            "integrate(x**2 * cos(x), x)",
            "integrate(x**2 * cos(x), x)",
            "integrate(x**2 * re(exp(I*x)), x)",
            "integrate(x**2 * (exp(I*x) + exp(-I*x)) / 2, x)",
            "integrate(x**2 * sin(x + pi/2), x)",
            "integrate(x * (x * cos(x)), x)",
            "integrate(((x+x)**2 / 4) * cos(x), x)",
            "integrate(x**2 * (1 - sin(x)^2), x)",
            "integrate(x*(x*cos(x)), x)",
            "integrate((x**2/2 * (1 + cos(x))), x)"
          ],
          "children": [
            {
              "level": 2,
              "variants": [
                "integrate(x**2 * cos(x), x)",
                "integrate(x**2 * (exp(I*x) + exp(-I*x))/2, x)",
                "integrate(x**2 * cos(x), x)",
                "integrate(x**2 * (d(diff(sin(x), x)",
                "integrate(-x^2 * (diff(sin(x), x)",
                "integrate((x ** 2) * sqrt(1 - (sin(x))**2), x)",
                "integrate(x**2 * (1 - x**2/2 + x**4/24 - ...), x)",
                "integrate(x**2 * (Laplacian of cos(x)), x)",
                "integrate(x**2 * (pointwise_change(cos(x))), x)",
                "integrate(x**2 * sin(x), x)",
                "integrate(x**2 * sin(x + pi/2), x)"
              ],
              "children": []
            },
            {
              "level": 2,
              "variants": [
                "integrate(x**2 * (exp(I*x) + exp(-I*x)) / 2, x)",
                "integrate(x**2 * cos(x), x)",
                "integrate(x**2 * (exp(I*x) + exp(-I*x)) / 2, x)",
                "integrate((-x)**2 * (exp(I*(-x)) + exp(-I*(-x))) / 2, x)",
                "integrate(x**2 * sin(x), x)",
                "integrate(x**2 * exp(-I*x), x)",
                "integrate(x**2 * (1 - cos(2*x)) / 2, x)",
                "integrate(((x % (2 * pi))**2) * cos(x), x)",
                "integrate(x**2 * (exp(I*x) + exp(-I*x)), x)",
                "integrate(x**2 * (cos(x) + sin(x)*I), x)",
                "integrate((x + x) * (x + x) * (exp(I*x) + exp(-I*x)) / 2, x)"
              ],
              "children": []
            },
            {
              "level": 2,
              "variants": [
                "integrate(x**2, x)",
                "integrate((x + 1)**2 - 2*x - 1, x)",
                "integrate(x * x, x)",
                "integrate(exp(2 * log(x)), x)",
                "integrate((x + 0)**2, x)",
                "integrate(0.5 * ((x + x)**2 - (2 * x)**2), x)",
                "integrate(1 - (1 - x)**2, x)",
                "integrate(1/4 * (2 * x)**2, x)",
                "integrate(2 * (x**3) / 3, x)",
                "integrate((x - 1 + 1)**2, x)",
                "integrate((exp(log(x)))**2, x)"
              ],
              "children": []
            }
          ]
        },
        {
          "level": 1,
          "variants": [
            "integrate(x**2 * exp(I * x), x)",
            "integrate(x**2 * exp(I * x), x)",
            "integrate(x**2 * (cos(x) + I * sin(x)), x)",
            "integrate(x**2 * exp(a * x), x)",
            "integrate(1 * exp(I * x), x)",
            "integrate(x**2 * sum([(1j*x)**n/factorial(n) for n in range(10)]), x)",
            "integrate(x**2 * (exp(I*x) + exp(-I*x))/2, x)",
            "integrate(x**2 * exp(I * x)*exp(-I * x), x)",
            "integrate( (1/I) * d(exp(I * x))/dx * (x^2), x)",
            "integrate(x**2 * exp(-I * x) * exp(2 * I * x), x)",
            "integrate(x**2 * exp(I * (x + x*0)), x)"
          ],
          "children": [
            {
              "level": 2,
              "variants": [
                "integrate(x**2 * (cos(x) + I*sin(x)), x)",
                "integrate(x**2 * exp(I*x), x)",
                "integrate(x**2 * (cos(x) - I*sin(x)), x)",
                "integrate((x^2 * exp(I*theta)), x)",
                "integrate(x**2 * (cosh(x) + I*sinh(x)), x)",
                "integrate(exp(I*x + 2*log(x)), x)"
              ],
              "children": []
            }
          ]
        },
        {
          "level": 1,
          "variants": [
            "integrate(x * x * cos(x), x)",
            "integrate(x**2 * cos(x), x)",
            "integrate((x**2 + 1 - 1) * cos(x), x)",
            "integrate(x**2 * (exp(I * x) + exp(-I * x)) / 2, x)",
            "integrate(Derivative(x**2)(cos(x)), x)",
            "integrate(integrate(x * cos(x), x)",
            "integrate(x**2 * Re(exp(I * x)), x)",
            "integrate(x**2 * (1 - (x**2)/2 + (x**4)/24 - ...), x)",
            "integrate(x**2 * sin(x) * (cos(x)/sin(x)), x)"
          ],
          "children": [
            {
              "level": 2,
              "variants": [
                "integrate(x**2 * cos(x), x)",
                "integrate(x**2 * cos(x), x)",
                "integrate(x**2 * (exp(I*x) + exp(-I*x))/2, x)",
                "integrate((x**2 - 1 + 1) * cos(x), x)",
                "integrate(-x**2 * diff(sin(x), x)",
                "integrate((x**2 - x**2*0) * cos(x), x)",
                "integrate(x**2 * integrate(cos(x), x)",
                "integrate(x**2 * (exp(I*x) + exp(-I*x)) / 2, x)",
                "integrate(x**2 * cos(-x), x)",
                "integrate(x**2 * (cos(x) + sin(x)) - x**2 * sin(x), x)",
                "integrate((x**2 + 1 - 1) * cos(x), x)"
              ],
              "children": []
            },
            {
              "level": 2,
              "variants": [
                "integrate(x**2 * (1 - x**2/2 + x**4/24 - x**6/720 + ...), x)",
                "integrate((1/2)*x**2*cos(x), x)",
                "integrate(x**2 * exp(-x**2 / 2), x)",
                "integrate(x**2 / (1 + x**2/2), x)",
                "integrate(x**2 * cosh(x), x)",
                "integrate(x**2*sin(x**2), x)",
                "integrate(x**2 * Gamma(x), x)",
                "integrate(x**2 * (sin(x) + cos(x)), x)",
                "integrate(x**2 * log(x + 1), x)",
                "integrate(x**2 * (1 - (x**2 / 2)), x)",
                "integrate(x**2 * cos(x), x)"
              ],
              "children": []
            },
            {
              "level": 2,
              "variants": [
                "integrate(x * (x * cos(x)), x)",
                "integrate((x**2) * cos(x), x)",
                "integrate(x**2 * (exp(I * x) + exp(-I * x)) / 2, x)",
                "integrate(x**2 * cos(x), x)",
                "integrate(x**2 * re(exp(I * x)), x)",
                "integrate((x**2/x) * sin(x), x)",
                "integrate(x * (((x * sin(x)) - cos(x))), x)",
                "integrate((x**2 * (1 - x**2 / 2 + x**4 / 24 - ...)), x)",
                "integrate((1/2) * ((x * sin(x))^2), x)",
                "integrate(x * (x * (e^(1j*x) + e^(-1j*x)) / 2), x)",
                "integrate(x * ((u)/(x)), x)"
              ],
              "children": []
            }
          ]
        },
        {
          "level": 1,
          "variants": [
            "integrate(x**2*cos(x), x)",
            "integrate(x**2*cos(x), x)",
            "integrate(x**2 * exp(I*x), x)",
            "integrate(x**2 * cos(x), x)",
            "integrate(x**2 * (cos(x) + cos(x + 2*pi)), x)",
            "integrate(x**2 * cos(-x), x)",
            "integrate(x**2 * (cos(x) + cos(2*x) - cos(2*x) / 2), x)",
            "integrate(x * (-x * sin(x) + cos(x)), x)",
            "integrate((k * x)**2 * cos(k * x), x)",
            "integrate(2 * x * (-x * sin(x) + cos(x)), x)",
            "integrate(x**2 * (-sin(x))', x)"
          ],
          "children": [
            {
              "level": 2,
              "variants": [
                "integrate(x**2 * cos(x), x)"
              ],
              "children": []
            },
            {
              "level": 2,
              "variants": [
                "integrate(x**2 * (exp(I*x) + exp(-I*x)) / 2, x)",
                "integrate(x**2 * (exp(I*x) + exp(-I*x)) / 3, x)",
                "integrate(x**2 * (sin(x) * sin(x)) , x)",
                "integrate((x**2) / 2 * ((exp(I*x) + exp(-I*x)) * 2), x)",
                "integrate(x**2 * exp(I*x), x)",
                "integrate(x*(2 + x)*cos(x), x)",
                "integrate(x**2 * cos(x + pi), x)",
                "integrate(x**2 * (cos(2 * x) + 1) / 2, x)",
                "integrate((x + 1) * (x - 1) * cos(x), x)",
                "integrate(x**2 * cos(x), x)",
                "integrate(-1j * x**2 * sinh(I*x), x)"
              ],
              "children": []
            },
            {
              "level": 2,
              "variants": [
                "integrate(x * sin(x) * cos(x), x)",
                "integrate((1/2) * x * sin(2*x), x)",
                "integrate(x * (1/2) * sin(2*x), x)",
                "integrate(x * sin(x) * (1 - sin^2(x)), x)",
                "integrate(x * sin(x) * cos(x) + x/2 * (sin(x) + cos(x)), x)",
                "integrate((2/3) * x * sin(x) * cos(x) + (1/3) * 2 * x, x)",
                "integrate((1/2) * (sin(2*x) * x), x)",
                "integrate( (d/dx)(-cos(x)^2) * x, x)",
                "integrate(x * (sin(x) * cos(x) + 0), x)",
                "integrate(x * (1/2) * (e^(ix) - e^(-ix)), x)",
                "integrate(x * (sin(x)^2 + cos(x)^2) * sin(x) * cos(x), x)"
              ],
              "children": []
            }
          ]
        }
      ]
    }
  ]
}