[
  [
    {
      "original": "integrate(x*(log(x))**2, (x, 1, e))",
      "requested_difficulty": "easier",
      "variant": "integrate(x*log(x), x)",
      "reasoning": "As a professor who appreciates elegant simplifications, I will reduce the exponent by utilizing the property that \\((\\log(x))^2\\) can have a simplification in integration through substitution. Instead, let's consider just \\(\\log(x)\\).",
      "evaluation": "easier",
      "extra_verification": null,
      "transformations_used": [
        "drop a subexpression",
        "simplify a trigonometric component",
        "reduce an exponent"
      ],
      "timestamp": "2025-02-05T06:39:29.573471Z"
    },
    {
      "original": "integrate(x*(log(x))**2, (x, 1, e))",
      "requested_difficulty": "easier",
      "variant": "integrate(x*(log(x)), x)",
      "reasoning": "As an engineer, practical computational approaches are essential. I will drop unnecessary complexity by simplifying the logarithmic component to a polynomial form for easy computation.",
      "evaluation": "easier",
      "extra_verification": null,
      "transformations_used": [
        "drop a subexpression",
        "simplify a trigonometric component",
        "reduce an exponent"
      ],
      "timestamp": "2025-02-05T06:39:32.940855Z"
    },
    {
      "original": "integrate(x*(log(x))**2, (x, 1, e))",
      "requested_difficulty": "easier",
      "variant": "integrate(x*((x-1)**2), x)",
      "reasoning": "Emulating a student familiar with polynomial functions, I will replace the logarithmic components with a polynomial approximation (like Taylor expansion) around a convenient point, making calculations easier.",
      "evaluation": "easier",
      "extra_verification": null,
      "transformations_used": [
        "drop a subexpression",
        "simplify a trigonometric component",
        "reduce an exponent"
      ],
      "timestamp": "2025-02-05T06:39:29.720309Z"
    },
    {
      "original": "integrate(x*(log(x))**2, (x, 1, e))",
      "requested_difficulty": "equivalent",
      "variant": "integrate(x*log(x)**2, x)",
      "reasoning": "As a calculus professor who loves elegant simplifications, I can rewrite the integrand using integration by parts. This gives an opportunity to reduce the power of the logarithm, which can simplify the integration process.",
      "evaluation": "easier",
      "extra_verification": null,
      "transformations_used": [
        "distribute terms differently",
        "apply algebraic identities that preserve complexity",
        "use trigonometric identities to rewrite expression"
      ],
      "timestamp": "2025-02-05T06:39:38.066070Z"
    }
  ],
  [],
  [
    {
      "original": "integrate(sqrt(e**x-1), x)",
      "requested_difficulty": "easier",
      "variant": "integrate(sqrt(x), x)",
      "reasoning": "As a student who loves polynomials, I want to reduce complexity. I simplify the revolutionary \\( e^x \\) term by approximating it around zero with a Taylor series up to the first-order term.",
      "evaluation": "easier",
      "extra_verification": null,
      "transformations_used": [
        "remove a factor",
        "lower a coefficient",
        "reduce the degree of a polynomial"
      ],
      "timestamp": "2025-02-05T06:39:26.563060Z"
    },
    {
      "original": "integrate(sqrt(e**x-1), x)",
      "requested_difficulty": "easier",
      "variant": "integrate(sqrt(2*sinh(x/2)**2), x)",
      "reasoning": "Taking on the hat of a theoretical physicist, I recognize trigonometric identities. I can exploit the identity \\( e^x - 1 \\approx (2\\sinh(x/2))^2 \\) and substitute accordingly.",
      "evaluation": "easier",
      "extra_verification": null,
      "transformations_used": [
        "remove a factor",
        "lower a coefficient",
        "reduce the degree of a polynomial"
      ],
      "timestamp": "2025-02-05T06:39:26.205950Z"
    },
    {
      "original": "integrate(sqrt(e**x-1), x)",
      "requested_difficulty": "easier",
      "variant": "integrate(sqrt(x + 1), x)",
      "reasoning": "As an engineer focused on practical calculations, I would rewrite the term within the square root to express it in terms of a basic rational function to avoid complexities of exponentials.",
      "evaluation": "easier",
      "extra_verification": null,
      "transformations_used": [
        "remove a factor",
        "lower a coefficient",
        "reduce the degree of a polynomial"
      ],
      "timestamp": "2025-02-05T06:39:26.252266Z"
    },
    {
      "original": "integrate(sqrt(e**x-1), x)",
      "requested_difficulty": "easier",
      "variant": "integrate(sqrt(2 + n), x)",
      "reasoning": "As a number theorist, I see patterns. I can explore using rational approximations for the square root by factoring it with integers overcoming irrational consequences.",
      "evaluation": "easier",
      "extra_verification": null,
      "transformations_used": [
        "remove a factor",
        "lower a coefficient",
        "reduce the degree of a polynomial"
      ],
      "timestamp": "2025-02-05T06:39:26.114730Z"
    },
    {
      "original": "integrate(sqrt(e**x-1), x)",
      "requested_difficulty": "easier",
      "variant": "integrate(x**(1/2), x)",
      "reasoning": "Equipped with the mindset of a polynomial-lover student, I can explore the asymptotic behavior of \\( e^x \\) and approximate using only the leading order terms.",
      "evaluation": "easier",
      "extra_verification": null,
      "transformations_used": [
        "remove a factor",
        "lower a coefficient",
        "reduce the degree of a polynomial"
      ],
      "timestamp": "2025-02-05T06:39:26.392261Z"
    },
    {
      "original": "integrate(sqrt(e**x-1), x)",
      "requested_difficulty": "easier",
      "variant": "integrate(log(x + 1), x)",
      "reasoning": "As a creative mathematician, I recognize that the continuity properties of \\( e^{x/2} \\) lend themselves to an interesting substitution with logarithms that simplify the entire power complexity.",
      "evaluation": "easier",
      "extra_verification": null,
      "transformations_used": [
        "remove a factor",
        "lower a coefficient",
        "reduce the degree of a polynomial"
      ],
      "timestamp": "2025-02-05T06:39:26.120046Z"
    },
    {
      "original": "integrate(sqrt(e**x-1), x)",
      "requested_difficulty": "equivalent",
      "variant": "integrate(sqrt(e**x + e**(-x) - 2), x)",
      "reasoning": "As a calculus professor, I appreciate applying the property of even functions. Thus, we can explore using \\( e^{-x} \\) alongside \\( e^{x} \\) to create a symmetric form.",
      "evaluation": "easier",
      "extra_verification": null,
      "transformations_used": [
        "apply algebraic identities that preserve complexity",
        "exchange similar functions (e.g., sin to cos)",
        "alter constant terms"
      ],
      "timestamp": "2025-02-05T06:39:36.991356Z"
    },
    {
      "original": "integrate(sqrt(e**x-1), x)",
      "requested_difficulty": "equivalent",
      "variant": "integrate(sqrt((e**(x/2) - 1)*(e**(x/2) + 1)), x)",
      "reasoning": "As a student focused on rational functions, I\u2019ll look to rewrite the expression under the square root in terms of polynomials. By using the square of a difference, we can refactor the integrand.",
      "evaluation": "equivalent",
      "extra_verification": null,
      "transformations_used": [
        "apply algebraic identities that preserve complexity",
        "exchange similar functions (e.g., sin to cos)",
        "alter constant terms"
      ],
      "timestamp": "2025-02-05T06:39:36.926972Z"
    },
    {
      "original": "integrate(sqrt(e**x-1), x)",
      "requested_difficulty": "equivalent",
      "variant": "integrate(sqrt(2 - e**(-x)), x)",
      "reasoning": "In the spirit of creative mathematics, I\u2019ll express the square root in terms of an exponential decay function to explore its properties and behaviors in a different frame of reference.",
      "evaluation": "easier",
      "extra_verification": null,
      "transformations_used": [
        "apply algebraic identities that preserve complexity",
        "exchange similar functions (e.g., sin to cos)",
        "alter constant terms"
      ],
      "timestamp": "2025-02-05T06:39:37.016271Z"
    },
    {
      "original": "integrate(sqrt(e**x-1), x)",
      "requested_difficulty": "equivalent",
      "variant": "integrate(sqrt(exp(x) - 1), x)",
      "reasoning": "As a calculus professor, I prefer to manipulate expressions into equivalent forms that allow for elegant simplifications. By factoring \\( e^x - 1 \\) and using substitution, I can express the integral in a different way.",
      "evaluation": "equivalent",
      "extra_verification": null,
      "transformations_used": [
        "rewrite the integrand in a different form without changing overall complexity",
        "change coefficient values slightly",
        "apply algebraic identities that preserve complexity",
        "exchange similar functions (e.g., sin to cos)",
        "factor common terms differently"
      ],
      "timestamp": "2025-02-05T06:39:30.195953Z"
    },
    {
      "original": "integrate(sqrt(e**x-1), x)",
      "requested_difficulty": "equivalent",
      "variant": "integrate(sqrt(cosh(x) - 1), x)",
      "reasoning": "From the viewpoint of a theoretical physicist, I'd look for expressions involving trigonometric identities. By using the identity \\( e^{ix} = cos(x) + i sin(x) \\), I will explore a complex angle substitution.",
      "evaluation": "easier",
      "extra_verification": null,
      "transformations_used": [
        "rewrite the integrand in a different form without changing overall complexity",
        "change coefficient values slightly",
        "apply algebraic identities that preserve complexity",
        "exchange similar functions (e.g., sin to cos)",
        "factor common terms differently"
      ],
      "timestamp": "2025-02-05T06:39:29.707285Z"
    },
    {
      "original": "integrate(sqrt(e**x-1), x)",
      "requested_difficulty": "equivalent",
      "variant": "integrate(sqrt(e**(x + log(2)) - 1), x)",
      "reasoning": "The number theorist within me is intrigued by the nature of the expressions involved. I explore the use of prime-number components within the integral representation, slightly modifying the constant to preserve the original integral's essence.",
      "evaluation": "easier",
      "extra_verification": null,
      "transformations_used": [
        "rewrite the integrand in a different form without changing overall complexity",
        "change coefficient values slightly",
        "apply algebraic identities that preserve complexity",
        "exchange similar functions (e.g., sin to cos)",
        "factor common terms differently"
      ],
      "timestamp": "2025-02-05T06:39:30.570217Z"
    },
    {
      "original": "integrate(sqrt(e**x-1), x)",
      "requested_difficulty": "equivalent",
      "variant": "integrate(sqrt(2*sinh(x/2)^2), x)",
      "reasoning": "As a geometry enthusiast, I think about transformations that relate to area under curves. I can look at the integral involving a hyperbolic identity which presents the area in a geometric sense.",
      "evaluation": "easier",
      "extra_verification": null,
      "transformations_used": [
        "rewrite the integrand in a different form without changing overall complexity",
        "change coefficient values slightly",
        "apply algebraic identities that preserve complexity",
        "exchange similar functions (e.g., sin to cos)",
        "factor common terms differently"
      ],
      "timestamp": "2025-02-05T06:39:29.719718Z"
    },
    {
      "original": "integrate(sqrt(e**x-1), x)",
      "requested_difficulty": "equivalent",
      "variant": "integrate(sqrt(exp(x) - exp(0)), x)",
      "reasoning": "As a creative thinker in mathematics, I would look for a way to express the square root integrand as a function of natural logarithms, subtly transforming the expression but keeping it intricate.",
      "evaluation": "equivalent",
      "extra_verification": null,
      "transformations_used": [
        "rewrite the integrand in a different form without changing overall complexity",
        "change coefficient values slightly",
        "apply algebraic identities that preserve complexity",
        "exchange similar functions (e.g., sin to cos)",
        "factor common terms differently"
      ],
      "timestamp": "2025-02-05T06:39:30.172781Z"
    },
    {
      "original": "integrate(sqrt(e**x-1), x)",
      "requested_difficulty": "equivalent",
      "variant": "integrate(sqrt(exp(2*x) - 1)/2, x)",
      "reasoning": "Switching elements around for an alternative approach is natural to my analytical style. I will alter the expression to introduce a rational coefficient in the exponent to see a different yet complex dimension.",
      "evaluation": "equivalent",
      "extra_verification": null,
      "transformations_used": [
        "rewrite the integrand in a different form without changing overall complexity",
        "change coefficient values slightly",
        "apply algebraic identities that preserve complexity",
        "exchange similar functions (e.g., sin to cos)",
        "factor common terms differently"
      ],
      "timestamp": "2025-02-05T06:39:29.702139Z"
    }
  ],
  [
    {
      "original": "integrate(sin(x)*log(sin(x)), x)",
      "requested_difficulty": "easier",
      "variant": "integrate(sin(x), x)",
      "reasoning": "As a calculus professor who loves elegant simplifications, I notice that I can drop the logarithmic term and simply consider the integral of \\( \\sin(x) \\) to create a more straightforward integral to work with.",
      "evaluation": "easier",
      "extra_verification": null,
      "transformations_used": [
        "reduce an exponent",
        "remove logarithmic terms",
        "drop a subexpression"
      ],
      "timestamp": "2025-02-05T06:39:37.198438Z"
    },
    {
      "original": "integrate(sin(x)*log(sin(x)), x)",
      "requested_difficulty": "easier",
      "variant": "integrate(0.5 * log(0.5) * sin(x), x)",
      "reasoning": "From the viewpoint of a creative mathematician, I will use an approximate mean value to replace coefficients, creating a weighted integral that summarizes behavior without losing essential properties.",
      "evaluation": "easier",
      "extra_verification": null,
      "transformations_used": [
        "replace transcendental functions with simpler algebraic ones",
        "lower a coefficient",
        "reduce the number of terms in the expression"
      ],
      "timestamp": "2025-02-05T06:39:30.224592Z"
    },
    {
      "original": "integrate(sin(x)*log(sin(x)), x)",
      "requested_difficulty": "equivalent",
      "variant": "integrate((sqrt(1 - (cos(x))**2)) * log(sqrt(1 - (cos(x))**2)), x)",
      "reasoning": "I think in geometric transformations as a geometry enthusiast. I can relate the sine function geometrically using a circle; writing it in terms of a triangle provides a fresh view.",
      "evaluation": "equivalent",
      "extra_verification": null,
      "transformations_used": [
        "swap numerator and denominator with reciprocal",
        "change variables while maintaining complexity",
        "substitute equivalent exponential forms"
      ],
      "timestamp": "2025-02-05T06:39:37.483141Z"
    },
    {
      "original": "integrate(sin(x)*log(sin(x)), x)",
      "requested_difficulty": "equivalent",
      "variant": "integrate(cos(x) * log(cos(x)), x)",
      "reasoning": "As a calculus professor focused on properties of integrals, I will take the derivative of the integral to observe its underlying behavior and then propose a transformation.",
      "evaluation": "equivalent",
      "extra_verification": null,
      "transformations_used": [
        "swap numerator and denominator with reciprocal",
        "change variables while maintaining complexity",
        "substitute equivalent exponential forms"
      ],
      "timestamp": "2025-02-05T06:39:37.481139Z"
    },
    {
      "original": "integrate(sin(x)*log(sin(x)), x)",
      "requested_difficulty": "equivalent",
      "variant": "integrate(sin(x) * (sin(x) - (sin(x)**3)/6 + O(sin(x)**5)), x)",
      "reasoning": "As a student focusing on polynomials, I want to expand \\(\\log(\\sin(x))\\) using Taylor series around \\(x = 0\\) up to the third order to approximate within a polynomial context.",
      "evaluation": "easier",
      "extra_verification": null,
      "transformations_used": [
        "apply algebraic identities that preserve complexity",
        "alter constant terms",
        "rewrite using different logarithmic properties"
      ],
      "timestamp": "2025-02-05T06:39:30.165293Z"
    },
    {
      "original": "integrate(sin(x)*log(sin(x)), x)",
      "requested_difficulty": "equivalent",
      "variant": "integrate(sin(x)*log(sin(x)**(1/2)), x)",
      "reasoning": "As a number theorist, I wish to explore rational coefficients by relating \\(\\log(\\sin(x))\\) to its fractional powers, keeping the integral within a rational bounds approach.",
      "evaluation": "easier",
      "extra_verification": null,
      "transformations_used": [
        "apply algebraic identities that preserve complexity",
        "alter constant terms",
        "rewrite using different logarithmic properties"
      ],
      "timestamp": "2025-02-05T06:39:29.779990Z"
    },
    {
      "original": "integrate(sin(x)*log(sin(x)), x)",
      "requested_difficulty": "equivalent",
      "variant": "integrate(log(sin(x))*sin(x), x)",
      "reasoning": "Embracing my persona as a creative mathematician, I can implement integration by parts, where I set \\(u = \\log(\\sin(x))\\) and \\(dv = \\sin(x)dx\\) to structure the integral in a new form.",
      "evaluation": "equivalent",
      "extra_verification": null,
      "transformations_used": [
        "apply algebraic identities that preserve complexity",
        "alter constant terms",
        "rewrite using different logarithmic properties"
      ],
      "timestamp": "2025-02-05T06:39:29.745516Z"
    },
    {
      "original": "integrate(sin(x)*log(sin(x)), x)",
      "requested_difficulty": "equivalent",
      "variant": "integrate(diff(sin(x)*log(sin(x)), x)",
      "reasoning": "Thinking as an experimental mathematician, I can use the product rule in reverse and express \\(\\sin(x) \\log(\\sin(x))\\) as a differentiation of products, allowing transformation into a simpler context.",
      "evaluation": "easier",
      "extra_verification": null,
      "transformations_used": [
        "apply algebraic identities that preserve complexity",
        "alter constant terms",
        "rewrite using different logarithmic properties"
      ],
      "timestamp": "2025-02-05T06:39:29.840428Z"
    }
  ],
  [
    {
      "original": "integrate(1/(x-1), x)",
      "requested_difficulty": "easier",
      "variant": "integrate(1/(x), x)",
      "reasoning": "As a calculus professor, I appreciate substituting constants to avoid singularities. Transforming the integral by shifting the variable simplifies the interaction with the singularity at \\( x = 1 \\).",
      "evaluation": "easier",
      "extra_verification": null,
      "transformations_used": [
        "change a function to an easier one",
        "lower a coefficient",
        "convert a product to a simpler sum",
        "simplify a trigonometric component",
        "reduce the number of terms in the expression"
      ],
      "timestamp": "2025-02-05T06:39:25.851759Z"
    },
    {
      "original": "integrate(1/(x-1), x)",
      "requested_difficulty": "easier",
      "variant": "integrate(1/(2*(x-1)), x)",
      "reasoning": "Adopting the persona of a creative mathematician, I decide to convert the function into a sum of terms. By using partial fraction decomposition, I can break complex rational functions into simpler components.",
      "evaluation": "easier",
      "extra_verification": null,
      "transformations_used": [
        "change a function to an easier one",
        "lower a coefficient",
        "convert a product to a simpler sum",
        "simplify a trigonometric component",
        "reduce the number of terms in the expression"
      ],
      "timestamp": "2025-02-05T06:39:25.820010Z"
    },
    {
      "original": "integrate(1/(x-1), x)",
      "requested_difficulty": "easier",
      "variant": "integrate(0.1/(x-1), x)",
      "reasoning": "As an engineer, practical approaches are key for me. I've multiplied both numerator and denominator by a small constant, making the integrand simpler to evaluate in computational scenarios.",
      "evaluation": "easier",
      "extra_verification": null,
      "transformations_used": [
        "change a function to an easier one",
        "lower a coefficient",
        "convert a product to a simpler sum",
        "simplify a trigonometric component",
        "reduce the number of terms in the expression"
      ],
      "timestamp": "2025-02-05T06:39:25.957867Z"
    },
    {
      "original": "integrate(1/(x-1), x)",
      "requested_difficulty": "easier",
      "variant": "integrate(1/(3*(x-1)), x)",
      "reasoning": "As a number theorist, I want to focus on straightforward rational factors. Shifting the integrand into integer coefficients allows me to evaluate it more easily.",
      "evaluation": "equivalent",
      "extra_verification": null,
      "transformations_used": [
        "change a function to an easier one",
        "lower a coefficient",
        "convert a product to a simpler sum",
        "simplify a trigonometric component",
        "reduce the number of terms in the expression"
      ],
      "timestamp": "2025-02-05T06:39:25.894023Z"
    },
    {
      "original": "integrate(1/(x-1), x)",
      "requested_difficulty": "easier",
      "variant": "integrate(1/(x-0.5), x)",
      "reasoning": "With the mindset of a calculus professor who enjoys elegance, I reduce the term in the denominator, ultimately simplifying the singular behavior for easier integration.",
      "evaluation": "easier",
      "extra_verification": null,
      "transformations_used": [
        "change a function to an easier one",
        "lower a coefficient",
        "convert a product to a simpler sum",
        "simplify a trigonometric component",
        "reduce the number of terms in the expression"
      ],
      "timestamp": "2025-02-05T06:39:29.873717Z"
    },
    {
      "original": "integrate(1/(x-1), x)",
      "requested_difficulty": "easier",
      "variant": "integrate(1/(2*(x-2)), x)",
      "reasoning": "Playing the role of an engineer once more, I see value in approximating the integral using a linear function. This creates a simpler model for compensation in a given system.",
      "evaluation": "equivalent",
      "extra_verification": null,
      "transformations_used": [
        "change a function to an easier one",
        "lower a coefficient",
        "convert a product to a simpler sum",
        "simplify a trigonometric component",
        "reduce the number of terms in the expression"
      ],
      "timestamp": "2025-02-05T06:39:25.829433Z"
    },
    {
      "original": "integrate(1/(x-1), x)",
      "requested_difficulty": "easier",
      "variant": "integrate(1/(1*(x-1)), x)",
      "reasoning": "As a student who prefers working with polynomials, let's express \\( \\frac{1}{x-1} \\) in a polynomial form. While it remains a rational function, it can transform into \\( \\frac{1}{1} \\cdot \\frac{1}{x-1} \\).",
      "evaluation": "equivalent",
      "extra_verification": null,
      "transformations_used": [
        "convert a product to a simpler sum",
        "lower a coefficient",
        "reduce the number of terms in the expression",
        "remove a complicated term",
        "simplify the denominator"
      ],
      "timestamp": "2025-02-05T06:39:28.329535Z"
    },
    {
      "original": "integrate(1/(x-1), x)",
      "requested_difficulty": "easier",
      "variant": "integrate(exp(-log(x-1)), x)",
      "reasoning": "As a theoretical physicist, I'm inclined to look for connections with trigonometric forms. Though not directly applicable, I could express it in an exponential version indirectly connecting to Euler's formula.",
      "evaluation": "equivalent",
      "extra_verification": null,
      "transformations_used": [
        "convert a product to a simpler sum",
        "lower a coefficient",
        "reduce the number of terms in the expression",
        "remove a complicated term",
        "simplify the denominator"
      ],
      "timestamp": "2025-02-05T06:39:30.953690Z"
    },
    {
      "original": "integrate(1/(x-1), x)",
      "requested_difficulty": "easier",
      "variant": "integrate(x/(x-1) - 1/(x-1), x)",
      "reasoning": "As a calculus professor again, we can also consider integration by parts, which might complicate the expression, yet still reflect a meaningful structure in learning.",
      "evaluation": "easier",
      "extra_verification": null,
      "transformations_used": [
        "convert a product to a simpler sum",
        "lower a coefficient",
        "reduce the number of terms in the expression",
        "remove a complicated term",
        "simplify the denominator"
      ],
      "timestamp": "2025-02-05T06:39:28.195974Z"
    },
    {
      "original": "integrate(1/(x-1), x)",
      "requested_difficulty": "easier",
      "variant": "integrate(1/(2*(x-1) + 3), x)",
      "reasoning": "As a creative mathematician, let\u2019s introduce a more complex linear function in the denominator to keep the integral from being overly simplified while still allowing for unique personality in the substitution.",
      "evaluation": "easier",
      "extra_verification": null,
      "transformations_used": [
        "convert a product to a simpler sum",
        "lower a coefficient",
        "reduce the number of terms in the expression",
        "remove a complicated term",
        "simplify the denominator"
      ],
      "timestamp": "2025-02-05T06:39:28.187283Z"
    },
    {
      "original": "integrate(1/(x-1), x)",
      "requested_difficulty": "equivalent",
      "variant": "integrate(1/(x-1), x)",
      "reasoning": "As a calculus professor, I appreciate the beauty of inverse functions. Noting that integration is closely related to logarithmic functions, I can express the integral of 1/(x-1) as the integral of the reciprocal function involved in a logarithmic identity.",
      "evaluation": "equivalent",
      "extra_verification": null,
      "transformations_used": [
        "swap numerator and denominator with reciprocal",
        "distribute terms differently",
        "apply algebraic identities that preserve complexity"
      ],
      "timestamp": "2025-02-05T06:39:28.194572Z"
    },
    {
      "original": "integrate(1/(x-1), x)",
      "requested_difficulty": "equivalent",
      "variant": "integrate((x-2)/(x-1) + 1/(x-1), x)",
      "reasoning": "As a student who favors polynomials and rational functions, I recognize that the integrand can be transformed using rational function manipulation. I can rewrite 1/(x-1) by adding and subtracting strategically to maintain form.",
      "evaluation": "easier",
      "extra_verification": null,
      "transformations_used": [
        "swap numerator and denominator with reciprocal",
        "distribute terms differently",
        "apply algebraic identities that preserve complexity"
      ],
      "timestamp": "2025-02-05T06:39:28.089209Z"
    },
    {
      "original": "integrate(1/(x-1), x)",
      "requested_difficulty": "equivalent",
      "variant": "integrate((x+1)/((x-1)(x+1)), x)",
      "reasoning": "As an engineer, practicality is essential. I notice that multiplying the integrand by (x+1)/(x+1) allows for useful form growth, even if it complicates the algebra temporarily.",
      "evaluation": "equivalent",
      "extra_verification": null,
      "transformations_used": [
        "swap numerator and denominator with reciprocal",
        "distribute terms differently",
        "apply algebraic identities that preserve complexity"
      ],
      "timestamp": "2025-02-05T06:39:29.276811Z"
    },
    {
      "original": "integrate(1/(x-1), x)",
      "requested_difficulty": "equivalent",
      "variant": "integrate(1/(x-1) + 1/(x+1) - 1/(x+1), x)",
      "reasoning": "As a geometry enthusiast, I think in terms of transformations. I can re-express the integral using partial fractions to see it from another angle while ensuring the complexity remains intact.",
      "evaluation": "equivalent",
      "extra_verification": null,
      "transformations_used": [
        "swap numerator and denominator with reciprocal",
        "distribute terms differently",
        "apply algebraic identities that preserve complexity"
      ],
      "timestamp": "2025-02-05T06:39:28.261096Z"
    },
    {
      "original": "integrate(1/(x-1), x)",
      "requested_difficulty": "equivalent",
      "variant": "integrate(1/((x-1)**1), x)",
      "reasoning": "As an engineer, I like to analyze things through practical computation. Rearranging the integral yields a form amenable to numerical integration techniques, breaking down the steps into simpler parts.",
      "evaluation": "equivalent",
      "extra_verification": null,
      "transformations_used": [
        "use trigonometric identities to rewrite expression",
        "factor common terms differently",
        "rewrite using different logarithmic properties"
      ],
      "timestamp": "2025-02-05T06:39:28.626460Z"
    }
  ]
]