[
  [],
  [
    {
      "original": "integrate(sec(x)**5*tan(x)**3, x)",
      "requested_difficulty": "easier",
      "variant": "integrate(sec(x)**4 * tan(x)**3, x)",
      "reasoning": "As a calculus professor who loves elegant simplifications, I notice that lowering the exponent of secant can sometimes ease the integration process. I will consider \\( \\sec^4(x) \\tan^3(x) \\) instead, allowing us to potentially apply a reduction formula.",
      "evaluation": "easier",
      "extra_verification": null,
      "transformations_used": [
        "lower a coefficient",
        "simplify composite trigonometric functions",
        "change a function to an easier one"
      ],
      "timestamp": "2025-02-05T06:47:59.473202Z"
    },
    {
      "original": "integrate(sec(x)**5*tan(x)**3, x)",
      "requested_difficulty": "easier",
      "variant": "integrate(sec(x)**3 * tan(x)**2, x)",
      "reasoning": "As a theoretical physicist, I focus on the relationship between trigonometric functions. By taking a simpler trigonometric equivalent, I can consider \\( \\sec^3(x) \\tan^2(x) \\) for integration, reducing the overall complexity.",
      "evaluation": "easier",
      "extra_verification": null,
      "transformations_used": [
        "lower a coefficient",
        "simplify composite trigonometric functions",
        "change a function to an easier one"
      ],
      "timestamp": "2025-02-05T06:47:59.484110Z"
    },
    {
      "original": "integrate(sec(x)**5*tan(x)**3, x)",
      "requested_difficulty": "easier",
      "variant": "integrate(tan(x)**2 * sec(x)**2, x)",
      "reasoning": "As an engineer who favors practical approaches, I will reduce the power of tangent and solve \\( \\tan^2(x) \\sec^2(x) \\) instead of using odd powers, simplifying the computation.",
      "evaluation": "easier",
      "extra_verification": null,
      "transformations_used": [
        "lower a coefficient",
        "simplify composite trigonometric functions",
        "change a function to an easier one"
      ],
      "timestamp": "2025-02-05T06:47:59.522995Z"
    },
    {
      "original": "integrate(sec(x)**5*tan(x)**3, x)",
      "requested_difficulty": "easier",
      "variant": "integrate(tan(x)**4 * sec(x)**4, x)",
      "reasoning": "As a number theorist fascinated by rational coefficients, I notice that working with integer coefficients is easier. I\u2019ll consider using \\( \\tan^4(x) \\sec^4(x) \\) for integration as the even powers can make manipulations more straightforward.",
      "evaluation": "easier",
      "extra_verification": null,
      "transformations_used": [
        "lower a coefficient",
        "simplify composite trigonometric functions",
        "change a function to an easier one"
      ],
      "timestamp": "2025-02-05T06:47:59.452423Z"
    },
    {
      "original": "integrate(sec(x)**5*tan(x)**3, x)",
      "requested_difficulty": "easier",
      "variant": "integrate(sec(x)**2 * tan(x)**4, x)",
      "reasoning": "As a geometry enthusiast, I think in terms of transformations. I will use the identity involving \\( \\sec^2(x) \\) and \\( \\tan(x) \\) to rewrite the integral as an area under a curve related to secant, leading to \\( \\int \\sec^2(x) \\tan^4(x) \\, dx \\).",
      "evaluation": "easier",
      "extra_verification": null,
      "transformations_used": [
        "lower a coefficient",
        "simplify composite trigonometric functions",
        "change a function to an easier one"
      ],
      "timestamp": "2025-02-05T06:47:59.456217Z"
    },
    {
      "original": "integrate(sec(x)**5*tan(x)**3, x)",
      "requested_difficulty": "easier",
      "variant": "integrate(sec(x)**2 * tan(x)**3, x)",
      "reasoning": "As a polynomial-loving student, I decide to change \\( \\sec(x) \\) into a polynomial form, thus letting the integral take on \\( \\sec^2(x) \\tan^3(x) \\) which should be simpler while still being challenging.",
      "evaluation": "easier",
      "extra_verification": null,
      "transformations_used": [
        "lower a coefficient",
        "simplify composite trigonometric functions",
        "change a function to an easier one"
      ],
      "timestamp": "2025-02-05T06:47:59.891388Z"
    },
    {
      "original": "integrate(sec(x)**5*tan(x)**3, x)",
      "requested_difficulty": "easier",
      "variant": "integrate(sec(x)**4 * tan(x)**2, x)",
      "reasoning": "As a theoretical physicist, using symmetry in the integrand can ease the process. I will try integrating \\( \\sec^4(x) \\tan^2(x) \\) to exploit the relationship between secant and tangent.",
      "evaluation": "easier",
      "extra_verification": null,
      "transformations_used": [
        "lower a coefficient",
        "simplify composite trigonometric functions",
        "change a function to an easier one"
      ],
      "timestamp": "2025-02-05T06:47:59.422305Z"
    },
    {
      "original": "integrate(sec(x)**5*tan(x)**3, x)",
      "requested_difficulty": "easier",
      "variant": "integrate(tan(x) * sec(x)**3, x)",
      "reasoning": "Finally, as an engineer, I\u2019ll opt for a more straightforward transformation, like using \\( \\tan(x) \\sec(x) \\), leading me to consider \\( \\tan(x) \\sec^3(x) \\) for potential partial fraction decomposition.",
      "evaluation": "easier",
      "extra_verification": null,
      "transformations_used": [
        "lower a coefficient",
        "simplify composite trigonometric functions",
        "change a function to an easier one"
      ],
      "timestamp": "2025-02-05T06:47:59.454461Z"
    },
    {
      "original": "integrate(sec(x)**5*tan(x)**3, x)",
      "requested_difficulty": "easier",
      "variant": "integrate((1/cos(x))**4 * (sin(x)/cos(x))**2, x)",
      "reasoning": "As a calculus professor, I prefer integrals that have familiar forms. Reducing the power of secant and replacing it with a rational function gives us an easier variant while keeping the integral challenging.",
      "evaluation": "equivalent",
      "extra_verification": null,
      "transformations_used": [
        "remove logarithmic terms",
        "lower a coefficient",
        "remove a factor",
        "convert a product to a simpler sum",
        "replace a complex fraction with a simpler one"
      ],
      "timestamp": "2025-02-05T06:48:01.869177Z"
    },
    {
      "original": "integrate(sec(x)**5*tan(x)**3, x)",
      "requested_difficulty": "easier",
      "variant": "integrate(sec(x)**5 * (sin(x)/cos(x))**3, x)",
      "reasoning": "I am a creative mathematician, and I love to introduce substitutions that can reshape an integral. By turning tan(x) into sin(x)/cos(x), I can provide a simpler framework for manipulation.",
      "evaluation": "equivalent",
      "extra_verification": null,
      "transformations_used": [
        "remove logarithmic terms",
        "lower a coefficient",
        "remove a factor",
        "convert a product to a simpler sum",
        "replace a complex fraction with a simpler one"
      ],
      "timestamp": "2025-02-05T06:48:01.947572Z"
    },
    {
      "original": "integrate(sec(x)**5*tan(x)**3, x)",
      "requested_difficulty": "equivalent",
      "variant": "integrate((1 + tan(x)**2)**2 * tan(x)**3, x)",
      "reasoning": "As a calculus professor, I enjoy elegant substitutions. Here, I will use the identity \\( \\sec^2(x) = 1 + \\tan^2(x) \\) to express everything in terms of tan. This might make integration interesting.",
      "evaluation": "easier",
      "extra_verification": null,
      "transformations_used": [
        "change variables while maintaining complexity",
        "apply algebraic identities that preserve complexity",
        "rearrange the order of terms"
      ],
      "timestamp": "2025-02-05T06:47:55.664077Z"
    },
    {
      "original": "integrate(sec(x)**5*tan(x)**3, x)",
      "requested_difficulty": "equivalent",
      "variant": "integrate(sec(x)**5 * (tan(x)**2 * tan(x)**1), x)",
      "reasoning": "As a student who prefers working with polynomials, I will expand my functions to create a polynomial structure, maintaining the structure required for integration.",
      "evaluation": "equivalent",
      "extra_verification": null,
      "transformations_used": [
        "change variables while maintaining complexity",
        "apply algebraic identities that preserve complexity",
        "rearrange the order of terms"
      ],
      "timestamp": "2025-02-05T06:47:55.532762Z"
    },
    {
      "original": "integrate(sec(x)**5*tan(x)**3, x)",
      "requested_difficulty": "equivalent",
      "variant": "integrate(cos(x)**(-5) * (sin(x)/cos(x))**3, x)",
      "reasoning": "As a geometry enthusiast, I think about transformations. I'll express it in a way that combines geometric interpretations of secant and tangent functions.",
      "evaluation": "equivalent",
      "extra_verification": null,
      "transformations_used": [
        "change variables while maintaining complexity",
        "apply algebraic identities that preserve complexity",
        "rearrange the order of terms"
      ],
      "timestamp": "2025-02-05T06:47:55.508545Z"
    },
    {
      "original": "integrate(sec(x)**5*tan(x)**3, x)",
      "requested_difficulty": "equivalent",
      "variant": "integrate(sec(x)**4 * (sec(x) * tan(x)**3), x)",
      "reasoning": "From a calculus professor's perspective again, I consider the restructuring of powers. I'll rewrite \\( \\sec(x) \\tan(x) \\) and separate powers to mix forms intelligently.",
      "evaluation": "easier",
      "extra_verification": null,
      "transformations_used": [
        "change variables while maintaining complexity",
        "apply algebraic identities that preserve complexity",
        "rearrange the order of terms"
      ],
      "timestamp": "2025-02-05T06:47:55.422999Z"
    },
    {
      "original": "integrate(sec(x)**5*tan(x)**3, x)",
      "requested_difficulty": "equivalent",
      "variant": "integrate((sin(x)**3)/(cos(x)**5), x)",
      "reasoning": "Approaching this as a theoretical physicist, I recognize that \\( \\sec(x) = \\frac{1}{\\cos(x)} \\) and \\( \\tan(x) = \\frac{\\sin(x)}{\\cos(x)} \\). Multiplying out these definitions leads to a more trigonometric perspective.",
      "evaluation": "equivalent",
      "extra_verification": null,
      "transformations_used": [
        "rewrite the integrand in a different form without changing overall complexity",
        "change variables while maintaining complexity",
        "adjust parameters while keeping the integral equivalent",
        "rearrange the order of terms",
        "swap numerator and denominator with reciprocal"
      ],
      "timestamp": "2025-02-05T06:47:56.412078Z"
    },
    {
      "original": "integrate(sec(x)**5*tan(x)**3, x)",
      "requested_difficulty": "equivalent",
      "variant": "integrate((tan(x) / (sec(x)**2))**4 * (tan(x)**2), x)",
      "reasoning": "The number theorist perspective inspires me to think about transformations involving prime factors of the polynomial forms of \\( sec \\) and \\( tan \\). I can express them in terms of fractional compositions.",
      "evaluation": "easier",
      "extra_verification": null,
      "transformations_used": [
        "rewrite the integrand in a different form without changing overall complexity",
        "change variables while maintaining complexity",
        "adjust parameters while keeping the integral equivalent",
        "rearrange the order of terms",
        "swap numerator and denominator with reciprocal"
      ],
      "timestamp": "2025-02-05T06:47:56.270543Z"
    }
  ],
  [
    {
      "original": "integrate(1/sqrt(1-4*x-x**2), x)",
      "requested_difficulty": "easier",
      "variant": "integrate(1/sqrt(-(x+2)**2 + 3), x)",
      "reasoning": "As a calculus professor, I appreciate elegant simplifications. Completing the square in the denominator yields a simpler form for integration.",
      "evaluation": "easier",
      "extra_verification": null,
      "transformations_used": [
        "remove logarithmic terms",
        "simplify the denominator",
        "simplify composite trigonometric functions"
      ],
      "timestamp": "2025-02-05T06:47:57.249900Z"
    },
    {
      "original": "integrate(1/sqrt(1-4*x-x**2), x)",
      "requested_difficulty": "easier",
      "variant": "integrate(1/(sqrt((x+2)**2 - 3)), x)",
      "reasoning": "Engaging my number-theory enthusiasm, let\u2019s analyze the integral by substitution involving roots of unity that might yield integer transformations.",
      "evaluation": "easier",
      "extra_verification": null,
      "transformations_used": [
        "remove logarithmic terms",
        "simplify the denominator",
        "simplify composite trigonometric functions"
      ],
      "timestamp": "2025-02-05T06:47:57.311396Z"
    },
    {
      "original": "integrate(1/sqrt(1-4*x-x**2), x)",
      "requested_difficulty": "easier",
      "variant": "integrate(1/(1 - (x**2 + 4*x)), x)",
      "reasoning": "Adopting the student persona again, we can expand the polynomial expressions directly which can help towards simpler integration.",
      "evaluation": "equivalent",
      "extra_verification": null,
      "transformations_used": [
        "remove logarithmic terms",
        "simplify the denominator",
        "simplify composite trigonometric functions"
      ],
      "timestamp": "2025-02-05T06:47:57.292839Z"
    },
    {
      "original": "integrate(1/sqrt(1-4*x-x**2), x)",
      "requested_difficulty": "easier",
      "variant": "integrate(1/sqrt(-(x+2)**2 + 4), x)",
      "reasoning": "As a calculus professor, I'm interested in elegant transformations. The original quadratic expression in the square root can be neatly rewritten by completing the square, which might simplify the integral significantly.",
      "evaluation": "easier",
      "extra_verification": null,
      "transformations_used": [
        "simplify composite trigonometric functions",
        "simplify a trigonometric component",
        "reduce an exponent"
      ],
      "timestamp": "2025-02-05T06:47:56.960853Z"
    },
    {
      "original": "integrate(1/sqrt(1-4*x-x**2), x)",
      "requested_difficulty": "easier",
      "variant": "integrate(1/sqrt(1 - 4*(x + 1)**2 + 4), x)",
      "reasoning": "As a geometry enthusiast, I interpret the integral as a challenge to reformulate it in terms of geometric transformations. By using a linear transformation, I will adjust the variable to reposition the quadratic's vertex.",
      "evaluation": "easier",
      "extra_verification": null,
      "transformations_used": [
        "simplify composite trigonometric functions",
        "simplify a trigonometric component",
        "reduce an exponent"
      ],
      "timestamp": "2025-02-05T06:47:56.905400Z"
    },
    {
      "original": "integrate(1/sqrt(1-4*x-x**2), x)",
      "requested_difficulty": "easier",
      "variant": "integrate(1/sqrt(1 - 4*x - x**2), x)",
      "reasoning": "Returning to the calculus perspective, we can also focus on changing the limit of the integral or redefining the bounds of integration. This shifts our focus from indefinite to definite, allowing us to face the problem more directly.",
      "evaluation": "equivalent",
      "extra_verification": null,
      "transformations_used": [
        "simplify composite trigonometric functions",
        "simplify a trigonometric component",
        "reduce an exponent"
      ],
      "timestamp": "2025-02-05T06:47:56.919207Z"
    },
    {
      "original": "integrate(1/sqrt(1-4*x-x**2), x)",
      "requested_difficulty": "easier",
      "variant": "integrate(1/sqrt((2*(2*x)/(x + 1)) - 1), x)",
      "reasoning": "The engineer aspect suggests using a rational function approximation to linearize the complex expression under the root, making it solvable while preserving an interesting complexity.",
      "evaluation": "easier",
      "extra_verification": null,
      "transformations_used": [
        "simplify composite trigonometric functions",
        "simplify a trigonometric component",
        "reduce an exponent"
      ],
      "timestamp": "2025-02-05T06:47:56.906070Z"
    },
    {
      "original": "integrate(1/sqrt(1-4*x-x**2), x)",
      "requested_difficulty": "equivalent",
      "variant": "integrate(1/sqrt(-(x + 2)**2 + 3), x)",
      "reasoning": "As a calculus professor, I appreciate algebraic simplifications. I can rearrange the denominator and recognize a standard form for a trigonometric substitution.",
      "evaluation": "easier",
      "extra_verification": null,
      "transformations_used": [
        "rewrite using different logarithmic properties",
        "apply algebraic identities that preserve complexity",
        "change variables while maintaining complexity"
      ],
      "timestamp": "2025-02-05T06:48:23.311195Z"
    },
    {
      "original": "integrate(1/sqrt(1-4*x-x**2), x)",
      "requested_difficulty": "equivalent",
      "variant": "integrate(1/sqrt(-((x + 2)**2 - 3)), x)",
      "reasoning": "As a creative mathematician, I enjoy using unusual substitutions. The quadratic can be expressed in terms of a variable \\( u \\) that relates to its roots and simplifies our integral.",
      "evaluation": "easier",
      "extra_verification": null,
      "transformations_used": [
        "rewrite using different logarithmic properties",
        "apply algebraic identities that preserve complexity",
        "change variables while maintaining complexity"
      ],
      "timestamp": "2025-02-05T06:48:23.715891Z"
    },
    {
      "original": "integrate(1/sqrt(1-4*x-x**2), x)",
      "requested_difficulty": "equivalent",
      "variant": "integrate(1/sqrt(-(x + 2)*(x - 1)), x)",
      "reasoning": "As a student focused on polynomials, I can factor and simplify the expression into manageable parts to facilitate integration using partial fractions.",
      "evaluation": "equivalent",
      "extra_verification": null,
      "transformations_used": [
        "rewrite using different logarithmic properties",
        "apply algebraic identities that preserve complexity",
        "change variables while maintaining complexity"
      ],
      "timestamp": "2025-02-05T06:48:23.264968Z"
    },
    {
      "original": "integrate(1/sqrt(1-4*x-x**2), x)",
      "requested_difficulty": "equivalent",
      "variant": "integrate(1/sqrt(1 - (x + 2)*(x - 1)), x)",
      "reasoning": "As a number theorist, I choose to represent the integral in terms of a fractional form that highlights symmetrical properties of the polynomial denominator.",
      "evaluation": "equivalent",
      "extra_verification": null,
      "transformations_used": [
        "rewrite using different logarithmic properties",
        "apply algebraic identities that preserve complexity",
        "change variables while maintaining complexity"
      ],
      "timestamp": "2025-02-05T06:48:23.370576Z"
    },
    {
      "original": "integrate(1/sqrt(1-4*x-x**2), x)",
      "requested_difficulty": "equivalent",
      "variant": "integrate((1 + (4 + x)/(sqrt(1 - 4*x - x**2)))/2, x)",
      "reasoning": "Thinking like a student who prefers rational expressions, I can rewrite the integrand using polynomial long division and logarithmic properties to maintain complexity.",
      "evaluation": "easier",
      "extra_verification": null,
      "transformations_used": [
        "rewrite using different logarithmic properties",
        "apply algebraic identities that preserve complexity",
        "change variables while maintaining complexity"
      ],
      "timestamp": "2025-02-05T06:48:23.141051Z"
    },
    {
      "original": "integrate(1/sqrt(1-4*x-x**2), x)",
      "requested_difficulty": "equivalent",
      "variant": "integrate(1/sqrt(1 - 4*(x - 1)**2 + 1), x)",
      "reasoning": "As a calculus enthusiast, I integrate using a symmetric bound around a mean value, changing the limits of the integral while maintaining the function structure.",
      "evaluation": "easier",
      "extra_verification": null,
      "transformations_used": [
        "rewrite using different logarithmic properties",
        "apply algebraic identities that preserve complexity",
        "change variables while maintaining complexity"
      ],
      "timestamp": "2025-02-05T06:48:23.181394Z"
    },
    {
      "original": "integrate(1/sqrt(1-4*x-x**2), x)",
      "requested_difficulty": "equivalent",
      "variant": "integrate(1/sqrt(3 - (x + 2)**2), x)",
      "reasoning": "As a creative mathematician, I enjoy unusual substitutions. I will represent the radical in the denominator with a different trigonometric substitution, which makes it appear more approachable for integration.",
      "evaluation": "easier",
      "extra_verification": null,
      "transformations_used": [
        "adjust parameters while keeping the integral equivalent",
        "swap numerator and denominator with reciprocal",
        "rewrite using different logarithmic properties"
      ],
      "timestamp": "2025-02-05T06:48:03.378086Z"
    },
    {
      "original": "integrate(1/sqrt(1-4*x-x**2), x)",
      "requested_difficulty": "equivalent",
      "variant": "integrate(1/sqrt(4 - ((x + 2))**2), x)",
      "reasoning": "From the perspective of a student who prefers working with polynomials and rational functions, I can rewrite the original integral in a way that involves rationalizing, thus making it more manageable while keeping the equivalence with the original.",
      "evaluation": "easier",
      "extra_verification": null,
      "transformations_used": [
        "adjust parameters while keeping the integral equivalent",
        "swap numerator and denominator with reciprocal",
        "rewrite using different logarithmic properties"
      ],
      "timestamp": "2025-02-05T06:47:57.176370Z"
    },
    {
      "original": "integrate(1/sqrt(1-4*x-x**2), x)",
      "requested_difficulty": "equivalent",
      "variant": "integrate(1/sqrt(1 - sin(theta)**2), x)",
      "reasoning": "As a theoretical physicist, I favor forms that lend themselves to trigonometric substitution. Given the expression resembles a standard form, I can reframe it using a sine substitution that allows clear evaluation through familiar integrals.",
      "evaluation": "easier",
      "extra_verification": null,
      "transformations_used": [
        "adjust parameters while keeping the integral equivalent",
        "swap numerator and denominator with reciprocal",
        "rewrite using different logarithmic properties"
      ],
      "timestamp": "2025-02-05T06:47:57.748970Z"
    },
    {
      "original": "integrate(1/sqrt(1-4*x-x**2), x)",
      "requested_difficulty": "equivalent",
      "variant": "integrate(1/sqrt(3*(1 - (x/(-2))**2)), x)",
      "reasoning": "A number theorist's perspective allows me to explore roots and primes. I reformulate the integral into a function that can be expressed in terms of rational functions, drawing insights from algebraic identities involving roots.",
      "evaluation": "easier",
      "extra_verification": null,
      "transformations_used": [
        "adjust parameters while keeping the integral equivalent",
        "swap numerator and denominator with reciprocal",
        "rewrite using different logarithmic properties"
      ],
      "timestamp": "2025-02-05T06:47:57.177422Z"
    }
  ],
  [
    {
      "original": "integrate(x/(1+x**2), x)",
      "requested_difficulty": "easier",
      "variant": "integrate(2*x/(2+2*x**2), x)",
      "reasoning": "As a number theorist, I find the evaluation of integrals involving rational coefficients interesting. By tweaking the integrand to include rational number manipulations, we maintain the complexity but manipulate it into rational approximations.",
      "evaluation": "equivalent",
      "extra_verification": null,
      "transformations_used": [
        "eliminate absolute value terms",
        "remove a complicated term",
        "change a function to an easier one"
      ],
      "timestamp": "2025-02-05T06:48:02.892902Z"
    },
    {
      "original": "integrate(x/(1+x**2), x)",
      "requested_difficulty": "easier",
      "variant": "integrate(1/2 * 1/(1+(x**2)) * 2*x, x)",
      "reasoning": "As a calculus professor, I appreciate using substitutions to simplify the integral. Recognizing that the derivative of \\(1+x^2\\) is \\(2x\\), I can use a u-substitution.",
      "evaluation": "equivalent",
      "extra_verification": null,
      "transformations_used": [
        "reduce the number of terms in the expression",
        "change a function to an easier one",
        "remove nested functions",
        "simplify a trigonometric component",
        "drop a subexpression"
      ],
      "timestamp": "2025-02-05T06:48:02.921180Z"
    },
    {
      "original": "integrate(x/(1+x**2), x)",
      "requested_difficulty": "easier",
      "variant": "integrate(1/(1+u**2), x)",
      "reasoning": "As a creative mathematician, using trigonometric substitution can be a fun approach! I\u2019ll change the integral to something involving \\( \\tan^{-1}(x) \\) which is more straightforward.",
      "evaluation": "easier",
      "extra_verification": null,
      "transformations_used": [
        "reduce the number of terms in the expression",
        "change a function to an easier one",
        "remove nested functions",
        "simplify a trigonometric component",
        "drop a subexpression"
      ],
      "timestamp": "2025-02-05T06:48:03.198232Z"
    },
    {
      "original": "integrate(x/(1+x**2), x)",
      "requested_difficulty": "easier",
      "variant": "integrate(1 + (x**2/(1+x**2)), x)",
      "reasoning": "As a student focused on polynomials, I might look for a polynomial equivalent. Reworking the integrand using polynomial long division can lead to easier integration.",
      "evaluation": "easier",
      "extra_verification": null,
      "transformations_used": [
        "reduce the number of terms in the expression",
        "change a function to an easier one",
        "remove nested functions",
        "simplify a trigonometric component",
        "drop a subexpression"
      ],
      "timestamp": "2025-02-05T06:48:04.833210Z"
    },
    {
      "original": "integrate(x/(1+x**2), x)",
      "requested_difficulty": "easier",
      "variant": "integrate(1 - 1/(1+x**2), x)",
      "reasoning": "As an engineer, I prefer practical and computational paths. I can simplify the fraction by separating terms, which leads to easy integration.",
      "evaluation": "easier",
      "extra_verification": null,
      "transformations_used": [
        "reduce the number of terms in the expression",
        "change a function to an easier one",
        "remove nested functions",
        "simplify a trigonometric component",
        "drop a subexpression"
      ],
      "timestamp": "2025-02-05T06:48:02.965179Z"
    },
    {
      "original": "integrate(x/(1+x**2), x)",
      "requested_difficulty": "easier",
      "variant": "integrate(x/(x**2+1), x)",
      "reasoning": "As a number theorist, I enjoy finding relationships to prime numbers. I can view the denominator as a rational number to simplify its integral form while keeping the function's essence.",
      "evaluation": "equivalent",
      "extra_verification": null,
      "transformations_used": [
        "reduce the number of terms in the expression",
        "change a function to an easier one",
        "remove nested functions",
        "simplify a trigonometric component",
        "drop a subexpression"
      ],
      "timestamp": "2025-02-05T06:48:02.999461Z"
    },
    {
      "original": "integrate(x/(1+x**2), x)",
      "requested_difficulty": "easier",
      "variant": "integrate(1/(1+x**2)/x * x**2, x)",
      "reasoning": "Representing the original integral differently by multiplying by \\(\\frac{1}{x}\\) would keep it interesting and enhance insight into the structure of the integrand.",
      "evaluation": "equivalent",
      "extra_verification": null,
      "transformations_used": [
        "reduce the number of terms in the expression",
        "change a function to an easier one",
        "remove nested functions",
        "simplify a trigonometric component",
        "drop a subexpression"
      ],
      "timestamp": "2025-02-05T06:48:03.123348Z"
    },
    {
      "original": "integrate(x/(1+x**2), x)",
      "requested_difficulty": "easier",
      "variant": "integrate((1+x**2-1)/(1+x**2), x)",
      "reasoning": "As an engineer, breaking down the function reveals insight. By decomposing \\(x/(1+x^2)\\) into a simpler rational function, I can maintain challenge while offering clarity.",
      "evaluation": "equivalent",
      "extra_verification": null,
      "transformations_used": [
        "reduce the number of terms in the expression",
        "change a function to an easier one",
        "remove nested functions",
        "simplify a trigonometric component",
        "drop a subexpression"
      ],
      "timestamp": "2025-02-05T06:48:03.104710Z"
    },
    {
      "original": "integrate(x/(1+x**2), x)",
      "requested_difficulty": "easier",
      "variant": "integrate(x/(1+x**2), x)",
      "reasoning": "I will treat the expression structurally from the perspective of generating functions with a rational term, aiming to factorize out an easier integral.",
      "evaluation": "equivalent",
      "extra_verification": null,
      "transformations_used": [
        "reduce the number of terms in the expression",
        "change a function to an easier one",
        "remove nested functions",
        "simplify a trigonometric component",
        "drop a subexpression"
      ],
      "timestamp": "2025-02-05T06:48:02.963035Z"
    },
    {
      "original": "integrate(x/(1+x**2), x)",
      "requested_difficulty": "equivalent",
      "variant": "integrate((1/2)*(d/dx(log(1+x^2))), x)",
      "reasoning": "As a geometry enthusiast, I think in terms of geometric transformations. I can restate the integral using the area interpretation of inversely related functions.",
      "evaluation": "easier",
      "extra_verification": null,
      "transformations_used": [
        "rewrite using different logarithmic properties",
        "change coefficient values slightly",
        "exchange similar functions (e.g., sin to cos)",
        "rewrite using alternate algebraic forms",
        "apply algebraic identities that preserve complexity"
      ],
      "timestamp": "2025-02-05T06:47:57.416622Z"
    },
    {
      "original": "integrate(x/(1+x**2), x)",
      "requested_difficulty": "equivalent",
      "variant": "integrate((1/2)*((1/(1+x^2))+((1/(1+x**2))), x)",
      "reasoning": "As a student fascinated by polynomials, I can break \\( \\frac{x}{1+x^2} \\) into partial fractions, keeping it polynomial-like while maintaining complexity.",
      "evaluation": "equivalent",
      "extra_verification": null,
      "transformations_used": [
        "rewrite using different logarithmic properties",
        "change coefficient values slightly",
        "exchange similar functions (e.g., sin to cos)",
        "rewrite using alternate algebraic forms",
        "apply algebraic identities that preserve complexity"
      ],
      "timestamp": "2025-02-05T06:47:56.779561Z"
    },
    {
      "original": "integrate(x/(1+x**2), x)",
      "requested_difficulty": "equivalent",
      "variant": "integrate((x/(1+(x**3)/x**3)), x)",
      "reasoning": "As a number theorist, I'm intrigued by focusing on properties involving rational coefficients. I will use a rational approximation of the function while aiming for complexity.",
      "evaluation": "equivalent",
      "extra_verification": null,
      "transformations_used": [
        "rewrite using different logarithmic properties",
        "change coefficient values slightly",
        "exchange similar functions (e.g., sin to cos)",
        "rewrite using alternate algebraic forms",
        "apply algebraic identities that preserve complexity"
      ],
      "timestamp": "2025-02-05T06:47:56.809005Z"
    },
    {
      "original": "integrate(x/(1+x**2), x)",
      "requested_difficulty": "equivalent",
      "variant": "integrate(1/2*(dlog(1+x**2)), x)",
      "reasoning": "As a creative mathematician, I prefer unique transformations. I can express \\( \\frac{x}{1+x^2} \\) by manipulating the integrand to highlight its logarithmic nature.",
      "evaluation": "easier",
      "extra_verification": null,
      "transformations_used": [
        "rearrange the order of terms",
        "rewrite the integrand in a different form without changing overall complexity",
        "use trigonometric identities to rewrite expression",
        "apply algebraic identities that preserve complexity",
        "factor common terms differently"
      ],
      "timestamp": "2025-02-05T06:48:00.265595Z"
    },
    {
      "original": "integrate(x/(1+x**2), x)",
      "requested_difficulty": "equivalent",
      "variant": "integrate(1/2*derivative(log(1+x**2), x)",
      "reasoning": "As a student gravitating towards polynomial forms, I prefer to represent the integral using a partial fraction decomposition, bringing clarity through polynomial representation.",
      "evaluation": "equivalent",
      "extra_verification": null,
      "transformations_used": [
        "rearrange the order of terms",
        "rewrite the integrand in a different form without changing overall complexity",
        "use trigonometric identities to rewrite expression",
        "apply algebraic identities that preserve complexity",
        "factor common terms differently"
      ],
      "timestamp": "2025-02-05T06:48:00.018332Z"
    },
    {
      "original": "integrate(x/(1+x**2), x)",
      "requested_difficulty": "equivalent",
      "variant": "integrate(tan(x)/sec(x)**2, x)",
      "reasoning": "As a theoretical physicist, I'd often harness trigonometric identities. Here, I utilize \\( x = \\tan(\\theta) \\) for transforming the integral into a form that's manageable with trigonometric identities.",
      "evaluation": "easier",
      "extra_verification": null,
      "transformations_used": [
        "rearrange the order of terms",
        "rewrite the integrand in a different form without changing overall complexity",
        "use trigonometric identities to rewrite expression",
        "apply algebraic identities that preserve complexity",
        "factor common terms differently"
      ],
      "timestamp": "2025-02-05T06:48:00.094000Z"
    },
    {
      "original": "integrate(x/(1+x**2), x)",
      "requested_difficulty": "equivalent",
      "variant": "integrate(differentiate(arctan(x)), x)",
      "reasoning": "As a calculus professor again, I embrace symmetry in expressions. By utilizing an alternate derivative form I connect with the original integrand while adding complexity.",
      "evaluation": "equivalent",
      "extra_verification": null,
      "transformations_used": [
        "rearrange the order of terms",
        "rewrite the integrand in a different form without changing overall complexity",
        "use trigonometric identities to rewrite expression",
        "apply algebraic identities that preserve complexity",
        "factor common terms differently"
      ],
      "timestamp": "2025-02-05T06:48:00.197264Z"
    }
  ],
  [
    {
      "original": "integrate(cos(arctan(x)), x)",
      "requested_difficulty": "easier",
      "variant": "integrate(sqrt(1 - x**2/(1+x**2)), x)",
      "reasoning": "As a creative mathematician, I find it interesting to express the cosine of the arctangent in terms of simpler functions. By using a Pythagorean identity, I get a new, manageable expression.",
      "evaluation": "easier",
      "extra_verification": null,
      "transformations_used": [
        "remove logarithmic terms",
        "eliminate a radical",
        "change a function to an easier one",
        "eliminate absolute value terms",
        "replace a complex fraction with a simpler one"
      ],
      "timestamp": "2025-02-05T06:47:57.783178Z"
    },
    {
      "original": "integrate(cos(arctan(x)), x)",
      "requested_difficulty": "easier",
      "variant": "integrate((e**(1j * arctan(x)) + e**(-1j * arctan(x)))/2, x)",
      "reasoning": "As a theoretical physicist, I enjoy converting expressions into exponential forms. I apply the Euler formula to express cosine, which leads to complex exponentials.",
      "evaluation": "equivalent",
      "extra_verification": null,
      "transformations_used": [
        "remove logarithmic terms",
        "eliminate a radical",
        "change a function to an easier one",
        "eliminate absolute value terms",
        "replace a complex fraction with a simpler one"
      ],
      "timestamp": "2025-02-05T06:47:57.925678Z"
    },
    {
      "original": "integrate(cos(arctan(x)), x)",
      "requested_difficulty": "easier",
      "variant": "integrate((1 - x**2)/(1 + x**2), x)",
      "reasoning": "As a number theorist, I enjoy polynomial substitutions. By converting the function into a format involving rational coefficients, it can simplify the integration process.",
      "evaluation": "easier",
      "extra_verification": null,
      "transformations_used": [
        "remove logarithmic terms",
        "eliminate a radical",
        "change a function to an easier one",
        "eliminate absolute value terms",
        "replace a complex fraction with a simpler one"
      ],
      "timestamp": "2025-02-05T06:47:57.910014Z"
    },
    {
      "original": "integrate(cos(arctan(x)), x)",
      "requested_difficulty": "easier",
      "variant": "integrate(cos(arctan(x)) * (1/(1+x**2)), x)",
      "reasoning": "As a geometry enthusiast, I view this integral in terms of geometric transformations. Mapping to a different domain can yield a more straightforward evaluation.",
      "evaluation": "easier",
      "extra_verification": null,
      "transformations_used": [
        "remove logarithmic terms",
        "eliminate a radical",
        "change a function to an easier one",
        "eliminate absolute value terms",
        "replace a complex fraction with a simpler one"
      ],
      "timestamp": "2025-02-05T06:47:57.845912Z"
    },
    {
      "original": "integrate(cos(arctan(x)), x)",
      "requested_difficulty": "easier",
      "variant": "integrate(1/sqrt(1 + x**2), x)",
      "reasoning": "As a creative mathematician, I can utilize the identity for cosine in terms of tangent. This transforms the integral into a more accessible format.",
      "evaluation": "easier",
      "extra_verification": null,
      "transformations_used": [
        "remove logarithmic terms",
        "eliminate a radical",
        "change a function to an easier one",
        "eliminate absolute value terms",
        "replace a complex fraction with a simpler one"
      ],
      "timestamp": "2025-02-05T06:47:57.903918Z"
    },
    {
      "original": "integrate(cos(arctan(x)), x)",
      "requested_difficulty": "easier",
      "variant": "integrate(1/sqrt(1+x**2), x)",
      "reasoning": "As a calculus professor, I appreciate recognizing symmetry in functions. Here, we can utilize the relationship between \\(\\cos(\\arctan(x))\\) and trigonometric identities. Specifically, \\(\\cos(\\arctan(x)) = \\frac{1}{\\sqrt{1+x^2}}\\) simplifies the integration process.",
      "evaluation": "easier",
      "extra_verification": null,
      "transformations_used": [
        "drop a subexpression",
        "reduce the number of terms in the expression",
        "change a function to an easier one",
        "simplify the denominator",
        "reduce the degree of a polynomial"
      ],
      "timestamp": "2025-02-05T06:48:02.511779Z"
    },
    {
      "original": "integrate(cos(arctan(x)), x)",
      "requested_difficulty": "easier",
      "variant": "integrate(1 - (1/3)*x**2 + (1/5)*x**4, x)",
      "reasoning": "As a student who favors polynomials, I recognize that while \\(\\arctan(x)\\) can be complex, its series expansion near zero can help. An integral of a polynomial may yield easier results in practice.",
      "evaluation": "easier",
      "extra_verification": null,
      "transformations_used": [
        "drop a subexpression",
        "reduce the number of terms in the expression",
        "change a function to an easier one",
        "simplify the denominator",
        "reduce the degree of a polynomial"
      ],
      "timestamp": "2025-02-05T06:48:02.321647Z"
    },
    {
      "original": "integrate(cos(arctan(x)), x)",
      "requested_difficulty": "easier",
      "variant": "integrate((e**(1j*arctan(x)) + e**(-1j*arctan(x))) / 2, x)",
      "reasoning": "As a theoretical physicist, I prefer changing the integration form based on exponential representations. We can express \\(\\cos(\\arctan(x))\\) in terms of complex exponentials, leading to adjustments in the integration path.",
      "evaluation": "equivalent",
      "extra_verification": null,
      "transformations_used": [
        "drop a subexpression",
        "reduce the number of terms in the expression",
        "change a function to an easier one",
        "simplify the denominator",
        "reduce the degree of a polynomial"
      ],
      "timestamp": "2025-02-05T06:48:02.522807Z"
    },
    {
      "original": "integrate(cos(arctan(x)), x)",
      "requested_difficulty": "easier",
      "variant": "integrate(cos(x), x)",
      "reasoning": "I, as an engineer, am interested in practical computational forms. Simplifying the current expression lets us approximate \\(\\cos\\) functions over smaller segments of domain.",
      "evaluation": "easier",
      "extra_verification": null,
      "transformations_used": [
        "drop a subexpression",
        "reduce the number of terms in the expression",
        "change a function to an easier one",
        "simplify the denominator",
        "reduce the degree of a polynomial"
      ],
      "timestamp": "2025-02-05T06:48:02.356653Z"
    },
    {
      "original": "integrate(cos(arctan(x)), x)",
      "requested_difficulty": "easier",
      "variant": "integrate(1/(1+x), x)",
      "reasoning": "As a number theorist fascinated by prime numbers, I know that shifting focus to simpler rational approximations can yield insights. For this integral, considering rational approximatives yields easier forms to deal with analytically.",
      "evaluation": "easier",
      "extra_verification": null,
      "transformations_used": [
        "drop a subexpression",
        "reduce the number of terms in the expression",
        "change a function to an easier one",
        "simplify the denominator",
        "reduce the degree of a polynomial"
      ],
      "timestamp": "2025-02-05T06:48:02.475978Z"
    },
    {
      "original": "integrate(cos(arctan(x)), x)",
      "requested_difficulty": "equivalent",
      "variant": "integrate(cos(tan_inverse(x)), x)",
      "reasoning": "As a creative mathematician, I'm intrigued by substitution. The identity \\( \\tan(y) = x \\) gives us \\( y = \\arctan(x) \\), thus \\( \\cos(y) = \\cos(\\tan^{-1}(x)) = \\frac{1}{\\sqrt{1+x^2}} \\). I can rewrite the integral through this transformation.",
      "evaluation": "equivalent",
      "extra_verification": null,
      "transformations_used": [
        "substitute equivalent exponential forms",
        "exchange similar functions (e.g., sin to cos)",
        "rewrite using different logarithmic properties"
      ],
      "timestamp": "2025-02-05T06:48:04.134452Z"
    },
    {
      "original": "integrate(cos(arctan(x)), x)",
      "requested_difficulty": "equivalent",
      "variant": "integrate(1/(1 + x**2)**(1/2), x)",
      "reasoning": "As a student of polynomials and rational functions, I'm fascinated by their structure. Identifying the integral in terms of rational functions suggests we can have a polynomial form using substitutions.",
      "evaluation": "easier",
      "extra_verification": null,
      "transformations_used": [
        "substitute equivalent exponential forms",
        "exchange similar functions (e.g., sin to cos)",
        "rewrite using different logarithmic properties"
      ],
      "timestamp": "2025-02-05T06:48:03.877975Z"
    },
    {
      "original": "integrate(cos(arctan(x)), x)",
      "requested_difficulty": "equivalent",
      "variant": "integrate(sqrt(1 - sin(atan(x))**2), x)",
      "reasoning": "As a theoretical physicist, I enjoy working with identities involving trigonometric functions. Recognizing that \\( \\cos(\\arctan(x)) \\) leads to relationships with \\( \\sin \\) and \\( \\tan \\), I can consider alternative expressions that maintain their equivalence.",
      "evaluation": "equivalent",
      "extra_verification": null,
      "transformations_used": [
        "substitute equivalent exponential forms",
        "exchange similar functions (e.g., sin to cos)",
        "rewrite using different logarithmic properties"
      ],
      "timestamp": "2025-02-05T06:48:03.886308Z"
    },
    {
      "original": "integrate(cos(arctan(x)), x)",
      "requested_difficulty": "equivalent",
      "variant": "integrate(sqrt(1)/(sqrt(1 + x**2)), x)",
      "reasoning": "As a number theorist, I appreciate expressions involving fixed ratios or fractions. Rewriting the cosine function in terms of sine and cosine fractions gives me interesting integral forms that maintain their complexity.",
      "evaluation": "easier",
      "extra_verification": null,
      "transformations_used": [
        "substitute equivalent exponential forms",
        "exchange similar functions (e.g., sin to cos)",
        "rewrite using different logarithmic properties"
      ],
      "timestamp": "2025-02-05T06:48:03.843166Z"
    },
    {
      "original": "integrate(cos(arctan(x)), x)",
      "requested_difficulty": "equivalent",
      "variant": "integrate( adjacent_side/hypotenuse, x)",
      "reasoning": "As a geometry enthusiast, I think in terms of geometric transformations. The integral \\( \\int \\cos(\\theta) d\\theta \\) applies from the triangle properties beneath the arctangent transformation. I can adopt various perspectives of these relationships geometrically.",
      "evaluation": "easier",
      "extra_verification": null,
      "transformations_used": [
        "substitute equivalent exponential forms",
        "exchange similar functions (e.g., sin to cos)",
        "rewrite using different logarithmic properties"
      ],
      "timestamp": "2025-02-05T06:48:03.920388Z"
    },
    {
      "original": "integrate(cos(arctan(x)), x)",
      "requested_difficulty": "equivalent",
      "variant": "integrate(sin(pi/2 - arctan(x)), x)",
      "reasoning": "As a creative mathematician, I enjoy exploring substitutions that could lead to useful transformations. Instead of directly substituting, I can rewrite the cosine function using its sine complement: \\(\\cos(z) = \\sin(\\frac{\\pi}{2} - z)\\), thus using \\(\\frac{\\pi}{2} - \\arctan(x)\\) for transformation.",
      "evaluation": "equivalent",
      "extra_verification": null,
      "transformations_used": [
        "exchange similar functions (e.g., sin to cos)",
        "rewrite using different logarithmic properties",
        "change coefficient values slightly"
      ],
      "timestamp": "2025-02-05T06:47:57.849717Z"
    },
    {
      "original": "integrate(cos(arctan(x)), x)",
      "requested_difficulty": "equivalent",
      "variant": "integrate(sqrt(1 - (1/(1+x**2))), x)",
      "reasoning": "As a theoretical physicist, I prefer forms connected with trigonometric identities. Utilizing cosine's relationship with sine, I can express \\(\\cos(\\arctan(x))\\) using the sine function in another way. This gives me the integral of \\(\\sin(\\arctan(x))\\) due to \\(\\sin^2 + \\cos^2 = 1\\).",
      "evaluation": "easier",
      "extra_verification": null,
      "transformations_used": [
        "exchange similar functions (e.g., sin to cos)",
        "rewrite using different logarithmic properties",
        "change coefficient values slightly"
      ],
      "timestamp": "2025-02-05T06:47:57.906208Z"
    },
    {
      "original": "integrate(cos(arctan(x)), x)",
      "requested_difficulty": "equivalent",
      "variant": "integrate((x/(1 + x**2)) * (1/sqrt(1 + x**2)), x)",
      "reasoning": "An engineer tends to seek computational approaches, so I can break the integral into parts using numerical methods. By approximating \\(\\arctan(x)\\) near specific bounds, I can create a finite sum with composite trapezoidal integration.",
      "evaluation": "equivalent",
      "extra_verification": null,
      "transformations_used": [
        "exchange similar functions (e.g., sin to cos)",
        "rewrite using different logarithmic properties",
        "change coefficient values slightly"
      ],
      "timestamp": "2025-02-05T06:47:57.967398Z"
    }
  ]
]