[
  [],
  [
    {
      "original": "integrate(x*log(x), (x, 0, E))",
      "requested_difficulty": "equivalent",
      "variant": "integrate(x * (1 - (1/e)**x), x)",
      "reasoning": "Approaching this as an engineer, I prefer practical computation. I can express \\( \\log(x) \\) in exponential form, introducing \\( e \\) and taking the limits into account directly.",
      "evaluation": "easier",
      "extra_verification": null,
      "transformations_used": [
        "use alternate but equivalent radical forms",
        "modify an exponent slightly",
        "change variables while maintaining complexity",
        "rewrite the integrand in a different form without changing overall complexity",
        "distribute terms differently"
      ],
      "timestamp": "2025-02-05T06:46:35.253554Z"
    }
  ],
  [
    {
      "original": "integrate(sin(x+pi/4)**2*e**(x**2), (x, -oo, oo))",
      "requested_difficulty": "easier",
      "variant": "integrate(1/2 * (1 - cos(2*(x + pi/4))) * e**(x**2), x)",
      "reasoning": "As a calculus professor, I see the possibility to use the identity of sine squared to simplify the integrand into a sum of cosines. This will allow for clearer integration pathways.",
      "evaluation": "easier",
      "extra_verification": null,
      "transformations_used": [
        "convert a product to a simpler sum",
        "replace transcendental functions with simpler algebraic ones",
        "eliminate absolute value terms",
        "simplify composite trigonometric functions",
        "reduce the number of terms in the expression"
      ],
      "timestamp": "2025-02-05T06:46:42.162120Z"
    },
    {
      "original": "integrate(sin(x+pi/4)**2*e**(x**2), (x, -oo, oo))",
      "requested_difficulty": "easier",
      "variant": "integrate((1 - e^(2*I*(x + pi/4))) / 2 * e**(x**2), x)",
      "reasoning": "As a creative mathematician, I recognize that replacing the sine function with its exponential form might help in simplifying the integral, creating a unique but challenging expression.",
      "evaluation": "easier",
      "extra_verification": null,
      "transformations_used": [
        "convert a product to a simpler sum",
        "replace transcendental functions with simpler algebraic ones",
        "eliminate absolute value terms",
        "simplify composite trigonometric functions",
        "reduce the number of terms in the expression"
      ],
      "timestamp": "2025-02-05T06:46:42.209935Z"
    },
    {
      "original": "integrate(sin(x+pi/4)**2*e**(x**2), (x, -oo, oo))",
      "requested_difficulty": "easier",
      "variant": "integrate(1/2 * (1 - cos(2*(x + pi/4))) * exp(-x**2/100), x)",
      "reasoning": "As an engineer interested in practical computational approaches, I will truncate the cosine terms and ensure that the integrand remains manageable through numerical estimation.",
      "evaluation": "easier",
      "extra_verification": null,
      "transformations_used": [
        "convert a product to a simpler sum",
        "replace transcendental functions with simpler algebraic ones",
        "eliminate absolute value terms",
        "simplify composite trigonometric functions",
        "reduce the number of terms in the expression"
      ],
      "timestamp": "2025-02-05T06:46:42.074433Z"
    },
    {
      "original": "integrate(sin(x+pi/4)**2*e**(x**2), (x, -oo, oo))",
      "requested_difficulty": "easier",
      "variant": "integrate((1 - cos(2*(x + pi/4))) / 2 * exp(x**2), x)",
      "reasoning": "As a calculus professor who values elegant simplifications, I notice that the sine squared function can be converted using the identity \\( \\sin^2(a) = \\frac{1 - \\cos(2a)}{2} \\). This allows us to express the original integral in a simpler form.",
      "evaluation": "easier",
      "extra_verification": null,
      "transformations_used": [
        "remove a factor",
        "replace transcendental functions with simpler algebraic ones",
        "drop a subexpression"
      ],
      "timestamp": "2025-02-05T06:46:35.519503Z"
    },
    {
      "original": "integrate(sin(x+pi/4)**2*e**(x**2), (x, -oo, oo))",
      "requested_difficulty": "equivalent",
      "variant": "integrate((1 - cos(2*(x + pi/4)))/2 * exp(x**2), x)",
      "reasoning": "As a calculus professor who likes simplification, I recognize that \\( \\sin^2(x + \\frac{\\pi}{4}) \\) can be rewritten using the identity \\( \\sin^2 \\theta = \\frac{1 - \\cos(2\\theta)}{2} \\), thus enabling a reduction of the integral into parts.",
      "evaluation": "easier",
      "extra_verification": null,
      "transformations_used": [
        "distribute terms differently",
        "rewrite using different logarithmic properties",
        "factor common terms differently"
      ],
      "timestamp": "2025-02-05T06:46:37.548513Z"
    },
    {
      "original": "integrate(sin(x+pi/4)**2*e**(x**2), (x, -oo, oo))",
      "requested_difficulty": "equivalent",
      "variant": "integrate((exp(I*(x + pi/4)) - exp(-I*(x + pi/4)))**2 / 4 * exp(x**2), x)",
      "reasoning": "As a theoretical physicist, I find it useful to express complex integrals with trigonometric identities elucidated in exponential form. The sine function can be written with Euler's formula to create symmetry.",
      "evaluation": "equivalent",
      "extra_verification": null,
      "transformations_used": [
        "distribute terms differently",
        "rewrite using different logarithmic properties",
        "factor common terms differently"
      ],
      "timestamp": "2025-02-05T06:46:37.801546Z"
    },
    {
      "original": "integrate(sin(x+pi/4)**2*e**(x**2), (x, -oo, oo))",
      "requested_difficulty": "equivalent",
      "variant": "integrate(((exp(I*(x + pi/4)) - exp(-I*(x + pi/4))) / (2*I))**2 * exp(x**2), x)",
      "reasoning": "The theoretical physicist in me appreciates rephrasing the sine function in terms of exponential functions: \\( \\sin(x + \\frac{\\pi}{4}) = \\frac{e^{i(x+\\pi/4)} - e^{-i(x+\\pi/4)}}{2i} \\), which leads to complex exponential manipulation.",
      "evaluation": "equivalent",
      "extra_verification": null,
      "transformations_used": [
        "rewrite the integrand in a different form without changing overall complexity",
        "swap numerator and denominator with reciprocal",
        "use alternate but equivalent radical forms"
      ],
      "timestamp": "2025-02-05T06:46:37.212718Z"
    },
    {
      "original": "integrate(sin(x+pi/4)**2*e**(x**2), (x, -oo, oo))",
      "requested_difficulty": "equivalent",
      "variant": "integrate((sin(x + pi/4)**2 * cosh(y)**2), x)",
      "reasoning": "The geometry enthusiast prompts me to think of transformations in the complex plane. Expressing \\( e^{x^2} \\) in terms of polar coordinates could unveil unique boundaries and behavior in integration.",
      "evaluation": "easier",
      "extra_verification": null,
      "transformations_used": [
        "rewrite the integrand in a different form without changing overall complexity",
        "swap numerator and denominator with reciprocal",
        "use alternate but equivalent radical forms"
      ],
      "timestamp": "2025-02-05T06:46:37.953344Z"
    }
  ],
  [
    {
      "original": "integrate(pi*sin(pi*sqrt(x))/sqrt(x), (x, 0, 441))",
      "requested_difficulty": "easier",
      "variant": "integrate(pi*(pi*sqrt(x) - (pi**3 * x**(3/2)/6)) / sqrt(x), x)",
      "reasoning": "As a calculus professor, I see that the original integral involves a sine function with a square root. To simplify, I could replace \\(\\sin(\\pi \\sqrt{x})\\) with its Taylor series expansion around zero for small values of \\(x\\). This leads to a polynomial integrand that is more straightforward to integrate.",
      "evaluation": "easier",
      "extra_verification": null,
      "transformations_used": [
        "remove nested functions",
        "change a function to an easier one",
        "remove a complicated term",
        "simplify composite trigonometric functions",
        "replace transcendental functions with simpler algebraic ones"
      ],
      "timestamp": "2025-02-05T06:46:37.346741Z"
    }
  ],
  [
    {
      "original": "integrate(x**5/sqrt(1+x**3), (x, 0, 2))",
      "requested_difficulty": "easier",
      "variant": "integrate(x**4/sqrt(1+x**3), x)",
      "reasoning": "As a calculus professor, I'd suggest lowering the degree of the polynomial in the numerator to simplify the expression. This new integral will still capture some of the original's complexity but be easier to handle.",
      "evaluation": "easier",
      "extra_verification": null,
      "transformations_used": [
        "lower a coefficient",
        "simplify composite trigonometric functions",
        "remove logarithmic terms",
        "remove nested functions",
        "replace a complex fraction with a simpler one"
      ],
      "timestamp": "2025-02-05T06:46:35.946060Z"
    },
    {
      "original": "integrate(x**5/sqrt(1+x**3), (x, 0, 2))",
      "requested_difficulty": "easier",
      "variant": "integrate(x**5/(1+x**3), x)",
      "reasoning": "From an engineering perspective, simplification is key! Replacing the root in the denominator with a simpler polynomial will ease the computational burden.",
      "evaluation": "easier",
      "extra_verification": null,
      "transformations_used": [
        "lower a coefficient",
        "simplify composite trigonometric functions",
        "remove logarithmic terms",
        "remove nested functions",
        "replace a complex fraction with a simpler one"
      ],
      "timestamp": "2025-02-05T06:46:36.175631Z"
    },
    {
      "original": "integrate(x**5/sqrt(1+x**3), (x, 0, 2))",
      "requested_difficulty": "easier",
      "variant": "integrate(x**5/(1+x**2), x)",
      "reasoning": "A number theorist might appreciate working with rational coefficients. Simplifying the function while ensuring the arrangement remains rational offers a new challenge.",
      "evaluation": "easier",
      "extra_verification": null,
      "transformations_used": [
        "lower a coefficient",
        "simplify composite trigonometric functions",
        "remove logarithmic terms",
        "remove nested functions",
        "replace a complex fraction with a simpler one"
      ],
      "timestamp": "2025-02-05T06:46:35.978842Z"
    }
  ]
]