[
  [
    {
      "original": "integrate(sin(x)/sin(x + pi/4), x)",
      "requested_difficulty": "easier",
      "variant": "integrate(sin(x)/(sqrt(2)/2 * sin(x) + sqrt(2)/2 * cos(x)), x)",
      "reasoning": "As a calculus professor, I appreciate elegant simplifications. By applying the angle addition formulas for sine, the integral can be simplified significantly, removing the complexity of nested functions.",
      "evaluation": "equivalent",
      "extra_verification": null,
      "transformations_used": [
        "remove nested functions",
        "drop a subexpression",
        "replace transcendental functions with simpler algebraic ones"
      ],
      "timestamp": "2025-02-05T06:26:34.143423Z"
    },
    {
      "original": "integrate(sin(x)/sin(x + pi/4), x)",
      "requested_difficulty": "easier",
      "variant": "integrate((exp(I * x) - exp(-I * x)) / (exp(I * (x + pi/4)) - exp(-I * (x + pi/4))), x)",
      "reasoning": "Viewing this problem as a theoretical physicist, I can convert the sine functions to exponential forms using Euler's formula, leading to a potentially simpler integral that features exponentials rather than trigonometric functions.",
      "evaluation": "equivalent",
      "extra_verification": null,
      "transformations_used": [
        "remove nested functions",
        "drop a subexpression",
        "replace transcendental functions with simpler algebraic ones"
      ],
      "timestamp": "2025-02-05T06:26:34.026898Z"
    },
    {
      "original": "integrate(sin(x)/sin(x + pi/4), x)",
      "requested_difficulty": "easier",
      "variant": "integrate(sin(x)/(sin(x + pi/4)), x)",
      "reasoning": "As an engineer who favors practical approaches, I\u2019ll use the property of definite integrals over symmetrical limits to evaluate the integral over a suitable symmetrical interval to simplify calculations.",
      "evaluation": "equivalent",
      "extra_verification": null,
      "transformations_used": [
        "remove nested functions",
        "drop a subexpression",
        "replace transcendental functions with simpler algebraic ones"
      ],
      "timestamp": "2025-02-05T06:26:34.013027Z"
    },
    {
      "original": "integrate(sin(x)/sin(x + pi/4), x)",
      "requested_difficulty": "easier",
      "variant": "integrate(1 - (x**2)/factorial(2) + (x**4)/factorial(4), x)",
      "reasoning": "As a number theorist fascinated by rational coefficients, I can reframe the integral using rational approximations of sine over small intervals, allowing for easier polynomial manipulation in small neighborhoods.",
      "evaluation": "easier",
      "extra_verification": null,
      "transformations_used": [
        "remove nested functions",
        "drop a subexpression",
        "replace transcendental functions with simpler algebraic ones"
      ],
      "timestamp": "2025-02-05T06:26:34.245247Z"
    },
    {
      "original": "integrate(sin(x)/sin(x + pi/4), x)",
      "requested_difficulty": "easier",
      "variant": "integrate(2*sqrt(2)*sin(x)/sqrt(2)*sin(x + pi/4), x)",
      "reasoning": "As a geometry enthusiast, I think about trigonometric functions in terms of unit circle transformations. Thus, I can transform \\( sin(x) \\) into its corresponding geometric interpretation, making it easier to visualize and compute.",
      "evaluation": "equivalent",
      "extra_verification": null,
      "transformations_used": [
        "remove nested functions",
        "drop a subexpression",
        "replace transcendental functions with simpler algebraic ones"
      ],
      "timestamp": "2025-02-05T06:26:34.053200Z"
    },
    {
      "original": "integrate(sin(x)/sin(x + pi/4), x)",
      "requested_difficulty": "easier",
      "variant": "integrate(cos(x + pi/4), x)",
      "reasoning": "As a calculus educator who emphasizes fundamental theorem applications, a substitution will reveal instantaneous rates of change instead of complex product forms.",
      "evaluation": "easier",
      "extra_verification": null,
      "transformations_used": [
        "remove nested functions",
        "drop a subexpression",
        "replace transcendental functions with simpler algebraic ones"
      ],
      "timestamp": "2025-02-05T06:26:34.424042Z"
    },
    {
      "original": "integrate(sin(x)/sin(x + pi/4), x)",
      "requested_difficulty": "easier",
      "variant": "integrate(1/(1 + tan(x + pi/4)), x)",
      "reasoning": "Lastly, as a geometric thinker, viewing sine as a ratio helps to reframe the integral into rational functions, aiming for algebraic substitution to utilize polynomial long division.",
      "evaluation": "easier",
      "extra_verification": null,
      "transformations_used": [
        "remove nested functions",
        "drop a subexpression",
        "replace transcendental functions with simpler algebraic ones"
      ],
      "timestamp": "2025-02-05T06:26:34.003790Z"
    },
    {
      "original": "integrate(sin(x)/sin(x + pi/4), x)",
      "requested_difficulty": "easier",
      "variant": "integrate(sin(x)/(sin(x)*cos(pi/4)+cos(x)*sin(pi/4)), x)",
      "reasoning": "As a calculus professor, I appreciate simplifying composite functions. I note that sin(x + \u03c0/4) can be expressed in a simpler form using the angle addition formula. This leads us to a more manageable integral.",
      "evaluation": "equivalent",
      "extra_verification": null,
      "transformations_used": [
        "simplify composite trigonometric functions",
        "replace a complex fraction with a simpler one",
        "replace transcendental functions with simpler algebraic ones"
      ],
      "timestamp": "2025-02-05T06:26:35.650242Z"
    },
    {
      "original": "integrate(sin(x)/sin(x + pi/4), x)",
      "requested_difficulty": "easier",
      "variant": "integrate((exp(I*x) - exp(-I*x))/2/(exp(I*(x + pi/4)) - exp(-I*(x + pi/4))), x)",
      "reasoning": "The theoretical physicist in me sees the potential of representing sin(x) using Euler's formula. Converting to exponential form can greatly simplify our integration process.",
      "evaluation": "equivalent",
      "extra_verification": null,
      "transformations_used": [
        "simplify composite trigonometric functions",
        "replace a complex fraction with a simpler one",
        "replace transcendental functions with simpler algebraic ones"
      ],
      "timestamp": "2025-02-05T06:26:35.646557Z"
    },
    {
      "original": "integrate(sin(x)/sin(x + pi/4), x)",
      "requested_difficulty": "easier",
      "variant": "integrate(sin(x)/(sqrt(2)/2 * (sin(x) + cos(x))), x)",
      "reasoning": "As an engineer who favors practical approaches, I want to express the sin function in a way that leverages a known integral. Using the fact that sin(x + \u03c0/4) can be converted allows for easier integration.",
      "evaluation": "equivalent",
      "extra_verification": null,
      "transformations_used": [
        "simplify composite trigonometric functions",
        "replace a complex fraction with a simpler one",
        "replace transcendental functions with simpler algebraic ones"
      ],
      "timestamp": "2025-02-05T06:26:35.740285Z"
    },
    {
      "original": "integrate(sin(x)/sin(x + pi/4), x)",
      "requested_difficulty": "easier",
      "variant": "integrate(sin(x)/(sqrt(1 - (1/sqrt(2))^2)), x)",
      "reasoning": "Thinking like a geometry enthusiast, I consider geometric identities of sine functions. By using the relation of sin with respect to a right triangle, I can make this integral more geometrically intuitive.",
      "evaluation": "easier",
      "extra_verification": null,
      "transformations_used": [
        "simplify composite trigonometric functions",
        "replace a complex fraction with a simpler one",
        "replace transcendental functions with simpler algebraic ones"
      ],
      "timestamp": "2025-02-05T06:26:35.986144Z"
    },
    {
      "original": "integrate(sin(x)/sin(x + pi/4), x)",
      "requested_difficulty": "easier",
      "variant": "integrate(2*sin(x) * cos(pi/8)/(cos(pi/4)), x)",
      "reasoning": "As a creative substitute lover, I contemplate using a trigonometric identity that relates to the half-angle or double-angle forms, which can help to rewrite the integrand.",
      "evaluation": "easier",
      "extra_verification": null,
      "transformations_used": [
        "simplify composite trigonometric functions",
        "replace a complex fraction with a simpler one",
        "replace transcendental functions with simpler algebraic ones"
      ],
      "timestamp": "2025-02-05T06:26:35.613782Z"
    },
    {
      "original": "integrate(sin(x)/sin(x + pi/4), x)",
      "requested_difficulty": "easier",
      "variant": "integrate(sin(x)/(sin(x)*cos(pi/4) + cos(x)*sin(pi/4)), x)",
      "reasoning": "As a calculus professor, I appreciate eliminating complex terms. We can simplify the argument of the sine in the denominator by using the angle addition formula: \\( \\sin(a + b) = \\sin a \\cos b + \\cos a \\sin b \\).",
      "evaluation": "equivalent",
      "extra_verification": null,
      "transformations_used": [
        "eliminate absolute value terms",
        "reduce an exponent",
        "remove logarithmic terms",
        "reduce the degree of a polynomial",
        "convert a product to a simpler sum"
      ],
      "timestamp": "2025-02-05T06:26:36.442730Z"
    },
    {
      "original": "integrate(sin(x)/sin(x + pi/4), x)",
      "requested_difficulty": "easier",
      "variant": "integrate((exp(I*x) - exp(-I*x))/(exp(I*(x + pi/4)) - exp(-I*(x + pi/4))), x)",
      "reasoning": "As a student who prefers working with polynomials, I might want to express sine in terms of exponential functions using Euler's formula. This gives a polynomial-like structure that we can manipulate.",
      "evaluation": "equivalent",
      "extra_verification": null,
      "transformations_used": [
        "eliminate absolute value terms",
        "reduce an exponent",
        "remove logarithmic terms",
        "reduce the degree of a polynomial",
        "convert a product to a simpler sum"
      ],
      "timestamp": "2025-02-05T06:26:36.440830Z"
    },
    {
      "original": "integrate(sin(x)/sin(x + pi/4), x)",
      "requested_difficulty": "easier",
      "variant": "integrate(1 - (x**2)/2 + (x**4)/24, x)",
      "reasoning": "As an engineer, I like practical approaches. We can approximate the sine function around \\( x = 0 \\) using a Taylor series, which makes integration straightforward up to a certain degree.",
      "evaluation": "easier",
      "extra_verification": null,
      "transformations_used": [
        "eliminate absolute value terms",
        "reduce an exponent",
        "remove logarithmic terms",
        "reduce the degree of a polynomial",
        "convert a product to a simpler sum"
      ],
      "timestamp": "2025-02-05T06:26:36.420993Z"
    },
    {
      "original": "integrate(sin(x)/sin(x + pi/4), x)",
      "requested_difficulty": "easier",
      "variant": "integrate((sqrt(2)/2)*sin(x), x)",
      "reasoning": "As a geometry enthusiast, I see the transformation of sine as a rotation in the unit circle. Thus, I can represent the integral with a geometric transformation of a circle representation.",
      "evaluation": "easier",
      "extra_verification": null,
      "transformations_used": [
        "eliminate absolute value terms",
        "reduce an exponent",
        "remove logarithmic terms",
        "reduce the degree of a polynomial",
        "convert a product to a simpler sum"
      ],
      "timestamp": "2025-02-05T06:26:36.703019Z"
    },
    {
      "original": "integrate(sin(x)/sin(x + pi/4), x)",
      "requested_difficulty": "easier",
      "variant": "integrate(cos(x - pi/4), x)",
      "reasoning": "Back to calculus, I know simplifications can be essential. Noticing \\( \\sin(x) \\) can be broken down using identities, we can evaluate simpler integral parts.",
      "evaluation": "easier",
      "extra_verification": null,
      "transformations_used": [
        "eliminate absolute value terms",
        "reduce an exponent",
        "remove logarithmic terms",
        "reduce the degree of a polynomial",
        "convert a product to a simpler sum"
      ],
      "timestamp": "2025-02-05T06:26:36.527332Z"
    },
    {
      "original": "integrate(sin(x)/sin(x + pi/4), x)",
      "requested_difficulty": "easier",
      "variant": "integrate(sin(x), x)",
      "reasoning": "As a practical engineer, let\u2019s consider the integral of a simpler sine function instead, reducing complexities in calculations, focusing only on variations of sine.",
      "evaluation": "easier",
      "extra_verification": null,
      "transformations_used": [
        "eliminate absolute value terms",
        "reduce an exponent",
        "remove logarithmic terms",
        "reduce the degree of a polynomial",
        "convert a product to a simpler sum"
      ],
      "timestamp": "2025-02-05T06:26:36.643591Z"
    },
    {
      "original": "integrate(sin(x)/sin(x + pi/4), x)",
      "requested_difficulty": "easier",
      "variant": "integrate(sin(x) / (sin(x) * cos(pi/4) + cos(x) * sin(pi/4)), x)",
      "reasoning": "As a calculus professor, I appreciate simplifying complex fractions. One insight is to use the identity \\( \\sin(a + b) = \\sin(a)\\cos(b) + \\cos(a)\\sin(b) \\) to rewrite the denominator in a way that shortens the process.",
      "evaluation": "equivalent",
      "extra_verification": null,
      "transformations_used": [
        "replace a complex fraction with a simpler one",
        "lower a coefficient",
        "convert a product to a simpler sum",
        "remove logarithmic terms",
        "remove a factor"
      ],
      "timestamp": "2025-02-05T06:26:36.805172Z"
    },
    {
      "original": "integrate(sin(x)/sin(x + pi/4), x)",
      "requested_difficulty": "easier",
      "variant": "integrate((sin(x) * cos(pi/4) - cos(x) * sin(pi/4)) / (sin(x) * cos(pi/4) + cos(x) * sin(pi/4)), x)",
      "reasoning": "As a student focused on polynomials, I would look for ways to express the integrand in polynomial form. By using the sine addition formula, I can separate the terms effectively.",
      "evaluation": "easier",
      "extra_verification": null,
      "transformations_used": [
        "replace a complex fraction with a simpler one",
        "lower a coefficient",
        "convert a product to a simpler sum",
        "remove logarithmic terms",
        "remove a factor"
      ],
      "timestamp": "2025-02-05T06:26:36.786721Z"
    },
    {
      "original": "integrate(sin(x)/sin(x + pi/4), x)",
      "requested_difficulty": "equivalent",
      "variant": "integrate((exp(I*x) - exp(-I*x))/(exp(I*x + I*pi/4) - exp(-I*(x + pi/4))), x)",
      "reasoning": "As a theoretical physicist, I appreciate converting everything into exponential forms. By using the Euler's formula, I express sine in terms of complex exponentials.",
      "evaluation": "equivalent",
      "extra_verification": null,
      "transformations_used": [
        "rewrite the integrand in a different form without changing overall complexity",
        "swap numerator and denominator with reciprocal",
        "change variables while maintaining complexity"
      ],
      "timestamp": "2025-02-05T06:26:33.095573Z"
    },
    {
      "original": "integrate(sin(x)/sin(x + pi/4), x)",
      "requested_difficulty": "equivalent",
      "variant": "integrate(sin(x + pi/4 - pi/4)/sin(x + pi/4), x)",
      "reasoning": "As a geometry enthusiast, I think in terms of transformations. Let's express the integral using a transformation that reflects the sine function properties (periodicity and symmetry).",
      "evaluation": "equivalent",
      "extra_verification": null,
      "transformations_used": [
        "rewrite the integrand in a different form without changing overall complexity",
        "swap numerator and denominator with reciprocal",
        "change variables while maintaining complexity"
      ],
      "timestamp": "2025-02-05T06:26:33.158600Z"
    },
    {
      "original": "integrate(sin(x)/sin(x + pi/4), x)",
      "requested_difficulty": "equivalent",
      "variant": "integrate(sin(x)/(sqrt(2)/2*(sin(x) + cos(x))), x)",
      "reasoning": "As a calculus professor, using trigonometric identities can simplify the integrand. Transforming by using the angle subtraction identity makes things clearer.",
      "evaluation": "equivalent",
      "extra_verification": null,
      "transformations_used": [
        "rewrite the integrand in a different form without changing overall complexity",
        "swap numerator and denominator with reciprocal",
        "change variables while maintaining complexity"
      ],
      "timestamp": "2025-02-05T06:26:33.307275Z"
    },
    {
      "original": "integrate(sin(x)/sin(x + pi/4), x)",
      "requested_difficulty": "equivalent",
      "variant": "integrate(sin(x)/((exp(I*x) - exp(-I*x))/(2*I)), x)",
      "reasoning": "As a calculus professor, I appreciate simplifying functions wherever possible. By rewriting the sine function using its exponential form, I can manipulate the integral into a more tractable expression.",
      "evaluation": "equivalent",
      "extra_verification": null,
      "transformations_used": [
        "substitute equivalent exponential forms",
        "use alternate but equivalent radical forms",
        "factor common terms differently"
      ],
      "timestamp": "2025-02-05T06:26:33.743772Z"
    },
    {
      "original": "integrate(sin(x)/sin(x + pi/4), x)",
      "requested_difficulty": "equivalent",
      "variant": "integrate(numpy.sin(x)/numpy.sin(x + numpy.pi/4), x)",
      "reasoning": "From an engineering perspective, practical computational approaches are paramount. Using numerical integration techniques on small intervals can provide a solution to this integral more efficiently.",
      "evaluation": "equivalent",
      "extra_verification": null,
      "transformations_used": [
        "substitute equivalent exponential forms",
        "use alternate but equivalent radical forms",
        "factor common terms differently"
      ],
      "timestamp": "2025-02-05T06:26:33.759879Z"
    },
    {
      "original": "integrate(sin(x)/sin(x + pi/4), x)",
      "requested_difficulty": "equivalent",
      "variant": "integrate(cos(x - pi/4)/cos(pi/4), x)",
      "reasoning": "As a geometry enthusiast, I enjoy visualizing integrals with geometric transformations. Here, interpreting the sine functions as projections can help in viewing their transformations in the integration space.",
      "evaluation": "easier",
      "extra_verification": null,
      "transformations_used": [
        "substitute equivalent exponential forms",
        "use alternate but equivalent radical forms",
        "factor common terms differently"
      ],
      "timestamp": "2025-02-05T06:26:33.761872Z"
    },
    {
      "original": "integrate(sin(x)/sin(x + pi/4), x)",
      "requested_difficulty": "equivalent",
      "variant": "integrate(sin(x)/(sin(x)*sqrt(2)/2 + cos(x)*sqrt(2)/2), x)",
      "reasoning": "As a calculus professor, I would like to simplify the integral using a trigonometric identity. We know that \\( \\sin(x + \\frac{\\pi}{4}) \\) can be expressed as \\( \\sin(x)\\cos(\\frac{\\pi}{4}) + \\cos(x)\\sin(\\frac{\\pi}{4}) \\). Simplifying this expression can make the integration easier.",
      "evaluation": "easier",
      "extra_verification": null,
      "transformations_used": [
        "use trigonometric identities to rewrite expression",
        "alter constant terms",
        "distribute terms differently"
      ],
      "timestamp": "2025-02-05T06:26:38.651259Z"
    },
    {
      "original": "integrate(sin(x)/sin(x + pi/4), x)",
      "requested_difficulty": "equivalent",
      "variant": "integrate((e^(ix) - e^(-ix))/(2i * (e^(i*(x + pi/4)) - e^(-i*(x + pi/4)))), x)",
      "reasoning": "As a student focusing on polynomials and rational functions, I prefer to express sine in terms of Euler\u2019s formula. Writing sine as \\( \\frac{e^{ix} - e^{-ix}}{2i} \\) allows some interesting manipulation.",
      "evaluation": "equivalent",
      "extra_verification": null,
      "transformations_used": [
        "use trigonometric identities to rewrite expression",
        "alter constant terms",
        "distribute terms differently"
      ],
      "timestamp": "2025-02-05T06:26:38.491844Z"
    },
    {
      "original": "integrate(sin(x)/sin(x + pi/4), x)",
      "requested_difficulty": "equivalent",
      "variant": "integrate((e^(ix) - e^(-ix))/(e^(i*(x + pi/4)) - e^(-i*(x + pi/4))), x)",
      "reasoning": "As a theoretical physicist, I think about relationships between sine and exponential forms. By rewriting the sine functions using their corresponding exponential forms, I can facilitate integration via contour techniques or real analysis perspectives.",
      "evaluation": "equivalent",
      "extra_verification": null,
      "transformations_used": [
        "use trigonometric identities to rewrite expression",
        "alter constant terms",
        "distribute terms differently"
      ],
      "timestamp": "2025-02-05T06:26:38.885567Z"
    },
    {
      "original": "integrate(sin(x)/sin(x + pi/4), x)",
      "requested_difficulty": "equivalent",
      "variant": "integrate(sin(x)/sin(x + pi/4), x)",
      "reasoning": "As a geometry enthusiast, I believe shapes or transformations can often make integration easier. Converting this problem into a rotational transformation context could yield insights.",
      "evaluation": "equivalent",
      "extra_verification": null,
      "transformations_used": [
        "use trigonometric identities to rewrite expression",
        "alter constant terms",
        "distribute terms differently"
      ],
      "timestamp": "2025-02-05T06:26:38.483680Z"
    },
    {
      "original": "integrate(sin(x)/sin(x + pi/4), x)",
      "requested_difficulty": "equivalent",
      "variant": "integrate(1/sin(x + pi/4), x)",
      "reasoning": "Thinking like a calculus professor again, I can recognize that dividing through by sin(x) can provide insight. This leads to the examination of cotangent functions and might reveal symmetries.",
      "evaluation": "easier",
      "extra_verification": null,
      "transformations_used": [
        "use trigonometric identities to rewrite expression",
        "alter constant terms",
        "distribute terms differently"
      ],
      "timestamp": "2025-02-05T06:26:38.522116Z"
    },
    {
      "original": "integrate(sin(x)/sin(x + pi/4), x)",
      "requested_difficulty": "equivalent",
      "variant": "integrate((sqrt(2)/2 * (sin(x) - cos(x)))/(sin(x + pi/4)), x)",
      "reasoning": "As a creative mathematician, let's consider changing sine into a combination of angle addition or subtraction and break it down. This technique will involve direct manipulation of angles.",
      "evaluation": "equivalent",
      "extra_verification": null,
      "transformations_used": [
        "use trigonometric identities to rewrite expression",
        "alter constant terms",
        "distribute terms differently"
      ],
      "timestamp": "2025-02-05T06:26:39.367946Z"
    },
    {
      "original": "integrate(sin(x)/sin(x + pi/4), x)",
      "requested_difficulty": "equivalent",
      "variant": "integrate(1 - (sin(pi/4)/sin(x + pi/4)), x)",
      "reasoning": "From the perspective of a student who favors polynomials and rational functions, I can convert the integrand into a form that's amenable to polynomial long division or partial fractions. This allows for clearer integration paths.",
      "evaluation": "easier",
      "extra_verification": null,
      "transformations_used": [
        "adjust parameters while keeping the integral equivalent",
        "distribute terms differently",
        "change variables while maintaining complexity"
      ],
      "timestamp": "2025-02-05T06:26:34.674854Z"
    },
    {
      "original": "integrate(sin(x)/sin(x + pi/4), x)",
      "requested_difficulty": "equivalent",
      "variant": "integrate((exp(I*x) - exp(-I*x)) / (exp(I*(x + pi/4)) - exp(-I*(x + pi/4))), x)",
      "reasoning": "As a theoretical physicist who enjoys trigonometric forms, I can express the sine functions in terms of exponentials using Euler's formula. This gives us a complex-valued integrand that can reveal more about the behavior of the integral.",
      "evaluation": "equivalent",
      "extra_verification": null,
      "transformations_used": [
        "adjust parameters while keeping the integral equivalent",
        "distribute terms differently",
        "change variables while maintaining complexity"
      ],
      "timestamp": "2025-02-05T06:26:34.388928Z"
    },
    {
      "original": "integrate(sin(x)/sin(x + pi/4), x)",
      "requested_difficulty": "equivalent",
      "variant": "integrate(cos(x)/(cos(x)/sqrt(2) + sin(x)/sqrt(2)), x)",
      "reasoning": "As a creative mathematician, I can simplify my workspace using a trigonometric identity that transforms the sine ratio into a tangent involving cotangent relationships, thus balancing the equation differently.",
      "evaluation": "equivalent",
      "extra_verification": null,
      "transformations_used": [
        "adjust parameters while keeping the integral equivalent",
        "distribute terms differently",
        "change variables while maintaining complexity"
      ],
      "timestamp": "2025-02-05T06:26:34.395423Z"
    }
  ]
]