[
  [
    {
      "original": "integrate(sqrt(2*x**2-1), x)",
      "requested_difficulty": "easier",
      "variant": "integrate(sqrt(2*(x**2 - 1/2)), x)",
      "reasoning": "As a calculus professor, I prefer working with simpler integrands. By factoring out a common term from under the square root, I can create a simpler expression that\u2019s easier to integrate.",
      "evaluation": "easier",
      "extra_verification": null,
      "transformations_used": [
        "remove a factor",
        "reduce an exponent",
        "reduce the degree of a polynomial"
      ],
      "timestamp": "2025-02-05T06:31:11.792546Z"
    },
    {
      "original": "integrate(sqrt(2*x**2-1), x)",
      "requested_difficulty": "easier",
      "variant": "integrate(sqrt(2*(x**2)), x)",
      "reasoning": "As a student who prefers polynomials, I can rewrite the expression to be less complex. If I consider a Taylor expansion around zero, I can obtain a polynomial approximation.",
      "evaluation": "easier",
      "extra_verification": null,
      "transformations_used": [
        "remove a factor",
        "reduce an exponent",
        "reduce the degree of a polynomial"
      ],
      "timestamp": "2025-02-05T06:31:11.914036Z"
    },
    {
      "original": "integrate(sqrt(2*x**2-1), x)",
      "requested_difficulty": "easier",
      "variant": "integrate(sqrt(2*(x/1.5)**2 - (1/1.5)**2), x)",
      "reasoning": "As a number theorist fascinated by integers, I\u2019ll shift the form to use rational coefficients for ease of manipulation and clarity in evaluating limits.",
      "evaluation": "equivalent",
      "extra_verification": null,
      "transformations_used": [
        "remove a factor",
        "reduce an exponent",
        "reduce the degree of a polynomial"
      ],
      "timestamp": "2025-02-05T06:31:11.849278Z"
    },
    {
      "original": "integrate(sqrt(2*x**2-1), x)",
      "requested_difficulty": "easier",
      "variant": "integrate(sqrt((x**2) - (1/2)), x)",
      "reasoning": "As a geometry enthusiast, I can visualize this as a transformation. By considering the Pythagorean identity, I can simplify my approach to one involving a circle's relation.",
      "evaluation": "equivalent",
      "extra_verification": null,
      "transformations_used": [
        "remove a factor",
        "reduce an exponent",
        "reduce the degree of a polynomial"
      ],
      "timestamp": "2025-02-05T06:31:11.722151Z"
    },
    {
      "original": "integrate(sqrt(2*x**2-1), x)",
      "requested_difficulty": "easier",
      "variant": "integrate(sqrt(2)*x - 1/(4*sqrt(2))*(x**3), x)",
      "reasoning": "As a calculus professor focused on elegance, I will look for a straightforward polynomial approximation of the square root which eases computation.",
      "evaluation": "easier",
      "extra_verification": null,
      "transformations_used": [
        "remove a factor",
        "reduce an exponent",
        "reduce the degree of a polynomial"
      ],
      "timestamp": "2025-02-05T06:31:11.902771Z"
    },
    {
      "original": "integrate(sqrt(2*x**2-1), x)",
      "requested_difficulty": "easier",
      "variant": "integrate(sqrt(2)*(x**2 - 1)^(1/2), x)",
      "reasoning": "As a student who favors rational functions, I can rewrite the square root in a form that is a combination of known rational functions which can be integrated term by term.",
      "evaluation": "equivalent",
      "extra_verification": null,
      "transformations_used": [
        "remove a factor",
        "reduce an exponent",
        "reduce the degree of a polynomial"
      ],
      "timestamp": "2025-02-05T06:31:11.903362Z"
    },
    {
      "original": "integrate(sqrt(2*x**2-1), x)",
      "requested_difficulty": "easier",
      "variant": "integrate(sqrt(2)*(sqrt(x**2 - 1/2)), x)",
      "reasoning": "Theoretical physicists often favor trigonometric forms. I can express \\( \\sqrt{2x^2 - 1} \\) in a different way by rewriting it as \\( \\sqrt{2}\\sqrt{x^2 - \\frac{1}{2}} \\), which gives insights when considering trigonometric identities.",
      "evaluation": "equivalent",
      "extra_verification": null,
      "transformations_used": [
        "reduce an exponent",
        "convert a product to a simpler sum",
        "change a function to an easier one",
        "eliminate absolute value terms",
        "replace transcendental functions with simpler algebraic ones"
      ],
      "timestamp": "2025-02-05T06:31:12.403125Z"
    },
    {
      "original": "integrate(sqrt(2*x**2-1), x)",
      "requested_difficulty": "easier",
      "variant": "integrate(2*x**2, x)",
      "reasoning": "As an engineer who favors practical computational approaches, I can simplify by replacing \\( \\sqrt{2x^2 - 1} \\) with a polynomial approximation. A small value approach (when x is small) simplifies computations.",
      "evaluation": "easier",
      "extra_verification": null,
      "transformations_used": [
        "reduce an exponent",
        "convert a product to a simpler sum",
        "change a function to an easier one",
        "eliminate absolute value terms",
        "replace transcendental functions with simpler algebraic ones"
      ],
      "timestamp": "2025-02-05T06:31:12.239563Z"
    },
    {
      "original": "integrate(sqrt(2*x**2-1), x)",
      "requested_difficulty": "easier",
      "variant": "integrate(sqrt(x**2 - 0.5), x)",
      "reasoning": "The creative mathematician can employ a clever substitution. Rather than dealing with \\( \\sqrt{2x^2-1} \\) directly, I can express it as \\( \\sqrt{(x^2 - p)}^2 \\) and choose suitable \\( p \\).",
      "evaluation": "equivalent",
      "extra_verification": null,
      "transformations_used": [
        "reduce an exponent",
        "convert a product to a simpler sum",
        "change a function to an easier one",
        "eliminate absolute value terms",
        "replace transcendental functions with simpler algebraic ones"
      ],
      "timestamp": "2025-02-05T06:31:12.119101Z"
    },
    {
      "original": "integrate(sqrt(2*x**2-1), x)",
      "requested_difficulty": "easier",
      "variant": "integrate(x**2 - 1/2, x)",
      "reasoning": "The student who works with polynomials can view this expression as a polynomial within the square root form. Hence, I could rewrite the integrand as a polynomial after factoring out constants.",
      "evaluation": "easier",
      "extra_verification": null,
      "transformations_used": [
        "reduce an exponent",
        "convert a product to a simpler sum",
        "change a function to an easier one",
        "eliminate absolute value terms",
        "replace transcendental functions with simpler algebraic ones"
      ],
      "timestamp": "2025-02-05T06:31:12.118325Z"
    },
    {
      "original": "integrate(sqrt(2*x**2-1), x)",
      "requested_difficulty": "easier",
      "variant": "integrate(sqrt(2*(x**2 - 0.5)), x)",
      "reasoning": "As a number theorist fascinated by primes, I see that \\( 2x^2 - 1 \\) can be manipulated into a product form. This can create easier factorable sections of the integrand.",
      "evaluation": "easier",
      "extra_verification": null,
      "transformations_used": [
        "reduce an exponent",
        "convert a product to a simpler sum",
        "change a function to an easier one",
        "eliminate absolute value terms",
        "replace transcendental functions with simpler algebraic ones"
      ],
      "timestamp": "2025-02-05T06:31:12.159102Z"
    },
    {
      "original": "integrate(sqrt(2*x**2-1), x)",
      "requested_difficulty": "easier",
      "variant": "integrate(2*sqrt(x**2 - 0.5), x)",
      "reasoning": "The geometry enthusiast thinks in terms of geometric transformations. By considering the variables in a geometric space, I can simplify the integral to a more familiar geometric representation.",
      "evaluation": "easier",
      "extra_verification": null,
      "transformations_used": [
        "reduce an exponent",
        "convert a product to a simpler sum",
        "change a function to an easier one",
        "eliminate absolute value terms",
        "replace transcendental functions with simpler algebraic ones"
      ],
      "timestamp": "2025-02-05T06:31:12.652587Z"
    },
    {
      "original": "integrate(sqrt(2*x**2-1), x)",
      "requested_difficulty": "easier",
      "variant": "integrate(sqrt(((sqrt(2)*x - 1)**2)), x)",
      "reasoning": "As a creative mathematician, replacing the square root function can help in formulating the problem. I could consider a complete square inside the square root to reduce the number of transformations needed.",
      "evaluation": "equivalent",
      "extra_verification": null,
      "transformations_used": [
        "reduce an exponent",
        "convert a product to a simpler sum",
        "change a function to an easier one",
        "eliminate absolute value terms",
        "replace transcendental functions with simpler algebraic ones"
      ],
      "timestamp": "2025-02-05T06:31:12.257131Z"
    },
    {
      "original": "integrate(sqrt(2*x**2-1), x)",
      "requested_difficulty": "easier",
      "variant": "integrate(sqrt(1 - sin(theta)**2), x)",
      "reasoning": "Thinking like a creative mathematician, I'll substitute a new variable that simplifies the quadratic under the square root, say, \\(x = sqrt(1/2) \\sec(\\theta)\\).",
      "evaluation": "easier",
      "extra_verification": null,
      "transformations_used": [
        "remove a factor",
        "reduce an exponent",
        "remove logarithmic terms",
        "lower a coefficient",
        "reduce the number of terms in the expression"
      ],
      "timestamp": "2025-02-05T06:31:20.863982Z"
    },
    {
      "original": "integrate(sqrt(2*x**2-1), x)",
      "requested_difficulty": "easier",
      "variant": "integrate(x * sqrt(2 - 1/x**2), x)",
      "reasoning": "From the perspective of a student focused on polynomials, I will focus on manipulating the expression to reduce it, by leveraging the identity of squares.",
      "evaluation": "equivalent",
      "extra_verification": null,
      "transformations_used": [
        "remove a factor",
        "reduce an exponent",
        "remove logarithmic terms",
        "lower a coefficient",
        "reduce the number of terms in the expression"
      ],
      "timestamp": "2025-02-05T06:31:20.772079Z"
    },
    {
      "original": "integrate(sqrt(2*x**2-1), x)",
      "requested_difficulty": "easier",
      "variant": "integrate(sqrt(2)*sqrt(x**2 - 0.5), x)",
      "reasoning": "A geometry enthusiast would view this integral as an area problem. By rewriting the integrand to demonstrate geometric transformations, we can make it simpler.",
      "evaluation": "equivalent",
      "extra_verification": null,
      "transformations_used": [
        "remove a factor",
        "reduce an exponent",
        "remove logarithmic terms",
        "lower a coefficient",
        "reduce the number of terms in the expression"
      ],
      "timestamp": "2025-02-05T06:31:23.608861Z"
    },
    {
      "original": "integrate(sqrt(2*x**2-1), x)",
      "requested_difficulty": "easier",
      "variant": "integrate(sqrt((x**2 - 0.5) + 0.5), x)",
      "reasoning": "A number theorist might contemplate simplifying rational parts, thus I can break down the expression under the root for easier analysis.",
      "evaluation": "easier",
      "extra_verification": null,
      "transformations_used": [
        "remove a factor",
        "reduce an exponent",
        "remove logarithmic terms",
        "lower a coefficient",
        "reduce the number of terms in the expression"
      ],
      "timestamp": "2025-02-05T06:31:21.026556Z"
    },
    {
      "original": "integrate(sqrt(2*x**2-1), x)",
      "requested_difficulty": "easier",
      "variant": "integrate(sqrt(x**2 - 0.25), x)",
      "reasoning": "As a calculus professor, I'd argue that introducing a substitution can help. Replacing the constant 2 with an easier number leads to a simpler form.",
      "evaluation": "easier",
      "extra_verification": null,
      "transformations_used": [
        "remove a factor",
        "reduce an exponent",
        "remove logarithmic terms",
        "lower a coefficient",
        "reduce the number of terms in the expression"
      ],
      "timestamp": "2025-02-05T06:31:20.789637Z"
    },
    {
      "original": "integrate(sqrt(2*x**2-1), x)",
      "requested_difficulty": "easier",
      "variant": "integrate(2*x*sqrt(1 - 0.5/x**2), x)",
      "reasoning": "For my engineering persona, I seek practical expressions, so let\u2019s convert the root to a rational expression shaping it into something relatable.",
      "evaluation": "equivalent",
      "extra_verification": null,
      "transformations_used": [
        "remove a factor",
        "reduce an exponent",
        "remove logarithmic terms",
        "lower a coefficient",
        "reduce the number of terms in the expression"
      ],
      "timestamp": "2025-02-05T06:31:21.059474Z"
    },
    {
      "original": "integrate(sqrt(2*x**2-1), x)",
      "requested_difficulty": "easier",
      "variant": "integrate(x * sqrt((2 - 1/x**2)), x)",
      "reasoning": "As a creative mathematician, I\u2019ll focus on setting the integrand to fit a form conducive to polynomial long division.",
      "evaluation": "equivalent",
      "extra_verification": null,
      "transformations_used": [
        "remove a factor",
        "reduce an exponent",
        "remove logarithmic terms",
        "lower a coefficient",
        "reduce the number of terms in the expression"
      ],
      "timestamp": "2025-02-05T06:31:25.171875Z"
    },
    {
      "original": "integrate(sqrt(2*x**2-1), x)",
      "requested_difficulty": "equivalent",
      "variant": "integrate(sqrt(2)*sqrt(x**2 - 1/2), x)",
      "reasoning": "As a calculus professor, I appreciate elegance and simplicity. I can rewrite the integrand in a way that makes it clearer by factoring out a 2. Thus, I express it as \\( \\sqrt{2} \\sqrt{x^2 - \\frac{1}{2}} \\).",
      "evaluation": "equivalent",
      "extra_verification": null,
      "transformations_used": [
        "rewrite the integrand in a different form without changing overall complexity",
        "alter constant terms",
        "swap numerator and denominator with reciprocal",
        "rewrite using different logarithmic properties",
        "exchange similar functions (e.g., sin to cos)"
      ],
      "timestamp": "2025-02-05T06:31:13.970933Z"
    },
    {
      "original": "integrate(sqrt(2*x**2-1), x)",
      "requested_difficulty": "equivalent",
      "variant": "integrate(sqrt((x**2) * 2 - 1), x)",
      "reasoning": "A geometry enthusiast views transformations as spatial. I will write the expression in terms of the distance from the origin, effectively visualizing it as a geometric figure.",
      "evaluation": "equivalent",
      "extra_verification": null,
      "transformations_used": [
        "rewrite the integrand in a different form without changing overall complexity",
        "alter constant terms",
        "swap numerator and denominator with reciprocal",
        "rewrite using different logarithmic properties",
        "exchange similar functions (e.g., sin to cos)"
      ],
      "timestamp": "2025-02-05T06:31:13.860994Z"
    },
    {
      "original": "integrate(sqrt(2*x**2-1), x)",
      "requested_difficulty": "equivalent",
      "variant": "integrate(sqrt((sqrt(2)*x - 1)*(sqrt(2)*x + 1)), x)",
      "reasoning": "As a student who enjoys polynomials, I can rewrite the square root using the identity \\( (a^2 - b^2) = (a - b)(a + b) \\) and focus on a polynomial-based approach through algebraic manipulation.",
      "evaluation": "equivalent",
      "extra_verification": null,
      "transformations_used": [
        "swap numerator and denominator with reciprocal",
        "use trigonometric identities to rewrite expression",
        "rewrite using different logarithmic properties",
        "rewrite the integrand in a different form without changing overall complexity",
        "rearrange the order of terms"
      ],
      "timestamp": "2025-02-05T06:31:12.780968Z"
    },
    {
      "original": "integrate(sqrt(2*x**2-1), x)",
      "requested_difficulty": "equivalent",
      "variant": "integrate(sqrt(1 + sinh(x)**2), x)",
      "reasoning": "As a theoretical physicist, I often like to express integrands in exponential forms. Using the identity for hyperbolic functions, I can express the square root in a more elegant manner useful for integration.",
      "evaluation": "easier",
      "extra_verification": null,
      "transformations_used": [
        "swap numerator and denominator with reciprocal",
        "use trigonometric identities to rewrite expression",
        "rewrite using different logarithmic properties",
        "rewrite the integrand in a different form without changing overall complexity",
        "rearrange the order of terms"
      ],
      "timestamp": "2025-02-05T06:31:12.789640Z"
    },
    {
      "original": "integrate(sqrt(2*x**2-1), x)",
      "requested_difficulty": "equivalent",
      "variant": "integrate(sqrt(2*x**2 - 1), x)",
      "reasoning": "As an engineer focusing on practical applications, I will compute using numerical approximation methods to evaluate the integral, especially useful for modeling in engineering scenarios.",
      "evaluation": "equivalent",
      "extra_verification": null,
      "transformations_used": [
        "swap numerator and denominator with reciprocal",
        "use trigonometric identities to rewrite expression",
        "rewrite using different logarithmic properties",
        "rewrite the integrand in a different form without changing overall complexity",
        "rearrange the order of terms"
      ],
      "timestamp": "2025-02-05T06:31:12.764224Z"
    },
    {
      "original": "integrate(sqrt(2*x**2-1), x)",
      "requested_difficulty": "equivalent",
      "variant": "integrate(sqrt(2*(1/2)*(4*x**2 - 2)), x)",
      "reasoning": "As a number theorist, I'm intrigued by the relationship between coefficients. I will focus on the polynomial characteristics and analyze rational coefficients for the components within the square root.",
      "evaluation": "equivalent",
      "extra_verification": null,
      "transformations_used": [
        "swap numerator and denominator with reciprocal",
        "use trigonometric identities to rewrite expression",
        "rewrite using different logarithmic properties",
        "rewrite the integrand in a different form without changing overall complexity",
        "rearrange the order of terms"
      ],
      "timestamp": "2025-02-05T06:31:12.852354Z"
    },
    {
      "original": "integrate(sqrt(2*x**2-1), x)",
      "requested_difficulty": "equivalent",
      "variant": "integrate(sqrt(2*(2*(x/sqrt(2))**2 - (1/sqrt(2))**2)), x)",
      "reasoning": "As a geometric enthusiast, I see the expression within the root as a geometric shape representation. I can reformulate it using geometric transformations to reinterpret it.",
      "evaluation": "equivalent",
      "extra_verification": null,
      "transformations_used": [
        "swap numerator and denominator with reciprocal",
        "use trigonometric identities to rewrite expression",
        "rewrite using different logarithmic properties",
        "rewrite the integrand in a different form without changing overall complexity",
        "rearrange the order of terms"
      ],
      "timestamp": "2025-02-05T06:31:12.907647Z"
    },
    {
      "original": "integrate(sqrt(2*x**2-1), x)",
      "requested_difficulty": "equivalent",
      "variant": "integrate(0.5 * sqrt(2*(x**2)), x)",
      "reasoning": "As a calculus professor again, I will utilize integration by parts to handle the integral by breaking it down into manageable pieces for elegant resolution.",
      "evaluation": "easier",
      "extra_verification": null,
      "transformations_used": [
        "swap numerator and denominator with reciprocal",
        "use trigonometric identities to rewrite expression",
        "rewrite using different logarithmic properties",
        "rewrite the integrand in a different form without changing overall complexity",
        "rearrange the order of terms"
      ],
      "timestamp": "2025-02-05T06:31:12.819929Z"
    },
    {
      "original": "integrate(sqrt(2*x**2-1), x)",
      "requested_difficulty": "equivalent",
      "variant": "integrate(sqrt(2*(x**2 + 1 - 1)), x)",
      "reasoning": "As a number theorist, I focus on the coefficients and prime relationships in such expressions. I can rewrite the integral using constants related to prime factors, preserving structure while enhancing relationships.",
      "evaluation": "equivalent",
      "extra_verification": null,
      "transformations_used": [
        "use trigonometric identities to rewrite expression",
        "rewrite using alternate algebraic forms",
        "adjust parameters while keeping the integral equivalent"
      ],
      "timestamp": "2025-02-05T06:31:22.149620Z"
    },
    {
      "original": "integrate(sqrt(2*x**2-1), x)",
      "requested_difficulty": "equivalent",
      "variant": "integrate(sqrt(2*((x**2)-1) + 1), x)",
      "reasoning": "Thinking through the geometry lens, I can visualize the expression under the square root as a geometric transformation. I\u2019ll use shifts and scaling to reformat the integrand without changing its essential nature.",
      "evaluation": "easier",
      "extra_verification": null,
      "transformations_used": [
        "use trigonometric identities to rewrite expression",
        "rewrite using alternate algebraic forms",
        "adjust parameters while keeping the integral equivalent"
      ],
      "timestamp": "2025-02-05T06:31:22.497046Z"
    },
    {
      "original": "integrate(sqrt(2*x**2-1), x)",
      "requested_difficulty": "equivalent",
      "variant": "integrate(sqrt((2*x**2 - 1) * 1), x)",
      "reasoning": "I am a number theorist and am fascinated by adjusting terms for factorizations that reveal insights into coefficients. Here, I could renormalize by pulling out a common factor to explore various representations.",
      "evaluation": "equivalent",
      "extra_verification": null,
      "transformations_used": [
        "factor common terms differently",
        "rewrite using different logarithmic properties",
        "apply algebraic identities that preserve complexity"
      ],
      "timestamp": "2025-02-05T06:31:13.639388Z"
    },
    {
      "original": "integrate(sqrt(2*x**2-1), x)",
      "requested_difficulty": "equivalent",
      "variant": "integrate(2*x*sqrt(1 - 1/(2*x**2)), x)",
      "reasoning": "As a student, I see that by utilizing polynomial long division, we could explore the integral in terms of rational functions providing a different view into the structure of the equation.",
      "evaluation": "equivalent",
      "extra_verification": null,
      "transformations_used": [
        "factor common terms differently",
        "rewrite using different logarithmic properties",
        "apply algebraic identities that preserve complexity"
      ],
      "timestamp": "2025-02-05T06:31:13.686701Z"
    }
  ]
]