[
  [
    {
      "original": "integrate(log(x), (x, 0, 1))",
      "requested_difficulty": "easier",
      "variant": "integrate(log(x), x)",
      "reasoning": "As a calculus professor, I see that the log function can be simplified using integration by parts. I can choose \\( u = \\log(x) \\) and \\( dv = dx \\), which helps break it down more elegantly.",
      "evaluation": "easier",
      "extra_verification": null,
      "transformations_used": [
        "convert a product to a simpler sum",
        "eliminate absolute value terms",
        "reduce the degree of a polynomial"
      ],
      "timestamp": "2025-02-05T06:27:39.746489Z"
    },
    {
      "original": "integrate(log(x), (x, 0, 1))",
      "requested_difficulty": "equivalent",
      "variant": "integrate(diff(log(x), x)",
      "reasoning": "Lastly, from a theoretical physics perspective, I can relate this to differential equations by considering the relationship of \\( \\log(x) \\) with derivatives that relate to entropy or natural log properties.",
      "evaluation": "easier",
      "extra_verification": null,
      "transformations_used": [
        "rewrite the integrand in a different form without changing overall complexity",
        "alter constant terms",
        "exchange similar functions (e.g., sin to cos)"
      ],
      "timestamp": "2025-02-05T06:27:41.013444Z"
    }
  ]
]