[
  [
    {
      "original": "integrate(sum(sin(k*pi/2)*x/factorial(k), (k, 0, oo)), x)",
      "requested_difficulty": "easier",
      "variant": "integrate(x * exp(sin(pi/2)) / factorial(0), x)",
      "reasoning": "As a calculus professor, I appreciate an elegant expression. The series in the integrand can be simplified using the known expansion of exponential functions. Let's express the summation compactly.",
      "evaluation": "easier",
      "extra_verification": null,
      "transformations_used": [
        "simplify the denominator",
        "reduce an exponent",
        "replace a complex fraction with a simpler one",
        "drop a subexpression",
        "simplify composite trigonometric functions"
      ],
      "timestamp": "2025-02-05T06:35:31.097431Z"
    },
    {
      "original": "integrate(sum(sin(k*pi/2)*x/factorial(k), (k, 0, oo)), x)",
      "requested_difficulty": "easier",
      "variant": "integrate(x / (1 - (sin(pi/2) * x) / factorial(1)), x)",
      "reasoning": "As a person who loves rational functions, I propose to use a generating function to convert the series into a more compact terms that can be managed better with rational considerations.",
      "evaluation": "easier",
      "extra_verification": null,
      "transformations_used": [
        "simplify the denominator",
        "reduce an exponent",
        "replace a complex fraction with a simpler one",
        "drop a subexpression",
        "simplify composite trigonometric functions"
      ],
      "timestamp": "2025-02-05T06:35:30.916580Z"
    }
  ],
  [
    {
      "original": "integrate(2*log(x)+log(x)**2, x)",
      "requested_difficulty": "easier",
      "variant": "integrate(log(x) * (log(x) + 2), x)",
      "reasoning": "As a calculus professor, I appreciate elegant forms. I will factor out a common term to simplify the integral. This reduces the complexity of the logarithmic term.",
      "evaluation": "equivalent",
      "extra_verification": null,
      "transformations_used": [
        "reduce an exponent",
        "reduce the degree of a polynomial",
        "simplify the denominator"
      ],
      "timestamp": "2025-02-05T06:35:26.579798Z"
    },
    {
      "original": "integrate(2*log(x)+log(x)**2, x)",
      "requested_difficulty": "easier",
      "variant": "integrate(log(x)**2 - log(x), x)",
      "reasoning": "As a student who favors polynomials, I notice that integrating this logarithmic function can be simplified by transforming the logarithmic terms into powers of \\( x \\).",
      "evaluation": "easier",
      "extra_verification": null,
      "transformations_used": [
        "reduce an exponent",
        "reduce the degree of a polynomial",
        "simplify the denominator"
      ],
      "timestamp": "2025-02-05T06:35:26.923821Z"
    },
    {
      "original": "integrate(2*log(x)+log(x)**2, x)",
      "requested_difficulty": "easier",
      "variant": "integrate(2*log(x) + (log(x))**2, x)",
      "reasoning": "Theoretical physicists love to use exponential forms to simplify integrals. I'll express the logarithm in terms of an exponential function, allowing the integral to convert into a more manageable form.",
      "evaluation": "equivalent",
      "extra_verification": null,
      "transformations_used": [
        "reduce an exponent",
        "reduce the degree of a polynomial",
        "simplify the denominator"
      ],
      "timestamp": "2025-02-05T06:35:26.642136Z"
    },
    {
      "original": "integrate(2*log(x)+log(x)**2, x)",
      "requested_difficulty": "easier",
      "variant": "integrate(log(x) + log(x)**2/2, x)",
      "reasoning": "As an engineer, I prefer practical approaches. I will focus on breaking down the expression into simpler integrable parts that can be computed directly.",
      "evaluation": "easier",
      "extra_verification": null,
      "transformations_used": [
        "reduce an exponent",
        "reduce the degree of a polynomial",
        "simplify the denominator"
      ],
      "timestamp": "2025-02-05T06:35:26.629982Z"
    },
    {
      "original": "integrate(2*log(x)+log(x)**2, x)",
      "requested_difficulty": "easier",
      "variant": "integrate(log(x) + 2/3 * (log(x)**2), x)",
      "reasoning": "The number theorist in me loves prime numbers. While logging is not directly related to primes, reducing the logarithm to related rational coefficients offers a familiar structure.",
      "evaluation": "easier",
      "extra_verification": null,
      "transformations_used": [
        "reduce an exponent",
        "reduce the degree of a polynomial",
        "simplify the denominator"
      ],
      "timestamp": "2025-02-05T06:35:26.729171Z"
    },
    {
      "original": "integrate(2*log(x)+log(x)**2, x)",
      "requested_difficulty": "easier",
      "variant": "integrate((log(x))**2 - 2*log(x), x)",
      "reasoning": "The geometry enthusiast in me thinks in transformations. I will transform the integral into a different variable to leverage symmetry and properties of logarithms.",
      "evaluation": "easier",
      "extra_verification": null,
      "transformations_used": [
        "reduce an exponent",
        "reduce the degree of a polynomial",
        "simplify the denominator"
      ],
      "timestamp": "2025-02-05T06:35:26.595942Z"
    },
    {
      "original": "integrate(2*log(x)+log(x)**2, x)",
      "requested_difficulty": "easier",
      "variant": "integrate(log(x), x)",
      "reasoning": "As a calculus professor again, I will split the log terms to make the integral visually simpler, enabling easier integration by parts.",
      "evaluation": "easier",
      "extra_verification": null,
      "transformations_used": [
        "reduce an exponent",
        "reduce the degree of a polynomial",
        "simplify the denominator"
      ],
      "timestamp": "2025-02-05T06:35:26.588008Z"
    },
    {
      "original": "integrate(2*log(x)+log(x)**2, x)",
      "requested_difficulty": "easier",
      "variant": "integrate(log(x) * (2 + log(x)), x)",
      "reasoning": "In line with the theoretical physicist, I want to model growth, hence rewriting the log terms helps visualize exponential growth behaviors in the integral.",
      "evaluation": "equivalent",
      "extra_verification": null,
      "transformations_used": [
        "reduce an exponent",
        "reduce the degree of a polynomial",
        "simplify the denominator"
      ],
      "timestamp": "2025-02-05T06:35:26.581658Z"
    },
    {
      "original": "integrate(2*log(x)+log(x)**2, x)",
      "requested_difficulty": "easier",
      "variant": "integrate(log(x)**2 + log(x)/2, x)",
      "reasoning": "As a student, I often look for opportunities to simplify the calculations. I will substitute part of the logarithm to create a polynomial quotient to simplify integration.",
      "evaluation": "easier",
      "extra_verification": null,
      "transformations_used": [
        "reduce an exponent",
        "reduce the degree of a polynomial",
        "simplify the denominator"
      ],
      "timestamp": "2025-02-05T06:35:27.252764Z"
    },
    {
      "original": "integrate(2*log(x)+log(x)**2, x)",
      "requested_difficulty": "easier",
      "variant": "integrate(2*x + x**2, x)",
      "reasoning": "As a calculus professor, I appreciate the simplification of polynomial expressions over logarithmic complications. Recognizing \\( \\log(x) \\) can be simplified, I propose to consider the behavior of \\( \\log(x) \\) and approach the integration of just a polynomial approximation.",
      "evaluation": "easier",
      "extra_verification": null,
      "transformations_used": [
        "replace a complex fraction with a simpler one",
        "change a function to an easier one",
        "drop a subexpression"
      ],
      "timestamp": "2025-02-05T06:35:29.204645Z"
    },
    {
      "original": "integrate(2*log(x)+log(x)**2, x)",
      "requested_difficulty": "equivalent",
      "variant": "integrate(2*log(x), x)",
      "reasoning": "From the perspective of a creative mathematician, I might explore integral parts independently. I separate the log terms and consider their behaviors before reevaluating them.",
      "evaluation": "easier",
      "extra_verification": null,
      "transformations_used": [
        "rewrite using alternate algebraic forms",
        "rearrange the order of terms",
        "change variables while maintaining complexity"
      ],
      "timestamp": "2025-02-05T06:35:28.540307Z"
    },
    {
      "original": "integrate(2*log(x)+log(x)**2, x)",
      "requested_difficulty": "equivalent",
      "variant": "integrate(2*u + u**2, x)",
      "reasoning": "From the perspective of a creative mathematician, I think about substituting the logarithmic function with a polynomial-like function. I replace \\( \\log(x) \\) with \\( u \\), leading us to express the integral in a new way.",
      "evaluation": "easier",
      "extra_verification": null,
      "transformations_used": [
        "exchange similar functions (e.g., sin to cos)",
        "rewrite the integrand in a different form without changing overall complexity",
        "modify an exponent slightly"
      ],
      "timestamp": "2025-02-05T06:35:27.742343Z"
    },
    {
      "original": "integrate(2*log(x)+log(x)**2, x)",
      "requested_difficulty": "equivalent",
      "variant": "integrate((log(x)**2 + 2*log(x)), x)",
      "reasoning": "As a student keen on working with polynomials, I might rewrite the integrand as a polynomial in \\( \\log(x) \\) which makes it easy to handle using basic polynomial integration techniques.",
      "evaluation": "equivalent",
      "extra_verification": null,
      "transformations_used": [
        "exchange similar functions (e.g., sin to cos)",
        "rewrite the integrand in a different form without changing overall complexity",
        "modify an exponent slightly"
      ],
      "timestamp": "2025-02-05T06:35:27.672218Z"
    },
    {
      "original": "integrate(2*log(x)+log(x)**2, x)",
      "requested_difficulty": "equivalent",
      "variant": "integrate(log(exp(x)) + log(exp(x))**2, x)",
      "reasoning": "From the perspective of a theoretical physicist, I see similarities between logarithmic functions and trigonometric identities. By using a substitution related to exponentials, it could yield interesting results.",
      "evaluation": "equivalent",
      "extra_verification": null,
      "transformations_used": [
        "exchange similar functions (e.g., sin to cos)",
        "rewrite the integrand in a different form without changing overall complexity",
        "modify an exponent slightly"
      ],
      "timestamp": "2025-02-05T06:35:27.830246Z"
    },
    {
      "original": "integrate(2*log(x)+log(x)**2, x)",
      "requested_difficulty": "equivalent",
      "variant": "integrate(2*0.5*log(x) + log(x)**2, x)",
      "reasoning": "As an engineer who favors computational approaches, I reformulate the integral in terms of practical approximations or numerical methods. Here I introduce a scale factor to the logarithmic terms.",
      "evaluation": "easier",
      "extra_verification": null,
      "transformations_used": [
        "exchange similar functions (e.g., sin to cos)",
        "rewrite the integrand in a different form without changing overall complexity",
        "modify an exponent slightly"
      ],
      "timestamp": "2025-02-05T06:35:27.848257Z"
    },
    {
      "original": "integrate(2*log(x)+log(x)**2, x)",
      "requested_difficulty": "equivalent",
      "variant": "integrate(2*log(2x) + log(2x)**2, x)",
      "reasoning": "From the viewpoint of a geometry enthusiast, I can think of log functions as related to shapes and transformations. A subtle change in the argument of the logarithm can lead to interesting geometrical interpretations.",
      "evaluation": "equivalent",
      "extra_verification": null,
      "transformations_used": [
        "exchange similar functions (e.g., sin to cos)",
        "rewrite the integrand in a different form without changing overall complexity",
        "modify an exponent slightly"
      ],
      "timestamp": "2025-02-05T06:35:27.717784Z"
    },
    {
      "original": "integrate(2*log(x)+log(x)**2, x)",
      "requested_difficulty": "equivalent",
      "variant": "integrate(2*(log(x)/log(10)) + (log(x)/log(10))**2, x)",
      "reasoning": "As a calculus professor again inclined towards substitution, I change the logarithmic base, which does not alter the integral but presents it in a different light, specifically base \\( e \\) to base \\( 10 \\).",
      "evaluation": "equivalent",
      "extra_verification": null,
      "transformations_used": [
        "exchange similar functions (e.g., sin to cos)",
        "rewrite the integrand in a different form without changing overall complexity",
        "modify an exponent slightly"
      ],
      "timestamp": "2025-02-05T06:35:27.694273Z"
    }
  ],
  [
    {
      "original": "integrate(sin(x)/sin(x + pi/4), x)",
      "requested_difficulty": "easier",
      "variant": "integrate(sin(x)/(sin(x)*cos(pi/4) + cos(x)*sin(pi/4)), x)",
      "reasoning": "As a calculus professor who loves elegant simplifications, I recognize that the sine functions can be expressed using Euler\u2019s formula. This way, we unpack their exponential representations, which can lead to interesting simplifications.",
      "evaluation": "equivalent",
      "extra_verification": null,
      "transformations_used": [
        "eliminate absolute value terms",
        "simplify composite trigonometric functions",
        "convert a product to a simpler sum"
      ],
      "timestamp": "2025-02-05T06:35:36.750504Z"
    },
    {
      "original": "integrate(sin(x)/sin(x + pi/4), x)",
      "requested_difficulty": "easier",
      "variant": "integrate(sin(x)/(sin(x)*sqrt(2)/2 + cos(x)*sqrt(2)/2), x)",
      "reasoning": "As a creative mathematician, I see that we might convert the sine function using angle addition formulas. This can simplify the expression and make it more tractable.",
      "evaluation": "equivalent",
      "extra_verification": null,
      "transformations_used": [
        "eliminate absolute value terms",
        "simplify composite trigonometric functions",
        "convert a product to a simpler sum"
      ],
      "timestamp": "2025-02-05T06:35:37.152257Z"
    },
    {
      "original": "integrate(sin(x)/sin(x + pi/4), x)",
      "requested_difficulty": "easier",
      "variant": "integrate(2*cos(x)/(sqrt(2) * cos(x - pi/4)), x)",
      "reasoning": "As a geometry enthusiast, I prefer geometric interpretations. By transforming sine functions geometrically, I can provide a new framework that helps in understanding the integral's transformations.",
      "evaluation": "easier",
      "extra_verification": null,
      "transformations_used": [
        "eliminate absolute value terms",
        "simplify composite trigonometric functions",
        "convert a product to a simpler sum"
      ],
      "timestamp": "2025-02-05T06:35:36.822974Z"
    },
    {
      "original": "integrate(sin(x)/sin(x + pi/4), x)",
      "requested_difficulty": "easier",
      "variant": "integrate((e^(ix) - e^(-ix))/((e^(ix) * e^(i*pi/4)) - (e^(-ix) * e^(-i*pi/4))), x)",
      "reasoning": "I will adopt the perspective of looking for computational tools, expressing sine and cosine in terms of their complex exponentials to derive a more straightforward integral.",
      "evaluation": "equivalent",
      "extra_verification": null,
      "transformations_used": [
        "eliminate absolute value terms",
        "simplify composite trigonometric functions",
        "convert a product to a simpler sum"
      ],
      "timestamp": "2025-02-05T06:35:36.810112Z"
    },
    {
      "original": "integrate(sin(x)/sin(x + pi/4), x)",
      "requested_difficulty": "easier",
      "variant": "integrate((e^(i*x) - e^(-i*x)) / (e^(i*(x + pi/4)) - e^(-i*(x + pi/4))), x)",
      "reasoning": "As a theoretical physicist, I appreciate expressing expressions in exponential form. Using Euler's formula enables us to transform the sine functions into complex exponentials, potentially simplifying the integration.",
      "evaluation": "equivalent",
      "extra_verification": null,
      "transformations_used": [
        "simplify a trigonometric component",
        "simplify composite trigonometric functions",
        "change a function to an easier one"
      ],
      "timestamp": "2025-02-05T06:35:29.665174Z"
    },
    {
      "original": "integrate(sin(x)/sin(x + pi/4), x)",
      "requested_difficulty": "easier",
      "variant": "integrate((1 - cos(2*x))/ sin(x + pi/4), x)",
      "reasoning": "As a geometry enthusiast, geometric transformations can simplify the integral. Using the half-angle identities creates a more manageable form, providing a visually intuitive approach to integration.",
      "evaluation": "easier",
      "extra_verification": null,
      "transformations_used": [
        "simplify a trigonometric component",
        "simplify composite trigonometric functions",
        "change a function to an easier one"
      ],
      "timestamp": "2025-02-05T06:35:29.711390Z"
    },
    {
      "original": "integrate(sin(x)/sin(x + pi/4), x)",
      "requested_difficulty": "easier",
      "variant": "integrate(cos(x)/cos(x + pi/4), x)",
      "reasoning": "I take on the persona of a student again, and if we reformat the integral by incorporating a cotangent function transformation using cot(x + pi/4), it can allow some easy manipulation while retaining complexity.",
      "evaluation": "equivalent",
      "extra_verification": null,
      "transformations_used": [
        "simplify a trigonometric component",
        "simplify composite trigonometric functions",
        "change a function to an easier one"
      ],
      "timestamp": "2025-02-05T06:35:29.617628Z"
    },
    {
      "original": "integrate(sin(x)/sin(x + pi/4), x)",
      "requested_difficulty": "equivalent",
      "variant": "integrate(sin(x)*sin(x - pi/4)/(cos(pi/4)), x)",
      "reasoning": "As a student fond of polynomials and rational functions, I can rewrite the integral by multiplying the numerator and the denominator by \\(\\sin(x - \\frac{\\pi}{4})\\) to create a polynomial-like form.",
      "evaluation": "equivalent",
      "extra_verification": null,
      "transformations_used": [
        "use alternate but equivalent radical forms",
        "rewrite the integrand in a different form without changing overall complexity",
        "modify an exponent slightly",
        "rewrite using different logarithmic properties",
        "swap numerator and denominator with reciprocal"
      ],
      "timestamp": "2025-02-05T06:35:30.014701Z"
    },
    {
      "original": "integrate(sin(x)/sin(x + pi/4), x)",
      "requested_difficulty": "equivalent",
      "variant": "integrate(sin(x)/(cos(pi/4)*sin(x + pi/4)/2), x)",
      "reasoning": "Channeling a number theorist's curiosity about rational coefficients, I can introduce a rational multiplier in the denominator for the sake of maintaining complexity yet providing a novel form.",
      "evaluation": "easier",
      "extra_verification": null,
      "transformations_used": [
        "use alternate but equivalent radical forms",
        "rewrite the integrand in a different form without changing overall complexity",
        "modify an exponent slightly",
        "rewrite using different logarithmic properties",
        "swap numerator and denominator with reciprocal"
      ],
      "timestamp": "2025-02-05T06:35:29.888753Z"
    },
    {
      "original": "integrate(sin(x)/sin(x + pi/4), x)",
      "requested_difficulty": "equivalent",
      "variant": "integrate(sin(x) / (sqrt(2)/2 * (sin(x) + cos(x))), x)",
      "reasoning": "As a calculus professor who enjoys elegance, I recognize the periodic nature of sine functions. I can use the identity \\(\\sin(x + \\frac{\\pi}{4}) = \\frac{\\sqrt{2}}{2}(\\sin(x) + \\cos(x))\\) to simplify the integral into a form that is easier to manage.",
      "evaluation": "equivalent",
      "extra_verification": null,
      "transformations_used": [
        "adjust parameters while keeping the integral equivalent",
        "factor common terms differently",
        "rearrange the order of terms"
      ],
      "timestamp": "2025-02-05T06:35:35.714970Z"
    },
    {
      "original": "integrate(sin(x)/sin(x + pi/4), x)",
      "requested_difficulty": "equivalent",
      "variant": "integrate(2*(exp(I*x) - exp(-I*x)) / (exp(I*(x + pi/4)) - exp(-I*(x + pi/4))), x)",
      "reasoning": "As a student who favors polynomials, I can express the integrand using polynomial expansion. Appending a linear term may help find an equivalent expression\u2014using the relationship between sine and exponential functions through Euler's formula gives rise to useful polynomial forms.",
      "evaluation": "equivalent",
      "extra_verification": null,
      "transformations_used": [
        "adjust parameters while keeping the integral equivalent",
        "factor common terms differently",
        "rearrange the order of terms"
      ],
      "timestamp": "2025-02-05T06:35:32.724377Z"
    },
    {
      "original": "integrate(sin(x)/sin(x + pi/4), x)",
      "requested_difficulty": "equivalent",
      "variant": "integrate(exp(I*x)/((exp(I*(x + pi/4)) - exp(-I*(x + pi/4)))), x)",
      "reasoning": "From the perspective of a theoretical physicist, I prefer working with exponential forms, so I will formulate the sine function via complex exponentials, highlighting the relationship with Euler's formula and the complex plane.",
      "evaluation": "equivalent",
      "extra_verification": null,
      "transformations_used": [
        "adjust parameters while keeping the integral equivalent",
        "factor common terms differently",
        "rearrange the order of terms"
      ],
      "timestamp": "2025-02-05T06:35:32.738432Z"
    },
    {
      "original": "integrate(sin(x)/sin(x + pi/4), x)",
      "requested_difficulty": "equivalent",
      "variant": "integrate(1 - cos(2*x) / (sin(x + pi/4)), x)",
      "reasoning": "Embracing a geometry enthusiast\u2019s perspective, I will employ geometric transformations on the integral, interpreting sine values as y-coordinates of points on the unit circle, leading to transformations that reflect symmetry",
      "evaluation": "easier",
      "extra_verification": null,
      "transformations_used": [
        "adjust parameters while keeping the integral equivalent",
        "factor common terms differently",
        "rearrange the order of terms"
      ],
      "timestamp": "2025-02-05T06:35:32.716386Z"
    },
    {
      "original": "integrate(sin(x)/sin(x + pi/4), x)",
      "requested_difficulty": "equivalent",
      "variant": "integrate(sin(x) / (sqrt(2)*sin(x + pi/4)), x)",
      "reasoning": "Channeling my inner calculus professor again, I realize a trigonometric identity can help: \\(\\sin(x + \\frac{\\pi}{4}) = \\sqrt{2} \\sin\\left(x + \\frac{\\pi}{4}\\right)\\), which allows minor adjustments to simplify the integral further.",
      "evaluation": "easier",
      "extra_verification": null,
      "transformations_used": [
        "adjust parameters while keeping the integral equivalent",
        "factor common terms differently",
        "rearrange the order of terms"
      ],
      "timestamp": "2025-02-05T06:35:32.650104Z"
    }
  ],
  [
    {
      "original": "integrate(cos(x + cos(x)), x)",
      "requested_difficulty": "easier",
      "variant": "integrate(cos(x), x)",
      "reasoning": "As a calculus professor, I appreciate transformations that maintain elegance while simplifying the expression. Here, I consider reducing the nested cosine term to just its linear term, simplifying the integral significantly.",
      "evaluation": "easier",
      "extra_verification": null,
      "transformations_used": [
        "reduce the number of terms in the expression",
        "reduce an exponent",
        "replace transcendental functions with simpler algebraic ones",
        "remove a complicated term",
        "lower a coefficient"
      ],
      "timestamp": "2025-02-05T06:35:30.584112Z"
    },
    {
      "original": "integrate(cos(x + cos(x)), x)",
      "requested_difficulty": "easier",
      "variant": "integrate(sin(x), x)",
      "reasoning": "As a creative mathematician, I enjoy unusual substitutions. I can substitute \\( u = x + \\cos(x) \\) moments before the integration, but first, let\u2019s examine a more approachable function that captures some of the sine function properties.",
      "evaluation": "easier",
      "extra_verification": null,
      "transformations_used": [
        "reduce the number of terms in the expression",
        "reduce an exponent",
        "replace transcendental functions with simpler algebraic ones",
        "remove a complicated term",
        "lower a coefficient"
      ],
      "timestamp": "2025-02-05T06:35:31.265332Z"
    },
    {
      "original": "integrate(cos(x + cos(x)), x)",
      "requested_difficulty": "easier",
      "variant": "integrate(1 - x**2/2, x)",
      "reasoning": "As a student working with polynomials, I find it insightful to approximate trigonometric functions. Here, by using a Taylor expansion at zero for \\( \\cos(x) \\), we can reduce the integral to simpler polynomial terms within a reasonable domain.",
      "evaluation": "easier",
      "extra_verification": null,
      "transformations_used": [
        "reduce the number of terms in the expression",
        "reduce an exponent",
        "replace transcendental functions with simpler algebraic ones",
        "remove a complicated term",
        "lower a coefficient"
      ],
      "timestamp": "2025-02-05T06:35:30.732267Z"
    },
    {
      "original": "integrate(cos(x + cos(x)), x)",
      "requested_difficulty": "easier",
      "variant": "integrate(1 - (x**2)/2, x)",
      "reasoning": "As an engineer who favors practical approaches, I recognize that sometimes estimating the area under the curve helps. Applying a first-order approximation for cosine simplifies calculations quite significantly.",
      "evaluation": "easier",
      "extra_verification": null,
      "transformations_used": [
        "reduce the number of terms in the expression",
        "reduce an exponent",
        "replace transcendental functions with simpler algebraic ones",
        "remove a complicated term",
        "lower a coefficient"
      ],
      "timestamp": "2025-02-05T06:35:30.690138Z"
    },
    {
      "original": "integrate(cos(x + cos(x)), x)",
      "requested_difficulty": "easier",
      "variant": "integrate(1/(1 + x**2), x)",
      "reasoning": "As a number theorist fascinated by rational coefficients, I can consider a simple rational approximation of the integral that avoids transcendental functions altogether.",
      "evaluation": "easier",
      "extra_verification": null,
      "transformations_used": [
        "reduce the number of terms in the expression",
        "reduce an exponent",
        "replace transcendental functions with simpler algebraic ones",
        "remove a complicated term",
        "lower a coefficient"
      ],
      "timestamp": "2025-02-05T06:35:30.650861Z"
    },
    {
      "original": "integrate(cos(x + cos(x)), x)",
      "requested_difficulty": "easier",
      "variant": "integrate(1 - (1/2) * x**2, x)",
      "reasoning": "As someone who loves polynomial forms, I perceive that cosine can be approximated as \\( 1 - x^2/2 \\). This keeps the behavior similar to the original integral while making the math more accessible.",
      "evaluation": "easier",
      "extra_verification": null,
      "transformations_used": [
        "reduce the number of terms in the expression",
        "reduce an exponent",
        "replace transcendental functions with simpler algebraic ones",
        "remove a complicated term",
        "lower a coefficient"
      ],
      "timestamp": "2025-02-05T06:35:30.752232Z"
    },
    {
      "original": "integrate(cos(x + cos(x)), x)",
      "requested_difficulty": "easier",
      "variant": "integrate(1 - (x/2), x)",
      "reasoning": "As a number theorist, exploring rational functions is captivating. I'll investigate a piecewise linear approximation near zero that encompasses characteristics of \\( \\cos(x) \\) without being too intricate.",
      "evaluation": "easier",
      "extra_verification": null,
      "transformations_used": [
        "reduce the number of terms in the expression",
        "reduce an exponent",
        "replace transcendental functions with simpler algebraic ones",
        "remove a complicated term",
        "lower a coefficient"
      ],
      "timestamp": "2025-02-05T06:35:31.111023Z"
    },
    {
      "original": "integrate(cos(x + cos(x)), x)",
      "requested_difficulty": "easier",
      "variant": "integrate(1 - (x**2)/2 + (x**4)/24, x)",
      "reasoning": "From the perspective of a student favoring polynomials, I can study the nature of \\(\\cos\\) function expansions. Using a Taylor series approximation may lead to a polynomial approach.",
      "evaluation": "easier",
      "extra_verification": null,
      "transformations_used": [
        "remove logarithmic terms",
        "reduce an exponent",
        "simplify a trigonometric component"
      ],
      "timestamp": "2025-02-05T06:35:29.886264Z"
    },
    {
      "original": "integrate(cos(x + cos(x)), x)",
      "requested_difficulty": "easier",
      "variant": "integrate(1 - (1/2 * x**2) + (1/24) * x**4, x)",
      "reasoning": "As a number theorist, I love rational coefficients. I will simplify the cosine function to a rational form, making it easier to analyze over the real numbers.",
      "evaluation": "easier",
      "extra_verification": null,
      "transformations_used": [
        "remove logarithmic terms",
        "reduce an exponent",
        "simplify a trigonometric component"
      ],
      "timestamp": "2025-02-05T06:35:29.717958Z"
    },
    {
      "original": "integrate(cos(x + cos(x)), x)",
      "requested_difficulty": "equivalent",
      "variant": "integrate((e**(I * (x + cos(x))) + e**(-I * (x + cos(x)))) / 2, x)",
      "reasoning": "As a creative mathematician, I want to explore the substitution of the cosine function with its exponential form. This leads to interesting transformations.",
      "evaluation": "equivalent",
      "extra_verification": null,
      "transformations_used": [
        "rearrange the order of terms",
        "substitute equivalent exponential forms",
        "rewrite the integrand in a different form without changing overall complexity"
      ],
      "timestamp": "2025-02-05T06:35:32.924238Z"
    },
    {
      "original": "integrate(cos(x + cos(x)), x)",
      "requested_difficulty": "equivalent",
      "variant": "integrate((e**(i*(x + cos(x))) + e**(-i*(x + cos(x)))) / 2, x)",
      "reasoning": "As a theoretical physicist favoring exponential forms, I recognize that cosine can be expressed via Euler\u2019s formula. This transformation allows capturing oscillatory behavior in an alternative format.",
      "evaluation": "equivalent",
      "extra_verification": null,
      "transformations_used": [
        "factor common terms differently",
        "rewrite using different logarithmic properties",
        "apply algebraic identities that preserve complexity",
        "distribute terms differently",
        "adjust parameters while keeping the integral equivalent"
      ],
      "timestamp": "2025-02-05T06:35:40.728604Z"
    }
  ],
  []
]