[
  [
    {
      "original": "integrate(x/(1+x**2), x)",
      "requested_difficulty": "easier",
      "variant": "integrate(x/(1 + x**2), x)",
      "reasoning": "As a student who enjoys working with polynomials, I can look at the integral and see that multiplying the numerator might help. Instead of balancing with rational functions, I can just think of it as \\(x \\cdot \\frac{1}{1+x^2}\\), and then integrate by recognizing it as the derivative of a known logarithmic function.",
      "evaluation": "equivalent",
      "extra_verification": null,
      "transformations_used": [
        "simplify a trigonometric component",
        "eliminate a radical",
        "remove logarithmic terms"
      ],
      "timestamp": "2025-02-05T06:28:04.255541Z"
    },
    {
      "original": "integrate(x/(1+x**2), x)",
      "requested_difficulty": "easier",
      "variant": "integrate(1/(1 + x**2), x)",
      "reasoning": "As a calculus professor simplifying through derivative knowledge, I know that \\( u = 1 + x^2 \\) creates easy processing of the integral, since I can directly relate it to \\(\\frac{1}{2}\\ln|1 + x^2|\\).",
      "evaluation": "easier",
      "extra_verification": null,
      "transformations_used": [
        "simplify a trigonometric component",
        "eliminate a radical",
        "remove logarithmic terms"
      ],
      "timestamp": "2025-02-05T06:28:04.137575Z"
    },
    {
      "original": "integrate(x/(1+x**2), x)",
      "requested_difficulty": "easier",
      "variant": "integrate(x/(1+x**2), x)",
      "reasoning": "As an engineer used to practical, computational approaches, I would suggest approximating \\( \\frac{x}{1+x^2} \\) to its Taylor series for small \\( x \\), which provides simpler polynomial-like terms for easier integration.",
      "evaluation": "equivalent",
      "extra_verification": null,
      "transformations_used": [
        "drop a subexpression",
        "replace a complex fraction with a simpler one",
        "reduce the number of terms in the expression"
      ],
      "timestamp": "2025-02-05T06:28:00.503427Z"
    },
    {
      "original": "integrate(x/(1+x**2), x)",
      "requested_difficulty": "easier",
      "variant": "integrate(x/(2 + 2*x**2), x)",
      "reasoning": "As a number theorist intrigued by prime numbers, I look for integers within rational expressions. The function can also be evaluated at specific integer points leading to simpler evaluations.",
      "evaluation": "easier",
      "extra_verification": null,
      "transformations_used": [
        "drop a subexpression",
        "replace a complex fraction with a simpler one",
        "reduce the number of terms in the expression"
      ],
      "timestamp": "2025-02-05T06:28:00.617532Z"
    },
    {
      "original": "integrate(x/(1+x**2), x)",
      "requested_difficulty": "easier",
      "variant": "integrate(sinh(x)/(cosh(x)**2), x)",
      "reasoning": "The theoretical physicist within me seeks a dynamic view; I propose considering representations in exponential forms, such as hyperbolic functions, leading to integrands more suited for integration.",
      "evaluation": "easier",
      "extra_verification": null,
      "transformations_used": [
        "drop a subexpression",
        "replace a complex fraction with a simpler one",
        "reduce the number of terms in the expression"
      ],
      "timestamp": "2025-02-05T06:28:00.409734Z"
    },
    {
      "original": "integrate(x/(1+x**2), x)",
      "requested_difficulty": "easier",
      "variant": "integrate(1/2 * d(1 + x**2), x)",
      "reasoning": "As a creative mathematician, I can reduce complexity by focusing directly on recognizing an antiderivative. The integral of \\( x \\) with respect to \\( (1+x^2) \\) suggests the substitution approach is effective without convoluted transformations.",
      "evaluation": "easier",
      "extra_verification": null,
      "transformations_used": [
        "replace a complex fraction with a simpler one",
        "remove a factor",
        "simplify composite trigonometric functions"
      ],
      "timestamp": "2025-02-05T06:28:01.041709Z"
    },
    {
      "original": "integrate(x/(1+x**2), x)",
      "requested_difficulty": "easier",
      "variant": "integrate(1/2 * d(log(1 + x**2)), x)",
      "reasoning": "As a theoretical physicist, I find connections between different representations useful. Here, I can think about the hyperbolic sine function and its relation to exponential growth, creating a more manageable form.",
      "evaluation": "easier",
      "extra_verification": null,
      "transformations_used": [
        "replace a complex fraction with a simpler one",
        "remove a factor",
        "simplify composite trigonometric functions"
      ],
      "timestamp": "2025-02-05T06:28:00.828423Z"
    },
    {
      "original": "integrate(x/(1+x**2), x)",
      "requested_difficulty": "easier",
      "variant": "integrate(x/(x**2 + 1), x)",
      "reasoning": "As a number theorist, I enjoy working with integers. I seek to simplify by expressing \\( x \\) in terms of its roots, which can make the integral easier to evaluate.",
      "evaluation": "equivalent",
      "extra_verification": null,
      "transformations_used": [
        "replace a complex fraction with a simpler one",
        "remove a factor",
        "simplify composite trigonometric functions"
      ],
      "timestamp": "2025-02-05T06:28:00.888786Z"
    },
    {
      "original": "integrate(x/(1+x**2), x)",
      "requested_difficulty": "easier",
      "variant": "integrate(1/(1+x**2), x)",
      "reasoning": "As a calculus professor, I realize the significance of recognizing derivatives and can present this integral with an emphasis on its roots, relating it back to simple logarithmic integration.",
      "evaluation": "easier",
      "extra_verification": null,
      "transformations_used": [
        "replace a complex fraction with a simpler one",
        "remove a factor",
        "simplify composite trigonometric functions"
      ],
      "timestamp": "2025-02-05T06:28:01.014345Z"
    },
    {
      "original": "integrate(x/(1+x**2), x)",
      "requested_difficulty": "easier",
      "variant": "integrate(A/(1)+B/(1+x**2), x)",
      "reasoning": "As a calculus professor, recognizing that the problem can reduce to partial fractions may be an insightful approach. By breaking down the integrand, it can lead to simpler integrals that are easier to solve.",
      "evaluation": "easier",
      "extra_verification": null,
      "transformations_used": [
        "eliminate absolute value terms",
        "remove logarithmic terms",
        "reduce an exponent",
        "eliminate a radical",
        "reduce the degree of a polynomial"
      ],
      "timestamp": "2025-02-05T06:28:02.020409Z"
    },
    {
      "original": "integrate(x/(1+x**2), x)",
      "requested_difficulty": "equivalent",
      "variant": "integrate((1/2)*(1/(1+x^2)) + (1/2)*(1/(1+x^2)), x)",
      "reasoning": "Combining algebraic manipulation from my earlier educational experiences, if I simplify further by decomposing the integrand into simpler components, it can ease integration. So, I express it in partial fraction form where needed.",
      "evaluation": "equivalent",
      "extra_verification": null,
      "transformations_used": [
        "rewrite using alternate algebraic forms",
        "alter constant terms",
        "use alternate but equivalent radical forms"
      ],
      "timestamp": "2025-02-05T06:28:00.326708Z"
    },
    {
      "original": "integrate(x/(1+x**2), x)",
      "requested_difficulty": "equivalent",
      "variant": "integrate(1/(sqrt(1+x**2)), x)",
      "reasoning": "As an engineer focusing on practical approaches, I might numerically approximate the integral using integration techniques or series in computational software. However, I will express it as the function form.",
      "evaluation": "easier",
      "extra_verification": null,
      "transformations_used": [
        "exchange similar functions (e.g., sin to cos)",
        "apply algebraic identities that preserve complexity",
        "rewrite the integrand in a different form without changing overall complexity",
        "substitute equivalent exponential forms",
        "factor common terms differently"
      ],
      "timestamp": "2025-02-05T06:28:00.516336Z"
    },
    {
      "original": "integrate(x/(1+x**2), x)",
      "requested_difficulty": "equivalent",
      "variant": "integrate((x**2 + x)/(1 + x**2), x)",
      "reasoning": "As a calculus professor valuing elegant transformations, I note that I can exploit symmetry and rewrite it with a change of variable emphasizing the \\( x^2 \\) term.",
      "evaluation": "easier",
      "extra_verification": null,
      "transformations_used": [
        "exchange similar functions (e.g., sin to cos)",
        "apply algebraic identities that preserve complexity",
        "rewrite the integrand in a different form without changing overall complexity",
        "substitute equivalent exponential forms",
        "factor common terms differently"
      ],
      "timestamp": "2025-02-05T06:28:00.609360Z"
    },
    {
      "original": "integrate(x/(1+x**2), x)",
      "requested_difficulty": "equivalent",
      "variant": "integrate(1/(2*(1+x**2)), x)",
      "reasoning": "As a student preferring polynomials, I aim to express the integrand in a polynomial form. Knowing that \\( \\frac{x}{1+x^2} = \\frac{1}{2} \\frac{d}{dx}(\\ln(1+x^2))\\), allows for a more straightforward polynomial manipulation.",
      "evaluation": "easier",
      "extra_verification": null,
      "transformations_used": [
        "alter constant terms",
        "distribute terms differently",
        "swap numerator and denominator with reciprocal"
      ],
      "timestamp": "2025-02-05T06:28:04.001581Z"
    },
    {
      "original": "integrate(x/(1+x**2), x)",
      "requested_difficulty": "equivalent",
      "variant": "integrate(1/(2)*(d(log(1 + x**2), x)",
      "reasoning": "As an engineer, I favor simplification through differentiation. Examining \\(\\frac{d}{dx}(\\ln(1 + x^2))\\), I note the connection and formulate my integral from the perspective of its rate of change.",
      "evaluation": "easier",
      "extra_verification": null,
      "transformations_used": [
        "alter constant terms",
        "distribute terms differently",
        "swap numerator and denominator with reciprocal"
      ],
      "timestamp": "2025-02-05T06:28:03.907613Z"
    },
    {
      "original": "integrate(x/(1+x**2), x)",
      "requested_difficulty": "equivalent",
      "variant": "integrate(1/(1/x + x), x)",
      "reasoning": "As a creative mathematician, I can also reverse the roles of the numerator and denominator by reciprocating the terms and applying a negation that could lead to a straightforward integration path.",
      "evaluation": "equivalent",
      "extra_verification": null,
      "transformations_used": [
        "alter constant terms",
        "distribute terms differently",
        "swap numerator and denominator with reciprocal"
      ],
      "timestamp": "2025-02-05T06:28:03.936817Z"
    },
    {
      "original": "integrate(x/(1+x**2), x)",
      "requested_difficulty": "equivalent",
      "variant": "integrate(1/(x**(-1)+x), x)",
      "reasoning": "Inspired by my role as a creative mathematician, I choose to explore the inverse operations involved in the integral. Through the transformation and then integration, the expression can be simplified fascinatingly.",
      "evaluation": "equivalent",
      "extra_verification": null,
      "transformations_used": [
        "substitute equivalent exponential forms",
        "apply algebraic identities that preserve complexity",
        "use trigonometric identities to rewrite expression",
        "rearrange the order of terms",
        "rewrite using alternate algebraic forms"
      ],
      "timestamp": "2025-02-05T06:27:58.305837Z"
    }
  ]
]