[
  [
    {
      "original": "integrate((x**5 - x**3 + x**2 - 1)/(x**4 - x**3 + x - 1), x)",
      "requested_difficulty": "easier",
      "variant": "integrate((x**5 - x**3 + x**2 - 1)/(x**4 - x**3 + x - 1), x)",
      "reasoning": "As a calculus professor, I notice that the denominator can be factored or made simpler through partial fraction decomposition, revealing a clearer structure to integrate.",
      "evaluation": "equivalent",
      "extra_verification": null,
      "transformations_used": [
        "simplify the denominator",
        "change a function to an easier one",
        "eliminate a radical",
        "remove a factor",
        "eliminate absolute value terms"
      ],
      "timestamp": "2025-02-05T06:43:27.274398Z"
    },
    {
      "original": "integrate((x**5 - x**3 + x**2 - 1)/(x**4 - x**3 + x - 1), x)",
      "requested_difficulty": "easier",
      "variant": "integrate(x + (1 - 2/(x**2 - 1)), x)",
      "reasoning": "As a student favoring polynomials, I will rewrite the integrand into a simpler rational function by performing polynomial long division, which provides a straightforward form to integrate.",
      "evaluation": "easier",
      "extra_verification": null,
      "transformations_used": [
        "simplify the denominator",
        "change a function to an easier one",
        "eliminate a radical",
        "remove a factor",
        "eliminate absolute value terms"
      ],
      "timestamp": "2025-02-05T06:43:27.204290Z"
    },
    {
      "original": "integrate((x**5 - x**3 + x**2 - 1)/(x**4 - x**3 + x - 1), x)",
      "requested_difficulty": "easier",
      "variant": "integrate(x**2 * (x**3 - 1)/(x**4 - x**3 + x - 1), x)",
      "reasoning": "As a number theorist, I'll transform the numerator into a sum of simpler terms to evaluate more accessible forms of integration based on rational coefficients, revealing symmetries.",
      "evaluation": "easier",
      "extra_verification": null,
      "transformations_used": [
        "simplify the denominator",
        "change a function to an easier one",
        "eliminate a radical",
        "remove a factor",
        "eliminate absolute value terms"
      ],
      "timestamp": "2025-02-05T06:43:27.201779Z"
    },
    {
      "original": "integrate((x**5 - x**3 + x**2 - 1)/(x**4 - x**3 + x - 1), x)",
      "requested_difficulty": "easier",
      "variant": "integrate((x**2 + 1)/(x**2 + 1), x)",
      "reasoning": "A geometric enthusiast, I perceive this function as a combination of curves and will consider a geometric transformation that can simplify the boundaries of integration.",
      "evaluation": "easier",
      "extra_verification": null,
      "transformations_used": [
        "simplify the denominator",
        "change a function to an easier one",
        "eliminate a radical",
        "remove a factor",
        "eliminate absolute value terms"
      ],
      "timestamp": "2025-02-05T06:43:27.270883Z"
    },
    {
      "original": "integrate((x**5 - x**3 + x**2 - 1)/(x**4 - x**3 + x - 1), x)",
      "requested_difficulty": "easier",
      "variant": "integrate((1 - x)/(x**4 - x**3), x)",
      "reasoning": "As a number theorist, I\u2019ll change the integrand to focus on the asymptotic behavior of polynomials. I simplify by considering limits and growth rates as important characteristics before integrating.",
      "evaluation": "easier",
      "extra_verification": null,
      "transformations_used": [
        "simplify the denominator",
        "change a function to an easier one",
        "eliminate a radical",
        "remove a factor",
        "eliminate absolute value terms"
      ],
      "timestamp": "2025-02-05T06:43:27.199280Z"
    },
    {
      "original": "integrate((x**5 - x**3 + x**2 - 1)/(x**4 - x**3 + x - 1), x)",
      "requested_difficulty": "easier",
      "variant": "integrate((x**5 - x**3)/(x**4 - x**3 + x - 1), x)",
      "reasoning": "As a calculus professor, I appreciate elegance. Hence, I notice that in the original integrand, \\( x^5 - x^3 + x^2 - 1 \\) has a common factor with the denominator. By factoring \\( x^4 - x^3 + x - 1 \\), we simplify some complexity.",
      "evaluation": "easier",
      "extra_verification": null,
      "transformations_used": [
        "drop a subexpression",
        "simplify composite trigonometric functions",
        "lower a coefficient",
        "simplify a trigonometric component",
        "eliminate absolute value terms"
      ],
      "timestamp": "2025-02-05T06:43:22.387772Z"
    },
    {
      "original": "integrate((x**5 - x**3 + x**2 - 1)/(x**4 - x**3 + x - 1), x)",
      "requested_difficulty": "easier",
      "variant": "integrate((x**2 - 1)/(x - 1), x)",
      "reasoning": "As a student focused on polynomials, I see a chance to simplify the integrand by reducing the powers where possible. Let's simplify the function assuming \\( x^3 \\) is the dominant term.",
      "evaluation": "easier",
      "extra_verification": null,
      "transformations_used": [
        "drop a subexpression",
        "simplify composite trigonometric functions",
        "lower a coefficient",
        "simplify a trigonometric component",
        "eliminate absolute value terms"
      ],
      "timestamp": "2025-02-05T06:43:22.266922Z"
    },
    {
      "original": "integrate((x**5 - x**3 + x**2 - 1)/(x**4 - x**3 + x - 1), x)",
      "requested_difficulty": "easier",
      "variant": "integrate((x**5 - x**3 + x**2)/(x**4 - x**3 + x), x)",
      "reasoning": "As an engineer, I appreciate practical approaches. Let\u2019s drop the constant term from the integrand. This may simplify calculations in integral form, focusing only on the variable components.",
      "evaluation": "easier",
      "extra_verification": null,
      "transformations_used": [
        "drop a subexpression",
        "simplify composite trigonometric functions",
        "lower a coefficient",
        "simplify a trigonometric component",
        "eliminate absolute value terms"
      ],
      "timestamp": "2025-02-05T06:43:22.296948Z"
    },
    {
      "original": "integrate((x**5 - x**3 + x**2 - 1)/(x**4 - x**3 + x - 1), x)",
      "requested_difficulty": "easier",
      "variant": "integrate(((x**5 + x**2) - (x**3 + 1))/(x**4 - x**3 + x - 1), x)",
      "reasoning": "As a creative mathematician, I can consider combining terms in the numerator to observe what simplifications might arise. Grouping terms offers new perspectives on integration strategies.",
      "evaluation": "easier",
      "extra_verification": null,
      "transformations_used": [
        "drop a subexpression",
        "simplify composite trigonometric functions",
        "lower a coefficient",
        "simplify a trigonometric component",
        "eliminate absolute value terms"
      ],
      "timestamp": "2025-02-05T06:43:22.256290Z"
    },
    {
      "original": "integrate((x**5 - x**3 + x**2 - 1)/(x**4 - x**3 + x - 1), x)",
      "requested_difficulty": "easier",
      "variant": "integrate(((x**5 - x**3 + x**2)/(x**4 - x**3 + x - 1)).evalf(), x)",
      "reasoning": "As an engineer, I prefer numerical methods. Thus, I\u2019ll construct a numerical approximation integral which provides insight without tackling the entire rational exponential structure analytically.",
      "evaluation": "easier",
      "extra_verification": null,
      "transformations_used": [
        "drop a subexpression",
        "simplify composite trigonometric functions",
        "lower a coefficient",
        "simplify a trigonometric component",
        "eliminate absolute value terms"
      ],
      "timestamp": "2025-02-05T06:43:22.527009Z"
    },
    {
      "original": "integrate((x**5 - x**3 + x**2 - 1)/(x**4 - x**3 + x - 1), x)",
      "requested_difficulty": "equivalent",
      "variant": "integrate((x**3*(x**2 - 1) + (x**2 - 1))/(x**4 - x**3 + x - 1), x)",
      "reasoning": "As a calculus professor, I find that factoring allows for elegant simplifications. We can attempt to factor the polynomial in the numerator and the denominator to see if any cancellations occur.",
      "evaluation": "easier",
      "extra_verification": null,
      "transformations_used": [
        "use trigonometric identities to rewrite expression",
        "alter constant terms",
        "change variables while maintaining complexity",
        "rewrite the integrand in a different form without changing overall complexity",
        "rewrite using alternate algebraic forms"
      ],
      "timestamp": "2025-02-05T06:43:25.558653Z"
    },
    {
      "original": "integrate((x**5 - x**3 + x**2 - 1)/(x**4 - x**3 + x - 1), x)",
      "requested_difficulty": "equivalent",
      "variant": "integrate((x**5/x**4 - x**3/x**4 + x**2/x**4 - 1/x**4)/(1 - x**(-1) + x**(-3) - x**(-4)), x)",
      "reasoning": "As a student who loves polynomials, I see that we can break the integrand into a combination of simpler polynomials plus a rational function. This highlights the polynomial nature.",
      "evaluation": "equivalent",
      "extra_verification": null,
      "transformations_used": [
        "use trigonometric identities to rewrite expression",
        "alter constant terms",
        "change variables while maintaining complexity",
        "rewrite the integrand in a different form without changing overall complexity",
        "rewrite using alternate algebraic forms"
      ],
      "timestamp": "2025-02-05T06:43:26.421175Z"
    },
    {
      "original": "integrate((x**5 - x**3 + x**2 - 1)/(x**4 - x**3 + x - 1), x)",
      "requested_difficulty": "equivalent",
      "variant": "integrate(((x*(x - 1)*(x + 1)) - (x*(x+1)) + (x**2 - 1))/(x*(x - 1)*(x + 1) - (1 - x)), x)",
      "reasoning": "From a number theorist's perspective, I will consider the polynomials defined over integers. By replacing x with a countable integer sequence, the integral still holds structural properties.",
      "evaluation": "easier",
      "extra_verification": null,
      "transformations_used": [
        "use trigonometric identities to rewrite expression",
        "alter constant terms",
        "change variables while maintaining complexity",
        "rewrite the integrand in a different form without changing overall complexity",
        "rewrite using alternate algebraic forms"
      ],
      "timestamp": "2025-02-05T06:43:25.387846Z"
    },
    {
      "original": "integrate((x**5 - x**3 + x**2 - 1)/(x**4 - x**3 + x - 1), x)",
      "requested_difficulty": "equivalent",
      "variant": "integrate(((x**2 - 1)*(x**3 + 1))/(x**4 - x**3 + x - 1), x)",
      "reasoning": "As a geometry enthusiast, I see this integral as a blend of functions that describe transformations. I'll introduce geometric transformations that don't alter the form but change the function representation.",
      "evaluation": "easier",
      "extra_verification": null,
      "transformations_used": [
        "use trigonometric identities to rewrite expression",
        "alter constant terms",
        "change variables while maintaining complexity",
        "rewrite the integrand in a different form without changing overall complexity",
        "rewrite using alternate algebraic forms"
      ],
      "timestamp": "2025-02-05T06:43:25.616132Z"
    },
    {
      "original": "integrate((x**5 - x**3 + x**2 - 1)/(x**4 - x**3 + x - 1), x)",
      "requested_difficulty": "equivalent",
      "variant": "integrate((x**5 - x**3 + x**2 - 1)/(x**2*(x**2 - x + 1)), x)",
      "reasoning": "As a calculus professor, I like to simplify the expression first before integrating. I noticed that we can factor the denominator differently to make it more manageable.",
      "evaluation": "easier",
      "extra_verification": null,
      "transformations_used": [
        "factor common terms differently",
        "substitute equivalent exponential forms",
        "alter constant terms",
        "rewrite the integrand in a different form without changing overall complexity",
        "change variables while maintaining complexity"
      ],
      "timestamp": "2025-02-05T06:43:28.019795Z"
    },
    {
      "original": "integrate((x**5 - x**3 + x**2 - 1)/(x**4 - x**3 + x - 1), x)",
      "requested_difficulty": "equivalent",
      "variant": "integrate(((x**3)*(x**2 - 1) + x**2 - 1)/(x**4 - x**3 + x - 1), x)",
      "reasoning": "As a student who works with polynomials, I like rewriting the numerator and denominator in terms of a single variable that showcases their roots more evidently. This will help analyze the limits and behavior around roots particularly.",
      "evaluation": "easier",
      "extra_verification": null,
      "transformations_used": [
        "factor common terms differently",
        "substitute equivalent exponential forms",
        "alter constant terms",
        "rewrite the integrand in a different form without changing overall complexity",
        "change variables while maintaining complexity"
      ],
      "timestamp": "2025-02-05T06:43:28.199353Z"
    },
    {
      "original": "integrate((x**5 - x**3 + x**2 - 1)/(x**4 - x**3 + x - 1), x)",
      "requested_difficulty": "equivalent",
      "variant": "integrate((1 + (x**5 - x**3 + x**2 - x**4)/(x**4 - x**3 + x - 1)), x)",
      "reasoning": "As an engineer focusing on practical solutions, I will use polynomial long division to break down the rational function into simpler components, which often gives insights into the behavior of the function.",
      "evaluation": "easier",
      "extra_verification": null,
      "transformations_used": [
        "factor common terms differently",
        "substitute equivalent exponential forms",
        "alter constant terms",
        "rewrite the integrand in a different form without changing overall complexity",
        "change variables while maintaining complexity"
      ],
      "timestamp": "2025-02-05T06:43:28.077398Z"
    },
    {
      "original": "integrate((x**5 - x**3 + x**2 - 1)/(x**4 - x**3 + x - 1), x)",
      "requested_difficulty": "equivalent",
      "variant": "integrate((x**5 - x**3 + x**2 + 2 - 3)/(x**4 - x**3 + x - 1), x)",
      "reasoning": "In the realm of number theory, I am fascinated by prime-associated changes. I will add and subtract a prime constant in the polynomial which can modify behavior while still keeping the structure of the integral unchanged.",
      "evaluation": "equivalent",
      "extra_verification": null,
      "transformations_used": [
        "factor common terms differently",
        "substitute equivalent exponential forms",
        "alter constant terms",
        "rewrite the integrand in a different form without changing overall complexity",
        "change variables while maintaining complexity"
      ],
      "timestamp": "2025-02-05T06:43:28.066862Z"
    },
    {
      "original": "integrate((x**5 - x**3 + x**2 - 1)/(x**4 - x**3 + x - 1), x)",
      "requested_difficulty": "equivalent",
      "variant": "integrate(((x**2 - 1) * (x**3 + 1)/(x**4 - x**3 + x - 1)), x)",
      "reasoning": "Viewing this integral geometrically, I find it interesting to express \\( x \\) in terms of a transformation that encloses the polynomial in functional forms, focusing on transformations of simpler shapes.",
      "evaluation": "easier",
      "extra_verification": null,
      "transformations_used": [
        "factor common terms differently",
        "substitute equivalent exponential forms",
        "alter constant terms",
        "rewrite the integrand in a different form without changing overall complexity",
        "change variables while maintaining complexity"
      ],
      "timestamp": "2025-02-05T06:43:27.986053Z"
    },
    {
      "original": "integrate((x**5 - x**3 + x**2 - 1)/(x**4 - x**3 + x - 1), x)",
      "requested_difficulty": "equivalent",
      "variant": "integrate(((x + 1)*(x**4 - x**3 - 1))/(x**4 - x**3 + x - 1), x)",
      "reasoning": "The engineer's perspective sees opportunities for practical computation methods. I'll consider numerical approximation by representing the integral in a discretized form that could be implemented into computational software easily.",
      "evaluation": "easier",
      "extra_verification": null,
      "transformations_used": [
        "factor common terms differently",
        "substitute equivalent exponential forms",
        "alter constant terms",
        "rewrite the integrand in a different form without changing overall complexity",
        "change variables while maintaining complexity"
      ],
      "timestamp": "2025-02-05T06:43:28.207878Z"
    }
  ],
  [],
  [
    {
      "original": "integrate(2*log(x) + log(x)**2, x)",
      "requested_difficulty": "easier",
      "variant": "integrate(log(x)*(2 + log(x)), x)",
      "reasoning": "As a calculus professor who loves elegant simplifications, we can simplify the expression by factoring out the logarithm: \\( \\log(x)(2 + \\log(x)) \\). This allows for a more structured integral.",
      "evaluation": "equivalent",
      "extra_verification": null,
      "transformations_used": [
        "drop a subexpression",
        "simplify the denominator",
        "replace transcendental functions with simpler algebraic ones",
        "eliminate absolute value terms",
        "replace a complex fraction with a simpler one"
      ],
      "timestamp": "2025-02-05T06:43:22.792302Z"
    },
    {
      "original": "integrate(2*log(x) + log(x)**2, x)",
      "requested_difficulty": "easier",
      "variant": "integrate(2*log(x) + (log(x)**2).expand(), x)",
      "reasoning": "As a student preferring polynomials, I aim to express the logarithmic functions in terms of a polynomial approximation, simplifying my work. The approximation around small \\( x \\) can help.",
      "evaluation": "equivalent",
      "extra_verification": null,
      "transformations_used": [
        "drop a subexpression",
        "simplify the denominator",
        "replace transcendental functions with simpler algebraic ones",
        "eliminate absolute value terms",
        "replace a complex fraction with a simpler one"
      ],
      "timestamp": "2025-02-05T06:43:22.688227Z"
    },
    {
      "original": "integrate(2*log(x) + log(x)**2, x)",
      "requested_difficulty": "easier",
      "variant": "integrate((2*(x - 1) - (x - 1)**2/2 + (x - 1)**3/3), x)",
      "reasoning": "As a theoretical physicist, I see an opportunity to express the logarithmic functions using their Taylor series for easier integration around \\( x = 1 \\) (where \\( \\log(x) = 0 \\)).",
      "evaluation": "easier",
      "extra_verification": null,
      "transformations_used": [
        "drop a subexpression",
        "simplify the denominator",
        "replace transcendental functions with simpler algebraic ones",
        "eliminate absolute value terms",
        "replace a complex fraction with a simpler one"
      ],
      "timestamp": "2025-02-05T06:43:22.751939Z"
    },
    {
      "original": "integrate(2*log(x) + log(x)**2, x)",
      "requested_difficulty": "easier",
      "variant": "integrate(2 * (x - 1) + ((x - 1)**2 / 2), x)",
      "reasoning": "From an engineering perspective, I find it beneficial to replace the logarithm with its simpler counterpart around a specific value, often leading to manageable computations. Approximating \\( \\log(x) \\) using linear forms increases tractability.",
      "evaluation": "easier",
      "extra_verification": null,
      "transformations_used": [
        "drop a subexpression",
        "simplify the denominator",
        "replace transcendental functions with simpler algebraic ones",
        "eliminate absolute value terms",
        "replace a complex fraction with a simpler one"
      ],
      "timestamp": "2025-02-05T06:43:22.742011Z"
    },
    {
      "original": "integrate(2*log(x) + log(x)**2, x)",
      "requested_difficulty": "easier",
      "variant": "integrate(2*log(x/2) + log(x/2)**2, x)",
      "reasoning": "As a creative mathematician, I enjoy reducing the logarithmic complexity with a substitution that allows easier analysis of the term while still capturing essential behaviors of the original integral.",
      "evaluation": "equivalent",
      "extra_verification": null,
      "transformations_used": [
        "drop a subexpression",
        "simplify the denominator",
        "replace transcendental functions with simpler algebraic ones",
        "eliminate absolute value terms",
        "replace a complex fraction with a simpler one"
      ],
      "timestamp": "2025-02-05T06:43:22.823431Z"
    },
    {
      "original": "integrate(2*log(x) + log(x)**2, x)",
      "requested_difficulty": "easier",
      "variant": "integrate(2*log(e*x) + log(e*x)**2, x)",
      "reasoning": "As an enthusiast for geometric transformations, expressing logarithmic terms in relation to base modifications (like changing to natural log) could clarify integrations and relate different logarithmic attributes.",
      "evaluation": "equivalent",
      "extra_verification": null,
      "transformations_used": [
        "drop a subexpression",
        "simplify the denominator",
        "replace transcendental functions with simpler algebraic ones",
        "eliminate absolute value terms",
        "replace a complex fraction with a simpler one"
      ],
      "timestamp": "2025-02-05T06:43:22.718406Z"
    },
    {
      "original": "integrate(2*log(x) + log(x)**2, x)",
      "requested_difficulty": "easier",
      "variant": "integrate(2*log(x), x)",
      "reasoning": "As a calculus professor who appreciates elegant simplifications, we can consider just a part of the original expression \u2014 the linear term. This reduces the complexity significantly while keeping a logarithmic component.",
      "evaluation": "easier",
      "extra_verification": null,
      "transformations_used": [
        "simplify composite trigonometric functions",
        "remove nested functions",
        "remove a complicated term",
        "change a function to an easier one",
        "lower a coefficient"
      ],
      "timestamp": "2025-02-05T06:43:21.280288Z"
    },
    {
      "original": "integrate(2*log(x) + log(x)**2, x)",
      "requested_difficulty": "easier",
      "variant": "integrate(log(x)**2, x)",
      "reasoning": "As a student who prefers polynomials, I can create an easier integral by focusing only on the square of the logarithm. The remaining linear term adds just enough complexity to keep the essence of the original integral.",
      "evaluation": "easier",
      "extra_verification": null,
      "transformations_used": [
        "simplify composite trigonometric functions",
        "remove nested functions",
        "remove a complicated term",
        "change a function to an easier one",
        "lower a coefficient"
      ],
      "timestamp": "2025-02-05T06:43:21.366540Z"
    },
    {
      "original": "integrate(2*log(x) + log(x)**2, x)",
      "requested_difficulty": "easier",
      "variant": "integrate(log(x) + log(x)**2, x)",
      "reasoning": "As an engineer, I appreciate practical approaches. Reducing the coefficient of the linear term simplifies the integral while retaining a logarithmic function.",
      "evaluation": "easier",
      "extra_verification": null,
      "transformations_used": [
        "simplify composite trigonometric functions",
        "remove nested functions",
        "remove a complicated term",
        "change a function to an easier one",
        "lower a coefficient"
      ],
      "timestamp": "2025-02-05T06:43:21.354729Z"
    },
    {
      "original": "integrate(2*log(x) + log(x)**2, x)",
      "requested_difficulty": "easier",
      "variant": "integrate(2*log(x)/3 + log(x)**2, x)",
      "reasoning": "A number theorist might want to focus on rational coefficients and simpler primes. By changing the logarithmic term to a smaller base, this creates a simpler form to engage with.",
      "evaluation": "easier",
      "extra_verification": null,
      "transformations_used": [
        "simplify composite trigonometric functions",
        "remove nested functions",
        "remove a complicated term",
        "change a function to an easier one",
        "lower a coefficient"
      ],
      "timestamp": "2025-02-05T06:43:21.358128Z"
    },
    {
      "original": "integrate(2*log(x) + log(x)**2, x)",
      "requested_difficulty": "equivalent",
      "variant": "integrate(log(x**2) + log(x**2), x)",
      "reasoning": "As a student who prefers polynomials, I will utilize the logarithmic identity log(a*b) = log(a) + log(b) to rewrite the integrand in a polynomial-like form.",
      "evaluation": "easier",
      "extra_verification": null,
      "transformations_used": [
        "rewrite using different logarithmic properties",
        "exchange similar functions (e.g., sin to cos)",
        "use trigonometric identities to rewrite expression",
        "change coefficient values slightly",
        "factor common terms differently"
      ],
      "timestamp": "2025-02-05T06:43:20.552329Z"
    },
    {
      "original": "integrate(2*log(x) + log(x)**2, x)",
      "requested_difficulty": "equivalent",
      "variant": "integrate(2*log10(x) + log10(x)**2 * log(10)**2, x)",
      "reasoning": "As an engineer focused on practical computations, I would like to explore the transformation of the logarithm into base 10, which can often be more intuitive for numerical methods.",
      "evaluation": "equivalent",
      "extra_verification": null,
      "transformations_used": [
        "rewrite using different logarithmic properties",
        "exchange similar functions (e.g., sin to cos)",
        "use trigonometric identities to rewrite expression",
        "change coefficient values slightly",
        "factor common terms differently"
      ],
      "timestamp": "2025-02-05T06:43:20.521971Z"
    },
    {
      "original": "integrate(2*log(x) + log(x)**2, x)",
      "requested_difficulty": "equivalent",
      "variant": "integrate(log(x**2 * x), x)",
      "reasoning": "As a geometry enthusiast, I visualize executing transformations. I notice that I can exploit the product rule to manipulate my integral, transforming it into an equivalent but different form.",
      "evaluation": "equivalent",
      "extra_verification": null,
      "transformations_used": [
        "rewrite using different logarithmic properties",
        "exchange similar functions (e.g., sin to cos)",
        "use trigonometric identities to rewrite expression",
        "change coefficient values slightly",
        "factor common terms differently"
      ],
      "timestamp": "2025-02-05T06:43:20.693439Z"
    },
    {
      "original": "integrate(2*log(x) + log(x)**2, x)",
      "requested_difficulty": "equivalent",
      "variant": "integrate(integrate(log(x), x)",
      "reasoning": "As a calculus professor, I find combining terms through integration by parts frequently yields interesting results. I shall consider an application of integration by parts to process the second term.",
      "evaluation": "easier",
      "extra_verification": null,
      "transformations_used": [
        "rewrite using different logarithmic properties",
        "exchange similar functions (e.g., sin to cos)",
        "use trigonometric identities to rewrite expression",
        "change coefficient values slightly",
        "factor common terms differently"
      ],
      "timestamp": "2025-02-05T06:43:20.718770Z"
    },
    {
      "original": "integrate(2*log(x) + log(x)**2, x)",
      "requested_difficulty": "equivalent",
      "variant": "integrate(3*log(x) + log(x)**2 - log(x) + log(2), x)",
      "reasoning": "As a number theorist, I find relating polynomials and logarithmic identities insightful. I'll consider leveraging rational coefficients by adjusting factors within the log function.",
      "evaluation": "easier",
      "extra_verification": null,
      "transformations_used": [
        "rewrite using different logarithmic properties",
        "exchange similar functions (e.g., sin to cos)",
        "use trigonometric identities to rewrite expression",
        "change coefficient values slightly",
        "factor common terms differently"
      ],
      "timestamp": "2025-02-05T06:43:20.657675Z"
    },
    {
      "original": "integrate(2*log(x) + log(x)**2, x)",
      "requested_difficulty": "equivalent",
      "variant": "integrate(log(x) * (2 + log(x)), x)",
      "reasoning": "As a calculus professor, I love simplifying expressions. I can factor out the common factor to make the integral clearer.",
      "evaluation": "equivalent",
      "extra_verification": null,
      "transformations_used": [
        "rewrite using different logarithmic properties",
        "apply algebraic identities that preserve complexity",
        "distribute terms differently"
      ],
      "timestamp": "2025-02-05T06:43:24.121475Z"
    },
    {
      "original": "integrate(2*log(x) + log(x)**2, x)",
      "requested_difficulty": "equivalent",
      "variant": "integrate((log(x)**2 + 2*log(x)), x)",
      "reasoning": "As a student who prefers polynomials, I will express the integrand as a polynomial in terms of \\( \\log(x) \\) \u2014 transforming it to a standard polynomial form before integration.",
      "evaluation": "equivalent",
      "extra_verification": null,
      "transformations_used": [
        "rewrite using different logarithmic properties",
        "apply algebraic identities that preserve complexity",
        "distribute terms differently"
      ],
      "timestamp": "2025-02-05T06:43:25.572506Z"
    },
    {
      "original": "integrate(2*log(x) + log(x)**2, x)",
      "requested_difficulty": "equivalent",
      "variant": "integrate(2*log(x) + (log(x))**2, x)",
      "reasoning": "From an engineer's perspective, I prefer direct applications and clear terms. I'll expand the terms directly to view the polynomial structure in non-logarithmic form.",
      "evaluation": "equivalent",
      "extra_verification": null,
      "transformations_used": [
        "rewrite using different logarithmic properties",
        "apply algebraic identities that preserve complexity",
        "distribute terms differently"
      ],
      "timestamp": "2025-02-05T06:43:24.011681Z"
    },
    {
      "original": "integrate(2*log(x) + log(x)**2, x)",
      "requested_difficulty": "equivalent",
      "variant": "integrate(log(x**2) + log(x**2 + 2*log(x)), x)",
      "reasoning": "As a creative mathematician, I will apply logarithmic identities to split the log terms differently and introduce a constant factor to keep it complex.",
      "evaluation": "equivalent",
      "extra_verification": null,
      "transformations_used": [
        "rewrite using different logarithmic properties",
        "apply algebraic identities that preserve complexity",
        "distribute terms differently"
      ],
      "timestamp": "2025-02-05T06:43:23.798959Z"
    }
  ],
  [
    {
      "original": "integrate(tanh(x)**2, x)",
      "requested_difficulty": "easier",
      "variant": "integrate(sech(x)**2 - 1, x)",
      "reasoning": "As a calculus professor, I appreciate elegant simplifications. Recognizing that \\( \\tanh(x)^2 = \\text{sech}(x)^2 - 1 \\) allows us to separate the integral into two simpler parts.",
      "evaluation": "easier",
      "extra_verification": null,
      "transformations_used": [
        "remove a complicated term",
        "replace a complex fraction with a simpler one",
        "reduce an exponent"
      ],
      "timestamp": "2025-02-05T06:43:20.737564Z"
    },
    {
      "original": "integrate(tanh(x)**2, x)",
      "requested_difficulty": "easier",
      "variant": "integrate((exp(x) - exp(-x))**2 / (exp(x) + exp(-x))**2, x)",
      "reasoning": "As a student who enjoys working with polynomials, I can express the hyperbolic tangent in terms of exponential functions and find a polynomial-like structure.",
      "evaluation": "equivalent",
      "extra_verification": null,
      "transformations_used": [
        "remove a complicated term",
        "replace a complex fraction with a simpler one",
        "reduce an exponent"
      ],
      "timestamp": "2025-02-05T06:43:20.822264Z"
    },
    {
      "original": "integrate(tanh(x)**2, x)",
      "requested_difficulty": "easier",
      "variant": "integrate((sinh(x)**2)/(cosh(x)**2), x)",
      "reasoning": "As a theoretical physicist, I'd represent hyperbolic functions in terms of trigonometric functions. Using the identity \\( \\tanh(x) = \\frac{\\sinh(x)}{\\cosh(x)} \\) can give a new perspective.",
      "evaluation": "equivalent",
      "extra_verification": null,
      "transformations_used": [
        "remove a complicated term",
        "replace a complex fraction with a simpler one",
        "reduce an exponent"
      ],
      "timestamp": "2025-02-05T06:43:20.714359Z"
    },
    {
      "original": "integrate(tanh(x)**2, x)",
      "requested_difficulty": "easier",
      "variant": "integrate(tanh(x)**2, x)",
      "reasoning": "As an engineer focusing on practical applications, I see that transitioning to numerical approximations might simplify the evaluation. I still use the same function while allowing for computational evaluation.",
      "evaluation": "equivalent",
      "extra_verification": null,
      "transformations_used": [
        "remove a complicated term",
        "replace a complex fraction with a simpler one",
        "reduce an exponent"
      ],
      "timestamp": "2025-02-05T06:43:20.929964Z"
    },
    {
      "original": "integrate(tanh(x)**2, x)",
      "requested_difficulty": "easier",
      "variant": "integrate(1 - sech(x)**2, x)",
      "reasoning": "As a number theorist interested in rational functions, I consider how to express the integral in terms of rational functions. The identity \\( \\tanh(x)^2 = \\frac{1 - \\text{sech}(x)^2}{1} \\) works well for rational analysis.",
      "evaluation": "equivalent",
      "extra_verification": null,
      "transformations_used": [
        "remove a complicated term",
        "replace a complex fraction with a simpler one",
        "reduce an exponent"
      ],
      "timestamp": "2025-02-05T06:43:20.747237Z"
    },
    {
      "original": "integrate(tanh(x)**2, x)",
      "requested_difficulty": "easier",
      "variant": "integrate((sinh(x)/cosh(x))**2, x)",
      "reasoning": "As a geometry enthusiast, I can represent the problem using a geometric transformation involving the unit circle, leading to a polar-like form in terms of sine and cosine.",
      "evaluation": "equivalent",
      "extra_verification": null,
      "transformations_used": [
        "remove a complicated term",
        "replace a complex fraction with a simpler one",
        "reduce an exponent"
      ],
      "timestamp": "2025-02-05T06:43:20.744728Z"
    },
    {
      "original": "integrate(tanh(x)**2, x)",
      "requested_difficulty": "easier",
      "variant": "integrate(tanh(x), x)",
      "reasoning": "As a creative thinker, I see that by integrating \\( \\tanh(x) \\) directly and then squaring the result would lead to a nested integral which introduces a slight complication.",
      "evaluation": "easier",
      "extra_verification": null,
      "transformations_used": [
        "remove a complicated term",
        "replace a complex fraction with a simpler one",
        "reduce an exponent"
      ],
      "timestamp": "2025-02-05T06:43:22.581149Z"
    },
    {
      "original": "integrate(tanh(x)**2, x)",
      "requested_difficulty": "easier",
      "variant": "integrate((x - x**3/3 + x**5/5 - x**7/7), x)",
      "reasoning": "As a student focused on polynomials, I can consider a Taylor series expansion for \\(\\tanh(x)\\) around zero, then integrate term by term. This method generally leads to straightforward polynomial integrals.",
      "evaluation": "easier",
      "extra_verification": null,
      "transformations_used": [
        "remove a complicated term",
        "eliminate absolute value terms",
        "reduce an exponent"
      ],
      "timestamp": "2025-02-05T06:43:20.856695Z"
    },
    {
      "original": "integrate(tanh(x)**2, x)",
      "requested_difficulty": "easier",
      "variant": "integrate((exp(x) - exp(-x))**2/(exp(x) + exp(-x))**2, x)",
      "reasoning": "As a theoretical physicist, I like the relationship between hyperbolic functions and exponential forms. I can express \\(\\tanh(x)\\) in terms of exponentials, which can sometimes lead to easier integrals.",
      "evaluation": "equivalent",
      "extra_verification": null,
      "transformations_used": [
        "remove a complicated term",
        "eliminate absolute value terms",
        "reduce an exponent"
      ],
      "timestamp": "2025-02-05T06:43:20.823014Z"
    },
    {
      "original": "integrate(tanh(x)**2, x)",
      "requested_difficulty": "easier",
      "variant": "integrate(3*x/4, x)",
      "reasoning": "Being a number theorist, I appreciate exploring integrals involving rational coefficients. I could present a rational approximation of \\(\\tanh(x)\\) for small \\(x\\), focusing on simple rational expressions.",
      "evaluation": "easier",
      "extra_verification": null,
      "transformations_used": [
        "remove a complicated term",
        "eliminate absolute value terms",
        "reduce an exponent"
      ],
      "timestamp": "2025-02-05T06:43:27.126266Z"
    },
    {
      "original": "integrate(tanh(x)**2, x)",
      "requested_difficulty": "equivalent",
      "variant": "integrate(sinh(x)**2 / cosh(x)**2, x)",
      "reasoning": "As a calculus professor, I appreciate elegant simplifications. Recognizing that \\(\\tanh(x)^2 = \\frac{\\sinh(x)^2}{\\cosh(x)^2}\\), I can reformulate the integral to use hyperbolic identities, leading to a clearer integration path.",
      "evaluation": "equivalent",
      "extra_verification": null,
      "transformations_used": [
        "distribute terms differently",
        "adjust parameters while keeping the integral equivalent",
        "rearrange the order of terms"
      ],
      "timestamp": "2025-02-05T06:43:25.193866Z"
    },
    {
      "original": "integrate(tanh(x)**2, x)",
      "requested_difficulty": "equivalent",
      "variant": "integrate((x - x**3/3 + x**5/5 - x**7/7 + x**9/9), x)",
      "reasoning": "As a student who favors polynomials, I perceive \\(\\tanh(x)\\) as a series expansion. Using the Taylor series for \\(\\tanh(x)\\), I can expand and integrate that series term by term, capturing polynomials fundamentally.",
      "evaluation": "easier",
      "extra_verification": null,
      "transformations_used": [
        "distribute terms differently",
        "adjust parameters while keeping the integral equivalent",
        "rearrange the order of terms"
      ],
      "timestamp": "2025-02-05T06:43:25.040711Z"
    },
    {
      "original": "integrate(tanh(x)**2, x)",
      "requested_difficulty": "equivalent",
      "variant": "integrate(((exp(x) - exp(-x)) / (exp(x) + exp(-x)))**2, x)",
      "reasoning": "As a theoretical physicist, I appreciate the connections between different forms. By noting that \\(\\tanh(x)\\) can also be expressed as \\(\\frac{e^{x} - e^{-x}}{e^{x} + e^{-x}}\\), I can transform the integral into a form involving exponentials, suitable for integration by parts.",
      "evaluation": "equivalent",
      "extra_verification": null,
      "transformations_used": [
        "distribute terms differently",
        "adjust parameters while keeping the integral equivalent",
        "rearrange the order of terms"
      ],
      "timestamp": "2025-02-05T06:43:24.832754Z"
    },
    {
      "original": "integrate(tanh(x)**2, x)",
      "requested_difficulty": "equivalent",
      "variant": "integrate(0.5 * (1 - exp(-2*x)) - 0.5 * exp(-2*x), x)",
      "reasoning": "As an engineer focused on practical computational methods, I can simplify the integral using numerical techniques. I consider approximating \\(\\tanh(x)^2\\) with a polynomial approximation for practical integration.",
      "evaluation": "easier",
      "extra_verification": null,
      "transformations_used": [
        "distribute terms differently",
        "adjust parameters while keeping the integral equivalent",
        "rearrange the order of terms"
      ],
      "timestamp": "2025-02-05T06:43:24.850176Z"
    },
    {
      "original": "integrate(tanh(x)**2, x)",
      "requested_difficulty": "equivalent",
      "variant": "integrate((1 - (exp(-2*x))) / (1 + exp(-2*x)), x)",
      "reasoning": "As a number theorist, I feel drawn to expressing \\(\\tanh(x)^2\\) in terms of fractions that emphasize divisibility and rational coefficients. This can add a different flavor to the integration process.",
      "evaluation": "equivalent",
      "extra_verification": null,
      "transformations_used": [
        "distribute terms differently",
        "adjust parameters while keeping the integral equivalent",
        "rearrange the order of terms"
      ],
      "timestamp": "2025-02-05T06:43:24.874800Z"
    },
    {
      "original": "integrate(tanh(x)**2, x)",
      "requested_difficulty": "equivalent",
      "variant": "integrate(differentiate(tanh(x), x)",
      "reasoning": "As a calculus professor, I find it interesting to break down the integral into parts. By recognizing that \\(\\tanh^2(x)\\) can be derived from a derivative, I can rewrite it in a form that emphasizes integrability and compositional mathematics.",
      "evaluation": "easier",
      "extra_verification": null,
      "transformations_used": [
        "distribute terms differently",
        "adjust parameters while keeping the integral equivalent",
        "rearrange the order of terms"
      ],
      "timestamp": "2025-02-05T06:43:24.834082Z"
    },
    {
      "original": "integrate(tanh(x)**2, x)",
      "requested_difficulty": "equivalent",
      "variant": "integrate(1 - cosh(x)**(-2), x)",
      "reasoning": "As an engineer who favors computational power, I prefer manipulating the integral into trigonometric forms, as integrating trigonometric functions tends to be straightforward computationally.",
      "evaluation": "equivalent",
      "extra_verification": null,
      "transformations_used": [
        "distribute terms differently",
        "adjust parameters while keeping the integral equivalent",
        "rearrange the order of terms"
      ],
      "timestamp": "2025-02-05T06:43:24.865732Z"
    },
    {
      "original": "integrate(tanh(x)**2, x)",
      "requested_difficulty": "equivalent",
      "variant": "integrate(((e**x - e**(-x))**2) / ((e**x + e**(-x))**2), x)",
      "reasoning": "Viewing this from a theoretical physicist's stance, I rewrite the integrand in terms of exponential functions: \\(\\tanh(x) = \\frac{e^{x} - e^{-x}}{e^{x} + e^{-x}}\\), inviting a more familiar exponential approach.",
      "evaluation": "equivalent",
      "extra_verification": null,
      "transformations_used": [
        "rewrite the integrand in a different form without changing overall complexity",
        "rearrange the order of terms",
        "factor common terms differently",
        "apply algebraic identities that preserve complexity",
        "change coefficient values slightly"
      ],
      "timestamp": "2025-02-05T06:43:27.281217Z"
    },
    {
      "original": "integrate(tanh(x)**2, x)",
      "requested_difficulty": "equivalent",
      "variant": "integrate(2 * tanh(x)**2, x)",
      "reasoning": "The engineer in me prefers computational modifications. I slightly change the coefficients by incorporating a factor that remains consistent with hyperbolic functions, ensuring the form remains complex yet manageable.",
      "evaluation": "easier",
      "extra_verification": null,
      "transformations_used": [
        "rewrite the integrand in a different form without changing overall complexity",
        "rearrange the order of terms",
        "factor common terms differently",
        "apply algebraic identities that preserve complexity",
        "change coefficient values slightly"
      ],
      "timestamp": "2025-02-05T06:43:27.286156Z"
    },
    {
      "original": "integrate(tanh(x)**2, x)",
      "requested_difficulty": "equivalent",
      "variant": "integrate(tanh(x)**2 + 3/5 * tanh(x)**2 - 3/5 * tanh(x)**2, x)",
      "reasoning": "As a number theorist, I find interest in odd coefficients and primes. I can express \\(\\tanh(x)^2\\) in a form that preserves its value but introduces a different prime factorization.",
      "evaluation": "equivalent",
      "extra_verification": null,
      "transformations_used": [
        "rewrite the integrand in a different form without changing overall complexity",
        "rearrange the order of terms",
        "factor common terms differently",
        "apply algebraic identities that preserve complexity",
        "change coefficient values slightly"
      ],
      "timestamp": "2025-02-05T06:43:27.359283Z"
    }
  ],
  [
    {
      "original": "integrate((1 - x)**3 + (x - x**2)**3 + (x**2 - 1)**3 - 3*(1 - x)*(x - x**2)*(x**2 - 1), x)",
      "requested_difficulty": "easier",
      "variant": "integrate((1 - x)**3 + (x**2 - 1)**3 - 3*(1 - x)*(x**2 - 1), x)",
      "reasoning": "As an elegant calculus professor, I recognize that the original integral involves a complex cubic expression. I will simplify it by dropping the subexpression \\((x - x^2)^3\\), which leads to a more straightforward structure while retaining some complexity.",
      "evaluation": "easier",
      "extra_verification": null,
      "transformations_used": [
        "lower a coefficient",
        "remove logarithmic terms",
        "eliminate absolute value terms",
        "eliminate a radical",
        "drop a subexpression"
      ],
      "timestamp": "2025-02-05T06:43:24.995512Z"
    },
    {
      "original": "integrate((1 - x)**3 + (x - x**2)**3 + (x**2 - 1)**3 - 3*(1 - x)*(x - x**2)*(x**2 - 1), x)",
      "requested_difficulty": "easier",
      "variant": "integrate((1 - x)**3 + (x - x**2)**3, x)",
      "reasoning": "As a student who loves polynomials, I will break down the integral into simpler polynomial terms by eliminating the logarithmic behavior of certain cubic terms. This will allow for easier manipulation and integration.",
      "evaluation": "easier",
      "extra_verification": null,
      "transformations_used": [
        "lower a coefficient",
        "remove logarithmic terms",
        "eliminate absolute value terms",
        "eliminate a radical",
        "drop a subexpression"
      ],
      "timestamp": "2025-02-05T06:43:25.298272Z"
    },
    {
      "original": "integrate((1 - x)**3 + (x - x**2)**3 + (x**2 - 1)**3 - 3*(1 - x)*(x - x**2)*(x**2 - 1), x)",
      "requested_difficulty": "easier",
      "variant": "integrate((1 - x)**2 + (x - x**2)**2 - 3*(1 - x)*(x - x**2), x)",
      "reasoning": "As an engineer, I focus on practical forms. I will limit the degree of the polynomial expressions, reducing their coefficient, and maintain just enough complexity to ensure the exercise remains challenging.",
      "evaluation": "easier",
      "extra_verification": null,
      "transformations_used": [
        "lower a coefficient",
        "remove logarithmic terms",
        "eliminate absolute value terms",
        "eliminate a radical",
        "drop a subexpression"
      ],
      "timestamp": "2025-02-05T06:43:24.977710Z"
    },
    {
      "original": "integrate((1 - x)**3 + (x - x**2)**3 + (x**2 - 1)**3 - 3*(1 - x)*(x - x**2)*(x**2 - 1), x)",
      "requested_difficulty": "easier",
      "variant": "integrate((1 - x)**3 + (x - x**2)**3 + (x**2 - 1)**3 - 1*(1 - x)*(x - x**2)*(x**2 - 1), x)",
      "reasoning": "Number theorists love simplicity derived from constructions. I'll eliminate \\(3\\) from the coefficient of the interaction terms, thus simplifying the contribution of cross terms while maintaining the essence of the integral.",
      "evaluation": "easier",
      "extra_verification": null,
      "transformations_used": [
        "lower a coefficient",
        "remove logarithmic terms",
        "eliminate absolute value terms",
        "eliminate a radical",
        "drop a subexpression"
      ],
      "timestamp": "2025-02-05T06:43:24.964589Z"
    },
    {
      "original": "integrate((1 - x)**3 + (x - x**2)**3 + (x**2 - 1)**3 - 3*(1 - x)*(x - x**2)*(x**2 - 1), x)",
      "requested_difficulty": "easier",
      "variant": "integrate((1 - x)**2 + (x - x**2)**2 + (x**2 - 1)**2, x)",
      "reasoning": "As a calculus professor again, I will drop the cubic structure of the integral in favor of a quadratic one. This transforms the complexity of the expressions and gives a new direction for the integral.",
      "evaluation": "easier",
      "extra_verification": null,
      "transformations_used": [
        "lower a coefficient",
        "remove logarithmic terms",
        "eliminate absolute value terms",
        "eliminate a radical",
        "drop a subexpression"
      ],
      "timestamp": "2025-02-05T06:43:24.997067Z"
    },
    {
      "original": "integrate((1 - x)**3 + (x - x**2)**3 + (x**2 - 1)**3 - 3*(1 - x)*(x - x**2)*(x**2 - 1), x)",
      "requested_difficulty": "easier",
      "variant": "integrate(((1 - x)**3 + (x**2 - x)**3 + (x**2 - 1)**3), x)",
      "reasoning": "As a calculus professor, I find that symmetry often simplifies problems. We can identify symmetry in the terms; therefore, we can rewrite the expression by grouping terms which leads to an easier factorization.",
      "evaluation": "easier",
      "extra_verification": null,
      "transformations_used": [
        "simplify the denominator",
        "eliminate absolute value terms",
        "reduce the number of terms in the expression",
        "simplify a trigonometric component",
        "convert a product to a simpler sum"
      ],
      "timestamp": "2025-02-05T06:43:23.435507Z"
    },
    {
      "original": "integrate((1 - x)**3 + (x - x**2)**3 + (x**2 - 1)**3 - 3*(1 - x)*(x - x**2)*(x**2 - 1), x)",
      "requested_difficulty": "easier",
      "variant": "integrate(((1 - x)**3 + (x - x**2)**3 + (x**2 - 1)**3), x)",
      "reasoning": "As a student who prefers polynomials, I observe that expanding the terms first might create a single polynomial that is easier to handle rather than dealing with nested cubic terms.",
      "evaluation": "easier",
      "extra_verification": null,
      "transformations_used": [
        "simplify the denominator",
        "eliminate absolute value terms",
        "reduce the number of terms in the expression",
        "simplify a trigonometric component",
        "convert a product to a simpler sum"
      ],
      "timestamp": "2025-02-05T06:43:23.503475Z"
    },
    {
      "original": "integrate((1 - x)**3 + (x - x**2)**3 + (x**2 - 1)**3 - 3*(1 - x)*(x - x**2)*(x**2 - 1), x)",
      "requested_difficulty": "easier",
      "variant": "integrate(3*(u - u**2)**2, x)",
      "reasoning": "An engineer's approach often involves simplifying calculations. By considering \\( u = x(1 - x) \\), this transforms multiple quadratic forms into a single expression, lowering computational complexity.",
      "evaluation": "easier",
      "extra_verification": null,
      "transformations_used": [
        "simplify the denominator",
        "eliminate absolute value terms",
        "reduce the number of terms in the expression",
        "simplify a trigonometric component",
        "convert a product to a simpler sum"
      ],
      "timestamp": "2025-02-05T06:43:23.593238Z"
    },
    {
      "original": "integrate((1 - x)**3 + (x - x**2)**3 + (x**2 - 1)**3 - 3*(1 - x)*(x - x**2)*(x**2 - 1), x)",
      "requested_difficulty": "easier",
      "variant": "integrate(((1 - (1/n))**3 + ((1/n) - (1/n)^2)**3), x)",
      "reasoning": "As a number theorist, I love integers. If we replace \\( x \\) with \\( 1/n \\) for some integer \\( n \\), we can analyze the behavior of the integral, focusing on the rational terms.",
      "evaluation": "easier",
      "extra_verification": null,
      "transformations_used": [
        "simplify the denominator",
        "eliminate absolute value terms",
        "reduce the number of terms in the expression",
        "simplify a trigonometric component",
        "convert a product to a simpler sum"
      ],
      "timestamp": "2025-02-05T06:43:23.544018Z"
    },
    {
      "original": "integrate((1 - x)**3 + (x - x**2)**3 + (x**2 - 1)**3 - 3*(1 - x)*(x - x**2)*(x**2 - 1), x)",
      "requested_difficulty": "easier",
      "variant": "integrate(((1 - x)**3 + (x - x**2)**3), x)",
      "reasoning": "As a calculus professor who loves elegant forms, I would suggest considering only the distinct terms, which allows us to reduce complexity while still maintaining the integrity of the function.",
      "evaluation": "easier",
      "extra_verification": null,
      "transformations_used": [
        "simplify the denominator",
        "eliminate absolute value terms",
        "reduce the number of terms in the expression",
        "simplify a trigonometric component",
        "convert a product to a simpler sum"
      ],
      "timestamp": "2025-02-05T06:43:23.614474Z"
    },
    {
      "original": "integrate((1 - x)**3 + (x - x**2)**3 + (x**2 - 1)**3 - 3*(1 - x)*(x - x**2)*(x**2 - 1), x)",
      "requested_difficulty": "equivalent",
      "variant": "integrate(((1 - x) + (x - x**2) + (x**2 - 1)) * ((1 - x)**2 + (x - x**2)**2 + (x**2 - 1)**2 - (1 - x)*(x - x**2) - (1 - x)*(x**2 - 1) - (x - x**2)*(x**2 - 1)), x)",
      "reasoning": "As a calculus professor, I appreciate simplifications. I notice that the integrand can be simplified using the identity \\( a^3 + b^3 + c^3 - 3abc = (a + b + c)(a^2 + b^2 + c^2 - ab - ac - bc) \\). This allows me to reduce the complexity while still incorporating symmetry.",
      "evaluation": "equivalent",
      "extra_verification": null,
      "transformations_used": [
        "apply algebraic identities that preserve complexity",
        "change variables while maintaining complexity",
        "swap numerator and denominator with reciprocal",
        "alter constant terms",
        "use alternate but equivalent radical forms"
      ],
      "timestamp": "2025-02-05T06:43:38.607435Z"
    },
    {
      "original": "integrate((1 - x)**3 + (x - x**2)**3 + (x**2 - 1)**3 - 3*(1 - x)*(x - x**2)*(x**2 - 1), x)",
      "requested_difficulty": "equivalent",
      "variant": "integrate(((1 - x)**3 + (x - x**2)**3 + (x**2 - 1)**3 - 3*(1 - x)*(x - x**2)*(x**2 - 1)), x)",
      "reasoning": "As a student of polynomials, I choose to express the original integrand as a single polynomial by expanding all terms. This retains the complexity and allows practice with polynomial integration.",
      "evaluation": "equivalent",
      "extra_verification": null,
      "transformations_used": [
        "apply algebraic identities that preserve complexity",
        "change variables while maintaining complexity",
        "swap numerator and denominator with reciprocal",
        "alter constant terms",
        "use alternate but equivalent radical forms"
      ],
      "timestamp": "2025-02-05T06:43:33.414566Z"
    },
    {
      "original": "integrate((1 - x)**3 + (x - x**2)**3 + (x**2 - 1)**3 - 3*(1 - x)*(x - x**2)*(x**2 - 1), x)",
      "requested_difficulty": "equivalent",
      "variant": "integrate((x**3 - 3*x**2 + 3*x - 1 + x**3 - 3*x**2 + 3*x - 1 + x**3 - 3*x**2 + 3*x - 1 - 3*(1 - x)*(x - x**2)*(x**2 - 1)), x)",
      "reasoning": "As a geometry enthusiast, I think of geometric transformations and view the integrand as volumes of geometric solids, searching for equivalent expressions that may depict different figures.",
      "evaluation": "equivalent",
      "extra_verification": null,
      "transformations_used": [
        "apply algebraic identities that preserve complexity",
        "change variables while maintaining complexity",
        "swap numerator and denominator with reciprocal",
        "alter constant terms",
        "use alternate but equivalent radical forms"
      ],
      "timestamp": "2025-02-05T06:43:33.292687Z"
    },
    {
      "original": "integrate((1 - x)**3 + (x - x**2)**3 + (x**2 - 1)**3 - 3*(1 - x)*(x - x**2)*(x**2 - 1), x)",
      "requested_difficulty": "equivalent",
      "variant": "integrate(((1 - x)**3 + (x - x**2)**3 + (x**2 - 1)**3 + 2 - 3*(1 - x)*(x - x**2)*(x**2 - 1)), x)",
      "reasoning": "Adding constants can help maintain the same behavior with some complexity. By altering the original integrand through strategic addition and subtraction of constants, I retain the integral's character.",
      "evaluation": "easier",
      "extra_verification": null,
      "transformations_used": [
        "apply algebraic identities that preserve complexity",
        "change variables while maintaining complexity",
        "swap numerator and denominator with reciprocal",
        "alter constant terms",
        "use alternate but equivalent radical forms"
      ],
      "timestamp": "2025-02-05T06:43:33.295919Z"
    },
    {
      "original": "integrate((1 - x)**3 + (x - x**2)**3 + (x**2 - 1)**3 - 3*(1 - x)*(x - x**2)*(x**2 - 1), x)",
      "requested_difficulty": "equivalent",
      "variant": "integrate((a*(1-x)**3 + (x - x**2)**3 + a*(x**2 - 1)**3 - 3*a*(1 - x)*(x - (1-x))*(x**2 - 1)), x)",
      "reasoning": "As a calculative artist, I view the integrand as an opportunity for parametric variations. By introducing a parameter \\( a \\) affecting the linear transformation, the expression can be adjusted without losing integrity.",
      "evaluation": "equivalent",
      "extra_verification": null,
      "transformations_used": [
        "factor common terms differently",
        "alter constant terms",
        "rewrite using alternate algebraic forms",
        "adjust parameters while keeping the integral equivalent",
        "substitute equivalent exponential forms"
      ],
      "timestamp": "2025-02-05T06:43:26.560218Z"
    }
  ]
]