[
  [
    {
      "original": "integrate(log(x**2 + 1), x)",
      "requested_difficulty": "easier",
      "variant": "integrate(log(x**2), x)",
      "reasoning": "As a creative mathematician, I enjoy using substitutions to simplify integrals. By transforming the function to \\( x^2 \\), the expression becomes simpler and allows for more straightforward integration techniques.",
      "evaluation": "easier",
      "extra_verification": null,
      "transformations_used": [
        "remove nested functions",
        "remove a factor",
        "reduce an exponent"
      ],
      "timestamp": "2025-02-05T06:41:55.032897Z"
    },
    {
      "original": "integrate(log(x**2 + 1), x)",
      "requested_difficulty": "easier",
      "variant": "integrate(log(x + 1), x)",
      "reasoning": "From the perspective of a student who enjoys polynomials, letting the argument of the logarithm become a polynomial of lower degree, such as \\( x + 1 \\), presents an easier hurdle to overcome.",
      "evaluation": "easier",
      "extra_verification": null,
      "transformations_used": [
        "remove nested functions",
        "remove a factor",
        "reduce an exponent"
      ],
      "timestamp": "2025-02-05T06:41:55.002385Z"
    },
    {
      "original": "integrate(log(x**2 + 1), x)",
      "requested_difficulty": "easier",
      "variant": "integrate(log(exp(x)), x)",
      "reasoning": "As a theoretical physicist, I might prefer exponential forms. The identity \\( \\log(e^x) \\) is simple and elegant, allowing for an easier integral that maintains a logarithmic theme.",
      "evaluation": "easier",
      "extra_verification": null,
      "transformations_used": [
        "remove nested functions",
        "remove a factor",
        "reduce an exponent"
      ],
      "timestamp": "2025-02-05T06:41:54.954443Z"
    },
    {
      "original": "integrate(log(x**2 + 1), x)",
      "requested_difficulty": "easier",
      "variant": "integrate(log(x + 2), x)",
      "reasoning": "As a number theorist, the focus on integers can make it more comfortable. Instead of \\( x^2 + 1 \\), utilizing integers directly like \\( x + 2 \\) still evokes a logarithmic function but simplifies calculations.",
      "evaluation": "easier",
      "extra_verification": null,
      "transformations_used": [
        "remove nested functions",
        "remove a factor",
        "reduce an exponent"
      ],
      "timestamp": "2025-02-05T06:41:55.080224Z"
    },
    {
      "original": "integrate(log(x**2 + 1), x)",
      "requested_difficulty": "easier",
      "variant": "integrate(log((x**2 + 1) / x**2), x)",
      "reasoning": "As a student of polynomial and rational functions, I choose to integrate a simpler resulting form from a division like \\( \\log\\left(\\frac{x^2 + 1}{x^2}\\right) \\), easing computations while retaining some form of complexity.",
      "evaluation": "easier",
      "extra_verification": null,
      "transformations_used": [
        "remove nested functions",
        "remove a factor",
        "reduce an exponent"
      ],
      "timestamp": "2025-02-05T06:41:54.961232Z"
    },
    {
      "original": "integrate(log(x**2 + 1), x)",
      "requested_difficulty": "easier",
      "variant": "integrate(log(x/2 + 1), x)",
      "reasoning": "The number theorist in me finds interest in exploring logarithmic functions with rational coefficients. By changing the argument to \\(\\frac{x}{2} + 1\\), it provides a different lens while still retaining rationality.",
      "evaluation": "easier",
      "extra_verification": null,
      "transformations_used": [
        "remove nested functions",
        "change a function to an easier one",
        "remove a factor"
      ],
      "timestamp": "2025-02-05T06:41:55.943503Z"
    },
    {
      "original": "integrate(log(x**2 + 1), x)",
      "requested_difficulty": "easier",
      "variant": "integrate(log(2), x)",
      "reasoning": "Thinking geometrically, I can interpret the integrand as related to the area under a curve. Replacing the logarithmic argument with a simple constant provides grounds for easier computations.",
      "evaluation": "easier",
      "extra_verification": null,
      "transformations_used": [
        "remove nested functions",
        "change a function to an easier one",
        "remove a factor"
      ],
      "timestamp": "2025-02-05T06:41:55.785554Z"
    },
    {
      "original": "integrate(log(x**2 + 1), x)",
      "requested_difficulty": "equivalent",
      "variant": "integrate(log(1 + x**2), x)",
      "reasoning": "As a calculus professor who loves elegant simplifications, I notice that \\(\\log(x^2 + 1)\\) can be expressed using properties of logarithms. I can split the argument into a difference of logs to achieve a slightly different form.",
      "evaluation": "equivalent",
      "extra_verification": null,
      "transformations_used": [
        "exchange similar functions (e.g., sin to cos)",
        "rewrite using alternate algebraic forms",
        "use trigonometric identities to rewrite expression",
        "alter constant terms",
        "substitute equivalent exponential forms"
      ],
      "timestamp": "2025-02-05T06:41:54.245147Z"
    },
    {
      "original": "integrate(log(x**2 + 1), x)",
      "requested_difficulty": "equivalent",
      "variant": "integrate(log(x**2 + 1), x)",
      "reasoning": "From the engineer's perspective, I like using numerical methods for complex problems. Thus, I choose a numerical approximation for the integral while maintaining its complexity.",
      "evaluation": "equivalent",
      "extra_verification": null,
      "transformations_used": [
        "exchange similar functions (e.g., sin to cos)",
        "rewrite using alternate algebraic forms",
        "use trigonometric identities to rewrite expression",
        "alter constant terms",
        "substitute equivalent exponential forms"
      ],
      "timestamp": "2025-02-05T06:41:54.229088Z"
    },
    {
      "original": "integrate(log(x**2 + 1), x)",
      "requested_difficulty": "equivalent",
      "variant": "integrate(log(2 + 2*x**2), x)",
      "reasoning": "As a number theorist fascinated by prime factors, I could employ a substitution that involves performing a change of variables which transforms the behavior of the integrand.",
      "evaluation": "easier",
      "extra_verification": null,
      "transformations_used": [
        "exchange similar functions (e.g., sin to cos)",
        "rewrite using alternate algebraic forms",
        "use trigonometric identities to rewrite expression",
        "alter constant terms",
        "substitute equivalent exponential forms"
      ],
      "timestamp": "2025-02-05T06:41:54.271377Z"
    },
    {
      "original": "integrate(log(x**2 + 1), x)",
      "requested_difficulty": "equivalent",
      "variant": "integrate(log(3*(x**2 + 1)/3), x)",
      "reasoning": "The number theorist side of me finds possible richness in alternate logarithmic identities, thereby adopting a shift in the argument through a function that will still be equivalent.",
      "evaluation": "equivalent",
      "extra_verification": null,
      "transformations_used": [
        "exchange similar functions (e.g., sin to cos)",
        "rewrite using alternate algebraic forms",
        "use trigonometric identities to rewrite expression",
        "alter constant terms",
        "substitute equivalent exponential forms"
      ],
      "timestamp": "2025-02-05T06:41:55.393496Z"
    },
    {
      "original": "integrate(log(x**2 + 1), x)",
      "requested_difficulty": "equivalent",
      "variant": "integrate(log(x**2) + log(1 + 1/x**2), x)",
      "reasoning": "As a calculus professor, I find it intriguing to explore logarithmic properties. We can use the identity \\(\\log(a) + \\log(b) = \\log(ab)\\). This will help us manipulate the expression while maintaining its complexity.",
      "evaluation": "easier",
      "extra_verification": null,
      "transformations_used": [
        "use alternate but equivalent radical forms",
        "factor common terms differently",
        "swap numerator and denominator with reciprocal",
        "exchange similar functions (e.g., sin to cos)",
        "distribute terms differently"
      ],
      "timestamp": "2025-02-05T06:41:56.456821Z"
    },
    {
      "original": "integrate(log(x**2 + 1), x)",
      "requested_difficulty": "equivalent",
      "variant": "integrate(log((x**2 + 1)/x**2), x)",
      "reasoning": "An engineer\u2019s practical approach can be enlightening. By converting to a rational function involving \\(x\\) and using partial fractions, I can maintain a level of complexity while still facilitating integration.",
      "evaluation": "easier",
      "extra_verification": null,
      "transformations_used": [
        "use alternate but equivalent radical forms",
        "factor common terms differently",
        "swap numerator and denominator with reciprocal",
        "exchange similar functions (e.g., sin to cos)",
        "distribute terms differently"
      ],
      "timestamp": "2025-02-05T06:41:56.320676Z"
    },
    {
      "original": "integrate(log(x**2 + 1), x)",
      "requested_difficulty": "equivalent",
      "variant": "integrate(log((x*x + 1)/1), x)",
      "reasoning": "As a number theorist, I find interest in expressing the integrand with focus on prime factorization. The log function can be related to the sum of contributions from distinct factors.",
      "evaluation": "equivalent",
      "extra_verification": null,
      "transformations_used": [
        "use alternate but equivalent radical forms",
        "factor common terms differently",
        "swap numerator and denominator with reciprocal",
        "exchange similar functions (e.g., sin to cos)",
        "distribute terms differently"
      ],
      "timestamp": "2025-02-05T06:41:56.516803Z"
    },
    {
      "original": "integrate(log(x**2 + 1), x)",
      "requested_difficulty": "equivalent",
      "variant": "integrate(log(e^(2*i*atan(x))), x)",
      "reasoning": "As a creative mathematician again, I can invoke the complex logarithm using \\( x = e^(i\u03b8) \\), allowing me to explore the function through complex analysis and potentially simplify the integrand.",
      "evaluation": "equivalent",
      "extra_verification": null,
      "transformations_used": [
        "use alternate but equivalent radical forms",
        "factor common terms differently",
        "swap numerator and denominator with reciprocal",
        "exchange similar functions (e.g., sin to cos)",
        "distribute terms differently"
      ],
      "timestamp": "2025-02-05T06:41:56.406718Z"
    },
    {
      "original": "integrate(log(x**2 + 1), x)",
      "requested_difficulty": "equivalent",
      "variant": "integrate(log(sqrt(x**2 + 1)**2), x)",
      "reasoning": "As a student focused on rational function transformations, I will use the property of logarithm to combine two logarithmic expressions which transforms \\( \\log(x^2 + 1) \\) while still keeping the intricate structure intact.",
      "evaluation": "equivalent",
      "extra_verification": null,
      "transformations_used": [
        "use alternate but equivalent radical forms",
        "factor common terms differently",
        "swap numerator and denominator with reciprocal",
        "exchange similar functions (e.g., sin to cos)",
        "distribute terms differently"
      ],
      "timestamp": "2025-02-05T06:41:56.364565Z"
    }
  ],
  [],
  [
    {
      "original": "integrate(cos(x)*(cos(x)+1)*tan(x)*(1+log(cos(x))), x)",
      "requested_difficulty": "easier",
      "variant": "integrate(cos(x) * (cos(x) + 1) * (sin(x) / cos(x)) * (1 + log(cos(x))), x)",
      "reasoning": "The trigonometric function can be simplified by expressing \\(\\tan(x)\\) in terms of sine and cosine, which will ultimately help to remove the composite functions.",
      "evaluation": "equivalent",
      "extra_verification": null,
      "transformations_used": [
        "eliminate a radical",
        "simplify composite trigonometric functions",
        "remove nested functions",
        "simplify the denominator",
        "reduce the number of terms in the expression"
      ],
      "timestamp": "2025-02-05T06:42:04.200195Z"
    },
    {
      "original": "integrate(cos(x)*(cos(x)+1)*tan(x)*(1+log(cos(x))), x)",
      "requested_difficulty": "easier",
      "variant": "integrate(cos(x) * (sin(x) * (1 + log(cos(x)))), x)",
      "reasoning": "Simplifying the entire expression by using the identity of \\(\\tan(x) = \\sin(x)/\\cos(x)\\) reduces nested complexity for easier manipulation.",
      "evaluation": "easier",
      "extra_verification": null,
      "transformations_used": [
        "eliminate a radical",
        "simplify composite trigonometric functions",
        "remove nested functions",
        "simplify the denominator",
        "reduce the number of terms in the expression"
      ],
      "timestamp": "2025-02-05T06:42:04.186574Z"
    },
    {
      "original": "integrate(cos(x)*(cos(x)+1)*tan(x)*(1+log(cos(x))), x)",
      "requested_difficulty": "easier",
      "variant": "integrate((1 - sin^2(x)) * (1 + log(1 - sin^2(x))) * sin(x) * (1 / cos(x)), x)",
      "reasoning": "Using the Pythagorean identity, converting \\(sin^2(x)\\) simplifies the trigonometric relationship, making the integral more straightforward.",
      "evaluation": "equivalent",
      "extra_verification": null,
      "transformations_used": [
        "eliminate a radical",
        "simplify composite trigonometric functions",
        "remove nested functions",
        "simplify the denominator",
        "reduce the number of terms in the expression"
      ],
      "timestamp": "2025-02-05T06:42:04.302095Z"
    },
    {
      "original": "integrate(cos(x)*(cos(x)+1)*tan(x)*(1+log(cos(x))), x)",
      "requested_difficulty": "easier",
      "variant": "integrate(cos(x)**2 * (cos(x) + 1) * tan(x) * (1 + log(cos(x))), x)",
      "reasoning": "Transforming cos(x) into a power series expansion can help in achieving easier integration by breaking it down into simpler terms.",
      "evaluation": "equivalent",
      "extra_verification": null,
      "transformations_used": [
        "eliminate a radical",
        "simplify composite trigonometric functions",
        "remove nested functions",
        "simplify the denominator",
        "reduce the number of terms in the expression"
      ],
      "timestamp": "2025-02-05T06:42:04.298633Z"
    },
    {
      "original": "integrate(cos(x)*(cos(x)+1)*tan(x)*(1+log(cos(x))), x)",
      "requested_difficulty": "easier",
      "variant": "integrate(cos(x)*(1 + log(cos(x))) + cos(x)*(cos(x)+1)*tan(x), x)",
      "reasoning": "Isolating terms in the logarithm allows for more straightforward integration techniques by unpacking the expression.",
      "evaluation": "easier",
      "extra_verification": null,
      "transformations_used": [
        "eliminate a radical",
        "simplify composite trigonometric functions",
        "remove nested functions",
        "simplify the denominator",
        "reduce the number of terms in the expression"
      ],
      "timestamp": "2025-02-05T06:42:04.357832Z"
    },
    {
      "original": "integrate(cos(x)*(cos(x)+1)*tan(x)*(1+log(cos(x))), x)",
      "requested_difficulty": "easier",
      "variant": "integrate(sin(x)*(cos(x)+1)*(1 + log(cos(x))), x)",
      "reasoning": "As a calculus professor who loves elegant simplifications, I notice that I can simplify the expression by focusing on \\(\\tan(x) = \\frac{\\sin(x)}{\\cos(x)}\\), leading to a more manageable integrand.",
      "evaluation": "easier",
      "extra_verification": null,
      "transformations_used": [
        "convert a product to a simpler sum",
        "remove a complicated term",
        "remove logarithmic terms"
      ],
      "timestamp": "2025-02-05T06:41:56.139948Z"
    },
    {
      "original": "integrate(cos(x)*(cos(x)+1)*tan(x)*(1+log(cos(x))), x)",
      "requested_difficulty": "easier",
      "variant": "integrate(cos(x)*(1 + sin(x)**2)*(1 + log(cos(x))), x)",
      "reasoning": "Theoretical physicist perspective leads me to consider the conversion of products into sums. I replace the complicated product structure with an alternate trigonometric manipulation, focusing on powers of sine and cosine.",
      "evaluation": "easier",
      "extra_verification": null,
      "transformations_used": [
        "convert a product to a simpler sum",
        "remove a complicated term",
        "remove logarithmic terms"
      ],
      "timestamp": "2025-02-05T06:41:56.202181Z"
    },
    {
      "original": "integrate(cos(x)*(cos(x)+1)*tan(x)*(1+log(cos(x))), x)",
      "requested_difficulty": "easier",
      "variant": "integrate(cos(x)*(1 + cos(x))*(sin(x)/cos(x)), x)",
      "reasoning": "As a student who prefers polynomials and rational functions, I substitute a simpler form while keeping a balance between complexity and tractability, minimizing the logarithmic interaction.",
      "evaluation": "easier",
      "extra_verification": null,
      "transformations_used": [
        "convert a product to a simpler sum",
        "remove a complicated term",
        "remove logarithmic terms"
      ],
      "timestamp": "2025-02-05T06:41:56.302374Z"
    },
    {
      "original": "integrate(cos(x)*(cos(x)+1)*tan(x)*(1+log(cos(x))), x)",
      "requested_difficulty": "easier",
      "variant": "integrate(cos(x)*(1 + cos(x))*sin(x), x)",
      "reasoning": "The engineer's perspective emphasizes practical computation. By simplifying the log term and focusing on the sine and cosine relations, this integral becomes less intimidating.",
      "evaluation": "easier",
      "extra_verification": null,
      "transformations_used": [
        "convert a product to a simpler sum",
        "remove a complicated term",
        "remove logarithmic terms"
      ],
      "timestamp": "2025-02-05T06:41:56.170912Z"
    },
    {
      "original": "integrate(cos(x)*(cos(x)+1)*tan(x)*(1+log(cos(x))), x)",
      "requested_difficulty": "easier",
      "variant": "integrate(sin(x) * (1 + sin(x) * cos(x)), x)",
      "reasoning": "The geometry enthusiast thinks in terms of geometric transformations. By recognizing patterns and shifting the function to a simpler form with reduced complexity, it becomes more approachable.",
      "evaluation": "easier",
      "extra_verification": null,
      "transformations_used": [
        "convert a product to a simpler sum",
        "remove a complicated term",
        "remove logarithmic terms"
      ],
      "timestamp": "2025-02-05T06:41:57.888363Z"
    },
    {
      "original": "integrate(cos(x)*(cos(x)+1)*tan(x)*(1+log(cos(x))), x)",
      "requested_difficulty": "equivalent",
      "variant": "integrate(cos(x)*(cos(x)+1)*tan(x)*(log(e) + log(cos(x))), x)",
      "reasoning": "As a calculus professor, I enjoy simplifying integrals. I can express \\((1 + \\log(\\cos(x)))\\) as \\(\\log(\\cos(x)) + \\log(e)\\) and distribute the terms inside the integral for a different arrangement while retaining the complexity.",
      "evaluation": "equivalent",
      "extra_verification": null,
      "transformations_used": [
        "rewrite using different logarithmic properties",
        "modify an exponent slightly",
        "adjust parameters while keeping the integral equivalent",
        "distribute terms differently",
        "swap numerator and denominator with reciprocal"
      ],
      "timestamp": "2025-02-05T06:41:55.970982Z"
    },
    {
      "original": "integrate(cos(x)*(cos(x)+1)*tan(x)*(1+log(cos(x))), x)",
      "requested_difficulty": "equivalent",
      "variant": "integrate((cos(x)^2 + cos(x)) * tan(x) * (1 + log(cos(x))), x)",
      "reasoning": "As a student who prefers working with polynomials, I notice the product of terms can integrate nicely. I decide to expand the integrand to facilitate polynomial integration by combining powers of cosine.",
      "evaluation": "equivalent",
      "extra_verification": null,
      "transformations_used": [
        "rewrite using different logarithmic properties",
        "modify an exponent slightly",
        "adjust parameters while keeping the integral equivalent",
        "distribute terms differently",
        "swap numerator and denominator with reciprocal"
      ],
      "timestamp": "2025-02-05T06:41:56.081578Z"
    },
    {
      "original": "integrate(cos(x)*(cos(x)+1)*tan(x)*(1+log(cos(x))), x)",
      "requested_difficulty": "equivalent",
      "variant": "integrate(cos(x)*cos(x)*(1 + log(cos(x))) * sin(x)/cos(x), x)",
      "reasoning": "The engineer in me excels at practical approaches. I will substitute \\(\\tan(x)\\) in terms of sine and cosine, allowing for easier evaluation in terms of basic functions.",
      "evaluation": "easier",
      "extra_verification": null,
      "transformations_used": [
        "rewrite using different logarithmic properties",
        "modify an exponent slightly",
        "adjust parameters while keeping the integral equivalent",
        "distribute terms differently",
        "swap numerator and denominator with reciprocal"
      ],
      "timestamp": "2025-02-05T06:41:55.986541Z"
    },
    {
      "original": "integrate(cos(x)*(cos(x)+1)*tan(x)*(1+log(cos(x))), x)",
      "requested_difficulty": "equivalent",
      "variant": "integrate(cos(x)*(1 + log(cos(x))) * (1 + cos(x))*tan(x), x)",
      "reasoning": "As a number theorist, I appreciate rational coefficients. I notice that modifying the expression may lead to rationalizing the integrand strategically, rewriting it to incorporate fractions.",
      "evaluation": "equivalent",
      "extra_verification": null,
      "transformations_used": [
        "rewrite using different logarithmic properties",
        "modify an exponent slightly",
        "adjust parameters while keeping the integral equivalent",
        "distribute terms differently",
        "swap numerator and denominator with reciprocal"
      ],
      "timestamp": "2025-02-05T06:41:55.999383Z"
    },
    {
      "original": "integrate(cos(x)*(cos(x)+1)*tan(x)*(1+log(cos(x))), x)",
      "requested_difficulty": "equivalent",
      "variant": "integrate((cos(2*x)/2 + 1)*(tan(x))*(1 + log(cos(x))), x)",
      "reasoning": "A geometry enthusiast mindset leads me to consider geometric transformations. I can think in terms of scaling cosine by factor \\(2\\), giving a different shape to the integrand but preserving the overall intent of integration.",
      "evaluation": "easier",
      "extra_verification": null,
      "transformations_used": [
        "rewrite using different logarithmic properties",
        "modify an exponent slightly",
        "adjust parameters while keeping the integral equivalent",
        "distribute terms differently",
        "swap numerator and denominator with reciprocal"
      ],
      "timestamp": "2025-02-05T06:41:55.997988Z"
    },
    {
      "original": "integrate(cos(x)*(cos(x)+1)*tan(x)*(1+log(cos(x))), x)",
      "requested_difficulty": "equivalent",
      "variant": "integrate(-cos(x)*(cos(x)+1)*(-tan(x))*(1+log(cos(x))), x)",
      "reasoning": "As a calculus professor, I often explore symmetry in functions. I consider \\(-\\cos(x)\\) instead, allowing for properties of odd and even functions to be applied effectively throughout the integration range.",
      "evaluation": "equivalent",
      "extra_verification": null,
      "transformations_used": [
        "rewrite using different logarithmic properties",
        "modify an exponent slightly",
        "adjust parameters while keeping the integral equivalent",
        "distribute terms differently",
        "swap numerator and denominator with reciprocal"
      ],
      "timestamp": "2025-02-05T06:41:56.053824Z"
    },
    {
      "original": "integrate(cos(x)*(cos(x)+1)*tan(x)*(1+log(cos(x))), x)",
      "requested_difficulty": "equivalent",
      "variant": "integrate(cos(x)*(cos(x)+1)*tan(x)*(log(cos(x))+log(1)), x)",
      "reasoning": "Thinking like a creative mathematician, I can manipulate logarithmic properties, uncoupling constants and functions, leading to intricate yet similar structures.",
      "evaluation": "easier",
      "extra_verification": null,
      "transformations_used": [
        "apply algebraic identities that preserve complexity",
        "alter constant terms",
        "rewrite using different logarithmic properties",
        "exchange similar functions (e.g., sin to cos)",
        "rewrite using alternate algebraic forms"
      ],
      "timestamp": "2025-02-05T06:41:54.042061Z"
    },
    {
      "original": "integrate(cos(x)*(cos(x)+1)*tan(x)*(1+log(cos(x))), x)",
      "requested_difficulty": "equivalent",
      "variant": "integrate(cos(x)*(cos(x)+1)*(1/cos(x))*(1 + log(1/cos(x))), x)",
      "reasoning": "As a calculus professor who loves elegant transformations, I can express the original integral\u2019s elements in terms of secant and cosecant to emphasize trigonometric identities.",
      "evaluation": "equivalent",
      "extra_verification": null,
      "transformations_used": [
        "apply algebraic identities that preserve complexity",
        "alter constant terms",
        "rewrite using different logarithmic properties",
        "exchange similar functions (e.g., sin to cos)",
        "rewrite using alternate algebraic forms"
      ],
      "timestamp": "2025-02-05T06:41:54.224988Z"
    }
  ],
  [
    {
      "original": "integrate(log(x**2) - 2*log(2*x), x)",
      "requested_difficulty": "easier",
      "variant": "integrate(log(x) - log(2), x)",
      "reasoning": "As a calculus professor, I appreciate the elegance found in simplifications. By using properties of logarithms, we can rewrite the original integrand to a simpler form. Combining the logarithmic terms gives us a more straightforward function to integrate.",
      "evaluation": "easier",
      "extra_verification": null,
      "transformations_used": [
        "remove a factor",
        "drop a subexpression",
        "reduce the number of terms in the expression",
        "simplify a trigonometric component",
        "simplify composite trigonometric functions"
      ],
      "timestamp": "2025-02-05T06:41:54.056528Z"
    },
    {
      "original": "integrate(log(x**2) - 2*log(2*x), x)",
      "requested_difficulty": "easier",
      "variant": "integrate((x**2 - 4) / (2*x), x)",
      "reasoning": "As a student who prefers working with polynomials, I notice that logarithmic functions can sometimes be represented as Taylor series. Approximating the logarithmic functions around a certain point may lead us to a more manageable polynomial integration.",
      "evaluation": "easier",
      "extra_verification": null,
      "transformations_used": [
        "remove a factor",
        "drop a subexpression",
        "reduce the number of terms in the expression",
        "simplify a trigonometric component",
        "simplify composite trigonometric functions"
      ],
      "timestamp": "2025-02-05T06:41:54.684417Z"
    },
    {
      "original": "integrate(log(x**2) - 2*log(2*x), x)",
      "requested_difficulty": "easier",
      "variant": "integrate(log(exp(x) / 2), x)",
      "reasoning": "As a theoretical physicist who likes working with exponential forms, I know that the logarithm function can be transformed into base exponential forms. This manipulation may lead us to an integral that is less complex.",
      "evaluation": "easier",
      "extra_verification": null,
      "transformations_used": [
        "remove a factor",
        "drop a subexpression",
        "reduce the number of terms in the expression",
        "simplify a trigonometric component",
        "simplify composite trigonometric functions"
      ],
      "timestamp": "2025-02-05T06:41:54.226978Z"
    },
    {
      "original": "integrate(log(x**2) - 2*log(2*x), x)",
      "requested_difficulty": "easier",
      "variant": "integrate(log(x**2 / 4), x)",
      "reasoning": "As a number theorist fascinated by prime numbers and rational coefficients, I can see that breaking down constants into rational terms allows for an easier evaluation when integrating.",
      "evaluation": "equivalent",
      "extra_verification": null,
      "transformations_used": [
        "remove a factor",
        "drop a subexpression",
        "reduce the number of terms in the expression",
        "simplify a trigonometric component",
        "simplify composite trigonometric functions"
      ],
      "timestamp": "2025-02-05T06:41:54.111445Z"
    },
    {
      "original": "integrate(log(x**2) - 2*log(2*x), x)",
      "requested_difficulty": "easier",
      "variant": "integrate(log(x) - log(4), x)",
      "reasoning": "As a geometry enthusiast, I think about transformations. Logarithmic properties can allow certain terms to cancel out completely, resulting in a more simplified view that can be interpreted geometrically.",
      "evaluation": "easier",
      "extra_verification": null,
      "transformations_used": [
        "remove a factor",
        "drop a subexpression",
        "reduce the number of terms in the expression",
        "simplify a trigonometric component",
        "simplify composite trigonometric functions"
      ],
      "timestamp": "2025-02-05T06:41:54.161674Z"
    },
    {
      "original": "integrate(log(x**2) - 2*log(2*x), x)",
      "requested_difficulty": "easier",
      "variant": "integrate(log(x) - 2*log(2), x)",
      "reasoning": "From a simplification perspective, I recognize the usefulness of reducing overlapping terms. By recognizing the factors of logarithm we can simplify and factor to integrate a simpler expression directly.",
      "evaluation": "easier",
      "extra_verification": null,
      "transformations_used": [
        "remove a factor",
        "drop a subexpression",
        "reduce the number of terms in the expression",
        "simplify a trigonometric component",
        "simplify composite trigonometric functions"
      ],
      "timestamp": "2025-02-05T06:41:54.312846Z"
    },
    {
      "original": "integrate(log(x**2) - 2*log(2*x), x)",
      "requested_difficulty": "easier",
      "variant": "integrate(log(x**2 / 2**2), x)",
      "reasoning": "Viewing it from a calculus perspective, I want to reduce the expression by eliminating constants. By changing the reference base of the logarithm, we can minimize complexity.",
      "evaluation": "equivalent",
      "extra_verification": null,
      "transformations_used": [
        "remove a factor",
        "drop a subexpression",
        "reduce the number of terms in the expression",
        "simplify a trigonometric component",
        "simplify composite trigonometric functions"
      ],
      "timestamp": "2025-02-05T06:41:54.112130Z"
    },
    {
      "original": "integrate(log(x**2) - 2*log(2*x), x)",
      "requested_difficulty": "easier",
      "variant": "integrate(log(0.5*x**2), x)",
      "reasoning": "As a lover of elegance, I can express log properties to their simplest forms. By combining and rearranging we can rewrite the integrand into a more approachable format that maintains the essence but reduces complexity.",
      "evaluation": "easier",
      "extra_verification": null,
      "transformations_used": [
        "remove a factor",
        "drop a subexpression",
        "reduce the number of terms in the expression",
        "simplify a trigonometric component",
        "simplify composite trigonometric functions"
      ],
      "timestamp": "2025-02-05T06:41:54.156982Z"
    },
    {
      "original": "integrate(log(x**2) - 2*log(2*x), x)",
      "requested_difficulty": "easier",
      "variant": "integrate(0, x)",
      "reasoning": "As a calculus professor, I love to simplify the expression inside the logarithm before integration. Here, I first combine the logarithmic terms to simplify the log expression into a constant.",
      "evaluation": "easier",
      "extra_verification": null,
      "transformations_used": [
        "remove logarithmic terms",
        "replace transcendental functions with simpler algebraic ones",
        "lower a coefficient",
        "simplify a trigonometric component",
        "remove a factor"
      ],
      "timestamp": "2025-02-05T06:41:58.048871Z"
    },
    {
      "original": "integrate(log(x**2) - 2*log(2*x), x)",
      "requested_difficulty": "easier",
      "variant": "integrate(x**2 - 4, x)",
      "reasoning": "As a student who prefers working with polynomials, I will replace the logarithmic terms with a simple polynomial representation for easier integration.",
      "evaluation": "easier",
      "extra_verification": null,
      "transformations_used": [
        "remove logarithmic terms",
        "replace transcendental functions with simpler algebraic ones",
        "lower a coefficient",
        "simplify a trigonometric component",
        "remove a factor"
      ],
      "timestamp": "2025-02-05T06:41:58.359203Z"
    },
    {
      "original": "integrate(log(x**2) - 2*log(2*x), x)",
      "requested_difficulty": "equivalent",
      "variant": "integrate(log(x**2 / (2*x**2)), x)",
      "reasoning": "As a calculus professor, I admire the beauty of simplification. The original expression can be combined via logarithmic properties to yield a simpler form. Using the property \\(\\log(a) - \\log(b) = \\log\\left(\\frac{a}{b}\\right)\\), the integral can be expressed more elegantly.",
      "evaluation": "equivalent",
      "extra_verification": null,
      "transformations_used": [
        "use trigonometric identities to rewrite expression",
        "alter constant terms",
        "rewrite using different logarithmic properties"
      ],
      "timestamp": "2025-02-05T06:41:56.644194Z"
    },
    {
      "original": "integrate(log(x**2) - 2*log(2*x), x)",
      "requested_difficulty": "equivalent",
      "variant": "integrate(2*log(x) - 2*log(2) - 2*log(x), x)",
      "reasoning": "As a student focused on polynomials and rational functions, I recognize that the logarithmic expressions could be expanded. I can express \\(\\log(x^2)\\) in polynomial form, which may make upper-level calculus a bit more relatable.",
      "evaluation": "easier",
      "extra_verification": null,
      "transformations_used": [
        "use trigonometric identities to rewrite expression",
        "alter constant terms",
        "rewrite using different logarithmic properties"
      ],
      "timestamp": "2025-02-05T06:41:56.687435Z"
    },
    {
      "original": "integrate(log(x**2) - 2*log(2*x), x)",
      "requested_difficulty": "equivalent",
      "variant": "integrate(log(exp(log(x**2)) - exp(log(2*x**2))), x)",
      "reasoning": "As a theoretical physicist, I can rewrite the logarithmic expressions using exponentials. I find it interesting to express these arguments in terms of exponentials, allowing me to create a new form using \\(e\\).",
      "evaluation": "equivalent",
      "extra_verification": null,
      "transformations_used": [
        "use trigonometric identities to rewrite expression",
        "alter constant terms",
        "rewrite using different logarithmic properties"
      ],
      "timestamp": "2025-02-05T06:41:56.699258Z"
    },
    {
      "original": "integrate(log(x**2) - 2*log(2*x), x)",
      "requested_difficulty": "equivalent",
      "variant": "integrate(2*log(x) - log(4) - log(x**2), x)",
      "reasoning": "As an engineer, I prefer practical approaches. I portray the logarithmic terms as coefficients in a more intricate function, paving the way for numerical methods and computational simulations.",
      "evaluation": "equivalent",
      "extra_verification": null,
      "transformations_used": [
        "use trigonometric identities to rewrite expression",
        "alter constant terms",
        "rewrite using different logarithmic properties"
      ],
      "timestamp": "2025-02-05T06:41:56.731535Z"
    },
    {
      "original": "integrate(log(x**2) - 2*log(2*x), x)",
      "requested_difficulty": "equivalent",
      "variant": "integrate(log(x**2) - 2*log(2) - log(x), x)",
      "reasoning": "As a number theorist fascinated by rational coefficients, I would like to express the terms using base transformations, which can lead to thrilling implications for number systems.",
      "evaluation": "easier",
      "extra_verification": null,
      "transformations_used": [
        "use trigonometric identities to rewrite expression",
        "alter constant terms",
        "rewrite using different logarithmic properties"
      ],
      "timestamp": "2025-02-05T06:41:56.877181Z"
    },
    {
      "original": "integrate(log(x**2) - 2*log(2*x), x)",
      "requested_difficulty": "equivalent",
      "variant": "integrate(log((x**2)/(4)), x)",
      "reasoning": "As a geometry enthusiast, I think in terms of geometric transformations. Here, I can rewrite the logs in a proportional sense to visualize the geometric interpretations of the integral.",
      "evaluation": "equivalent",
      "extra_verification": null,
      "transformations_used": [
        "use trigonometric identities to rewrite expression",
        "alter constant terms",
        "rewrite using different logarithmic properties"
      ],
      "timestamp": "2025-02-05T06:41:56.730125Z"
    },
    {
      "original": "integrate(log(x**2) - 2*log(2*x), x)",
      "requested_difficulty": "equivalent",
      "variant": "integrate(log((x**2)/(2*(x**2))), x)",
      "reasoning": "Approaching as a calculus professor again, I can see the possibility of making a change of variable that looks curious and interesting but retains the essence of the problem.",
      "evaluation": "equivalent",
      "extra_verification": null,
      "transformations_used": [
        "use trigonometric identities to rewrite expression",
        "alter constant terms",
        "rewrite using different logarithmic properties"
      ],
      "timestamp": "2025-02-05T06:41:56.746406Z"
    },
    {
      "original": "integrate(log(x**2) - 2*log(2*x), x)",
      "requested_difficulty": "equivalent",
      "variant": "integrate(log(x**2/2) - log(x), x)",
      "reasoning": "As a theoretical physicist, I might also represent the original expression in a form that emphasizes symmetry in its logarithmic terms relative to their coefficients.",
      "evaluation": "easier",
      "extra_verification": null,
      "transformations_used": [
        "use trigonometric identities to rewrite expression",
        "alter constant terms",
        "rewrite using different logarithmic properties"
      ],
      "timestamp": "2025-02-05T06:41:56.719078Z"
    },
    {
      "original": "integrate(log(x**2) - 2*log(2*x), x)",
      "requested_difficulty": "equivalent",
      "variant": "integrate(log(x**2) / log(2) - 2, x)",
      "reasoning": "As a creative mathematician, rewriting the term with different bases can yield intriguing new insights. So, I can express it with natural logs instead.",
      "evaluation": "easier",
      "extra_verification": null,
      "transformations_used": [
        "use trigonometric identities to rewrite expression",
        "alter constant terms",
        "rewrite using different logarithmic properties"
      ],
      "timestamp": "2025-02-05T06:41:56.754567Z"
    },
    {
      "original": "integrate(log(x**2) - 2*log(2*x), x)",
      "requested_difficulty": "equivalent",
      "variant": "integrate(log(x**2 / (2*x)**2), x)",
      "reasoning": "As a calculus professor, I recognize that the logarithmic properties allow us to merge the logs effectively. Here, I focus on simplifying the integrand first.",
      "evaluation": "equivalent",
      "extra_verification": null,
      "transformations_used": [
        "change coefficient values slightly",
        "distribute terms differently",
        "exchange similar functions (e.g., sin to cos)"
      ],
      "timestamp": "2025-02-05T06:41:52.056403Z"
    }
  ],
  [
    {
      "original": "integrate(1/(x**3-x), x)",
      "requested_difficulty": "easier",
      "variant": "integrate(1/(x**2 - x), x)",
      "reasoning": "As a calculus professor, simplifications are paramount. I notice that using a lower degree polynomial will simplify the integral considerably. This variant replaces \\( x^3 \\) with \\( x^2 \\), thus making it easier to integrate.",
      "evaluation": "easier",
      "extra_verification": null,
      "transformations_used": [
        "lower a coefficient",
        "remove a complicated term",
        "simplify a trigonometric component",
        "reduce the degree of a polynomial",
        "replace transcendental functions with simpler algebraic ones"
      ],
      "timestamp": "2025-02-05T06:41:56.826429Z"
    },
    {
      "original": "integrate(1/(x**3-x), x)",
      "requested_difficulty": "easier",
      "variant": "integrate(1/(x**2 + 2), x)",
      "reasoning": "As a student focused on polynomials, I will explore simply a quadratic term instead of a cubic one. This reduction in degree will make the integral much easier to compute.",
      "evaluation": "easier",
      "extra_verification": null,
      "transformations_used": [
        "lower a coefficient",
        "remove a complicated term",
        "simplify a trigonometric component",
        "reduce the degree of a polynomial",
        "replace transcendental functions with simpler algebraic ones"
      ],
      "timestamp": "2025-02-05T06:41:56.732858Z"
    },
    {
      "original": "integrate(1/(x**3-x), x)",
      "requested_difficulty": "easier",
      "variant": "integrate(1/(x*(x - 2)*(x - 3)), x)",
      "reasoning": "As a number theorist fascinated by prime numbers, I will replace the cubic polynomial with a product of linear prime factors, to simplify evaluation while keeping the structure intact.",
      "evaluation": "easier",
      "extra_verification": null,
      "transformations_used": [
        "lower a coefficient",
        "remove a complicated term",
        "simplify a trigonometric component",
        "reduce the degree of a polynomial",
        "replace transcendental functions with simpler algebraic ones"
      ],
      "timestamp": "2025-02-05T06:41:56.761599Z"
    },
    {
      "original": "integrate(1/(x**3-x), x)",
      "requested_difficulty": "easier",
      "variant": "integrate(1/((x-1)*(x-1)*(x-1)), x)",
      "reasoning": "As a geometric enthusiast, I perceive transformations. I will replace cubic expressions with geometric equivalents that could yield easier forms to integrate.",
      "evaluation": "easier",
      "extra_verification": null,
      "transformations_used": [
        "lower a coefficient",
        "remove a complicated term",
        "simplify a trigonometric component",
        "reduce the degree of a polynomial",
        "replace transcendental functions with simpler algebraic ones"
      ],
      "timestamp": "2025-02-05T06:41:56.902208Z"
    },
    {
      "original": "integrate(1/(x**3-x), x)",
      "requested_difficulty": "easier",
      "variant": "integrate(1/(x**2 + 2*x + 1), x)",
      "reasoning": "As an engineer focused on practicality, I will consider the integral of a rational function with a simpler denominator that still retains cubic properties but looks easier to handle computationally.",
      "evaluation": "easier",
      "extra_verification": null,
      "transformations_used": [
        "lower a coefficient",
        "remove a complicated term",
        "simplify a trigonometric component",
        "reduce the degree of a polynomial",
        "replace transcendental functions with simpler algebraic ones"
      ],
      "timestamp": "2025-02-05T06:41:56.759819Z"
    },
    {
      "original": "integrate(1/(x**3-x), x)",
      "requested_difficulty": "easier",
      "variant": "integrate(1/(x**2 - 2), x)",
      "reasoning": "As a theoretical physicist, simplifying transcendental functions to algebraic ones will make analysis easier. In this case, I will replace the cubic polynomial with a term raised to a square.",
      "evaluation": "easier",
      "extra_verification": null,
      "transformations_used": [
        "lower a coefficient",
        "remove a complicated term",
        "simplify a trigonometric component",
        "reduce the degree of a polynomial",
        "replace transcendental functions with simpler algebraic ones"
      ],
      "timestamp": "2025-02-05T06:41:56.884824Z"
    },
    {
      "original": "integrate(1/(x**3-x), x)",
      "requested_difficulty": "easier",
      "variant": "integrate(1/((x)*(x - 1)*(x + 1)), x)",
      "reasoning": "As a calculus professor, I would prefer to simplify the complicated expression by factoring the polynomial in the denominator. This will allow for partial fraction decomposition, which is an efficient way to handle such integrals.",
      "evaluation": "easier",
      "extra_verification": null,
      "transformations_used": [
        "reduce the degree of a polynomial",
        "eliminate a radical",
        "change a function to an easier one",
        "remove logarithmic terms",
        "remove nested functions"
      ],
      "timestamp": "2025-02-05T06:42:01.787343Z"
    },
    {
      "original": "integrate(1/(x**3-x), x)",
      "requested_difficulty": "easier",
      "variant": "integrate(1/(x*(x**2 - 1)), x)",
      "reasoning": "As a creative mathematician, I can replace the rational function with a simpler function by observing that \\( x^3 - x \\) can be expressed as \\( x(x^2 - 1) \\). This suggests a manipulation that can yield simpler components.",
      "evaluation": "easier",
      "extra_verification": null,
      "transformations_used": [
        "reduce the degree of a polynomial",
        "eliminate a radical",
        "change a function to an easier one",
        "remove logarithmic terms",
        "remove nested functions"
      ],
      "timestamp": "2025-02-05T06:41:58.149933Z"
    },
    {
      "original": "integrate(1/(x**3-x), x)",
      "requested_difficulty": "easier",
      "variant": "integrate(1/(x*(x - 1)*(x + 1)), x)",
      "reasoning": "As a number theorist fascinated by prime numbers, I will focus on rewriting the denominator in terms of its prime factors, leading to a clearer structure for integration based on prime characteristics.",
      "evaluation": "easier",
      "extra_verification": null,
      "transformations_used": [
        "reduce the degree of a polynomial",
        "eliminate a radical",
        "change a function to an easier one",
        "remove logarithmic terms",
        "remove nested functions"
      ],
      "timestamp": "2025-02-05T06:41:58.194193Z"
    },
    {
      "original": "integrate(1/(x**3-x), x)",
      "requested_difficulty": "easier",
      "variant": "integrate(1/(x**2 - 1), x)",
      "reasoning": "As a geometry enthusiast, I would take a geometric perspective on the problem. I might reframe it in terms of the area under a curve that can more easily be computed via substitution.",
      "evaluation": "easier",
      "extra_verification": null,
      "transformations_used": [
        "reduce the degree of a polynomial",
        "eliminate a radical",
        "change a function to an easier one",
        "remove logarithmic terms",
        "remove nested functions"
      ],
      "timestamp": "2025-02-05T06:41:58.219374Z"
    },
    {
      "original": "integrate(1/(x**3-x), x)",
      "requested_difficulty": "equivalent",
      "variant": "integrate(1/((x*(x - 1)*(x + 1))), x)",
      "reasoning": "As a calculus professor, I appreciate how breaking down complex expressions can lead to elegant results. By factoring, I convert the function into simpler partial fractions.",
      "evaluation": "easier",
      "extra_verification": null,
      "transformations_used": [
        "change variables while maintaining complexity",
        "adjust parameters while keeping the integral equivalent",
        "change coefficient values slightly",
        "rewrite using different logarithmic properties",
        "alter constant terms"
      ],
      "timestamp": "2025-02-05T06:41:55.464767Z"
    },
    {
      "original": "integrate(1/(x**3-x), x)",
      "requested_difficulty": "equivalent",
      "variant": "integrate((x**2)/(x**3 - x), x)",
      "reasoning": "As a student, I prefer to explore polynomials. I can express the denominator as a polynomial in a different form and then integrate.",
      "evaluation": "easier",
      "extra_verification": null,
      "transformations_used": [
        "change variables while maintaining complexity",
        "adjust parameters while keeping the integral equivalent",
        "change coefficient values slightly",
        "rewrite using different logarithmic properties",
        "alter constant terms"
      ],
      "timestamp": "2025-02-05T06:41:55.424828Z"
    },
    {
      "original": "integrate(1/(x**3-x), x)",
      "requested_difficulty": "equivalent",
      "variant": "integrate(1/((2*x**3 - 2*x)), x)",
      "reasoning": "A number theorist's fascination with primes encourages me to modify the coefficients slightly while keeping the polynomial\u2019s roots intact.",
      "evaluation": "equivalent",
      "extra_verification": null,
      "transformations_used": [
        "change variables while maintaining complexity",
        "adjust parameters while keeping the integral equivalent",
        "change coefficient values slightly",
        "rewrite using different logarithmic properties",
        "alter constant terms"
      ],
      "timestamp": "2025-02-05T06:41:55.585679Z"
    },
    {
      "original": "integrate(1/(x**3-x), x)",
      "requested_difficulty": "equivalent",
      "variant": "integrate(1/((-1)*((x - 1)*(x + 1)*(x + 2))), x)",
      "reasoning": "The geometry enthusiast in me wants to think in terms of transformations. I can reflect and shift the integral in the variable domain.",
      "evaluation": "equivalent",
      "extra_verification": null,
      "transformations_used": [
        "change variables while maintaining complexity",
        "adjust parameters while keeping the integral equivalent",
        "change coefficient values slightly",
        "rewrite using different logarithmic properties",
        "alter constant terms"
      ],
      "timestamp": "2025-02-05T06:41:55.382736Z"
    },
    {
      "original": "integrate(1/(x**3-x), x)",
      "requested_difficulty": "equivalent",
      "variant": "integrate((1/(x - 1)) - (1/(x + 1)) + (1/(x**2)), x)",
      "reasoning": "Delving into logarithmic identities fascinates me. I can rewrite the original integrand using properties of logarithms while maintaining its integral complexity.",
      "evaluation": "easier",
      "extra_verification": null,
      "transformations_used": [
        "change variables while maintaining complexity",
        "adjust parameters while keeping the integral equivalent",
        "change coefficient values slightly",
        "rewrite using different logarithmic properties",
        "alter constant terms"
      ],
      "timestamp": "2025-02-05T06:41:55.458625Z"
    }
  ]
]