[
  [
    {
      "original": "integrate(x**3/(1 + x + x**2/2 + x**3/6), x)",
      "requested_difficulty": "easier",
      "variant": "integrate(x**3 / (x**3 / 6 + x**2 / 2 + x + 1), x)",
      "reasoning": "As a calculus professor who loves elegant simplifications, I notice that the denominator can be simplified by expressing it as a polynomial that factors nicely for easier integration. Reformulating the denominator will help streamline the process.",
      "evaluation": "equivalent",
      "extra_verification": null,
      "transformations_used": [
        "eliminate absolute value terms",
        "remove nested functions",
        "remove logarithmic terms"
      ],
      "timestamp": "2025-02-05T06:49:15.606629Z"
    },
    {
      "original": "integrate(x**3/(1 + x + x**2/2 + x**3/6), x)",
      "requested_difficulty": "easier",
      "variant": "integrate((3*x**3) / (3 + x + (x**2 / 2) + (x**3 / 6)), x)",
      "reasoning": "For a number theorist fascinated by prime numbers, I can modify the integrand by introducing a prime factor explicitly and separating potential rational coefficients, which hints at deep properties of polynomials.",
      "evaluation": "equivalent",
      "extra_verification": null,
      "transformations_used": [
        "eliminate absolute value terms",
        "remove nested functions",
        "remove logarithmic terms"
      ],
      "timestamp": "2025-02-05T06:49:16.598365Z"
    },
    {
      "original": "integrate(x**3/(1 + x + x**2/2 + x**3/6), x)",
      "requested_difficulty": "easier",
      "variant": "integrate(x**3/(1 + x), x)",
      "reasoning": "As a calculus professor, I prefer simplifying expressions. By factoring out a lower degree polynomial from the integrand, I maintain the complexity but reduce the degree a bit. I remove the \\(x^3\\) from the denominator's leading term.",
      "evaluation": "easier",
      "extra_verification": null,
      "transformations_used": [
        "lower a coefficient",
        "remove nested functions",
        "simplify a trigonometric component"
      ],
      "timestamp": "2025-02-05T06:49:07.821686Z"
    },
    {
      "original": "integrate(x**3/(1 + x + x**2/2 + x**3/6), x)",
      "requested_difficulty": "easier",
      "variant": "integrate(x**2/(1 + x), x)",
      "reasoning": "As a creative mathematician, I'm interested in substitutions. I can make a substitution that reduces the power of \\(x\\) significantly while still retaining the structure needed for the integral.",
      "evaluation": "easier",
      "extra_verification": null,
      "transformations_used": [
        "lower a coefficient",
        "remove nested functions",
        "simplify a trigonometric component"
      ],
      "timestamp": "2025-02-05T06:49:12.400862Z"
    },
    {
      "original": "integrate(x**3/(1 + x + x**2/2 + x**3/6), x)",
      "requested_difficulty": "easier",
      "variant": "integrate(x**3/(1 + x + 0.5), x)",
      "reasoning": "As a student, I find working with polynomials helpful. By replacing \\(x^2\\) and \\(x^3\\) terms with \\(x\\) and constant terms, the integral turns polynomial and easier to handle.",
      "evaluation": "easier",
      "extra_verification": null,
      "transformations_used": [
        "lower a coefficient",
        "remove nested functions",
        "simplify a trigonometric component"
      ],
      "timestamp": "2025-02-05T06:49:07.570901Z"
    },
    {
      "original": "integrate(x**3/(1 + x + x**2/2 + x**3/6), x)",
      "requested_difficulty": "easier",
      "variant": "integrate(x**3/(1 + x/2), x)",
      "reasoning": "As an engineer, I appreciate practical manipulations. I suspect the polynomial in the denominator can be approximated for small x values, leading to a simpler integrand.",
      "evaluation": "easier",
      "extra_verification": null,
      "transformations_used": [
        "lower a coefficient",
        "remove nested functions",
        "simplify a trigonometric component"
      ],
      "timestamp": "2025-02-05T06:49:07.670387Z"
    },
    {
      "original": "integrate(x**3/(1 + x + x**2/2 + x**3/6), x)",
      "requested_difficulty": "easier",
      "variant": "integrate((2*x**3)/(2 + 2*x + x**2), x)",
      "reasoning": "As a number theorist, I focus on rational coefficients. I\u2019ll simplify the coefficients to whole numbers, keeping the polynomial challenging but straightforward.",
      "evaluation": "easier",
      "extra_verification": null,
      "transformations_used": [
        "lower a coefficient",
        "remove nested functions",
        "simplify a trigonometric component"
      ],
      "timestamp": "2025-02-05T06:49:07.821216Z"
    },
    {
      "original": "integrate(x**3/(1 + x + x**2/2 + x**3/6), x)",
      "requested_difficulty": "easier",
      "variant": "integrate(x**3/(1 + (x**2)/2 + x), x)",
      "reasoning": "As a geometry enthusiast, I think in geometric terms and can conceptualize this integral as a ratio of shapes. By rewriting the integral in a more geometric aspect, I simplify interactions within the integrand.",
      "evaluation": "easier",
      "extra_verification": null,
      "transformations_used": [
        "lower a coefficient",
        "remove nested functions",
        "simplify a trigonometric component"
      ],
      "timestamp": "2025-02-05T06:49:07.686532Z"
    },
    {
      "original": "integrate(x**3/(1 + x + x**2/2 + x**3/6), x)",
      "requested_difficulty": "easier",
      "variant": "integrate(x**3/(1 + x + x**2), x)",
      "reasoning": "In reducing nested functions, I can streamline the polynomial further. By converting the \\(x^2/2\\) term to just \\(x\\) while retaining an essence of challenge, I can make the integral less complex.",
      "evaluation": "easier",
      "extra_verification": null,
      "transformations_used": [
        "lower a coefficient",
        "remove nested functions",
        "simplify a trigonometric component"
      ],
      "timestamp": "2025-02-05T06:49:07.776334Z"
    },
    {
      "original": "integrate(x**3/(1 + x + x**2/2 + x**3/6), x)",
      "requested_difficulty": "easier",
      "variant": "integrate((1/6) * x**3/(1 + x), x)",
      "reasoning": "Lastly, I adopt a substitution that directly simplifies the highest variable powers. This reduces the integrand while still leaving some intricate structure to scrutinize.",
      "evaluation": "easier",
      "extra_verification": null,
      "transformations_used": [
        "lower a coefficient",
        "remove nested functions",
        "simplify a trigonometric component"
      ],
      "timestamp": "2025-02-05T06:49:07.822177Z"
    },
    {
      "original": "integrate(x**3/(1 + x + x**2/2 + x**3/6), x)",
      "requested_difficulty": "equivalent",
      "variant": "integrate(x**3/(1 + x + (x**2/2 + x**3/6)), x)",
      "reasoning": "As a calculus professor, I see an opportunity for a radical transformation. If we can express the integral in a more manageable form, we might simplify our work. I notice that the denominator can be rewritten using an alternative polynomial representation.",
      "evaluation": "easier",
      "extra_verification": null,
      "transformations_used": [
        "use alternate but equivalent radical forms",
        "distribute terms differently",
        "change coefficient values slightly",
        "alter constant terms",
        "use trigonometric identities to rewrite expression"
      ],
      "timestamp": "2025-02-05T06:49:02.654964Z"
    },
    {
      "original": "integrate(x**3/(1 + x + x**2/2 + x**3/6), x)",
      "requested_difficulty": "equivalent",
      "variant": "integrate(x**3/(1 + x + (x*(x/2 + x/6))), x)",
      "reasoning": "As a creative mathematician, I enjoy substitutions that can lead us to an equivalent representation. Let's factor the polynomial in the denominator to reveal its roots, thereby potentially simplifying the integration process.",
      "evaluation": "equivalent",
      "extra_verification": null,
      "transformations_used": [
        "use alternate but equivalent radical forms",
        "distribute terms differently",
        "change coefficient values slightly",
        "alter constant terms",
        "use trigonometric identities to rewrite expression"
      ],
      "timestamp": "2025-02-05T06:49:02.937449Z"
    },
    {
      "original": "integrate(x**3/(1 + x + x**2/2 + x**3/6), x)",
      "requested_difficulty": "equivalent",
      "variant": "integrate(x**3/(2 + 2*x + (x**2 + 3*x**3)), x)",
      "reasoning": "From a number theorist's perspective, let's switch the focus slightly to prime factors in a sense. I'll alter constants innovatively for the purpose of achieving a more challenging integral while maintaining a prime-like structure.",
      "evaluation": "equivalent",
      "extra_verification": null,
      "transformations_used": [
        "use alternate but equivalent radical forms",
        "distribute terms differently",
        "change coefficient values slightly",
        "alter constant terms",
        "use trigonometric identities to rewrite expression"
      ],
      "timestamp": "2025-02-05T06:49:02.667958Z"
    },
    {
      "original": "integrate(x**3/(1 + x + x**2/2 + x**3/6), x)",
      "requested_difficulty": "equivalent",
      "variant": "integrate(x**3/(u), x)",
      "reasoning": "As a creative mathematician, I enjoy substitutions that bring out the complexity of functions. By letting \\( u = x + \\frac{x^2}{2} + \\frac{x^3}{6} \\), I can change the integrand significantly while still retaining its essential structure.",
      "evaluation": "easier",
      "extra_verification": null,
      "transformations_used": [
        "factor common terms differently",
        "exchange similar functions (e.g., sin to cos)",
        "rewrite the integrand in a different form without changing overall complexity"
      ],
      "timestamp": "2025-02-05T06:49:09.180411Z"
    },
    {
      "original": "integrate(x**3/(1 + x + x**2/2 + x**3/6), x)",
      "requested_difficulty": "equivalent",
      "variant": "integrate(x**3/((x**3/6) + (x**2/2) + x + 1), x)",
      "reasoning": "Approaching this as a student who loves polynomials, I can express the denominator as a quadratic shifted by a linear term. This allows me to work with rational functions more freely.",
      "evaluation": "equivalent",
      "extra_verification": null,
      "transformations_used": [
        "factor common terms differently",
        "exchange similar functions (e.g., sin to cos)",
        "rewrite the integrand in a different form without changing overall complexity"
      ],
      "timestamp": "2025-02-05T06:49:09.075463Z"
    },
    {
      "original": "integrate(x**3/(1 + x + x**2/2 + x**3/6), x)",
      "requested_difficulty": "equivalent",
      "variant": "integrate(x**3/(x**3/6 + x**2/2 + x + 1), x)",
      "reasoning": "As an engineer, I look for practical computational approaches. I can create a polynomial approximation with limited terms, capturing essential behavior while simplifying the integrand.",
      "evaluation": "equivalent",
      "extra_verification": null,
      "transformations_used": [
        "factor common terms differently",
        "exchange similar functions (e.g., sin to cos)",
        "rewrite the integrand in a different form without changing overall complexity"
      ],
      "timestamp": "2025-02-05T06:49:09.090544Z"
    },
    {
      "original": "integrate(x**3/(1 + x + x**2/2 + x**3/6), x)",
      "requested_difficulty": "equivalent",
      "variant": "integrate(x**3/(x**3/6 + (x**2/2 + (x + 1))), x)",
      "reasoning": "Approaching as a student focused on rational functions, I can introduce polynomial long division, transforming the integral into a sum of simpler fractions, maintaining complexity through richer forms of polynomials.",
      "evaluation": "equivalent",
      "extra_verification": null,
      "transformations_used": [
        "factor common terms differently",
        "exchange similar functions (e.g., sin to cos)",
        "rewrite the integrand in a different form without changing overall complexity"
      ],
      "timestamp": "2025-02-05T06:49:09.057796Z"
    }
  ],
  [
    {
      "original": "integrate(6 - 11*x + 6*x**2 - x**3, x)",
      "requested_difficulty": "easier",
      "variant": "integrate(-(x**3 - 6*x**2 + 11*x - 6), x)",
      "reasoning": "As a calculus professor, I appreciate polynomials in their simplest form. By factoring the original polynomial, I can create a simpler equivalent integral to solve.",
      "evaluation": "equivalent",
      "extra_verification": null,
      "transformations_used": [
        "remove nested functions",
        "remove logarithmic terms",
        "simplify a trigonometric component"
      ],
      "timestamp": "2025-02-05T06:49:08.300671Z"
    },
    {
      "original": "integrate(6 - 11*x + 6*x**2 - x**3, x)",
      "requested_difficulty": "easier",
      "variant": "integrate(2 - 3*x + 2*x**2 - 0.5*x**3, x)",
      "reasoning": "As a student focused on polynomials, I see that adjusting the coefficients can create a simpler polynomial to integrate while keeping the degree the same.",
      "evaluation": "equivalent",
      "extra_verification": null,
      "transformations_used": [
        "remove nested functions",
        "remove logarithmic terms",
        "simplify a trigonometric component"
      ],
      "timestamp": "2025-02-05T06:49:08.485473Z"
    },
    {
      "original": "integrate(6 - 11*x + 6*x**2 - x**3, x)",
      "requested_difficulty": "easier",
      "variant": "integrate(6*exp(0) - 11*x + 6*x**2 - x**3, x)",
      "reasoning": "As a theoretical physicist, I would rewrite the polynomial using exponential forms suitable for integration. This will maintain the essence of the original but may simplify its integration.",
      "evaluation": "equivalent",
      "extra_verification": null,
      "transformations_used": [
        "remove nested functions",
        "remove logarithmic terms",
        "simplify a trigonometric component"
      ],
      "timestamp": "2025-02-05T06:49:08.424678Z"
    },
    {
      "original": "integrate(6 - 11*x + 6*x**2 - x**3, x)",
      "requested_difficulty": "easier",
      "variant": "integrate((3 - 5.5*x)*(2 - 0.5*x**2), x)",
      "reasoning": "I'm an engineer focusing on computational approaches. I rewrite parts of the polynomial such that it reflects more of a stepwise computation, making numerical integration easier.",
      "evaluation": "equivalent",
      "extra_verification": null,
      "transformations_used": [
        "remove nested functions",
        "remove logarithmic terms",
        "simplify a trigonometric component"
      ],
      "timestamp": "2025-02-05T06:49:08.342514Z"
    },
    {
      "original": "integrate(6 - 11*x + 6*x**2 - x**3, x)",
      "requested_difficulty": "easier",
      "variant": "integrate(5 - 10*x + 5*x**2 - x**3, x)",
      "reasoning": "As a number theorist, I appreciate polynomials that relate directly with integer coefficients. I adjust all coefficients to integers and ensure both simplicity and lower degrees.",
      "evaluation": "easier",
      "extra_verification": null,
      "transformations_used": [
        "remove nested functions",
        "remove logarithmic terms",
        "simplify a trigonometric component"
      ],
      "timestamp": "2025-02-05T06:49:08.217117Z"
    },
    {
      "original": "integrate(6 - 11*x + 6*x**2 - x**3, x)",
      "requested_difficulty": "easier",
      "variant": "integrate(6 - (x - 3)**2 + 3, x)",
      "reasoning": "As a geometry enthusiast, I think in terms of transformations. I could interpret the polynomial through a geometric transformation like shifting, leading to an easier integration process.",
      "evaluation": "easier",
      "extra_verification": null,
      "transformations_used": [
        "remove nested functions",
        "remove logarithmic terms",
        "simplify a trigonometric component"
      ],
      "timestamp": "2025-02-05T06:49:08.445829Z"
    },
    {
      "original": "integrate(6 - 11*x + 6*x**2 - x**3, x)",
      "requested_difficulty": "easier",
      "variant": "integrate(3*x**2 - 11*x + 6 + 3 - 0.5*x**3, x)",
      "reasoning": "Being a calculus professor again, I see that integrating the polynomial in parts might simplify the work. I express it as a sum of simpler integrals.",
      "evaluation": "equivalent",
      "extra_verification": null,
      "transformations_used": [
        "remove nested functions",
        "remove logarithmic terms",
        "simplify a trigonometric component"
      ],
      "timestamp": "2025-02-05T06:49:08.250581Z"
    },
    {
      "original": "integrate(6 - 11*x + 6*x**2 - x**3, x)",
      "requested_difficulty": "easier",
      "variant": "integrate(6 - 11*x + (x**2 - 0.9*x**2)*6 - x**3, x)",
      "reasoning": "As a number theorist, I can apply the distinction between even and odd powers to simplify the integral's approach to integration by parts for easier computation.",
      "evaluation": "equivalent",
      "extra_verification": null,
      "transformations_used": [
        "remove nested functions",
        "remove logarithmic terms",
        "simplify a trigonometric component"
      ],
      "timestamp": "2025-02-05T06:49:08.347784Z"
    },
    {
      "original": "integrate(6 - 11*x + 6*x**2 - x**3, x)",
      "requested_difficulty": "easier",
      "variant": "integrate(6 - 11*(x - 1) + 6*(x - 1)**2 - (x - 1)**3, x)",
      "reasoning": "As a creative mathematician, I can introduce a substitution that also transforms the limits of approach in a more conventional way, preserving the essence while offering easier integration.",
      "evaluation": "equivalent",
      "extra_verification": null,
      "transformations_used": [
        "remove nested functions",
        "remove logarithmic terms",
        "simplify a trigonometric component"
      ],
      "timestamp": "2025-02-05T06:49:11.374314Z"
    },
    {
      "original": "integrate(6 - 11*x + 6*x**2 - x**3, x)",
      "requested_difficulty": "easier",
      "variant": "integrate((x - 3)*(x - 2)*(x - 1), x)",
      "reasoning": "As a calculus professor, I appreciate finding the roots of polynomial functions. By factoring the cubic polynomial, we can simplify our integral significantly.",
      "evaluation": "easier",
      "extra_verification": null,
      "transformations_used": [
        "simplify the denominator",
        "simplify composite trigonometric functions",
        "remove a factor",
        "remove nested functions",
        "drop a subexpression"
      ],
      "timestamp": "2025-02-05T06:49:07.918864Z"
    },
    {
      "original": "integrate(6 - 11*x + 6*x**2 - x**3, x)",
      "requested_difficulty": "equivalent",
      "variant": "integrate(-x**3 + 6*x**2 - 11*x + 6, x)",
      "reasoning": "As a calculus professor, I appreciate elegant simplifications. Here, I can group the terms in such a way to highlight the symmetry among the coefficients, allowing for a clean factorization.",
      "evaluation": "equivalent",
      "extra_verification": null,
      "transformations_used": [
        "change variables while maintaining complexity",
        "exchange similar functions (e.g., sin to cos)",
        "alter constant terms",
        "rewrite the integrand in a different form without changing overall complexity",
        "apply algebraic identities that preserve complexity"
      ],
      "timestamp": "2025-02-05T06:49:09.565004Z"
    },
    {
      "original": "integrate(6 - 11*x + 6*x**2 - x**3, x)",
      "requested_difficulty": "equivalent",
      "variant": "integrate(-(x - 2)**3 + 2, x)",
      "reasoning": "As a student focused on polynomials, I want to express this integral in terms of a single variable raised to the power of the third degree. I will rearrange it into a zero-centered polynomial.",
      "evaluation": "easier",
      "extra_verification": null,
      "transformations_used": [
        "change variables while maintaining complexity",
        "exchange similar functions (e.g., sin to cos)",
        "alter constant terms",
        "rewrite the integrand in a different form without changing overall complexity",
        "apply algebraic identities that preserve complexity"
      ],
      "timestamp": "2025-02-05T06:49:09.594067Z"
    },
    {
      "original": "integrate(6 - 11*x + 6*x**2 - x**3, x)",
      "requested_difficulty": "equivalent",
      "variant": "integrate(6 - (11/2)*x + (3/2)*(2*x - x**2) - (1/3)*(x**3), x)",
      "reasoning": "As an engineer, I lean towards practical approaches. I will break down the polynomial and rewrite the integral using piecewise linear forms, which represent the polynomial as multiple linear segments.",
      "evaluation": "equivalent",
      "extra_verification": null,
      "transformations_used": [
        "change variables while maintaining complexity",
        "exchange similar functions (e.g., sin to cos)",
        "alter constant terms",
        "rewrite the integrand in a different form without changing overall complexity",
        "apply algebraic identities that preserve complexity"
      ],
      "timestamp": "2025-02-05T06:49:09.670626Z"
    },
    {
      "original": "integrate(6 - 11*x + 6*x**2 - x**3, x)",
      "requested_difficulty": "equivalent",
      "variant": "integrate(6 - 11*(x - 2) + 6*(x - 2)**2 - (x - 2)**3, x)",
      "reasoning": "As a geometry enthusiast, I'd express this integrand in terms of geometric transformations, like translations and scalings. I will shift the function side to focus on centering it around a point.",
      "evaluation": "equivalent",
      "extra_verification": null,
      "transformations_used": [
        "change variables while maintaining complexity",
        "exchange similar functions (e.g., sin to cos)",
        "alter constant terms",
        "rewrite the integrand in a different form without changing overall complexity",
        "apply algebraic identities that preserve complexity"
      ],
      "timestamp": "2025-02-05T06:49:09.571740Z"
    },
    {
      "original": "integrate(6 - 11*x + 6*x**2 - x**3, x)",
      "requested_difficulty": "equivalent",
      "variant": "integrate(-x**3 + 6*(x**2 - 2*x + 1), x)",
      "reasoning": "As a student focused on polynomials, I find it interesting to group the first two terms separately from the last two and factor out some common terms in a different way.",
      "evaluation": "equivalent",
      "extra_verification": null,
      "transformations_used": [
        "alter constant terms",
        "rearrange the order of terms",
        "adjust parameters while keeping the integral equivalent",
        "rewrite the integrand in a different form without changing overall complexity",
        "factor common terms differently"
      ],
      "timestamp": "2025-02-05T06:49:00.861936Z"
    },
    {
      "original": "integrate(6 - 11*x + 6*x**2 - x**3, x)",
      "requested_difficulty": "equivalent",
      "variant": "integrate(6 - 11*x + 6*x**2 - x**3 + x - x, x)",
      "reasoning": "I am an engineer who values practical calculation. I will add and subtract the same term to create a new structure around the polynomial, allowing calculations to proceed smoothly.",
      "evaluation": "equivalent",
      "extra_verification": null,
      "transformations_used": [
        "alter constant terms",
        "rearrange the order of terms",
        "adjust parameters while keeping the integral equivalent",
        "rewrite the integrand in a different form without changing overall complexity",
        "factor common terms differently"
      ],
      "timestamp": "2025-02-05T06:49:01.016771Z"
    },
    {
      "original": "integrate(6 - 11*x + 6*x**2 - x**3, x)",
      "requested_difficulty": "equivalent",
      "variant": "integrate(6*(1 - (x - 1)**2) - (x - 1)**3 + 2*(x - 1), x)",
      "reasoning": "From the perspective of a geometry enthusiast, I can view this polynomial as a geometric transformation that maps from one polynomial shape to another while maintaining its essential properties.",
      "evaluation": "equivalent",
      "extra_verification": null,
      "transformations_used": [
        "alter constant terms",
        "rearrange the order of terms",
        "adjust parameters while keeping the integral equivalent",
        "rewrite the integrand in a different form without changing overall complexity",
        "factor common terms differently"
      ],
      "timestamp": "2025-02-05T06:49:00.866696Z"
    },
    {
      "original": "integrate(6 - 11*x + 6*x**2 - x**3, x)",
      "requested_difficulty": "equivalent",
      "variant": "integrate((2*3) - (11) * x + (2*3) * x**2 - (1) * x**3, x)",
      "reasoning": "As a number theorist fascinated by prime numbers, I could explore factoring the coefficients into primes while maintaining the polynomial structure intact.",
      "evaluation": "equivalent",
      "extra_verification": null,
      "transformations_used": [
        "alter constant terms",
        "rearrange the order of terms",
        "adjust parameters while keeping the integral equivalent",
        "rewrite the integrand in a different form without changing overall complexity",
        "factor common terms differently"
      ],
      "timestamp": "2025-02-05T06:49:01.107987Z"
    },
    {
      "original": "integrate(6 - 11*x + 6*x**2 - x**3, x)",
      "requested_difficulty": "equivalent",
      "variant": "integrate(6*exp(0) - 11*x*exp(0) + 6*x**2*exp(0) - x**3*exp(0), x)",
      "reasoning": "Adopting a theoretical physicist\u2019s viewpoint again, I can make a connection between polynomials and exponential decay, viewing the leading term's coefficient as having physical significance.",
      "evaluation": "equivalent",
      "extra_verification": null,
      "transformations_used": [
        "alter constant terms",
        "rearrange the order of terms",
        "adjust parameters while keeping the integral equivalent",
        "rewrite the integrand in a different form without changing overall complexity",
        "factor common terms differently"
      ],
      "timestamp": "2025-02-05T06:49:00.864992Z"
    },
    {
      "original": "integrate(6 - 11*x + 6*x**2 - x**3, x)",
      "requested_difficulty": "equivalent",
      "variant": "integrate((6/x) - (11) + 6*x - (x**3/x), x)",
      "reasoning": "As a student focused on rational functions, I'm interested in expressing the polynomial as the sum of its parts in a rational way, perhaps adding polynomial fractions while still keeping it a solid polynomial.",
      "evaluation": "equivalent",
      "extra_verification": null,
      "transformations_used": [
        "alter constant terms",
        "rearrange the order of terms",
        "adjust parameters while keeping the integral equivalent",
        "rewrite the integrand in a different form without changing overall complexity",
        "factor common terms differently"
      ],
      "timestamp": "2025-02-05T06:49:01.013596Z"
    }
  ],
  [
    {
      "original": "integrate(1/(x*sqrt(x**2-1)), (x, 1, 2))",
      "requested_difficulty": "easier",
      "variant": "integrate(1/(x*(x-1)), x)",
      "reasoning": "As an engineer who favors practical approaches, I propose to approximate or re-write the integral in a more computational form, focusing on linear approximations in certain bounds.",
      "evaluation": "easier",
      "extra_verification": null,
      "transformations_used": [
        "remove logarithmic terms",
        "reduce an exponent",
        "remove a factor",
        "remove nested functions",
        "simplify a trigonometric component"
      ],
      "timestamp": "2025-02-05T06:49:00.574154Z"
    },
    {
      "original": "integrate(1/(x*sqrt(x**2-1)), (x, 1, 2))",
      "requested_difficulty": "easier",
      "variant": "integrate(1/(x**(3/2)), x)",
      "reasoning": "Embracing the spirit of elegant simplifications, I will reduce the exponent in the denominator to make factors more manageable without fully eliminating key aspects of the original challenge.",
      "evaluation": "easier",
      "extra_verification": null,
      "transformations_used": [
        "remove logarithmic terms",
        "reduce an exponent",
        "remove a factor",
        "remove nested functions",
        "simplify a trigonometric component"
      ],
      "timestamp": "2025-02-05T06:49:00.612702Z"
    },
    {
      "original": "integrate(1/(x*sqrt(x**2-1)), (x, 1, 2))",
      "requested_difficulty": "easier",
      "variant": "integrate(1/(x-1), x)",
      "reasoning": "I recognize that removing nested functions simplifies handling the integral, thus I'll express it without the nested square root, making it more straightforward for manipulation.",
      "evaluation": "easier",
      "extra_verification": null,
      "transformations_used": [
        "remove logarithmic terms",
        "reduce an exponent",
        "remove a factor",
        "remove nested functions",
        "simplify a trigonometric component"
      ],
      "timestamp": "2025-02-05T06:49:01.202486Z"
    },
    {
      "original": "integrate(1/(x*sqrt(x**2-1)), (x, 1, 2))",
      "requested_difficulty": "equivalent",
      "variant": "integrate(x**(-1) * (x**2 - 1)**(-1/2), x)",
      "reasoning": "As an engineer focused on computational approaches, I choose to transform the square root directly into a power, making it easier for numerical methods while keeping the integrand challenging.",
      "evaluation": "easier",
      "extra_verification": null,
      "transformations_used": [
        "exchange similar functions (e.g., sin to cos)",
        "change variables while maintaining complexity",
        "rewrite using alternate algebraic forms"
      ],
      "timestamp": "2025-02-05T06:49:03.558207Z"
    },
    {
      "original": "integrate(1/(x*sqrt(x**2-1)), (x, 1, 2))",
      "requested_difficulty": "equivalent",
      "variant": "integrate(1/(x*(x**2-1)**(1/2)), x)",
      "reasoning": "Embracing an algebraic approach as a student, I prefer rationalizing using polynomial forms to analyze the behavior of the integrand by reconstructing it into fraction form.",
      "evaluation": "easier",
      "extra_verification": null,
      "transformations_used": [
        "exchange similar functions (e.g., sin to cos)",
        "change variables while maintaining complexity",
        "rewrite using alternate algebraic forms"
      ],
      "timestamp": "2025-02-05T06:49:03.448655Z"
    }
  ],
  [
    {
      "original": "integrate(sin(sin(x))*cos(sin(x))*cos(x), x)",
      "requested_difficulty": "easier",
      "variant": "integrate(1/2 * sin(2*sin(x)) * cos(x), x)",
      "reasoning": "As a calculus professor, I like to simplify expressions where possible. Noticing that \\( \\sin(\\sin(x)) \\cos(\\sin(x)) \\) can be expressed as \\( \\frac{1}{2} \\sin(2\\sin(x)) \\), I can transform the integral into a more manageable form.",
      "evaluation": "easier",
      "extra_verification": null,
      "transformations_used": [
        "reduce an exponent",
        "reduce the number of terms in the expression",
        "simplify a trigonometric component",
        "convert a product to a simpler sum",
        "simplify the denominator"
      ],
      "timestamp": "2025-02-05T06:49:13.316637Z"
    },
    {
      "original": "integrate(sin(sin(x))*cos(sin(x))*cos(x), x)",
      "requested_difficulty": "easier",
      "variant": "integrate(1/2 * sin(2*sin(x)), x)",
      "reasoning": "As a student who prefers working with polynomials, I am inclined towards expanding products. I will use the identity for the product \\( \\sin(\\sin(x)) \\cos(\\sin(x)) = \\frac{1}{2} \\sin(2\\sin(x)) \\) and then proceed to handle it with polynomial coefficients.",
      "evaluation": "easier",
      "extra_verification": null,
      "transformations_used": [
        "reduce an exponent",
        "reduce the number of terms in the expression",
        "simplify a trigonometric component",
        "convert a product to a simpler sum",
        "simplify the denominator"
      ],
      "timestamp": "2025-02-05T06:49:13.125186Z"
    },
    {
      "original": "integrate(sin(sin(x))*cos(sin(x))*cos(x), x)",
      "requested_difficulty": "easier",
      "variant": "integrate(sin(sin(x)) * cos(x), x)",
      "reasoning": "As a calculus professor, applying symmetry in the integral is useful. I can look into \\( \\sin(\\sin(x)) \\) being odd and how term regrouping can lead to simpler integrability.",
      "evaluation": "easier",
      "extra_verification": null,
      "transformations_used": [
        "reduce an exponent",
        "reduce the number of terms in the expression",
        "simplify a trigonometric component",
        "convert a product to a simpler sum",
        "simplify the denominator"
      ],
      "timestamp": "2025-02-05T06:49:13.157307Z"
    },
    {
      "original": "integrate(sin(sin(x))*cos(sin(x))*cos(x), x)",
      "requested_difficulty": "easier",
      "variant": "integrate((1/2 * (sin(sin(x)+x) + sin(sin(x)-x))), x)",
      "reasoning": "As a theoretical physicist fascinated by Fourier analysis, I'll consider reducing the product \\( \\sin(\\sin(x)) \\cos(x) \\) using a transform to explore different frequencies, possibly leading to a Fourier-like series integral.",
      "evaluation": "easier",
      "extra_verification": null,
      "transformations_used": [
        "reduce an exponent",
        "reduce the number of terms in the expression",
        "simplify a trigonometric component",
        "convert a product to a simpler sum",
        "simplify the denominator"
      ],
      "timestamp": "2025-02-05T06:49:13.173074Z"
    },
    {
      "original": "integrate(sin(sin(x))*cos(sin(x))*cos(x), x)",
      "requested_difficulty": "easier",
      "variant": "integrate(0.5*sin(2*sin(x))*cos(x), x)",
      "reasoning": "As a calculus professor, I love simplifying expressions. Noticing that the integral contains the product of sine and cosine involving another sine function, I can simplify the integrand to use a single function. I will use the identity for sine product to rewrite it.",
      "evaluation": "easier",
      "extra_verification": null,
      "transformations_used": [
        "change a function to an easier one",
        "simplify composite trigonometric functions",
        "remove a complicated term"
      ],
      "timestamp": "2025-02-05T06:49:09.201808Z"
    },
    {
      "original": "integrate(sin(sin(x))*cos(sin(x))*cos(x), x)",
      "requested_difficulty": "easier",
      "variant": "integrate((exp(I*sin(x)) - exp(-I*sin(x)))*(cos(sin(x)))*cos(x)/(2*I), x)",
      "reasoning": "As a theoretical physicist, I may recast trigonometric functions using exponential forms, which can lead to easier manipulations. I'll use Euler's formula to express the sine functions as complex exponentials.",
      "evaluation": "equivalent",
      "extra_verification": null,
      "transformations_used": [
        "change a function to an easier one",
        "simplify composite trigonometric functions",
        "remove a complicated term"
      ],
      "timestamp": "2025-02-05T06:49:09.364430Z"
    },
    {
      "original": "integrate(sin(sin(x))*cos(sin(x))*cos(x), x)",
      "requested_difficulty": "easier",
      "variant": "integrate((sin(x) * cos(x) * (1-sin(x)**2/2)), x)",
      "reasoning": "As an engineer, I find that using numerical approximations can sometimes simplify handling complex integrals. Here, I will substitute a small-angle approximation for \\( \\sin(x) \\) to obtain a simplified rational function.",
      "evaluation": "easier",
      "extra_verification": null,
      "transformations_used": [
        "change a function to an easier one",
        "simplify composite trigonometric functions",
        "remove a complicated term"
      ],
      "timestamp": "2025-02-05T06:49:09.240466Z"
    },
    {
      "original": "integrate(sin(sin(x))*cos(sin(x))*cos(x), x)",
      "requested_difficulty": "easier",
      "variant": "integrate(sin(sin(x + \u03c0))*cos(sin(x + \u03c0))*cos(x + \u03c0), x)",
      "reasoning": "As a calculus professor again, I reflect on symmetry. Recognizing periodic properties of sine and cosine functions, I can shift the variable in a way that reduces complexity, harnessing periodicity.",
      "evaluation": "equivalent",
      "extra_verification": null,
      "transformations_used": [
        "change a function to an easier one",
        "simplify composite trigonometric functions",
        "remove a complicated term"
      ],
      "timestamp": "2025-02-05T06:49:09.232089Z"
    },
    {
      "original": "integrate(sin(sin(x))*cos(sin(x))*cos(x), x)",
      "requested_difficulty": "easier",
      "variant": "integrate(((x - x**3/6) * (1 - x**2/2)), x)",
      "reasoning": "Finally, as an engineer again, I suggest employing a substitution that approximates \\( \\sin(x) \\) with its Taylor expansion for small \\( x \\), leading to less intricate calculations overall.",
      "evaluation": "easier",
      "extra_verification": null,
      "transformations_used": [
        "change a function to an easier one",
        "simplify composite trigonometric functions",
        "remove a complicated term"
      ],
      "timestamp": "2025-02-05T06:49:09.258628Z"
    },
    {
      "original": "integrate(sin(sin(x))*cos(sin(x))*cos(x), x)",
      "requested_difficulty": "equivalent",
      "variant": "integrate(sin(sin(x)) * (1 - (sin(x)**2)/2 + (sin(x)**4)/24) * cos(x), x)",
      "reasoning": "As a student keen on polynomials, I see that I can expand \\( \\cos(\\sin(x)) \\) using its Taylor series, then integrate term by term. This gives an alternate but equally complex representation.",
      "evaluation": "easier",
      "extra_verification": null,
      "transformations_used": [
        "rewrite using alternate algebraic forms",
        "rewrite the integrand in a different form without changing overall complexity",
        "adjust parameters while keeping the integral equivalent"
      ],
      "timestamp": "2025-02-05T06:49:03.020753Z"
    },
    {
      "original": "integrate(sin(sin(x))*cos(sin(x))*cos(x), x)",
      "requested_difficulty": "equivalent",
      "variant": "integrate((1 - cos(sin(x))**2) * cos(sin(x)) * cos(x), x)",
      "reasoning": "As a calculus professor who loves elegant simplifications, I notice that \\( \\sin(sin(x)) \\) can be substituted with \\( 1 - \\cos^2(sin(x)) \\) to provide a different perspective on the integral. This leads to a new form that still retains complexity.",
      "evaluation": "easier",
      "extra_verification": null,
      "transformations_used": [
        "use alternate but equivalent radical forms",
        "rearrange the order of terms",
        "rewrite using alternate algebraic forms"
      ],
      "timestamp": "2025-02-05T06:49:10.710246Z"
    },
    {
      "original": "integrate(sin(sin(x))*cos(sin(x))*cos(x), x)",
      "requested_difficulty": "equivalent",
      "variant": "integrate((1/2)*(sin(sin(x) + x) + sin(sin(x) - x)), x)",
      "reasoning": "As a student who prefers polynomials and rational functions, exploring the product-to-sum identities could provide an interesting alternative representation. By expressing \\( \\sin(a)\\cos(b) = \\frac{1}{2}[\\sin(a + b) + \\sin(a - b)] \\), I can rewrite this integral accordingly.",
      "evaluation": "easier",
      "extra_verification": null,
      "transformations_used": [
        "use alternate but equivalent radical forms",
        "rearrange the order of terms",
        "rewrite using alternate algebraic forms"
      ],
      "timestamp": "2025-02-05T06:49:10.600827Z"
    },
    {
      "original": "integrate(sin(sin(x))*cos(sin(x))*cos(x), x)",
      "requested_difficulty": "equivalent",
      "variant": "integrate(3 * sin(sin(x)) * cos(sin(x)) * cos(x), x)",
      "reasoning": "As a number theorist fascinated by prime numbers, I see that I can introduce a constant coefficient based on a prime number, providing another layer of multiplicative complexity to the integral.",
      "evaluation": "equivalent",
      "extra_verification": null,
      "transformations_used": [
        "use alternate but equivalent radical forms",
        "rearrange the order of terms",
        "rewrite using alternate algebraic forms"
      ],
      "timestamp": "2025-02-05T06:49:10.682355Z"
    }
  ],
  [
    {
      "original": "integrate(1/(x**2 - 15*x - 2014), x)",
      "requested_difficulty": "easier",
      "variant": "integrate(1/((x - 7.5)**2 - (15/2)**2 + 2014), x)",
      "reasoning": "As a calculus professor, I appreciate when we can complete the square in the denominator which simplifies the integrand significantly. This makes it easier to integrate.",
      "evaluation": "easier",
      "extra_verification": null,
      "transformations_used": [
        "convert a product to a simpler sum",
        "eliminate absolute value terms",
        "simplify composite trigonometric functions",
        "remove a factor",
        "remove a complicated term"
      ],
      "timestamp": "2025-02-05T06:49:00.741642Z"
    },
    {
      "original": "integrate(1/(x**2 - 15*x - 2014), x)",
      "requested_difficulty": "easier",
      "variant": "integrate(1/((x - 15/2)**2 - 2169.75), x)",
      "reasoning": "As a student comfortable with polynomial functions, I prefer breaking down the polynomial to simpler rational functions if possible by factoring.",
      "evaluation": "easier",
      "extra_verification": null,
      "transformations_used": [
        "convert a product to a simpler sum",
        "eliminate absolute value terms",
        "simplify composite trigonometric functions",
        "remove a factor",
        "remove a complicated term"
      ],
      "timestamp": "2025-02-05T06:49:00.619305Z"
    },
    {
      "original": "integrate(1/(x**2 - 15*x - 2014), x)",
      "requested_difficulty": "easier",
      "variant": "integrate(1/((x + 15/2))^2 - 3509.75), x)",
      "reasoning": "As a calculus lover focusing on elegance, I focus on expressing in simpler polynomial terms which help avoid complex roots.",
      "evaluation": "easier",
      "extra_verification": null,
      "transformations_used": [
        "convert a product to a simpler sum",
        "eliminate absolute value terms",
        "simplify composite trigonometric functions",
        "remove a factor",
        "remove a complicated term"
      ],
      "timestamp": "2025-02-05T06:49:00.652979Z"
    },
    {
      "original": "integrate(1/(x**2 - 15*x - 2014), x)",
      "requested_difficulty": "easier",
      "variant": "integrate(1/((x + 7.5)^2 - 15^2 - 2014), x)",
      "reasoning": "As an abstract mathematician, I am interested in symmetric properties of quadratic expressions that can yield neat results.",
      "evaluation": "easier",
      "extra_verification": null,
      "transformations_used": [
        "convert a product to a simpler sum",
        "eliminate absolute value terms",
        "simplify composite trigonometric functions",
        "remove a factor",
        "remove a complicated term"
      ],
      "timestamp": "2025-02-05T06:49:00.633034Z"
    },
    {
      "original": "integrate(1/(x**2 - 15*x - 2014), x)",
      "requested_difficulty": "easier",
      "variant": "integrate(1/((x - (15/2))**2 - (15/2)**2 - 2014), x)",
      "reasoning": "As a calculus professor, I see that I can complete the square in the denominator to simplify the integral. This can make the evaluation more straightforward.",
      "evaluation": "easier",
      "extra_verification": null,
      "transformations_used": [
        "change a function to an easier one",
        "remove a complicated term",
        "simplify the denominator",
        "reduce an exponent",
        "replace a complex fraction with a simpler one"
      ],
      "timestamp": "2025-02-05T06:49:04.227480Z"
    },
    {
      "original": "integrate(1/(x**2 - 15*x - 2014), x)",
      "requested_difficulty": "easier",
      "variant": "integrate(1/(x**2 - 15*x), x)",
      "reasoning": "As a student focused on polynomials, I want to reduce the degree of the polynomial. I'll consider the integral of the reciprocal of a simpler polynomial, removing the constant term.",
      "evaluation": "easier",
      "extra_verification": null,
      "transformations_used": [
        "change a function to an easier one",
        "remove a complicated term",
        "simplify the denominator",
        "reduce an exponent",
        "replace a complex fraction with a simpler one"
      ],
      "timestamp": "2025-02-05T06:49:04.441182Z"
    },
    {
      "original": "integrate(1/(x**2 - 15*x - 2014), x)",
      "requested_difficulty": "easier",
      "variant": "integrate(1/(x**2 - (sqrt(2014) + 15)**2), x)",
      "reasoning": "As a theoretical physicist, I'd explore using trigonometric identities. I will rewrite in terms of tangent, but first rewrite the denominator to make it a difference of squares.",
      "evaluation": "easier",
      "extra_verification": null,
      "transformations_used": [
        "change a function to an easier one",
        "remove a complicated term",
        "simplify the denominator",
        "reduce an exponent",
        "replace a complex fraction with a simpler one"
      ],
      "timestamp": "2025-02-05T06:49:04.240996Z"
    },
    {
      "original": "integrate(1/(x**2 - 15*x - 2014), x)",
      "requested_difficulty": "easier",
      "variant": "integrate(1/(x**2 - 15*x - 201), x)",
      "reasoning": "As an engineer, I consider practical computation. I will evaluate a simplified version of the original, specifically reducing the constants for easier calculation.",
      "evaluation": "easier",
      "extra_verification": null,
      "transformations_used": [
        "change a function to an easier one",
        "remove a complicated term",
        "simplify the denominator",
        "reduce an exponent",
        "replace a complex fraction with a simpler one"
      ],
      "timestamp": "2025-02-05T06:49:04.418721Z"
    },
    {
      "original": "integrate(1/(x**2 - 15*x - 2014), x)",
      "requested_difficulty": "easier",
      "variant": "integrate(1/(x**2 - 3*x - 20), x)",
      "reasoning": "As a number theorist, I am intrigued by simpler rational functions. Let's consider a similar rational function using smaller coefficients for exploration.",
      "evaluation": "easier",
      "extra_verification": null,
      "transformations_used": [
        "change a function to an easier one",
        "remove a complicated term",
        "simplify the denominator",
        "reduce an exponent",
        "replace a complex fraction with a simpler one"
      ],
      "timestamp": "2025-02-05T06:49:04.284705Z"
    },
    {
      "original": "integrate(1/(x**2 - 15*x - 2014), x)",
      "requested_difficulty": "easier",
      "variant": "integrate(1/(x**2 + 4*x + 4 - 2014), x)",
      "reasoning": "As a geometry enthusiast, I interpret the quadratic as a geometric transformation. I can express it in terms of a parabola shifted to center at a different point.",
      "evaluation": "easier",
      "extra_verification": null,
      "transformations_used": [
        "change a function to an easier one",
        "remove a complicated term",
        "simplify the denominator",
        "reduce an exponent",
        "replace a complex fraction with a simpler one"
      ],
      "timestamp": "2025-02-05T06:49:04.254741Z"
    },
    {
      "original": "integrate(1/(x**2 - 15*x - 2014), x)",
      "requested_difficulty": "equivalent",
      "variant": "integrate(1/((x - (15/2))**2 - (15**2/4 + 2014)), x)",
      "reasoning": "As a calculus professor, I enjoy making expressions more manageable. I can complete the square in the denominator, making it easier to visualize the transformation.",
      "evaluation": "easier",
      "extra_verification": null,
      "transformations_used": [
        "swap numerator and denominator with reciprocal",
        "adjust parameters while keeping the integral equivalent",
        "rewrite the integrand in a different form without changing overall complexity"
      ],
      "timestamp": "2025-02-05T06:49:08.220714Z"
    },
    {
      "original": "integrate(1/(x**2 - 15*x - 2014), x)",
      "requested_difficulty": "equivalent",
      "variant": "integrate(1/(-2014 + (x**2 - 15*x)), x)",
      "reasoning": "As a student who enjoys polynomials, I can manipulate the integral by rewriting the denominator as a signed difference to facilitate partial fraction decomposition.",
      "evaluation": "equivalent",
      "extra_verification": null,
      "transformations_used": [
        "swap numerator and denominator with reciprocal",
        "adjust parameters while keeping the integral equivalent",
        "rewrite the integrand in a different form without changing overall complexity"
      ],
      "timestamp": "2025-02-05T06:49:08.145840Z"
    },
    {
      "original": "integrate(1/(x**2 - 15*x - 2014), x)",
      "requested_difficulty": "equivalent",
      "variant": "integrate(1/(x**2 - 15*x - 2014 + 1/10000), x)",
      "reasoning": "As a number theorist, I have an interest in rational coefficients. I will express the numerator and denominator involving coefficients that allow for factorization.",
      "evaluation": "easier",
      "extra_verification": null,
      "transformations_used": [
        "swap numerator and denominator with reciprocal",
        "adjust parameters while keeping the integral equivalent",
        "rewrite the integrand in a different form without changing overall complexity"
      ],
      "timestamp": "2025-02-05T06:49:08.237868Z"
    },
    {
      "original": "integrate(1/(x**2 - 15*x - 2014), x)",
      "requested_difficulty": "equivalent",
      "variant": "integrate(1/(((x - 7.5)**2 - 2014) + 7.5**2), x)",
      "reasoning": "Being a geometry enthusiast, I can view the quadratic as an area representation and express it as a geometric transformation.",
      "evaluation": "easier",
      "extra_verification": null,
      "transformations_used": [
        "swap numerator and denominator with reciprocal",
        "adjust parameters while keeping the integral equivalent",
        "rewrite the integrand in a different form without changing overall complexity"
      ],
      "timestamp": "2025-02-05T06:49:08.223529Z"
    },
    {
      "original": "integrate(1/(x**2 - 15*x - 2014), x)",
      "requested_difficulty": "equivalent",
      "variant": "integrate(1/(1 - (15/x) - (2014/x**2)), x)",
      "reasoning": "As an engineer, I enjoy simplifying expressions virtually at computational levels. I can divide the numerator and denominator by \\(x^2\\) leading to a new viewpoint.",
      "evaluation": "easier",
      "extra_verification": null,
      "transformations_used": [
        "swap numerator and denominator with reciprocal",
        "adjust parameters while keeping the integral equivalent",
        "rewrite the integrand in a different form without changing overall complexity"
      ],
      "timestamp": "2025-02-05T06:49:08.306816Z"
    },
    {
      "original": "integrate(1/(x**2 - 15*x - 2014), x)",
      "requested_difficulty": "equivalent",
      "variant": "integrate(1/(2014 - (x - 15/2)**2), x)",
      "reasoning": "As a theoretical physicist, I would like to express the integral in an alternative approach by inverting the original function alongside appropriate transformations.",
      "evaluation": "easier",
      "extra_verification": null,
      "transformations_used": [
        "swap numerator and denominator with reciprocal",
        "adjust parameters while keeping the integral equivalent",
        "rewrite the integrand in a different form without changing overall complexity"
      ],
      "timestamp": "2025-02-05T06:49:08.385880Z"
    },
    {
      "original": "integrate(1/(x**2 - 15*x - 2014), x)",
      "requested_difficulty": "equivalent",
      "variant": "integrate(1/((x - 7.5)**2 - 2076.25), x)",
      "reasoning": "As a calculus professor, I simplify the problem by completing the square in the denominator.",
      "evaluation": "easier",
      "extra_verification": null,
      "transformations_used": [
        "modify an exponent slightly",
        "exchange similar functions (e.g., sin to cos)",
        "use trigonometric identities to rewrite expression",
        "rewrite the integrand in a different form without changing overall complexity",
        "rewrite using different logarithmic properties"
      ],
      "timestamp": "2025-02-05T06:49:07.777072Z"
    },
    {
      "original": "integrate(1/(x**2 - 15*x - 2014), x)",
      "requested_difficulty": "equivalent",
      "variant": "integrate(1/((x - (15 + sqrt(2079))) * (x - (15 - sqrt(2079)))), x)",
      "reasoning": "As a student focused on polynomials, I factor to obtain a different perspective on the rational function, using polynomials' roots.",
      "evaluation": "easier",
      "extra_verification": null,
      "transformations_used": [
        "modify an exponent slightly",
        "exchange similar functions (e.g., sin to cos)",
        "use trigonometric identities to rewrite expression",
        "rewrite the integrand in a different form without changing overall complexity",
        "rewrite using different logarithmic properties"
      ],
      "timestamp": "2025-02-05T06:49:07.511032Z"
    },
    {
      "original": "integrate(1/(x**2 - 15*x - 2014), x)",
      "requested_difficulty": "equivalent",
      "variant": "integrate(1/(exp(2 * log(x)) - 15 * exp(log(x)) - 2014), x)",
      "reasoning": "As a theoretical physicist, I express it in the form that exhibits oscillatory behavior via complex exponentials.",
      "evaluation": "equivalent",
      "extra_verification": null,
      "transformations_used": [
        "modify an exponent slightly",
        "exchange similar functions (e.g., sin to cos)",
        "use trigonometric identities to rewrite expression",
        "rewrite the integrand in a different form without changing overall complexity",
        "rewrite using different logarithmic properties"
      ],
      "timestamp": "2025-02-05T06:49:07.583650Z"
    },
    {
      "original": "integrate(1/(x**2 - 15*x - 2014), x)",
      "requested_difficulty": "equivalent",
      "variant": "integrate(1/(x**2/2 - 15*x/2 - 1007), x)",
      "reasoning": "As an engineer, I replicate the structure of the integrand but recombine fractional terms to maintain complexity.",
      "evaluation": "equivalent",
      "extra_verification": null,
      "transformations_used": [
        "modify an exponent slightly",
        "exchange similar functions (e.g., sin to cos)",
        "use trigonometric identities to rewrite expression",
        "rewrite the integrand in a different form without changing overall complexity",
        "rewrite using different logarithmic properties"
      ],
      "timestamp": "2025-02-05T06:49:07.606144Z"
    }
  ]
]