[
  [
    {
      "original": "integrate(sin(x)/sin(x+pi/4), (x, 0, pi/2))",
      "requested_difficulty": "easier",
      "variant": "integrate(sin(x)/(sqrt(2)/2*sin(x) + sqrt(2)/2*cos(x)), x)",
      "reasoning": "As a calculus professor, I notice that we can use the known integral property of symmetry and periodicity of sine functions. We can simplify the integral by rewriting the denominator with a factor we know performs better in specific intervals.",
      "evaluation": "easier",
      "extra_verification": null,
      "transformations_used": [
        "replace a complex fraction with a simpler one",
        "simplify composite trigonometric functions",
        "eliminate absolute value terms",
        "replace transcendental functions with simpler algebraic ones",
        "drop a subexpression"
      ],
      "timestamp": "2025-02-05T06:31:39.569011Z"
    },
    {
      "original": "integrate(sin(x)/sin(x+pi/4), (x, 0, pi/2))",
      "requested_difficulty": "easier",
      "variant": "integrate(1/(1+0.5*(1-cos(2*x))), x)",
      "reasoning": "As an engineer, I'll aim for practical computational methods. Numerical integration is often easier and can provide sufficient accuracy for specific ranges like [0, pi/2].",
      "evaluation": "easier",
      "extra_verification": null,
      "transformations_used": [
        "replace a complex fraction with a simpler one",
        "simplify composite trigonometric functions",
        "eliminate absolute value terms",
        "replace transcendental functions with simpler algebraic ones",
        "drop a subexpression"
      ],
      "timestamp": "2025-02-05T06:31:39.622054Z"
    },
    {
      "original": "integrate(sin(x)/sin(x+pi/4), (x, 0, pi/2))",
      "requested_difficulty": "easier",
      "variant": "integrate(0.5*sin(2*x), x)",
      "reasoning": "A number theorist like me would focus on expressing the problem in terms of rational coefficients, perhaps relating the integral to averages of primes or rational roots.",
      "evaluation": "easier",
      "extra_verification": null,
      "transformations_used": [
        "replace a complex fraction with a simpler one",
        "simplify composite trigonometric functions",
        "eliminate absolute value terms",
        "replace transcendental functions with simpler algebraic ones",
        "drop a subexpression"
      ],
      "timestamp": "2025-02-05T06:31:39.574707Z"
    },
    {
      "original": "integrate(sin(x)/sin(x+pi/4), (x, 0, pi/2))",
      "requested_difficulty": "easier",
      "variant": "integrate(tan(x)/(1 + tan(x)**2), x)",
      "reasoning": "Viewing it through the lens of geometry, an elegant way to solve the integral is to relate the sine functions to tangent ratios, where we can visualize this geometrically in a right triangle.",
      "evaluation": "easier",
      "extra_verification": null,
      "transformations_used": [
        "replace a complex fraction with a simpler one",
        "simplify composite trigonometric functions",
        "eliminate absolute value terms",
        "replace transcendental functions with simpler algebraic ones",
        "drop a subexpression"
      ],
      "timestamp": "2025-02-05T06:31:39.821571Z"
    },
    {
      "original": "integrate(sin(x)/sin(x+pi/4), (x, 0, pi/2))",
      "requested_difficulty": "easier",
      "variant": "integrate(2*cos(pi/4)*sin(x) / cos(pi/4 - x), x)",
      "reasoning": "A functional analyst would suggest simplifying the sine terms with their amplitude angles, converting to a more manageable composite function form, easing the integral evaluation.",
      "evaluation": "easier",
      "extra_verification": null,
      "transformations_used": [
        "replace a complex fraction with a simpler one",
        "simplify composite trigonometric functions",
        "eliminate absolute value terms",
        "replace transcendental functions with simpler algebraic ones",
        "drop a subexpression"
      ],
      "timestamp": "2025-02-05T06:31:39.780351Z"
    },
    {
      "original": "integrate(sin(x)/sin(x+pi/4), (x, 0, pi/2))",
      "requested_difficulty": "easier",
      "variant": "integrate(2*x/(x + 1), x)",
      "reasoning": "Adopting the role of an algebraist, I can convert the sine ratio into fractional forms, reducing complexity by approximating the values through rational functions.",
      "evaluation": "easier",
      "extra_verification": null,
      "transformations_used": [
        "replace a complex fraction with a simpler one",
        "simplify composite trigonometric functions",
        "eliminate absolute value terms",
        "replace transcendental functions with simpler algebraic ones",
        "drop a subexpression"
      ],
      "timestamp": "2025-02-05T06:31:39.608408Z"
    },
    {
      "original": "integrate(sin(x)/sin(x+pi/4), (x, 0, pi/2))",
      "requested_difficulty": "easier",
      "variant": "integrate(sin(x)/(sqrt(2)/2 * (sin(x) + cos(x))), x)",
      "reasoning": "As a calculus professor, I enjoy simplifying integrals. We can use the sine addition formula to express sin(x + \u03c0/4) in a simpler way, allowing easier manipulation of the integrand.",
      "evaluation": "easier",
      "extra_verification": null,
      "transformations_used": [
        "change a function to an easier one",
        "simplify composite trigonometric functions",
        "lower a coefficient",
        "eliminate a radical",
        "replace transcendental functions with simpler algebraic ones"
      ],
      "timestamp": "2025-02-05T06:31:40.352538Z"
    },
    {
      "original": "integrate(sin(x)/sin(x+pi/4), (x, 0, pi/2))",
      "requested_difficulty": "easier",
      "variant": "integrate(sin(x)/sqrt(2) * (sin(x) + cos(x)), x)",
      "reasoning": "As a geometry enthusiast, I reinterpret this expression geometrically. The integral essentially measures an area under a curve defined by trigonometric functions relative to transformations.",
      "evaluation": "easier",
      "extra_verification": null,
      "transformations_used": [
        "change a function to an easier one",
        "simplify composite trigonometric functions",
        "lower a coefficient",
        "eliminate a radical",
        "replace transcendental functions with simpler algebraic ones"
      ],
      "timestamp": "2025-02-05T06:31:40.300572Z"
    },
    {
      "original": "integrate(sin(x)/sin(x+pi/4), (x, 0, pi/2))",
      "requested_difficulty": "easier",
      "variant": "integrate(sin(x)/(sqrt(2)/2 * sin(x) + sqrt(2)/2 * cos(x)), x)",
      "reasoning": "As a calculus professor, I appreciate using symmetry in the sine function to simplify the integral. Noticing that \\(\\sin(x + \\frac{\\pi}{4})\\) can be expressed using angle addition formulas helps to rewrite the integrand more conveniently.",
      "evaluation": "easier",
      "extra_verification": null,
      "transformations_used": [
        "reduce an exponent",
        "remove logarithmic terms",
        "convert a product to a simpler sum"
      ],
      "timestamp": "2025-02-05T06:31:40.941925Z"
    },
    {
      "original": "integrate(sin(x)/sin(x+pi/4), (x, 0, pi/2))",
      "requested_difficulty": "equivalent",
      "variant": "integrate(sin(x) * sqrt(2) / (sin(x + pi/4) * sqrt(2)), x)",
      "reasoning": "As a calculus professor, I appreciate elegant simplifications. I note that if we multiply the numerator and denominator by \\(\\sqrt{2}\\), the integral remains unchanged, leading to a simpler form.",
      "evaluation": "equivalent",
      "extra_verification": null,
      "transformations_used": [
        "swap numerator and denominator with reciprocal",
        "distribute terms differently",
        "change variables while maintaining complexity",
        "rewrite using alternate algebraic forms",
        "factor common terms differently"
      ],
      "timestamp": "2025-02-05T06:31:40.993770Z"
    },
    {
      "original": "integrate(sin(x)/sin(x+pi/4), (x, 0, pi/2))",
      "requested_difficulty": "equivalent",
      "variant": "integrate((x - x**3/6 + x**5/120) / (sin(x + pi/4)), x)",
      "reasoning": "As a student focused on polynomials, I might also express \\(\\sin(x)\\) in terms of polynomial approximations, though I realize this may lead to complexity. This approach captures behavior around 0.",
      "evaluation": "easier",
      "extra_verification": null,
      "transformations_used": [
        "swap numerator and denominator with reciprocal",
        "distribute terms differently",
        "change variables while maintaining complexity",
        "rewrite using alternate algebraic forms",
        "factor common terms differently"
      ],
      "timestamp": "2025-02-05T06:31:40.943524Z"
    },
    {
      "original": "integrate(sin(x)/sin(x+pi/4), (x, 0, pi/2))",
      "requested_difficulty": "equivalent",
      "variant": "integrate((e^(ix) - e^(-ix)) / (e^(i(x + pi/4)) - e^(-i(x + pi/4))), x)",
      "reasoning": "As a theoretical physicist, I find using exponential forms enlightening. Notably, I can express \\(\\sin(x)\\) with Euler's formula to simplify the integral form.",
      "evaluation": "equivalent",
      "extra_verification": null,
      "transformations_used": [
        "swap numerator and denominator with reciprocal",
        "distribute terms differently",
        "change variables while maintaining complexity",
        "rewrite using alternate algebraic forms",
        "factor common terms differently"
      ],
      "timestamp": "2025-02-05T06:31:40.935436Z"
    },
    {
      "original": "integrate(sin(x)/sin(x+pi/4), (x, 0, pi/2))",
      "requested_difficulty": "equivalent",
      "variant": "integrate(sin(x + pi/4) / sin(x + pi/4), x)",
      "reasoning": "A number theorist would acutely observe symmetries and might focus on the behavior of the functions involved by importing periodic properties of sine. It can also be translated without loss of integral identity.",
      "evaluation": "easier",
      "extra_verification": null,
      "transformations_used": [
        "swap numerator and denominator with reciprocal",
        "distribute terms differently",
        "change variables while maintaining complexity",
        "rewrite using alternate algebraic forms",
        "factor common terms differently"
      ],
      "timestamp": "2025-02-05T06:31:40.850044Z"
    },
    {
      "original": "integrate(sin(x)/sin(x+pi/4), (x, 0, pi/2))",
      "requested_difficulty": "equivalent",
      "variant": "integrate(sin(pi/2 - x) / sin(pi/2 - (x + pi/4)), x)",
      "reasoning": "As a geometry enthusiast, I think in terms of transformations. Notably, I consider the effect of transforming \\(x\\) to \\(\\pi/2 - x\\) which reflects the integral into a new space but preserves the area.",
      "evaluation": "equivalent",
      "extra_verification": null,
      "transformations_used": [
        "swap numerator and denominator with reciprocal",
        "distribute terms differently",
        "change variables while maintaining complexity",
        "rewrite using alternate algebraic forms",
        "factor common terms differently"
      ],
      "timestamp": "2025-02-05T06:31:40.978540Z"
    }
  ]
]