[
  [
    {
      "original": "integrate(tan(x)**4*sec(x)**3 + tan(x)**2*sec(x)**5, x)",
      "requested_difficulty": "easier",
      "variant": "integrate(sec(x)**3 * (tan(x)**4 + tan(x)**2 * sec(x)**2), x)",
      "reasoning": "As a calculus professor, I appreciate elegance in simplification. By factoring out a common term, we can reduce the complexity of the integral.",
      "evaluation": "easier",
      "extra_verification": null,
      "transformations_used": [
        "reduce the number of terms in the expression",
        "convert a product to a simpler sum",
        "eliminate a radical",
        "remove nested functions",
        "replace transcendental functions with simpler algebraic ones"
      ],
      "timestamp": "2025-02-05T06:40:12.453334Z"
    },
    {
      "original": "integrate(tan(x)**4*sec(x)**3 + tan(x)**2*sec(x)**5, x)",
      "requested_difficulty": "easier",
      "variant": "integrate(((1 + tan(x)**2)**3) * (tan(x)**4 + tan(x)**2), x)",
      "reasoning": "As a student who loves polynomials, I prefer working with algebraic forms. Expressing secants in terms of tangents helps transition to polynomial-like behavior.",
      "evaluation": "easier",
      "extra_verification": null,
      "transformations_used": [
        "reduce the number of terms in the expression",
        "convert a product to a simpler sum",
        "eliminate a radical",
        "remove nested functions",
        "replace transcendental functions with simpler algebraic ones"
      ],
      "timestamp": "2025-02-05T06:40:12.425290Z"
    },
    {
      "original": "integrate(tan(x)**4*sec(x)**3 + tan(x)**2*sec(x)**5, x)",
      "requested_difficulty": "easier",
      "variant": "integrate((tan(x)**4 / cos(x)**3 + tan(x)**2 / cos(x)**5), x)",
      "reasoning": "Theoretical physicists often deal with trigonometric identities. Using the identity \\( \\sec(x) = \\frac{1}{\\cos(x)} \\) can streamline the computations.",
      "evaluation": "equivalent",
      "extra_verification": null,
      "transformations_used": [
        "reduce the number of terms in the expression",
        "convert a product to a simpler sum",
        "eliminate a radical",
        "remove nested functions",
        "replace transcendental functions with simpler algebraic ones"
      ],
      "timestamp": "2025-02-05T06:40:13.388956Z"
    },
    {
      "original": "integrate(tan(x)**4*sec(x)**3 + tan(x)**2*sec(x)**5, x)",
      "requested_difficulty": "easier",
      "variant": "integrate(tan(x)**2 * (tan(x)**2 + sec(x)**5), x)",
      "reasoning": "As an engineer focused on computational approaches, I see the integral's structure ripe for numerical methods. I will express it in terms of a polynomial expansion which often leads to simpler integration.",
      "evaluation": "easier",
      "extra_verification": null,
      "transformations_used": [
        "reduce the number of terms in the expression",
        "convert a product to a simpler sum",
        "eliminate a radical",
        "remove nested functions",
        "replace transcendental functions with simpler algebraic ones"
      ],
      "timestamp": "2025-02-05T06:40:12.587224Z"
    },
    {
      "original": "integrate(tan(x)**4*sec(x)**3 + tan(x)**2*sec(x)**5, x)",
      "requested_difficulty": "easier",
      "variant": "integrate((tan(x)**4 * (1 + tan(x)**2)) + (tan(x)**2 * (1 + tan(x)**2)**2), x)",
      "reasoning": "As a number theorist, I delve deeper into the properties of the functions involved, noticing that rational representations might ease the integration process.",
      "evaluation": "easier",
      "extra_verification": null,
      "transformations_used": [
        "reduce the number of terms in the expression",
        "convert a product to a simpler sum",
        "eliminate a radical",
        "remove nested functions",
        "replace transcendental functions with simpler algebraic ones"
      ],
      "timestamp": "2025-02-05T06:40:12.484046Z"
    },
    {
      "original": "integrate(tan(x)**4*sec(x)**3 + tan(x)**2*sec(x)**5, x)",
      "requested_difficulty": "easier",
      "variant": "integrate((1 - cos(x)**2)^2 * (1/cos(x)**3 + (1/cos(x)**5)), x)",
      "reasoning": "A geometry enthusiast likes to visualize mathematical expressions. Rewriting the trigonometric functions in terms of geometric identities could make integration easier.",
      "evaluation": "easier",
      "extra_verification": null,
      "transformations_used": [
        "reduce the number of terms in the expression",
        "convert a product to a simpler sum",
        "eliminate a radical",
        "remove nested functions",
        "replace transcendental functions with simpler algebraic ones"
      ],
      "timestamp": "2025-02-05T06:40:12.511291Z"
    },
    {
      "original": "integrate(tan(x)**4*sec(x)**3 + tan(x)**2*sec(x)**5, x)",
      "requested_difficulty": "easier",
      "variant": "integrate(tan(x)**4 * sec(x)**3, x)",
      "reasoning": "As a calculus professor, I might suggest using integration by parts. By breaking one term down, we create a structure that allows for easier successive integrals.",
      "evaluation": "easier",
      "extra_verification": null,
      "transformations_used": [
        "reduce the number of terms in the expression",
        "convert a product to a simpler sum",
        "eliminate a radical",
        "remove nested functions",
        "replace transcendental functions with simpler algebraic ones"
      ],
      "timestamp": "2025-02-05T06:40:12.727667Z"
    },
    {
      "original": "integrate(tan(x)**4*sec(x)**3 + tan(x)**2*sec(x)**5, x)",
      "requested_difficulty": "easier",
      "variant": "integrate(tan(x)**4 * (sec(x)**3 + sec(x)**5), x)",
      "reasoning": "I\u2019m a creative mathematician who sees that replacing the secant powers via reduction formulas might yield a simpler integral.",
      "evaluation": "easier",
      "extra_verification": null,
      "transformations_used": [
        "reduce the number of terms in the expression",
        "convert a product to a simpler sum",
        "eliminate a radical",
        "remove nested functions",
        "replace transcendental functions with simpler algebraic ones"
      ],
      "timestamp": "2025-02-05T06:40:12.826459Z"
    },
    {
      "original": "integrate(tan(x)**4*sec(x)**3 + tan(x)**2*sec(x)**5, x)",
      "requested_difficulty": "easier",
      "variant": "integrate((tan(x)*sec(x)**3)*(tan(x)**3 + tan(x)), x)",
      "reasoning": "Approaching this as an engineer focused on practical computation, I suggest using a straightforward polynomial expansion and then simplifying.",
      "evaluation": "easier",
      "extra_verification": null,
      "transformations_used": [
        "reduce the number of terms in the expression",
        "convert a product to a simpler sum",
        "eliminate a radical",
        "remove nested functions",
        "replace transcendental functions with simpler algebraic ones"
      ],
      "timestamp": "2025-02-05T06:40:12.609614Z"
    },
    {
      "original": "integrate(tan(x)**4*sec(x)**3 + tan(x)**2*sec(x)**5, x)",
      "requested_difficulty": "easier",
      "variant": "integrate(tan(x)**2 * sec(x)**5 * (sec(x)**-2 + 1), x)",
      "reasoning": "As a calculus professor, I prefer functions that are simpler in appearance. Here, I notice that `tan(x)^2 * sec(x)^5` can be factored out from the original integrand, leading to a more straightforward expression. The integral will become easier to manage with this approach.",
      "evaluation": "easier",
      "extra_verification": null,
      "transformations_used": [
        "replace a complex fraction with a simpler one",
        "eliminate absolute value terms",
        "remove a complicated term",
        "reduce the number of terms in the expression",
        "replace transcendental functions with simpler algebraic ones"
      ],
      "timestamp": "2025-02-05T06:40:19.564649Z"
    },
    {
      "original": "integrate(tan(x)**4*sec(x)**3 + tan(x)**2*sec(x)**5, x)",
      "requested_difficulty": "equivalent",
      "variant": "integrate(tan(x)**2 * sec(x)**3 * (tan(x)**2 + sec(x)), x)",
      "reasoning": "As a calculus professor who loves elegant simplifications, I notice both terms share a common factor of \\(\\tan(x)^2 \\sec(x)^3\\). Factoring this out simplifies the integral significantly.",
      "evaluation": "easier",
      "extra_verification": null,
      "transformations_used": [
        "swap numerator and denominator with reciprocal",
        "rewrite using alternate algebraic forms",
        "factor common terms differently",
        "rearrange the order of terms",
        "rewrite the integrand in a different form without changing overall complexity"
      ],
      "timestamp": "2025-02-05T06:40:14.982528Z"
    },
    {
      "original": "integrate(tan(x)**4*sec(x)**3 + tan(x)**2*sec(x)**5, x)",
      "requested_difficulty": "equivalent",
      "variant": "integrate((tan(x)**4 / cos(x)**3 + tan(x)**2 / cos(x)**5) , x)",
      "reasoning": "As a student who prefers working with polynomials and rational functions, I recognize secant can be expressed using the polynomial \\(1/(cos(x))\\). I will manipulate the integral using polynomial expressions.",
      "evaluation": "equivalent",
      "extra_verification": null,
      "transformations_used": [
        "swap numerator and denominator with reciprocal",
        "rewrite using alternate algebraic forms",
        "factor common terms differently",
        "rearrange the order of terms",
        "rewrite the integrand in a different form without changing overall complexity"
      ],
      "timestamp": "2025-02-05T06:40:14.867367Z"
    },
    {
      "original": "integrate(tan(x)**4*sec(x)**3 + tan(x)**2*sec(x)**5, x)",
      "requested_difficulty": "equivalent",
      "variant": "integrate((tan(x)**4 * (1 + tan(x)**2) + tan(x)**2 * (1 + tan(x)**2)**2), x)",
      "reasoning": "A theoretical physicist, I see that introducing trigonometric identities might help. I'll rewrite using \\( \\sec^2(x) = 1 + \\tan^2(x) \\) to expand the integrand\u2019s complexity.",
      "evaluation": "easier",
      "extra_verification": null,
      "transformations_used": [
        "swap numerator and denominator with reciprocal",
        "rewrite using alternate algebraic forms",
        "factor common terms differently",
        "rearrange the order of terms",
        "rewrite the integrand in a different form without changing overall complexity"
      ],
      "timestamp": "2025-02-05T06:40:14.932044Z"
    },
    {
      "original": "integrate(tan(x)**4*sec(x)**3 + tan(x)**2*sec(x)**5, x)",
      "requested_difficulty": "equivalent",
      "variant": "integrate((tan(x)**4 * sec(x)**3 + tan(x)**2 * sec(x)**3 * sec(x)**2), x)",
      "reasoning": "As an engineer favoring practical approaches, I prefer direct computation. I will pull out the secant components to emphasize its contributions clearly.",
      "evaluation": "easier",
      "extra_verification": null,
      "transformations_used": [
        "swap numerator and denominator with reciprocal",
        "rewrite using alternate algebraic forms",
        "factor common terms differently",
        "rearrange the order of terms",
        "rewrite the integrand in a different form without changing overall complexity"
      ],
      "timestamp": "2025-02-05T06:40:14.945903Z"
    },
    {
      "original": "integrate(tan(x)**4*sec(x)**3 + tan(x)**2*sec(x)**5, x)",
      "requested_difficulty": "equivalent",
      "variant": "integrate((tan(x)**4 * (sec(x)**3) + tan(x)**2 * (sec(x)**4 * sec(x))), x)",
      "reasoning": "As a number theorist fascinated by prime numbers and rational coefficients, I rewrite the integral using integer powers that resemble polynomials in rational forms.",
      "evaluation": "equivalent",
      "extra_verification": null,
      "transformations_used": [
        "swap numerator and denominator with reciprocal",
        "rewrite using alternate algebraic forms",
        "factor common terms differently",
        "rearrange the order of terms",
        "rewrite the integrand in a different form without changing overall complexity"
      ],
      "timestamp": "2025-02-05T06:40:15.119949Z"
    },
    {
      "original": "integrate(tan(x)**4*sec(x)**3 + tan(x)**2*sec(x)**5, x)",
      "requested_difficulty": "equivalent",
      "variant": "integrate(tan(x)**4 * (1/cos(x)**3) + (tan(x)**2/cos(x)**5), x)",
      "reasoning": "The geometry enthusiast within me thinks in terms of geometric transformations. I decided to use angle-sum identities to transform tan and sec.",
      "evaluation": "equivalent",
      "extra_verification": null,
      "transformations_used": [
        "swap numerator and denominator with reciprocal",
        "rewrite using alternate algebraic forms",
        "factor common terms differently",
        "rearrange the order of terms",
        "rewrite the integrand in a different form without changing overall complexity"
      ],
      "timestamp": "2025-02-05T06:40:15.786441Z"
    },
    {
      "original": "integrate(tan(x)**4*sec(x)**3 + tan(x)**2*sec(x)**5, x)",
      "requested_difficulty": "equivalent",
      "variant": "integrate((tan(x)**4 + tan(x)**2 * sec(x)**2) * sec(x)**3 , x)",
      "reasoning": "As an engineer favoring practical applications, I\u2019ll write the entire expression as a single term by consolidating the integral, emphasizing computational efficiency.",
      "evaluation": "easier",
      "extra_verification": null,
      "transformations_used": [
        "swap numerator and denominator with reciprocal",
        "rewrite using alternate algebraic forms",
        "factor common terms differently",
        "rearrange the order of terms",
        "rewrite the integrand in a different form without changing overall complexity"
      ],
      "timestamp": "2025-02-05T06:40:15.211374Z"
    },
    {
      "original": "integrate(tan(x)**4*sec(x)**3 + tan(x)**2*sec(x)**5, x)",
      "requested_difficulty": "equivalent",
      "variant": "integrate(tan(x)**4 * sec(x)**3 + tan(x)**2 * sec(x)**3 * (1 + tan(x)**2), x)",
      "reasoning": "As a calculus professor, I will utilize simple trigonometric identities to make the expression more manipulable. Rewriting using \\(\\sec^2(x) = 1 + \\tan^2(x)\\) can help.",
      "evaluation": "easier",
      "extra_verification": null,
      "transformations_used": [
        "alter constant terms",
        "substitute equivalent exponential forms",
        "apply algebraic identities that preserve complexity",
        "rewrite using different logarithmic properties",
        "rewrite using alternate algebraic forms"
      ],
      "timestamp": "2025-02-05T06:40:18.458185Z"
    },
    {
      "original": "integrate(tan(x)**4*sec(x)**3 + tan(x)**2*sec(x)**5, x)",
      "requested_difficulty": "equivalent",
      "variant": "integrate(tan(x)**2 * sec(x)**3 * (tan(x)**2 + sec(x)**2), x)",
      "reasoning": "The student in me prefers using polynomials. I notice that both terms can be factored with a common factor; this factorization yields a clearer form and invites further manipulation.",
      "evaluation": "easier",
      "extra_verification": null,
      "transformations_used": [
        "alter constant terms",
        "substitute equivalent exponential forms",
        "apply algebraic identities that preserve complexity",
        "rewrite using different logarithmic properties",
        "rewrite using alternate algebraic forms"
      ],
      "timestamp": "2025-02-05T06:40:18.728065Z"
    },
    {
      "original": "integrate(tan(x)**4*sec(x)**3 + tan(x)**2*sec(x)**5, x)",
      "requested_difficulty": "equivalent",
      "variant": "integrate((sin(x)/cos(x))**4 * (1/cos(x))**3 + (sin(x)/cos(x))**2 * (1/cos(x))**5, x)",
      "reasoning": "Adopting the persona of a theoretical physicist, I will use exponential forms of trigonometric functions to recast the integrand, which can often yield insights into symmetries.",
      "evaluation": "equivalent",
      "extra_verification": null,
      "transformations_used": [
        "alter constant terms",
        "substitute equivalent exponential forms",
        "apply algebraic identities that preserve complexity",
        "rewrite using different logarithmic properties",
        "rewrite using alternate algebraic forms"
      ],
      "timestamp": "2025-02-05T06:40:18.698599Z"
    }
  ],
  [
    {
      "original": "integrate(sqrt(x)/(sqrt(2012-x)+sqrt(x)), (x, 1, 2011))",
      "requested_difficulty": "easier",
      "variant": "integrate(sqrt(x)/(45 + sqrt(x)), x)",
      "reasoning": "As a student focusing on polynomials, I prefer working with simpler forms. By approximating \\(\\sqrt{2012 - x}\\) with a linear function near \\(x=2011\\), I create a more approachable integral.",
      "evaluation": "easier",
      "extra_verification": null,
      "transformations_used": [
        "lower a coefficient",
        "reduce the degree of a polynomial",
        "drop a subexpression",
        "remove logarithmic terms",
        "change a function to an easier one"
      ],
      "timestamp": "2025-02-05T06:40:18.106350Z"
    }
  ],
  [
    {
      "original": "integrate(e**(2016*x+6048*x), x)",
      "requested_difficulty": "easier",
      "variant": "integrate(e**(4032*x), x)",
      "reasoning": "As a calculus professor, I believe that reducing the coefficient can make the integral easier while keeping the essential structure intact. Hence, I will allow the coefficient to be halved.",
      "evaluation": "easier",
      "extra_verification": null,
      "transformations_used": [
        "reduce the number of terms in the expression",
        "eliminate a radical",
        "lower a coefficient"
      ],
      "timestamp": "2025-02-05T06:40:12.610777Z"
    },
    {
      "original": "integrate(e**(2016*x+6048*x), x)",
      "requested_difficulty": "easier",
      "variant": "integrate(e**(4032*2*x), x)",
      "reasoning": "As a creative mathematician, I enjoy substitutions that can effectively reduce complexity. In this case, let\u2019s substitute \\( x \\) with \\( 2x \\), thereby reducing the base's exponentiation power.",
      "evaluation": "easier",
      "extra_verification": null,
      "transformations_used": [
        "reduce the number of terms in the expression",
        "eliminate a radical",
        "lower a coefficient"
      ],
      "timestamp": "2025-02-05T06:40:12.589031Z"
    },
    {
      "original": "integrate(e**(2016*x+6048*x), x)",
      "requested_difficulty": "easier",
      "variant": "integrate(e**(8*1000*x + 64*x), x)",
      "reasoning": "As a student who loves polynomials, I consider expressing the exponent more as a polynomial, reducing the multiplication significantly. Therefore, I will change \\( 8048 \\) to \\( 8 \\times 1000 + 64 \\).",
      "evaluation": "equivalent",
      "extra_verification": null,
      "transformations_used": [
        "reduce the number of terms in the expression",
        "eliminate a radical",
        "lower a coefficient"
      ],
      "timestamp": "2025-02-05T06:40:12.585651Z"
    },
    {
      "original": "integrate(e**(2016*x+6048*x), x)",
      "requested_difficulty": "easier",
      "variant": "integrate(e**(8063.5*x), x)",
      "reasoning": "Theoretical physicists often deal with exponential forms. Modifying the format to a simpler exponential with a small perturbation can help in integration while keeping it challenging. Let's switch to \\( e^{8063.5x} \\).",
      "evaluation": "easier",
      "extra_verification": null,
      "transformations_used": [
        "reduce the number of terms in the expression",
        "eliminate a radical",
        "lower a coefficient"
      ],
      "timestamp": "2025-02-05T06:40:12.636708Z"
    },
    {
      "original": "integrate(e**(2016*x+6048*x), x)",
      "requested_difficulty": "easier",
      "variant": "integrate(e**(1000*x + 1000*x), x)",
      "reasoning": "As an engineer, I appreciate a practical and computational approach. By reducing \\( 2016 \\) and \\( 6048 \\) to numbers that might yield better computational results like \\( 1000 \\) and \\( 1000 \\), we reach a practical estimate.",
      "evaluation": "equivalent",
      "extra_verification": null,
      "transformations_used": [
        "reduce the number of terms in the expression",
        "eliminate a radical",
        "lower a coefficient"
      ],
      "timestamp": "2025-02-05T06:40:12.813312Z"
    },
    {
      "original": "integrate(e**(2016*x+6048*x), x)",
      "requested_difficulty": "easier",
      "variant": "integrate(e**(2000*x + 6064*x), x)",
      "reasoning": "A number theorist could be fascinated by maintaining integer coefficients while simplifying the base structure. By factors, I can rewrite it as \\( e^{2000x + 6064x} \\) for easier coefficient management.",
      "evaluation": "easier",
      "extra_verification": null,
      "transformations_used": [
        "reduce the number of terms in the expression",
        "eliminate a radical",
        "lower a coefficient"
      ],
      "timestamp": "2025-02-05T06:40:12.632370Z"
    },
    {
      "original": "integrate(e**(2016*x+6048*x), x)",
      "requested_difficulty": "easier",
      "variant": "integrate(e**(4000*x + 4064*x), x)",
      "reasoning": "Thinking geometrically, I want to express the powers in terms of sums, making it easier to visualize the integration domain. Thus, I can split the exponent slightly differently as \\( e^{4000x + 4064x} \\).",
      "evaluation": "equivalent",
      "extra_verification": null,
      "transformations_used": [
        "reduce the number of terms in the expression",
        "eliminate a radical",
        "lower a coefficient"
      ],
      "timestamp": "2025-02-05T06:40:12.482239Z"
    },
    {
      "original": "integrate(e**(2016*x+6048*x), x)",
      "requested_difficulty": "easier",
      "variant": "integrate(e**(7940*x + 124*x), x)",
      "reasoning": "As a calculus professor who values elegance, I can combine like terms again but switch them up: \\( e^{7940x + 124x} \\) emphasizes the addition yet simplifies the coefficient slightly.",
      "evaluation": "equivalent",
      "extra_verification": null,
      "transformations_used": [
        "reduce the number of terms in the expression",
        "eliminate a radical",
        "lower a coefficient"
      ],
      "timestamp": "2025-02-05T06:40:12.719169Z"
    },
    {
      "original": "integrate(e**(2016*x+6048*x), x)",
      "requested_difficulty": "easier",
      "variant": "integrate(e**(4000*x + (2000 + 4048)*x), x)",
      "reasoning": "I often admire polynomials. By moderately adjusting the coefficients alongside terms, I could instead utilize \\( e^{4000x + (2000 + 4048)x} \\) to strive for a blend of polynomial characteristics.",
      "evaluation": "equivalent",
      "extra_verification": null,
      "transformations_used": [
        "reduce the number of terms in the expression",
        "eliminate a radical",
        "lower a coefficient"
      ],
      "timestamp": "2025-02-05T06:40:12.489290Z"
    },
    {
      "original": "integrate(e**(2016*x+6048*x), x)",
      "requested_difficulty": "easier",
      "variant": "integrate(e**(1000.5*x + 7063.5*x), x)",
      "reasoning": "Taking a geometric approach, I can think about fractional representation to facilitate manipulation, such as \\( e^{1000.5x + 7063.5x} \\). This keeps it interesting while lowering coefficients.",
      "evaluation": "equivalent",
      "extra_verification": null,
      "transformations_used": [
        "reduce the number of terms in the expression",
        "eliminate a radical",
        "lower a coefficient"
      ],
      "timestamp": "2025-02-05T06:40:12.557065Z"
    },
    {
      "original": "integrate(e**(2016*x+6048*x), x)",
      "requested_difficulty": "equivalent",
      "variant": "integrate(e**(2016*x + 6048*x), x)",
      "reasoning": "As a calculus professor, I appreciate beautiful simplifications. Observing the linear combination in the exponent, I can factor out the common term, highlighting the structure of the exponent.",
      "evaluation": "equivalent",
      "extra_verification": null,
      "transformations_used": [
        "factor common terms differently",
        "rewrite the integrand in a different form without changing overall complexity",
        "alter constant terms"
      ],
      "timestamp": "2025-02-05T06:40:28.591345Z"
    },
    {
      "original": "integrate(e**(2016*x+6048*x), x)",
      "requested_difficulty": "equivalent",
      "variant": "integrate(e**(8064 * (x)), x)",
      "reasoning": "As a student who resonates with polynomials, I will factor the exponent differently to a form that might be more relatable before converting back to its integral form.",
      "evaluation": "equivalent",
      "extra_verification": null,
      "transformations_used": [
        "factor common terms differently",
        "rewrite the integrand in a different form without changing overall complexity",
        "alter constant terms"
      ],
      "timestamp": "2025-02-05T06:40:28.466576Z"
    },
    {
      "original": "integrate(e**(2016*x+6048*x), x)",
      "requested_difficulty": "equivalent",
      "variant": "integrate(cos(8064 * x) + I*sin(8064 * x), x)",
      "reasoning": "As a theoretical physicist, I prefer to conceptualize this in trigonometric form using Euler's formula. Though it looks different, it still reflects the essential nature of the integral.",
      "evaluation": "easier",
      "extra_verification": null,
      "transformations_used": [
        "factor common terms differently",
        "rewrite the integrand in a different form without changing overall complexity",
        "alter constant terms"
      ],
      "timestamp": "2025-02-05T06:40:28.525328Z"
    },
    {
      "original": "integrate(e**(2016*x+6048*x), x)",
      "requested_difficulty": "equivalent",
      "variant": "integrate(e**(8064*x + 10), x)",
      "reasoning": "From an engineer's perspective, I might want to adjust the constants slightly for practical applications, yielding an integral that reflects variations in system response.",
      "evaluation": "easier",
      "extra_verification": null,
      "transformations_used": [
        "factor common terms differently",
        "rewrite the integrand in a different form without changing overall complexity",
        "alter constant terms"
      ],
      "timestamp": "2025-02-05T06:40:28.550046Z"
    },
    {
      "original": "integrate(e**(2016*x+6048*x), x)",
      "requested_difficulty": "equivalent",
      "variant": "integrate(e**(2*(4032*x + 5)), x)",
      "reasoning": "As a number theorist, I focus on integer representations and would explore powers of integers to express the exponent. This adds nuance to the function while translating back to the integral.",
      "evaluation": "equivalent",
      "extra_verification": null,
      "transformations_used": [
        "factor common terms differently",
        "rewrite the integrand in a different form without changing overall complexity",
        "alter constant terms"
      ],
      "timestamp": "2025-02-05T06:40:28.485422Z"
    },
    {
      "original": "integrate(e**(2016*x+6048*x), x)",
      "requested_difficulty": "equivalent",
      "variant": "integrate(e**(4032*(2*x)), x)",
      "reasoning": "As a geometry enthusiast, I imagine the exponential function as a continuous transformation. Scaling the variable could give a new perspective while remaining structurally similar.",
      "evaluation": "equivalent",
      "extra_verification": null,
      "transformations_used": [
        "factor common terms differently",
        "rewrite the integrand in a different form without changing overall complexity",
        "alter constant terms"
      ],
      "timestamp": "2025-02-05T06:40:28.590129Z"
    },
    {
      "original": "integrate(e**(2016*x+6048*x), x)",
      "requested_difficulty": "equivalent",
      "variant": "integrate(log(e**(8064*x)), x)",
      "reasoning": "As a creative mathematician, I would transform the integral into a logarithmic form, evoking a different perspective while keeping the integration challenge.",
      "evaluation": "easier",
      "extra_verification": null,
      "transformations_used": [
        "factor common terms differently",
        "rewrite the integrand in a different form without changing overall complexity",
        "alter constant terms"
      ],
      "timestamp": "2025-02-05T06:40:28.548263Z"
    },
    {
      "original": "integrate(e**(2016*x+6048*x), x)",
      "requested_difficulty": "equivalent",
      "variant": "integrate(e**(8064*x - 1000), x)",
      "reasoning": "As an engineer, this time, I use decay factors to represent a damping function, changing the integrand to reflect real-world phenomena before integrating.",
      "evaluation": "easier",
      "extra_verification": null,
      "transformations_used": [
        "factor common terms differently",
        "rewrite the integrand in a different form without changing overall complexity",
        "alter constant terms"
      ],
      "timestamp": "2025-02-05T06:40:28.577956Z"
    },
    {
      "original": "integrate(e**(2016*x+6048*x), x)",
      "requested_difficulty": "equivalent",
      "variant": "integrate(e**(2017*x + 6047*x), x)",
      "reasoning": "As a creative mathematician, I can play with the exponents. Realizing \\( e^{2016x + 6048x} = e^{(2016 + 6048)x} \\), I choose different constants to create a slightly different integral.",
      "evaluation": "easier",
      "extra_verification": null,
      "transformations_used": [
        "rewrite the integrand in a different form without changing overall complexity",
        "change coefficient values slightly",
        "exchange similar functions (e.g., sin to cos)",
        "rewrite using alternate algebraic forms",
        "substitute equivalent exponential forms"
      ],
      "timestamp": "2025-02-05T06:40:11.520561Z"
    },
    {
      "original": "integrate(e**(2016*x+6048*x), x)",
      "requested_difficulty": "equivalent",
      "variant": "integrate(e**(2016*x) * e**(6048*x), x)",
      "reasoning": "As a polynomial-loving student, I can express the exponent in polynomial form and then simplify. Instead of combining, I explore a binomial expansion perspective.",
      "evaluation": "equivalent",
      "extra_verification": null,
      "transformations_used": [
        "rewrite the integrand in a different form without changing overall complexity",
        "change coefficient values slightly",
        "exchange similar functions (e.g., sin to cos)",
        "rewrite using alternate algebraic forms",
        "substitute equivalent exponential forms"
      ],
      "timestamp": "2025-02-05T06:40:11.612975Z"
    }
  ],
  [
    {
      "original": "integrate(sqrt(x)*e**(sqrt(x)), x)",
      "requested_difficulty": "easier",
      "variant": "integrate(x**(1/2) * (1 + sqrt(x) + (sqrt(x)**2)/2), x)",
      "reasoning": "As a student focused on polynomials, I can express \\( \\sqrt{x} \\) in terms of \\( x^{1/2} \\) and consider a polynomial approximation. Hence, we can replace \\( e^{\\sqrt{x}} \\) with its Taylor series truncated at a manageable degree.",
      "evaluation": "easier",
      "extra_verification": null,
      "transformations_used": [
        "reduce the number of terms in the expression",
        "change a function to an easier one",
        "remove nested functions"
      ],
      "timestamp": "2025-02-05T06:40:29.500542Z"
    },
    {
      "original": "integrate(sqrt(x)*e**(sqrt(x)), x)",
      "requested_difficulty": "easier",
      "variant": "integrate(sqrt(0.5 * x) * exp(sqrt(0.5 * x)), x)",
      "reasoning": "Looking at it from a practical perspective as an engineer, if we were to scale the \\( x \\) variable down (say by a factor), we can drastically lessen the complexity of dealing with the exponential.",
      "evaluation": "easier",
      "extra_verification": null,
      "transformations_used": [
        "reduce the number of terms in the expression",
        "change a function to an easier one",
        "remove nested functions"
      ],
      "timestamp": "2025-02-05T06:40:29.502817Z"
    },
    {
      "original": "integrate(sqrt(x)*e**(sqrt(x)), x)",
      "requested_difficulty": "easier",
      "variant": "integrate(sqrt(x) * x**2, x)",
      "reasoning": "As a calculus professor seeking elegance, I suggest considering simpler exponents and degree reduction. Let's change the exponential component to a more straightforward polynomial term, such as \\( x^2 \\).",
      "evaluation": "easier",
      "extra_verification": null,
      "transformations_used": [
        "reduce the number of terms in the expression",
        "change a function to an easier one",
        "remove nested functions"
      ],
      "timestamp": "2025-02-05T06:40:29.400938Z"
    },
    {
      "original": "integrate(sqrt(x)*e**(sqrt(x)), x)",
      "requested_difficulty": "easier",
      "variant": "integrate(x**(1/2)*exp(x**(1/2)), x)",
      "reasoning": "As a theoretical physicist, I find it interesting to express the square root as an exponent. Here, we can express \\( \\sqrt{x} \\) as \\( x^{1/2} \\) which might make integration easier with respect to \\( e^{x^{1/2}} \\).",
      "evaluation": "equivalent",
      "extra_verification": null,
      "transformations_used": [
        "replace a complex fraction with a simpler one",
        "eliminate a radical",
        "reduce an exponent"
      ],
      "timestamp": "2025-02-05T06:40:29.148331Z"
    },
    {
      "original": "integrate(sqrt(x)*e**(sqrt(x)), x)",
      "requested_difficulty": "easier",
      "variant": "integrate(sqrt(x)*(1 + sqrt(x) + (sqrt(x)**2)/2 + (sqrt(x)**3)/6), x)",
      "reasoning": "As an engineer who values practical approaches, I prefer working with polynomial approximations. To simplify the exponential, I can use a Taylor series expansion around zero to approximate \\( e^{\\sqrt{x}} \\) for small values.",
      "evaluation": "easier",
      "extra_verification": null,
      "transformations_used": [
        "replace a complex fraction with a simpler one",
        "eliminate a radical",
        "reduce an exponent"
      ],
      "timestamp": "2025-02-05T06:40:28.926887Z"
    },
    {
      "original": "integrate(sqrt(x)*e**(sqrt(x)), x)",
      "requested_difficulty": "easier",
      "variant": "integrate(exp(sqrt(x)), x)",
      "reasoning": "As a creative mathematician, I am interested in integrating via parts. I can separate the integral into parts, letting \\( u = e^{\\sqrt{x}} \\) and \\( dv = \\sqrt{x} dx \\).",
      "evaluation": "easier",
      "extra_verification": null,
      "transformations_used": [
        "replace a complex fraction with a simpler one",
        "eliminate a radical",
        "reduce an exponent"
      ],
      "timestamp": "2025-02-05T06:40:27.911160Z"
    },
    {
      "original": "integrate(sqrt(x)*e**(sqrt(x)), x)",
      "requested_difficulty": "easier",
      "variant": "integrate(2*sqrt(x)*exp(sqrt(x)), x)",
      "reasoning": "The engineer's mind thinks practically; I recognize that transforming \\( \\sqrt{x} \\) leads to a necessary replacement with direct numerical integrals thereby simplifying.",
      "evaluation": "easier",
      "extra_verification": null,
      "transformations_used": [
        "replace a complex fraction with a simpler one",
        "eliminate a radical",
        "reduce an exponent"
      ],
      "timestamp": "2025-02-05T06:40:27.912892Z"
    },
    {
      "original": "integrate(sqrt(x)*e**(sqrt(x)), x)",
      "requested_difficulty": "equivalent",
      "variant": "integrate(sqrt(x)*(1 + sqrt(x) + (sqrt(x)**2)/2 + (sqrt(x)**3)/6 + (sqrt(x)**4)/24), x)",
      "reasoning": "From the perspective of a student who favors polynomials, I can expand \\( e^{\\sqrt{x}} \\) using its series expansion. This way, I introduce a power series that is easier to work with but still challenging.",
      "evaluation": "easier",
      "extra_verification": null,
      "transformations_used": [
        "adjust parameters while keeping the integral equivalent",
        "factor common terms differently",
        "change coefficient values slightly",
        "apply algebraic identities that preserve complexity",
        "distribute terms differently"
      ],
      "timestamp": "2025-02-05T06:40:17.751794Z"
    },
    {
      "original": "integrate(sqrt(x)*e**(sqrt(x)), x)",
      "requested_difficulty": "equivalent",
      "variant": "integrate((2*sqrt(x)/3)*exp(sqrt(x)), x)",
      "reasoning": "As a geometry enthusiast, I view the shape of the integrand as a geometric transformation. I represent \\( \\sqrt{x} \\) as a radius of a circle completing an arc, altering the integrand to reflect this geometry while keeping the integral's essence.",
      "evaluation": "easier",
      "extra_verification": null,
      "transformations_used": [
        "change coefficient values slightly",
        "modify an exponent slightly",
        "substitute equivalent exponential forms",
        "use alternate but equivalent radical forms",
        "rewrite using alternate algebraic forms"
      ],
      "timestamp": "2025-02-05T06:40:33.707312Z"
    },
    {
      "original": "integrate(sqrt(x)*e**(sqrt(x)), x)",
      "requested_difficulty": "equivalent",
      "variant": "integrate(3*sqrt(x)*exp(sqrt(x)), x)",
      "reasoning": "Returning to the calculus perspective, I will modify the integrand slightly by incorporating a coefficient of 3, which makes it slightly more challenging, keeping the integral complex.",
      "evaluation": "easier",
      "extra_verification": null,
      "transformations_used": [
        "change coefficient values slightly",
        "modify an exponent slightly",
        "substitute equivalent exponential forms",
        "use alternate but equivalent radical forms",
        "rewrite using alternate algebraic forms"
      ],
      "timestamp": "2025-02-05T06:40:33.764641Z"
    }
  ],
  [
    {
      "original": "integrate(x*log(x), x)",
      "requested_difficulty": "easier",
      "variant": "integrate(log(x)*x, x)",
      "reasoning": "As a calculus professor, I seek elegance in simplification. By employing integration by parts, we can choose \\( u = \\log(x) \\) and \\( dv = x \\, dx \\), transforming the integral into a more manageable form.",
      "evaluation": "equivalent",
      "extra_verification": null,
      "transformations_used": [
        "eliminate a radical",
        "remove a factor",
        "eliminate absolute value terms"
      ],
      "timestamp": "2025-02-05T06:40:11.936464Z"
    },
    {
      "original": "integrate(x*log(x), x)",
      "requested_difficulty": "easier",
      "variant": "integrate((x-1) - (x-1)**2/2, x)",
      "reasoning": "As an engineer, I appreciate practical computational approaches. I will focus on approximating \\( \\log(x) \\) using its Taylor series near \\( x = 1 \\), making the integral far more straightforward.",
      "evaluation": "easier",
      "extra_verification": null,
      "transformations_used": [
        "eliminate a radical",
        "remove a factor",
        "eliminate absolute value terms"
      ],
      "timestamp": "2025-02-05T06:40:12.092273Z"
    },
    {
      "original": "integrate(x*log(x), x)",
      "requested_difficulty": "easier",
      "variant": "integrate(x*log(x), x)",
      "reasoning": "As a calculus professor, I also recognize using definite integrals simplifies context. By evaluating \\( \\int_1^b x \\log(x) \\, dx \\) instead, we avoid dealing with the indefinite form complexities.",
      "evaluation": "equivalent",
      "extra_verification": null,
      "transformations_used": [
        "eliminate a radical",
        "remove a factor",
        "eliminate absolute value terms"
      ],
      "timestamp": "2025-02-05T06:40:11.955801Z"
    },
    {
      "original": "integrate(x*log(x), x)",
      "requested_difficulty": "easier",
      "variant": "integrate(log(x**x), x)",
      "reasoning": "As a creative mathematician, I can also combine logs by approaching it as \\( \\log(x^x) \\), thereby allowing for a different form that still captures complexity.",
      "evaluation": "easier",
      "extra_verification": null,
      "transformations_used": [
        "eliminate a radical",
        "remove a factor",
        "eliminate absolute value terms"
      ],
      "timestamp": "2025-02-05T06:40:12.909784Z"
    },
    {
      "original": "integrate(x*log(x), x)",
      "requested_difficulty": "easier",
      "variant": "integrate(x*(1 - (1 - x)**2/2), x)",
      "reasoning": "From the perspective of a student preferring polynomials, I see that \\( \\log(x) \\) can be approximated using a Taylor series, making the integrand more polynomial-like and manageable for integration.",
      "evaluation": "easier",
      "extra_verification": null,
      "transformations_used": [
        "eliminate a radical",
        "simplify a trigonometric component",
        "change a function to an easier one",
        "remove a complicated term",
        "remove nested functions"
      ],
      "timestamp": "2025-02-05T06:40:24.748966Z"
    },
    {
      "original": "integrate(x*log(x), x)",
      "requested_difficulty": "easier",
      "variant": "integrate(x*0.5, x)",
      "reasoning": "An engineer focused on practical approaches might transform the integrand by considering standard forms. Let\u2019s eliminate the logarithm altogether and approximate it at certain limits for practical applications.",
      "evaluation": "easier",
      "extra_verification": null,
      "transformations_used": [
        "eliminate a radical",
        "simplify a trigonometric component",
        "change a function to an easier one",
        "remove a complicated term",
        "remove nested functions"
      ],
      "timestamp": "2025-02-05T06:40:24.715853Z"
    },
    {
      "original": "integrate(x*log(x), x)",
      "requested_difficulty": "easier",
      "variant": "integrate(x/(1 + x), x)",
      "reasoning": "As a number theorist fascinated by rational coefficients, I see value in exploring simpler rational functions that can still represent logarithmic growth, leading to more integer-like behavior in integration.",
      "evaluation": "easier",
      "extra_verification": null,
      "transformations_used": [
        "eliminate a radical",
        "simplify a trigonometric component",
        "change a function to an easier one",
        "remove a complicated term",
        "remove nested functions"
      ],
      "timestamp": "2025-02-05T06:40:24.652623Z"
    },
    {
      "original": "integrate(x*log(x), x)",
      "requested_difficulty": "easier",
      "variant": "integrate(x*(1/x - 1/(x^2)), x)",
      "reasoning": "From a geometry perspective, I appreciate the geometric interpretation of logarithms. By considering a geometric series expansion, I can simplify \\( \\log(x) \\) into a sum of fractions, making calculations easier.",
      "evaluation": "easier",
      "extra_verification": null,
      "transformations_used": [
        "eliminate a radical",
        "simplify a trigonometric component",
        "change a function to an easier one",
        "remove a complicated term",
        "remove nested functions"
      ],
      "timestamp": "2025-02-05T06:40:24.668804Z"
    },
    {
      "original": "integrate(x*log(x), x)",
      "requested_difficulty": "easier",
      "variant": "integrate(x*log(x/2), x)",
      "reasoning": "As a calculus enthusiast, I can utilize properties of integrals over intervals by breaking the original integral down into manageable segments or using linearity.",
      "evaluation": "equivalent",
      "extra_verification": null,
      "transformations_used": [
        "eliminate a radical",
        "simplify a trigonometric component",
        "change a function to an easier one",
        "remove a complicated term",
        "remove nested functions"
      ],
      "timestamp": "2025-02-05T06:40:24.765413Z"
    },
    {
      "original": "integrate(x*log(x), x)",
      "requested_difficulty": "easier",
      "variant": "integrate((x/2) * log(x/2), x)",
      "reasoning": "Viewing this from a geometric transformation perspective, I can observe that transforming the x-axis via scaling can linearize the growth of the logarithmic function while preserving the overall structure.",
      "evaluation": "equivalent",
      "extra_verification": null,
      "transformations_used": [
        "eliminate a radical",
        "simplify a trigonometric component",
        "change a function to an easier one",
        "remove a complicated term",
        "remove nested functions"
      ],
      "timestamp": "2025-02-05T06:40:24.650083Z"
    },
    {
      "original": "integrate(x*log(x), x)",
      "requested_difficulty": "equivalent",
      "variant": "integrate(log(x)**2/2 - log(x)*x/2, x)",
      "reasoning": "As a calculus professor who appreciates elegant simplifications, I can recognize that the integration by parts formula can be cleverly represented in different ways. By redefining \\( u \\) and \\( dv \\) slightly, I can achieve a similar result.",
      "evaluation": "easier",
      "extra_verification": null,
      "transformations_used": [
        "alter constant terms",
        "substitute equivalent exponential forms",
        "use alternate but equivalent radical forms"
      ],
      "timestamp": "2025-02-05T06:40:26.743330Z"
    },
    {
      "original": "integrate(x*log(x), x)",
      "requested_difficulty": "equivalent",
      "variant": "integrate(x * (-log(exp(-x))), x)",
      "reasoning": "As a theoretical physicist fascinated by trigonometric identities, I can make an argument for employing the exponential function directly alongside \\( \\log \\) since \\( \\log(x) = -\\log(e^{-x}) \\). This allows a new perspective.",
      "evaluation": "equivalent",
      "extra_verification": null,
      "transformations_used": [
        "alter constant terms",
        "substitute equivalent exponential forms",
        "use alternate but equivalent radical forms"
      ],
      "timestamp": "2025-02-05T06:40:26.889378Z"
    },
    {
      "original": "integrate(x*log(x), x)",
      "requested_difficulty": "equivalent",
      "variant": "integrate(a*x*log(x), x)",
      "reasoning": "As an engineer, I appreciate practical approaches and numerical methods. By introducing an arbitrary constant multiplier to \"size\" the problem, I maintain complexity while confirming the integral's integrity.",
      "evaluation": "equivalent",
      "extra_verification": null,
      "transformations_used": [
        "alter constant terms",
        "substitute equivalent exponential forms",
        "use alternate but equivalent radical forms"
      ],
      "timestamp": "2025-02-05T06:40:26.842722Z"
    },
    {
      "original": "integrate(x*log(x), x)",
      "requested_difficulty": "equivalent",
      "variant": "integrate(x*(1/3 * log(x)), x)",
      "reasoning": "As a number theorist who is fascinated by rational coefficients, I could add a rational coefficient in front of the logarithm while keeping the integral intact. This coefficient represents a scaling factor in my analysis.",
      "evaluation": "easier",
      "extra_verification": null,
      "transformations_used": [
        "alter constant terms",
        "substitute equivalent exponential forms",
        "use alternate but equivalent radical forms"
      ],
      "timestamp": "2025-02-05T06:40:26.770452Z"
    },
    {
      "original": "integrate(x*log(x), x)",
      "requested_difficulty": "equivalent",
      "variant": "integrate(x*(log(x * 1)), x)",
      "reasoning": "As a calculus professor, I recognize that the integral remains consistent even when applying the logarithm property differently, such as \\( \\log(ab) = \\log(a) + \\log(b) \\), thus representing the product form.",
      "evaluation": "equivalent",
      "extra_verification": null,
      "transformations_used": [
        "alter constant terms",
        "substitute equivalent exponential forms",
        "use alternate but equivalent radical forms"
      ],
      "timestamp": "2025-02-05T06:40:26.841473Z"
    },
    {
      "original": "integrate(x*log(x), x)",
      "requested_difficulty": "equivalent",
      "variant": "integrate(sqrt(x**2) * log(sqrt(x**2)), x)",
      "reasoning": "As a student comfortable with root transformations, I see that introducing a radical form reflects a similar transformation and yields an equivalent integral while still being complex to evaluate.",
      "evaluation": "equivalent",
      "extra_verification": null,
      "transformations_used": [
        "alter constant terms",
        "substitute equivalent exponential forms",
        "use alternate but equivalent radical forms"
      ],
      "timestamp": "2025-02-05T06:40:26.856125Z"
    },
    {
      "original": "integrate(x*log(x), x)",
      "requested_difficulty": "equivalent",
      "variant": "integrate(x * log(x**2), x)",
      "reasoning": "As a theoretical physicist, I notice that applying a composite transformation involving both \\( e \\) and logarithmic identities leads to insight. I might use \\( log(x^2) \\) to represent change in area due to squaring.",
      "evaluation": "easier",
      "extra_verification": null,
      "transformations_used": [
        "alter constant terms",
        "substitute equivalent exponential forms",
        "use alternate but equivalent radical forms"
      ],
      "timestamp": "2025-02-05T06:40:26.801214Z"
    },
    {
      "original": "integrate(x*log(x), x)",
      "requested_difficulty": "equivalent",
      "variant": "integrate(log(x), x)",
      "reasoning": "As a calculus professor, I appreciate the technique of integration by parts. Rearranging the integral to highlight the parts can make it clearer.",
      "evaluation": "easier",
      "extra_verification": null,
      "transformations_used": [
        "rewrite the integrand in a different form without changing overall complexity",
        "exchange similar functions (e.g., sin to cos)",
        "distribute terms differently",
        "rewrite using different logarithmic properties",
        "alter constant terms"
      ],
      "timestamp": "2025-02-05T06:40:09.581204Z"
    },
    {
      "original": "integrate(x*log(x), x)",
      "requested_difficulty": "equivalent",
      "variant": "integrate(x * exp(log(x)), x)",
      "reasoning": "Taking on the role of a creative mathematician, I can express the logarithm in terms of the natural exponential function, giving the integrand a new twist.",
      "evaluation": "equivalent",
      "extra_verification": null,
      "transformations_used": [
        "rewrite the integrand in a different form without changing overall complexity",
        "exchange similar functions (e.g., sin to cos)",
        "distribute terms differently",
        "rewrite using different logarithmic properties",
        "alter constant terms"
      ],
      "timestamp": "2025-02-05T06:40:09.673680Z"
    },
    {
      "original": "integrate(x*log(x), x)",
      "requested_difficulty": "equivalent",
      "variant": "integrate(x * log(x) + x * log(e), x)",
      "reasoning": "Viewing this from the perspective of a theoretical physicist, I can utilize the identity that relates logarithmic functions with exponential functions and their derivatives to transform the expression.",
      "evaluation": "equivalent",
      "extra_verification": null,
      "transformations_used": [
        "rewrite the integrand in a different form without changing overall complexity",
        "exchange similar functions (e.g., sin to cos)",
        "distribute terms differently",
        "rewrite using different logarithmic properties",
        "alter constant terms"
      ],
      "timestamp": "2025-02-05T06:40:12.296428Z"
    }
  ]
]