[
  [
    {
      "original": "integrate((cos(x)-sin(x))**2, (x, 0, 2))",
      "requested_difficulty": "easier",
      "variant": "integrate((cos(x) - sin(x))**2, x)",
      "reasoning": "As a calculus professor who loves elegant simplifications, I recognize that expanding the integrand to a polynomial form could simplify the integral. This method makes it easier to integrate term by term.",
      "evaluation": "easier",
      "extra_verification": null,
      "transformations_used": [
        "drop a subexpression",
        "simplify composite trigonometric functions",
        "eliminate a radical"
      ],
      "timestamp": "2025-02-05T06:33:28.016387Z"
    },
    {
      "original": "integrate((cos(x)-sin(x))**2, (x, 0, 2))",
      "requested_difficulty": "easier",
      "variant": "integrate(1 - sin(2*x), x)",
      "reasoning": "As a creative mathematician, I notice that using the Pythagorean identity can rewrite the integrand. This helps simplify the integral and keeps it within trigonometric functions.",
      "evaluation": "easier",
      "extra_verification": null,
      "transformations_used": [
        "drop a subexpression",
        "simplify composite trigonometric functions",
        "eliminate a radical"
      ],
      "timestamp": "2025-02-05T06:33:27.950742Z"
    },
    {
      "original": "integrate((cos(x)-sin(x))**2, (x, 0, 2))",
      "requested_difficulty": "easier",
      "variant": "integrate(cos(x)**2 - 2*cos(x)*sin(x) + sin(x)**2, x)",
      "reasoning": "As a calculus professor, I prefer to expand the integrand to simplify the integration process. We can expand \\((\\cos(x) - \\sin(x))^2\\) using the square of a difference formula.",
      "evaluation": "equivalent",
      "extra_verification": null,
      "transformations_used": [
        "simplify a trigonometric component",
        "convert a product to a simpler sum",
        "remove nested functions",
        "eliminate absolute value terms",
        "reduce the number of terms in the expression"
      ],
      "timestamp": "2025-02-05T06:33:31.265934Z"
    },
    {
      "original": "integrate((cos(x)-sin(x))**2, (x, 0, 2))",
      "requested_difficulty": "easier",
      "variant": "integrate((sin(x + pi/2) - sin(x))**2, x)",
      "reasoning": "Embracing creativity, I notice that \\(\\cos(x)\\) and \\(\\sin(x)\\) could lead us to use their identities. We can replace \\(\\cos(x)\\) with \\(\\sin(x + \\frac{\\pi}{2})\\) to maintain a common form in our integrand.",
      "evaluation": "easier",
      "extra_verification": null,
      "transformations_used": [
        "simplify a trigonometric component",
        "convert a product to a simpler sum",
        "remove nested functions",
        "eliminate absolute value terms",
        "reduce the number of terms in the expression"
      ],
      "timestamp": "2025-02-05T06:33:31.482354Z"
    },
    {
      "original": "integrate((cos(x)-sin(x))**2, (x, 0, 2))",
      "requested_difficulty": "easier",
      "variant": "integrate(1 - 2*sin(x)*cos(x), x)",
      "reasoning": "As a student, I favor working with polynomials. We can use the Pythagorean identity for \\(\\cos^2(x)\\) and \\(\\sin^2(x)\\) which simplifies our expression considerably.",
      "evaluation": "easier",
      "extra_verification": null,
      "transformations_used": [
        "simplify a trigonometric component",
        "convert a product to a simpler sum",
        "remove nested functions",
        "eliminate absolute value terms",
        "reduce the number of terms in the expression"
      ],
      "timestamp": "2025-02-05T06:33:31.160048Z"
    },
    {
      "original": "integrate((cos(x)-sin(x))**2, (x, 0, 2))",
      "requested_difficulty": "easier",
      "variant": "integrate(sqrt(2)*sin(x + pi/4)**2, x)",
      "reasoning": "As a theoretical physicist, I appreciate trigonometric forms. We can use the angle-addition formulas to rewrite \\(\\cos(x) - \\sin(x)\\) to simplify the integral.",
      "evaluation": "easier",
      "extra_verification": null,
      "transformations_used": [
        "simplify a trigonometric component",
        "convert a product to a simpler sum",
        "remove nested functions",
        "eliminate absolute value terms",
        "reduce the number of terms in the expression"
      ],
      "timestamp": "2025-02-05T06:33:31.387871Z"
    },
    {
      "original": "integrate((cos(x)-sin(x))**2, (x, 0, 2))",
      "requested_difficulty": "easier",
      "variant": "integrate(2*(cos(x) - sin(x))*(cos(x) - sin(x)), x)",
      "reasoning": "As a number theorist, I see numbers and coefficients. Thus, I will rewrite the function to emphasize coefficients when possible, which can yield simpler rational fractions.",
      "evaluation": "easier",
      "extra_verification": null,
      "transformations_used": [
        "simplify a trigonometric component",
        "convert a product to a simpler sum",
        "remove nested functions",
        "eliminate absolute value terms",
        "reduce the number of terms in the expression"
      ],
      "timestamp": "2025-02-05T06:33:31.291227Z"
    },
    {
      "original": "integrate((cos(x)-sin(x))**2, (x, 0, 2))",
      "requested_difficulty": "easier",
      "variant": "integrate((sqrt(2)*sin(x + pi/4))**2, x)",
      "reasoning": "As a geometry enthusiast, I see symmetry in integrands. We can exploit the symmetry of the square to simplify the integral setup geometrically.",
      "evaluation": "easier",
      "extra_verification": null,
      "transformations_used": [
        "simplify a trigonometric component",
        "convert a product to a simpler sum",
        "remove nested functions",
        "eliminate absolute value terms",
        "reduce the number of terms in the expression"
      ],
      "timestamp": "2025-02-05T06:33:31.398862Z"
    },
    {
      "original": "integrate((cos(x)-sin(x))**2, (x, 0, 2))",
      "requested_difficulty": "easier",
      "variant": "integrate(cos(x)**2 + sin(x)**2 - 2sin(x)cos(x), x)",
      "reasoning": "As a calculus professor again, let's focus on the structure \\(a^2 - b^2\\) adjustments. The \\(sin\\) and \\(cos\\) terms present a perfect opportunity for identity usage.",
      "evaluation": "easier",
      "extra_verification": null,
      "transformations_used": [
        "simplify a trigonometric component",
        "convert a product to a simpler sum",
        "remove nested functions",
        "eliminate absolute value terms",
        "reduce the number of terms in the expression"
      ],
      "timestamp": "2025-02-05T06:33:31.127205Z"
    },
    {
      "original": "integrate((cos(x)-sin(x))**2, (x, 0, 2))",
      "requested_difficulty": "easier",
      "variant": "integrate(u**2, x)",
      "reasoning": "From the perspective of a creative mathematician who enjoys unusual substitutions, I can perform a change of variables by letting u = cos(x) - sin(x). This substitution simplifies the integration process.",
      "evaluation": "easier",
      "extra_verification": null,
      "transformations_used": [
        "reduce an exponent",
        "drop a subexpression",
        "reduce the number of terms in the expression"
      ],
      "timestamp": "2025-02-05T06:33:40.514068Z"
    },
    {
      "original": "integrate((cos(x)-sin(x))**2, (x, 0, 2))",
      "requested_difficulty": "easier",
      "variant": "integrate((exp(I*x) - exp(-I*x))**2 / 4, x)",
      "reasoning": "Viewing the integral through the lens of a theoretical physicist, I can rewrite cos(x) and sin(x) in their exponential forms using Euler\u2019s formula, which might give rise to easier computation.",
      "evaluation": "easier",
      "extra_verification": null,
      "transformations_used": [
        "reduce an exponent",
        "drop a subexpression",
        "reduce the number of terms in the expression"
      ],
      "timestamp": "2025-02-05T06:33:40.788825Z"
    },
    {
      "original": "integrate((cos(x)-sin(x))**2, (x, 0, 2))",
      "requested_difficulty": "easier",
      "variant": "integrate(sin(x)**2 + cos(x)**2 - 2*sin(x)*cos(x), x)",
      "reasoning": "I\u2019m a geometry enthusiast thinking in terms of transformations. By applying the Pythagorean identity, I can transform the original expression. This geometrical perspective often leads to simpler areas of integrations.",
      "evaluation": "easier",
      "extra_verification": null,
      "transformations_used": [
        "reduce an exponent",
        "drop a subexpression",
        "reduce the number of terms in the expression"
      ],
      "timestamp": "2025-02-05T06:33:41.043464Z"
    },
    {
      "original": "integrate((cos(x)-sin(x))**2, (x, 0, 2))",
      "requested_difficulty": "easier",
      "variant": "integrate((cos(x) - sin(x)) * (cos(x) - sin(x)), x)",
      "reasoning": "As a calculus lover keen on simplification, I recognize I can factor the expression after expanding, making it easier to integrate by addressing one simpler function at a time.",
      "evaluation": "easier",
      "extra_verification": null,
      "transformations_used": [
        "reduce an exponent",
        "drop a subexpression",
        "reduce the number of terms in the expression"
      ],
      "timestamp": "2025-02-05T06:33:40.509549Z"
    },
    {
      "original": "integrate((cos(x)-sin(x))**2, (x, 0, 2))",
      "requested_difficulty": "easier",
      "variant": "integrate(0.5 * (1 + cos(2*x)) - 0.5 * (1 - sin(2*x))), x)",
      "reasoning": "As a student who thrives with polynomial functions, I can alternatively approach this integral by using the cosine and sine power reduction formulas to simplify integration.",
      "evaluation": "easier",
      "extra_verification": null,
      "transformations_used": [
        "reduce an exponent",
        "drop a subexpression",
        "reduce the number of terms in the expression"
      ],
      "timestamp": "2025-02-05T06:33:41.019487Z"
    },
    {
      "original": "integrate((cos(x)-sin(x))**2, (x, 0, 2))",
      "requested_difficulty": "equivalent",
      "variant": "integrate(2*cos(x - pi/4)**2, x)",
      "reasoning": "As an engineer, I prefer a practical approach. Therefore, I can factor out constants first to simplify the computation process directly.",
      "evaluation": "easier",
      "extra_verification": null,
      "transformations_used": [
        "change variables while maintaining complexity",
        "rewrite the integrand in a different form without changing overall complexity",
        "factor common terms differently",
        "change coefficient values slightly",
        "use alternate but equivalent radical forms"
      ],
      "timestamp": "2025-02-05T06:33:27.471054Z"
    },
    {
      "original": "integrate((cos(x)-sin(x))**2, (x, 0, 2))",
      "requested_difficulty": "equivalent",
      "variant": "integrate(cos(x)**2, x)",
      "reasoning": "From a number theorist's perspective, I'd be intrigued by periodic functions; I'll express the integral as a sum of its distinct parts to emphasize contributions over intervals.",
      "evaluation": "easier",
      "extra_verification": null,
      "transformations_used": [
        "change variables while maintaining complexity",
        "rewrite the integrand in a different form without changing overall complexity",
        "factor common terms differently",
        "change coefficient values slightly",
        "use alternate but equivalent radical forms"
      ],
      "timestamp": "2025-02-05T06:33:27.297438Z"
    },
    {
      "original": "integrate((cos(x)-sin(x))**2, (x, 0, 2))",
      "requested_difficulty": "equivalent",
      "variant": "integrate((1/2 + (1/2)cos(2*x) - (sqrt(2)/2)sin(2*x))**2, x)",
      "reasoning": "For my last variant, as an engineer, I could represent the sine and cosine functions in terms of their Fourier series representation, expressing the integrand in another analytical way.",
      "evaluation": "equivalent",
      "extra_verification": null,
      "transformations_used": [
        "change variables while maintaining complexity",
        "rewrite the integrand in a different form without changing overall complexity",
        "factor common terms differently",
        "change coefficient values slightly",
        "use alternate but equivalent radical forms"
      ],
      "timestamp": "2025-02-05T06:33:27.247293Z"
    }
  ]
]