[
  [
    {
      "original": "integrate((sin(20*x) + sin(19*x))/(cos(20*x) + cos(19*x)), x)",
      "requested_difficulty": "easier",
      "variant": "integrate(sin(19*x+20*x)/cos(19*x+20*x), x)",
      "reasoning": "As a creative mathematician, I enjoy unusual substitutions. I can simplify the angles in the sine and cosine by using a shift to a single variable, thus creating a more manageable expression.",
      "evaluation": "easier",
      "extra_verification": null,
      "transformations_used": [
        "reduce an exponent",
        "remove logarithmic terms",
        "eliminate absolute value terms",
        "change a function to an easier one",
        "replace transcendental functions with simpler algebraic ones"
      ],
      "timestamp": "2025-02-05T06:26:10.545538Z"
    },
    {
      "original": "integrate((sin(20*x) + sin(19*x))/(cos(20*x) + cos(19*x)), x)",
      "requested_difficulty": "easier",
      "variant": "integrate((e^(1j*20*x) - e^(-1j*20*x))/((e^(1j*20*x) + e^(-1j*20*x))), x)",
      "reasoning": "As a theoretical physicist, I like using exponential forms to simplify oscillatory integrals. Noticing that sine and cosine can be rewritten in terms of complex exponentials is beneficial.",
      "evaluation": "easier",
      "extra_verification": null,
      "transformations_used": [
        "reduce an exponent",
        "remove logarithmic terms",
        "eliminate absolute value terms",
        "change a function to an easier one",
        "replace transcendental functions with simpler algebraic ones"
      ],
      "timestamp": "2025-02-05T06:26:10.513975Z"
    },
    {
      "original": "integrate((sin(20*x) + sin(19*x))/(cos(20*x) + cos(19*x)), x)",
      "requested_difficulty": "easier",
      "variant": "integrate((sin(23*x) + sin(17*x))/(cos(23*x) + cos(17*x)), x)",
      "reasoning": "As a number theorist fascinated by primes, I can express the frequencies of sine functions using combinations of prime numbers, here let's consider the frequencies to be prime (17 and 23) for a more interesting integral.",
      "evaluation": "equivalent",
      "extra_verification": null,
      "transformations_used": [
        "reduce an exponent",
        "remove logarithmic terms",
        "eliminate absolute value terms",
        "change a function to an easier one",
        "replace transcendental functions with simpler algebraic ones"
      ],
      "timestamp": "2025-02-05T06:26:10.592643Z"
    },
    {
      "original": "integrate((sin(20*x) + sin(19*x))/(cos(20*x) + cos(19*x)), x)",
      "requested_difficulty": "easier",
      "variant": "integrate(sin(20*x + 19*x)/cos(20*x + 19*x), x)",
      "reasoning": "As a geometry enthusiast, I focus on geometric transformations. Thus, I can relate sine and cosine functions to their geometric interpretations using triangle relationships and angle sum identities.",
      "evaluation": "easier",
      "extra_verification": null,
      "transformations_used": [
        "reduce an exponent",
        "remove logarithmic terms",
        "eliminate absolute value terms",
        "change a function to an easier one",
        "replace transcendental functions with simpler algebraic ones"
      ],
      "timestamp": "2025-02-05T06:26:10.674428Z"
    },
    {
      "original": "integrate((sin(20*x) + sin(19*x))/(cos(20*x) + cos(19*x)), x)",
      "requested_difficulty": "easier",
      "variant": "integrate((1 - cos(20*x - 19*x))/(1 + cos(20*x - 19*x)), x)",
      "reasoning": "I can express the ratio of sine and cosine through the use of half-angle identities, simplifying the terms into something more manageable for the integral computation.",
      "evaluation": "easier",
      "extra_verification": null,
      "transformations_used": [
        "reduce an exponent",
        "remove logarithmic terms",
        "eliminate absolute value terms",
        "change a function to an easier one",
        "replace transcendental functions with simpler algebraic ones"
      ],
      "timestamp": "2025-02-05T06:26:10.590164Z"
    },
    {
      "original": "integrate((sin(20*x) + sin(19*x))/(cos(20*x) + cos(19*x)), x)",
      "requested_difficulty": "easier",
      "variant": "integrate(2*sin(19.5*x)*cos(0.5*x), x)",
      "reasoning": "I can apply the product-to-sum identities to transform the sine terms into a form that's easier to integrate, by expressing it in terms of sums.",
      "evaluation": "easier",
      "extra_verification": null,
      "transformations_used": [
        "reduce an exponent",
        "remove logarithmic terms",
        "eliminate absolute value terms",
        "change a function to an easier one",
        "replace transcendental functions with simpler algebraic ones"
      ],
      "timestamp": "2025-02-05T06:26:10.736765Z"
    },
    {
      "original": "integrate((sin(20*x) + sin(19*x))/(cos(20*x) + cos(19*x)), x)",
      "requested_difficulty": "easier",
      "variant": "integrate(sin(19.5*x), x)",
      "reasoning": "As a student, I find that focusing on averages often helps! I can calculate the mean frequency, which averages the two sine functions into one simple function.",
      "evaluation": "easier",
      "extra_verification": null,
      "transformations_used": [
        "reduce an exponent",
        "remove logarithmic terms",
        "eliminate absolute value terms",
        "change a function to an easier one",
        "replace transcendental functions with simpler algebraic ones"
      ],
      "timestamp": "2025-02-05T06:26:10.572681Z"
    },
    {
      "original": "integrate((sin(20*x) + sin(19*x))/(cos(20*x) + cos(19*x)), x)",
      "requested_difficulty": "easier",
      "variant": "integrate(tan(19*x / 2), x)",
      "reasoning": "As a calculus professor who loves elegant simplifications, I recognize that the original integrand can be simplified using the tangent addition formula. The combination of sine and cosine functions can be transformed into a simpler form.",
      "evaluation": "easier",
      "extra_verification": null,
      "transformations_used": [
        "eliminate absolute value terms",
        "replace a complex fraction with a simpler one",
        "eliminate a radical",
        "reduce the degree of a polynomial",
        "simplify the denominator"
      ],
      "timestamp": "2025-02-05T06:26:21.534740Z"
    },
    {
      "original": "integrate((sin(20*x) + sin(19*x))/(cos(20*x) + cos(19*x)), x)",
      "requested_difficulty": "easier",
      "variant": "integrate((sin(20*x) + sin(19*x))/(cos(20*x) + cos(19*x)), x)",
      "reasoning": "As a student focusing on polynomials and rational functions, I can observe that both sine and cosine can be expanded using their angle sum identities. This allows us to work with polynomials instead of trigonometric functions.",
      "evaluation": "equivalent",
      "extra_verification": null,
      "transformations_used": [
        "eliminate absolute value terms",
        "replace a complex fraction with a simpler one",
        "eliminate a radical",
        "reduce the degree of a polynomial",
        "simplify the denominator"
      ],
      "timestamp": "2025-02-05T06:26:21.508196Z"
    },
    {
      "original": "integrate((sin(20*x) + sin(19*x))/(cos(20*x) + cos(19*x)), x)",
      "requested_difficulty": "easier",
      "variant": "integrate((exp(I * 20 * x) - exp(-I * 20 * x) + exp(I * 19 * x) - exp(-I * 19 * x))/(exp(I * 20 * x) + exp(-I * 20 * x) + exp(I * 19 * x) + exp(-I * 19 * x)), x)",
      "reasoning": "Theoretical physicists often prefer trigonometric forms. I can utilize the property of sine and cosine to convert the integrand into exponential forms using Euler's formula, simplifying my work in calculations involving oscillations.",
      "evaluation": "equivalent",
      "extra_verification": null,
      "transformations_used": [
        "eliminate absolute value terms",
        "replace a complex fraction with a simpler one",
        "eliminate a radical",
        "reduce the degree of a polynomial",
        "simplify the denominator"
      ],
      "timestamp": "2025-02-05T06:26:21.636193Z"
    },
    {
      "original": "integrate((sin(20*x) + sin(19*x))/(cos(20*x) + cos(19*x)), x)",
      "requested_difficulty": "easier",
      "variant": "integrate(sin(19*x)/(1 + cos(19*x)), x)",
      "reasoning": "Number theorists enjoy working with rational coefficients. We can simplify the integral by looking only for rational angles instead of sinusoidal forms, breaking the integral into halves.",
      "evaluation": "easier",
      "extra_verification": null,
      "transformations_used": [
        "eliminate absolute value terms",
        "replace a complex fraction with a simpler one",
        "eliminate a radical",
        "reduce the degree of a polynomial",
        "simplify the denominator"
      ],
      "timestamp": "2025-02-05T06:26:21.486404Z"
    },
    {
      "original": "integrate((sin(20*x) + sin(19*x))/(cos(20*x) + cos(19*x)), x)",
      "requested_difficulty": "easier",
      "variant": "integrate((sinh(20*x) + sinh(19*x))/(cosh(20*x) + cosh(19*x)), x)",
      "reasoning": "Theoretical physicists may find it interesting to use hyperbolic identities. Rewriting the integral in terms of hyperbolic functions can provide an alternative and sometimes more accessible pathway for integration.",
      "evaluation": "equivalent",
      "extra_verification": null,
      "transformations_used": [
        "eliminate absolute value terms",
        "replace a complex fraction with a simpler one",
        "eliminate a radical",
        "reduce the degree of a polynomial",
        "simplify the denominator"
      ],
      "timestamp": "2025-02-05T06:26:21.779901Z"
    },
    {
      "original": "integrate((sin(20*x) + sin(19*x))/(cos(20*x) + cos(19*x)), x)",
      "requested_difficulty": "easier",
      "variant": "integrate(2*sin(19.5*x)*sin(0.5*x)/cos(19.5*x), x)",
      "reasoning": "As a calculus professor, I see an opportunity to use the sum-to-product identities for sine and cosine functions to simplify the integrand into a more manageable form.",
      "evaluation": "easier",
      "extra_verification": null,
      "transformations_used": [
        "eliminate absolute value terms",
        "change a function to an easier one",
        "replace transcendental functions with simpler algebraic ones"
      ],
      "timestamp": "2025-02-05T06:26:10.402428Z"
    },
    {
      "original": "integrate((sin(20*x) + sin(19*x))/(cos(20*x) + cos(19*x)), x)",
      "requested_difficulty": "easier",
      "variant": "integrate(sin(19.5*x)/cos(19.5*x), x)",
      "reasoning": "From the perspective of a creative mathematician, I will substitute 19.5 for the average of the frequencies and express my function in terms of a single variable, thus transforming the expression into a simpler one.",
      "evaluation": "easier",
      "extra_verification": null,
      "transformations_used": [
        "eliminate absolute value terms",
        "change a function to an easier one",
        "replace transcendental functions with simpler algebraic ones"
      ],
      "timestamp": "2025-02-05T06:26:10.511971Z"
    },
    {
      "original": "integrate((sin(20*x) + sin(19*x))/(cos(20*x) + cos(19*x)), x)",
      "requested_difficulty": "easier",
      "variant": "integrate((x - (x**3)/6 + O(x**5))/(1 - (x**2)/2 + O(x**4)), x)",
      "reasoning": "As a student who prefers polynomials, I will focus on finding a Taylor expansion around zero for the sine and cosine functions to express the integrand as a polynomial, which is easier to integrate.",
      "evaluation": "easier",
      "extra_verification": null,
      "transformations_used": [
        "eliminate absolute value terms",
        "change a function to an easier one",
        "replace transcendental functions with simpler algebraic ones"
      ],
      "timestamp": "2025-02-05T06:26:10.806938Z"
    },
    {
      "original": "integrate((sin(20*x) + sin(19*x))/(cos(20*x) + cos(19*x)), x)",
      "requested_difficulty": "easier",
      "variant": "integrate((exp(1j*20*x) + exp(1j*19*x))/(exp(1j*20*x) + exp(1j*19*x)), x)",
      "reasoning": "As a theoretical physicist, I will express the sine and cosine terms in exponential form (Euler's formula), transforming the integral into a simpler complex integral to evaluate.",
      "evaluation": "equivalent",
      "extra_verification": null,
      "transformations_used": [
        "eliminate absolute value terms",
        "change a function to an easier one",
        "replace transcendental functions with simpler algebraic ones"
      ],
      "timestamp": "2025-02-05T06:26:10.484082Z"
    },
    {
      "original": "integrate((sin(20*x) + sin(19*x))/(cos(20*x) + cos(19*x)), x)",
      "requested_difficulty": "easier",
      "variant": "integrate(tan(19.5*x)*2/(1 + tan(19.5*x)**2), x)",
      "reasoning": "As an engineer, I favor practical solutions; using the tangent half-angle identity, I\u2019ll change the variables to make the integrand easier to solve.",
      "evaluation": "easier",
      "extra_verification": null,
      "transformations_used": [
        "eliminate absolute value terms",
        "change a function to an easier one",
        "replace transcendental functions with simpler algebraic ones"
      ],
      "timestamp": "2025-02-05T06:26:10.628320Z"
    },
    {
      "original": "integrate((sin(20*x) + sin(19*x))/(cos(20*x) + cos(19*x)), x)",
      "requested_difficulty": "easier",
      "variant": "integrate(sin(20*x)/cos(20*x) + sin(19*x)/cos(19*x), x)",
      "reasoning": "Viewing this from a number theorist's perspective, I will analyze the function in terms of its periodicity and symmetry, simplifying the integral into ranges where the behavior is clearer.",
      "evaluation": "easier",
      "extra_verification": null,
      "transformations_used": [
        "eliminate absolute value terms",
        "change a function to an easier one",
        "replace transcendental functions with simpler algebraic ones"
      ],
      "timestamp": "2025-02-05T06:26:10.410870Z"
    },
    {
      "original": "integrate((sin(20*x) + sin(19*x))/(cos(20*x) + cos(19*x)), x)",
      "requested_difficulty": "easier",
      "variant": "integrate(sin(20*x + pi/2) + sin(19*x + pi/2), x)",
      "reasoning": "Inspired by geometric transformations, I will utilize a rotation to represent the sine and cosine terms in simpler triangular forms, reducing complexity in the integrand.",
      "evaluation": "easier",
      "extra_verification": null,
      "transformations_used": [
        "eliminate absolute value terms",
        "change a function to an easier one",
        "replace transcendental functions with simpler algebraic ones"
      ],
      "timestamp": "2025-02-05T06:26:10.426769Z"
    },
    {
      "original": "integrate((sin(20*x) + sin(19*x))/(cos(20*x) + cos(19*x)), x)",
      "requested_difficulty": "easier",
      "variant": "integrate(sin(19.5*x) + sin(0.5*x), x)",
      "reasoning": "As a minimalist mathematician, my goal is to remove as many terms as possible. I can incorporate the angle addition formula in a clever way.",
      "evaluation": "easier",
      "extra_verification": null,
      "transformations_used": [
        "eliminate absolute value terms",
        "change a function to an easier one",
        "replace transcendental functions with simpler algebraic ones"
      ],
      "timestamp": "2025-02-05T06:26:10.507460Z"
    },
    {
      "original": "integrate((sin(20*x) + sin(19*x))/(cos(20*x) + cos(19*x)), x)",
      "requested_difficulty": "equivalent",
      "variant": "integrate(tan(19*x/2 + 20*x/2), x)",
      "reasoning": "As a calculus professor who loves elegant simplifications, I notice the integral can be viewed as the ratio of two sum formulas that can be simplified via trigonometric identities. Using the identity for the sum of angles, I can express this integral more directly as a single trigonometric function.",
      "evaluation": "easier",
      "extra_verification": null,
      "transformations_used": [
        "alter constant terms",
        "use trigonometric identities to rewrite expression",
        "adjust parameters while keeping the integral equivalent"
      ],
      "timestamp": "2025-02-05T06:26:13.084062Z"
    },
    {
      "original": "integrate((sin(20*x) + sin(19*x))/(cos(20*x) + cos(19*x)), x)",
      "requested_difficulty": "equivalent",
      "variant": "integrate((exp(I*20*x) - exp(-I*20*x) + exp(I*19*x) - exp(-I*19*x)) / (exp(I*20*x) + exp(-I*20*x) + exp(I*19*x) + exp(-I*19*x)), x)",
      "reasoning": "As a student who prefers working with polynomials and rational functions, I want to convert the sine and cosine functions into exponential forms using Euler's formula. This allows me to handle complex exponentials, which simplify the calculations significantly.",
      "evaluation": "equivalent",
      "extra_verification": null,
      "transformations_used": [
        "alter constant terms",
        "use trigonometric identities to rewrite expression",
        "adjust parameters while keeping the integral equivalent"
      ],
      "timestamp": "2025-02-05T06:26:13.081897Z"
    },
    {
      "original": "integrate((sin(20*x) + sin(19*x))/(cos(20*x) + cos(19*x)), x)",
      "requested_difficulty": "equivalent",
      "variant": "integrate(sin(19*x + 20*x) / cos(19*x + 20*x), x)",
      "reasoning": "As a theoretical physicist who likes trigonometric forms, I notice that the integral can be restated using the angle addition formulas. I can express sin and cos in terms of the sum of two angles.",
      "evaluation": "easier",
      "extra_verification": null,
      "transformations_used": [
        "alter constant terms",
        "use trigonometric identities to rewrite expression",
        "adjust parameters while keeping the integral equivalent"
      ],
      "timestamp": "2025-02-05T06:26:13.317142Z"
    },
    {
      "original": "integrate((sin(20*x) + sin(19*x))/(cos(20*x) + cos(19*x)), x)",
      "requested_difficulty": "equivalent",
      "variant": "integrate((sin(2*prime(10)*x) + sin(2*prime(9)*x)) / (cos(2*prime(10)*x) + cos(2*prime(9)*x)), x)",
      "reasoning": "I\u2019m a number theorist intrigued by primes. I can reinterpret the sine and cosine functions as sums over their indices of prime arguments, thus leading to an integral representation involving prime numbers and distinct coefficients.",
      "evaluation": "equivalent",
      "extra_verification": null,
      "transformations_used": [
        "alter constant terms",
        "use trigonometric identities to rewrite expression",
        "adjust parameters while keeping the integral equivalent"
      ],
      "timestamp": "2025-02-05T06:26:17.466271Z"
    },
    {
      "original": "integrate((sin(20*x) + sin(19*x))/(cos(20*x) + cos(19*x)), x)",
      "requested_difficulty": "equivalent",
      "variant": "integrate((1/2) * (sin(20*x) + sin(19*x)) / ((1/2) * (cos(20*x) + cos(19*x))), x)",
      "reasoning": "Adopting the lens of a calculus professor, I can find a more symmetrical structure by using symmetries of sine and cosine to average the two functions, leading to clearer trigonometric forms.",
      "evaluation": "equivalent",
      "extra_verification": null,
      "transformations_used": [
        "alter constant terms",
        "use trigonometric identities to rewrite expression",
        "adjust parameters while keeping the integral equivalent"
      ],
      "timestamp": "2025-02-05T06:26:15.863597Z"
    },
    {
      "original": "integrate((sin(20*x) + sin(19*x))/(cos(20*x) + cos(19*x)), x)",
      "requested_difficulty": "equivalent",
      "variant": "integrate((sin(20*x) + sin(19*x))/cos(20*x), x)",
      "reasoning": "As an engineer focusing on computational approaches, I realize I can simplify the computation by using numerical integration ideas or discretizing the waveform closely related to the harmonic frequencies.",
      "evaluation": "easier",
      "extra_verification": null,
      "transformations_used": [
        "alter constant terms",
        "use trigonometric identities to rewrite expression",
        "adjust parameters while keeping the integral equivalent"
      ],
      "timestamp": "2025-02-05T06:26:13.066812Z"
    },
    {
      "original": "integrate((sin(20*x) + sin(19*x))/(cos(20*x) + cos(19*x)), x)",
      "requested_difficulty": "equivalent",
      "variant": "integrate((exp(1j*20*x) - exp(-1j*20*x) + exp(1j*19*x) - exp(-1j*19*x))/(exp(1j*20*x) + exp(-1j*20*x) + exp(1j*19*x) + exp(-1j*19*x)), x)",
      "reasoning": "As a creative mathematician, I enjoy exploring exponential forms. The sine and cosine functions can be represented using complex exponentials, which might lead to a more manageable integral.",
      "evaluation": "easier",
      "extra_verification": null,
      "transformations_used": [
        "rewrite the integrand in a different form without changing overall complexity",
        "substitute equivalent exponential forms",
        "exchange similar functions (e.g., sin to cos)"
      ],
      "timestamp": "2025-02-05T06:26:12.365688Z"
    },
    {
      "original": "integrate((sin(20*x) + sin(19*x))/(cos(20*x) + cos(19*x)), x)",
      "requested_difficulty": "equivalent",
      "variant": "integrate((2*sin((20*x + 19*x)/2)*cos((20*x - 19*x)/2))/(2*cos((20*x + 19*x)/2)*cos((20*x - 19*x)/2)), x)",
      "reasoning": "As a student who prefers polynomials, I can transform the sine and cosine terms using the addition formulas. This polynomial-like representation will make integration more intuitive.",
      "evaluation": "easier",
      "extra_verification": null,
      "transformations_used": [
        "rewrite the integrand in a different form without changing overall complexity",
        "substitute equivalent exponential forms",
        "exchange similar functions (e.g., sin to cos)"
      ],
      "timestamp": "2025-02-05T06:26:12.554150Z"
    },
    {
      "original": "integrate((sin(20*x) + sin(19*x))/(cos(20*x) + cos(19*x)), x)",
      "requested_difficulty": "equivalent",
      "variant": "integrate(((sin(20*x)/(cos(20*x) + cos(19*x))) + (sin(19*x)/(cos(20*x) + cos(19*x)))), x)",
      "reasoning": "As an engineer focused on practical computation, I can express the integrand as a polynomial plus a rational function which can be more computable for numerical integration.",
      "evaluation": "equivalent",
      "extra_verification": null,
      "transformations_used": [
        "rewrite the integrand in a different form without changing overall complexity",
        "substitute equivalent exponential forms",
        "exchange similar functions (e.g., sin to cos)"
      ],
      "timestamp": "2025-02-05T06:26:12.345666Z"
    },
    {
      "original": "integrate((sin(20*x) + sin(19*x))/(cos(20*x) + cos(19*x)), x)",
      "requested_difficulty": "equivalent",
      "variant": "integrate(sin(20*x)/(cos(20*x)+cos(19*x))+sin(19*x)/(cos(20*x)+cos(19*x)), x)",
      "reasoning": "From the perspective of a number theorist, I find the periodic properties of the sine and cosine functions intriguing. Expressing the integral in terms of their periodic nature could yield insight into potential solutions.",
      "evaluation": "easier",
      "extra_verification": null,
      "transformations_used": [
        "rewrite the integrand in a different form without changing overall complexity",
        "substitute equivalent exponential forms",
        "exchange similar functions (e.g., sin to cos)"
      ],
      "timestamp": "2025-02-05T06:26:12.423672Z"
    },
    {
      "original": "integrate((sin(20*x) + sin(19*x))/(cos(20*x) + cos(19*x)), x)",
      "requested_difficulty": "equivalent",
      "variant": "integrate(A*sin(20*x + phi_20) + B*sin(19*x + phi_19), x)",
      "reasoning": "As a geometry enthusiast, I can think about transformations that project sinusoidal waves onto a geometric plane. Using amplitude and phase shifts gives an interesting geometric interpretation.",
      "evaluation": "easier",
      "extra_verification": null,
      "transformations_used": [
        "rewrite the integrand in a different form without changing overall complexity",
        "substitute equivalent exponential forms",
        "exchange similar functions (e.g., sin to cos)"
      ],
      "timestamp": "2025-02-05T06:26:12.470147Z"
    },
    {
      "original": "integrate((sin(20*x) + sin(19*x))/(cos(20*x) + cos(19*x)), x)",
      "requested_difficulty": "equivalent",
      "variant": "integrate((1/(cos(20*x) + cos(19*x)))*(sin(20*x) + sin(19*x)), x)",
      "reasoning": "Emphasizing symmetry as a piece of a number theorist, I can highlight the even and odd functions in sine and cosine to present the integral differently yet equivalently.",
      "evaluation": "easier",
      "extra_verification": null,
      "transformations_used": [
        "rewrite the integrand in a different form without changing overall complexity",
        "substitute equivalent exponential forms",
        "exchange similar functions (e.g., sin to cos)"
      ],
      "timestamp": "2025-02-05T06:26:12.658898Z"
    },
    {
      "original": "integrate((sin(20*x) + sin(19*x))/(cos(20*x) + cos(19*x)), x)",
      "requested_difficulty": "equivalent",
      "variant": "integrate((sin(19*x) + sin(20*x))/2/(cos(19*x) + cos(20*x))/2, x)",
      "reasoning": "As a calculus professor intrigued by symmetry, taking the average of sines over their coefficients may lead to a clearer view of periodic behavior over the integral.",
      "evaluation": "equivalent",
      "extra_verification": null,
      "transformations_used": [
        "rewrite the integrand in a different form without changing overall complexity",
        "substitute equivalent exponential forms",
        "exchange similar functions (e.g., sin to cos)"
      ],
      "timestamp": "2025-02-05T06:26:12.461012Z"
    },
    {
      "original": "integrate((sin(20*x) + sin(19*x))/(cos(20*x) + cos(19*x)), x)",
      "requested_difficulty": "equivalent",
      "variant": "integrate(tan((20*x + 19*x)/2), x)",
      "reasoning": "As a calculus professor who loves elegant simplifications, we can combine the terms of the numerator and denominator using the tangent addition formula, leading us directly toward a simpler form for integration.",
      "evaluation": "easier",
      "extra_verification": null,
      "transformations_used": [
        "use trigonometric identities to rewrite expression",
        "distribute terms differently",
        "adjust parameters while keeping the integral equivalent",
        "substitute equivalent exponential forms",
        "rewrite using different logarithmic properties"
      ],
      "timestamp": "2025-02-05T06:26:10.308018Z"
    },
    {
      "original": "integrate((sin(20*x) + sin(19*x))/(cos(20*x) + cos(19*x)), x)",
      "requested_difficulty": "equivalent",
      "variant": "integrate((1/2)*(tan(20*x) + tan(19*x)), x)",
      "reasoning": "Thinking like a calculus professor, I will group the sine and cosine terms in pairs and apply integration techniques to internal components separately, reinforcing cohesion within the expression.",
      "evaluation": "easier",
      "extra_verification": null,
      "transformations_used": [
        "use trigonometric identities to rewrite expression",
        "distribute terms differently",
        "adjust parameters while keeping the integral equivalent",
        "substitute equivalent exponential forms",
        "rewrite using different logarithmic properties"
      ],
      "timestamp": "2025-02-05T06:26:10.488946Z"
    },
    {
      "original": "integrate((sin(20*x) + sin(19*x))/(cos(20*x) + cos(19*x)), x)",
      "requested_difficulty": "equivalent",
      "variant": "integrate((2*sin(19.5*x) * cos(0.5*x))/(1 + cos(19*x + 20*x)), x)",
      "reasoning": "As a creative mathematician, I'll rearrange the terms cleverly using integrative properties of sine and cosine, making this version exhibit a different structure while keeping the overall idea intact.",
      "evaluation": "easier",
      "extra_verification": null,
      "transformations_used": [
        "use trigonometric identities to rewrite expression",
        "distribute terms differently",
        "adjust parameters while keeping the integral equivalent",
        "substitute equivalent exponential forms",
        "rewrite using different logarithmic properties"
      ],
      "timestamp": "2025-02-05T06:26:10.371691Z"
    },
    {
      "original": "integrate((sin(20*x) + sin(19*x))/(cos(20*x) + cos(19*x)), x)",
      "requested_difficulty": "equivalent",
      "variant": "integrate(tan(19*x + pi/20), x)",
      "reasoning": "As a calculus professor who values elegant simplifications, I notice that the sum of sines and cosines can be rewritten using angle addition formulas. By expressing the integrand in terms of tangent, we simplify this integral nicely.",
      "evaluation": "easier",
      "extra_verification": null,
      "transformations_used": [
        "rearrange the order of terms",
        "substitute equivalent exponential forms",
        "factor common terms differently",
        "rewrite using alternate algebraic forms",
        "rewrite the integrand in a different form without changing overall complexity"
      ],
      "timestamp": "2025-02-05T06:26:15.125084Z"
    },
    {
      "original": "integrate((sin(20*x) + sin(19*x))/(cos(20*x) + cos(19*x)), x)",
      "requested_difficulty": "equivalent",
      "variant": "integrate((exp(1j * 20 * x) - exp(-1j * 20 * x) + exp(1j * 19 * x) - exp(-1j * 19 * x)) / (exp(1j * 20 * x) + exp(-1j * 20 * x) + exp(1j * 19 * x) + exp(-1j * 19 * x)), x)",
      "reasoning": "The creative mathematician in me enjoys using complex exponentials, so I rewrite the sine and cosine terms using Euler's formula to create an integral in terms of exponentials. This approach adds a layer of complexity but can lead to interesting insights.",
      "evaluation": "equivalent",
      "extra_verification": null,
      "transformations_used": [
        "rearrange the order of terms",
        "substitute equivalent exponential forms",
        "factor common terms differently",
        "rewrite using alternate algebraic forms",
        "rewrite the integrand in a different form without changing overall complexity"
      ],
      "timestamp": "2025-02-05T06:26:15.324368Z"
    },
    {
      "original": "integrate((sin(20*x) + sin(19*x))/(cos(20*x) + cos(19*x)), x)",
      "requested_difficulty": "equivalent",
      "variant": "integrate(cos(0.5 * (20 + 19) * x) * sin(0.5 * (20 - 19) * x), x)",
      "reasoning": "The theoretical physicist likes working with trigonometric identities. Noting that the sine and cosine functions are periodic, I can express the integrand in terms of their behavior over a cycle, helping to understand the integral's nature better.",
      "evaluation": "easier",
      "extra_verification": null,
      "transformations_used": [
        "rearrange the order of terms",
        "substitute equivalent exponential forms",
        "factor common terms differently",
        "rewrite using alternate algebraic forms",
        "rewrite the integrand in a different form without changing overall complexity"
      ],
      "timestamp": "2025-02-05T06:26:15.144265Z"
    },
    {
      "original": "integrate((sin(20*x) + sin(19*x))/(cos(20*x) + cos(19*x)), x)",
      "requested_difficulty": "equivalent",
      "variant": "integrate(tan((20 + 19)/2 * x), x)",
      "reasoning": "As a geometry enthusiast, I can view sine and cosine in terms of a unit circle and transformations. Thus, I frame the integral as a rotation in the plane of periodic functions with specified angles, leading to an interesting narrative of geometry.",
      "evaluation": "easier",
      "extra_verification": null,
      "transformations_used": [
        "rearrange the order of terms",
        "substitute equivalent exponential forms",
        "factor common terms differently",
        "rewrite using alternate algebraic forms",
        "rewrite the integrand in a different form without changing overall complexity"
      ],
      "timestamp": "2025-02-05T06:26:15.364569Z"
    }
  ]
]