[
  [
    {
      "original": "integrate(x**3*sin(x**2), x)",
      "requested_difficulty": "easier",
      "variant": "integrate(x**3*sin(x**2), x)",
      "reasoning": "As a calculus professor, I appreciate breaking down complex integrals into simpler parts. We can use substitution to handle \\( \\sin(x^2) \\) more easily by letting \\( u = x^2 \\), which simplifies the integral considerably.",
      "evaluation": "equivalent",
      "extra_verification": null,
      "transformations_used": [
        "reduce an exponent",
        "convert a product to a simpler sum",
        "replace a complex fraction with a simpler one"
      ],
      "timestamp": "2025-02-05T06:24:51.294544Z"
    },
    {
      "original": "integrate(x**3*sin(x**2), x)",
      "requested_difficulty": "easier",
      "variant": "integrate((x**3/2)*(exp(I*x**2) - exp(-I*x**2))/(2*I), x)",
      "reasoning": "I\u2019m a theoretical physicist who finds trigonometric identities useful. By using the identity that relates sine to the exponential function, we can reframe the integral in terms of exponentials, which are often easier to handle.",
      "evaluation": "equivalent",
      "extra_verification": null,
      "transformations_used": [
        "reduce an exponent",
        "convert a product to a simpler sum",
        "replace a complex fraction with a simpler one"
      ],
      "timestamp": "2025-02-05T06:24:51.347079Z"
    },
    {
      "original": "integrate(x**3*sin(x**2), x)",
      "requested_difficulty": "easier",
      "variant": "integrate(sin(x), x)",
      "reasoning": "As a calculus professor, I see that the original integral involves a product of a polynomial and a sinusoidal function. By simplifying the integrand to just sine without the polynomial dependency, I can focus on a more straightforward integral.",
      "evaluation": "easier",
      "extra_verification": null,
      "transformations_used": [
        "remove nested functions",
        "remove logarithmic terms",
        "drop a subexpression"
      ],
      "timestamp": "2025-02-05T06:24:47.637392Z"
    },
    {
      "original": "integrate(x**3*sin(x**2), x)",
      "requested_difficulty": "easier",
      "variant": "integrate(x**3 * (x**2/6 - 1), x)",
      "reasoning": "As a creative mathematician, I'm inspired to modify the sine function by reducing it to its first few terms of its Taylor series which provides a polynomial approximation that is easier to integrate.",
      "evaluation": "easier",
      "extra_verification": null,
      "transformations_used": [
        "remove nested functions",
        "remove logarithmic terms",
        "drop a subexpression"
      ],
      "timestamp": "2025-02-05T06:24:47.631808Z"
    },
    {
      "original": "integrate(x**3*sin(x**2), x)",
      "requested_difficulty": "easier",
      "variant": "integrate(x**3, x)",
      "reasoning": "Viewing from a student's perspective, I prefer polynomials due to their straightforward integration. I can drop the sine function altogether and use a constant to create a simpler integral.",
      "evaluation": "easier",
      "extra_verification": null,
      "transformations_used": [
        "remove nested functions",
        "remove logarithmic terms",
        "drop a subexpression"
      ],
      "timestamp": "2025-02-05T06:24:47.872395Z"
    },
    {
      "original": "integrate(x**3*sin(x**2), x)",
      "requested_difficulty": "easier",
      "variant": "integrate((e**(1j*x**2) - e**(-1j*x**2))/2 * x**3, x)",
      "reasoning": "As a theoretical physicist, I often simplify problems through trigonometric identities. I can express the integral in terms of the exponential function for easier integration.",
      "evaluation": "equivalent",
      "extra_verification": null,
      "transformations_used": [
        "remove nested functions",
        "remove logarithmic terms",
        "drop a subexpression"
      ],
      "timestamp": "2025-02-05T06:24:47.619144Z"
    },
    {
      "original": "integrate(x**3*sin(x**2), x)",
      "requested_difficulty": "easier",
      "variant": "integrate(x**2, x)",
      "reasoning": "From the engineer's perspective, I prefer practical and numerical approaches. To simplify the mathematics, let's just look at the integral of a simple polynomial that retains useful characteristics.",
      "evaluation": "easier",
      "extra_verification": null,
      "transformations_used": [
        "remove nested functions",
        "remove logarithmic terms",
        "drop a subexpression"
      ],
      "timestamp": "2025-02-05T06:24:47.756357Z"
    },
    {
      "original": "integrate(x**3*sin(x**2), x)",
      "requested_difficulty": "easier",
      "variant": "integrate(3*x**2, x)",
      "reasoning": "As a number theorist, I'm fascinated by prime numbers. I simplify the integrand to include only a prime-based polynomial which is always interesting yet simpler to integrate.",
      "evaluation": "easier",
      "extra_verification": null,
      "transformations_used": [
        "remove nested functions",
        "remove logarithmic terms",
        "drop a subexpression"
      ],
      "timestamp": "2025-02-05T06:24:47.628218Z"
    },
    {
      "original": "integrate(x**3*sin(x**2), x)",
      "requested_difficulty": "easier",
      "variant": "integrate(x, x)",
      "reasoning": "As an engineer, I often think in terms of practical applications. I can specifically reduce the problem to integral of a specific linear function which is a reasonable approximation.",
      "evaluation": "easier",
      "extra_verification": null,
      "transformations_used": [
        "remove nested functions",
        "remove logarithmic terms",
        "drop a subexpression"
      ],
      "timestamp": "2025-02-05T06:24:47.754114Z"
    },
    {
      "original": "integrate(x**3*sin(x**2), x)",
      "requested_difficulty": "easier",
      "variant": "integrate(1, x)",
      "reasoning": "As a calculus enthusiast, I'm drawn to integrals of unit functions. The simplicity of integrating a constant function is appealing and provides educational value.",
      "evaluation": "easier",
      "extra_verification": null,
      "transformations_used": [
        "remove nested functions",
        "remove logarithmic terms",
        "drop a subexpression"
      ],
      "timestamp": "2025-02-05T06:24:47.887957Z"
    },
    {
      "original": "integrate(x**3*sin(x**2), x)",
      "requested_difficulty": "easier",
      "variant": "integrate(x**3 * (x**2 - x**4/6), x)",
      "reasoning": "As a creative mathematician, I like to replace the sine function with a simpler polynomial representation around 0. This allows us to approximate the integral more easily.",
      "evaluation": "easier",
      "extra_verification": null,
      "transformations_used": [
        "replace transcendental functions with simpler algebraic ones",
        "change a function to an easier one",
        "eliminate a radical",
        "reduce an exponent",
        "replace a complex fraction with a simpler one"
      ],
      "timestamp": "2025-02-05T06:24:51.198376Z"
    },
    {
      "original": "integrate(x**3*sin(x**2), x)",
      "requested_difficulty": "easier",
      "variant": "integrate(x**3 * (x**2 - x**4/6 + x**6/120), x)",
      "reasoning": "Thinking like a student who enjoys polynomials, I shall replace the sine function with its Taylor series expansion near zero to transform the integral into a polynomial-like form.",
      "evaluation": "easier",
      "extra_verification": null,
      "transformations_used": [
        "replace transcendental functions with simpler algebraic ones",
        "change a function to an easier one",
        "eliminate a radical",
        "reduce an exponent",
        "replace a complex fraction with a simpler one"
      ],
      "timestamp": "2025-02-05T06:24:50.905857Z"
    },
    {
      "original": "integrate(x**3*sin(x**2), x)",
      "requested_difficulty": "easier",
      "variant": "integrate(x**3 * ((exp(I*x**2) - exp(-I*x**2))/(2*I)), x)",
      "reasoning": "Approaching this as a theoretical physicist, I can transform \\( \\sin(x^2) \\) into its exponential form using Euler's formula for easier integration.",
      "evaluation": "easier",
      "extra_verification": null,
      "transformations_used": [
        "replace transcendental functions with simpler algebraic ones",
        "change a function to an easier one",
        "eliminate a radical",
        "reduce an exponent",
        "replace a complex fraction with a simpler one"
      ],
      "timestamp": "2025-02-05T06:24:50.830991Z"
    },
    {
      "original": "integrate(x**3*sin(x**2), x)",
      "requested_difficulty": "easier",
      "variant": "integrate(x**2 * sin(x**2), x)",
      "reasoning": "As an engineer who values practical computation, I will modify the integral by reducing the exponent of \\( x \\) and simplifying the function.",
      "evaluation": "easier",
      "extra_verification": null,
      "transformations_used": [
        "replace transcendental functions with simpler algebraic ones",
        "change a function to an easier one",
        "eliminate a radical",
        "reduce an exponent",
        "replace a complex fraction with a simpler one"
      ],
      "timestamp": "2025-02-05T06:24:51.019080Z"
    },
    {
      "original": "integrate(x**3*sin(x**2), x)",
      "requested_difficulty": "easier",
      "variant": "integrate(2*x**3 * sin(x**2), x)",
      "reasoning": "As a number theorist fascinated by primes, I\u2019ll change the integrand to feature prime coefficients while maintaining the structure of the original function.",
      "evaluation": "easier",
      "extra_verification": null,
      "transformations_used": [
        "replace transcendental functions with simpler algebraic ones",
        "change a function to an easier one",
        "eliminate a radical",
        "reduce an exponent",
        "replace a complex fraction with a simpler one"
      ],
      "timestamp": "2025-02-05T06:24:51.188405Z"
    },
    {
      "original": "integrate(x**3*sin(x**2), x)",
      "requested_difficulty": "easier",
      "variant": "integrate(x**3 * (x**2), x)",
      "reasoning": "From a geometry perspective, I will think in terms of area under the curve and simplify the sine component into a more manageable linear approximation.",
      "evaluation": "easier",
      "extra_verification": null,
      "transformations_used": [
        "replace transcendental functions with simpler algebraic ones",
        "change a function to an easier one",
        "eliminate a radical",
        "reduce an exponent",
        "replace a complex fraction with a simpler one"
      ],
      "timestamp": "2025-02-05T06:24:51.175111Z"
    },
    {
      "original": "integrate(x**3*sin(x**2), x)",
      "requested_difficulty": "easier",
      "variant": "integrate(x**3 * 1, x)",
      "reasoning": "As a calculus enthusiast, I will replace the sine function with a simpler constant function for easier integration.",
      "evaluation": "easier",
      "extra_verification": null,
      "transformations_used": [
        "replace transcendental functions with simpler algebraic ones",
        "change a function to an easier one",
        "eliminate a radical",
        "reduce an exponent",
        "replace a complex fraction with a simpler one"
      ],
      "timestamp": "2025-02-05T06:24:50.970930Z"
    },
    {
      "original": "integrate(x**3*sin(x**2), x)",
      "requested_difficulty": "easier",
      "variant": "integrate(x**3 * sin(1), x)",
      "reasoning": "Emphasizing a computational approach, I will use numerical methods instead of analytical integration treats the sine function as nearly constant in a small interval.",
      "evaluation": "easier",
      "extra_verification": null,
      "transformations_used": [
        "replace transcendental functions with simpler algebraic ones",
        "change a function to an easier one",
        "eliminate a radical",
        "reduce an exponent",
        "replace a complex fraction with a simpler one"
      ],
      "timestamp": "2025-02-05T06:24:50.865939Z"
    },
    {
      "original": "integrate(x**3*sin(x**2), x)",
      "requested_difficulty": "easier",
      "variant": "integrate(x**3 * x**2, x)",
      "reasoning": "Finally, combining simplification and polynomial approximation, I can replace the sine function with its leading term for easier handling.",
      "evaluation": "easier",
      "extra_verification": null,
      "transformations_used": [
        "replace transcendental functions with simpler algebraic ones",
        "change a function to an easier one",
        "eliminate a radical",
        "reduce an exponent",
        "replace a complex fraction with a simpler one"
      ],
      "timestamp": "2025-02-05T06:24:50.819931Z"
    },
    {
      "original": "integrate(x**3*sin(x**2), x)",
      "requested_difficulty": "easier",
      "variant": "integrate(x**3 * (x/3), x)",
      "reasoning": "From a number theorist\u2019s perspective, I might choose a rational function by considering only integer coefficients. I could rewrite the sine term using rational approximations, yielding a simpler integral.",
      "evaluation": "easier",
      "extra_verification": null,
      "transformations_used": [
        "drop a subexpression",
        "reduce the degree of a polynomial",
        "remove nested functions",
        "eliminate absolute value terms",
        "reduce an exponent"
      ],
      "timestamp": "2025-02-05T06:24:52.120099Z"
    },
    {
      "original": "integrate(x**3*sin(x**2), x)",
      "requested_difficulty": "easier",
      "variant": "integrate(x**3*(exp(I*x**2) - exp(-I*x**2))/(2*I), x)",
      "reasoning": "Seeing it through the lens of a theoretical physicist, trigonometric form shines here. Let\u2019s take the sine function and convert it to its exponential form to make it work with easier exponential rules.",
      "evaluation": "equivalent",
      "extra_verification": null,
      "transformations_used": [
        "remove nested functions",
        "lower a coefficient",
        "drop a subexpression"
      ],
      "timestamp": "2025-02-05T06:24:47.768194Z"
    },
    {
      "original": "integrate(x**3*sin(x**2), x)",
      "requested_difficulty": "easier",
      "variant": "integrate(x**3 * (x**2/6 - x**6/720 + ...), x)",
      "reasoning": "As a creative mathematician, I find it interesting to replace the sine function with its Taylor series to create an infinite series representation, which can make calculations easier.",
      "evaluation": "easier",
      "extra_verification": null,
      "transformations_used": [
        "remove logarithmic terms",
        "replace a complex fraction with a simpler one",
        "eliminate a radical"
      ],
      "timestamp": "2025-02-05T06:24:44.182278Z"
    },
    {
      "original": "integrate(x**3*sin(x**2), x)",
      "requested_difficulty": "easier",
      "variant": "integrate(x**3 * (exp(i*x**2) - exp(-i*x**2))/(2*I), x)",
      "reasoning": "From the perspective of a theoretical physicist, using trigonometric identities can simplify calculations. I can express \\( \\sin(x^2) \\) in terms of exponential functions as it's often easier to manipulate.",
      "evaluation": "equivalent",
      "extra_verification": null,
      "transformations_used": [
        "remove logarithmic terms",
        "replace a complex fraction with a simpler one",
        "eliminate a radical"
      ],
      "timestamp": "2025-02-05T06:24:44.237758Z"
    },
    {
      "original": "integrate(x**3*sin(x**2), x)",
      "requested_difficulty": "easier",
      "variant": "integrate((x**2)^3 * sin(x**2), x)",
      "reasoning": "A number theorist might prefer working with integer coefficients. I can simplify the integral by focusing on \\( x^2 \\) directly as it\u2019s easier to evaluate.",
      "evaluation": "equivalent",
      "extra_verification": null,
      "transformations_used": [
        "remove logarithmic terms",
        "replace a complex fraction with a simpler one",
        "eliminate a radical"
      ],
      "timestamp": "2025-02-05T06:24:44.286625Z"
    },
    {
      "original": "integrate(x**3*sin(x**2), x)",
      "requested_difficulty": "easier",
      "variant": "integrate(x * sin(x^2), x)",
      "reasoning": "Echoing a student's passion, I find working with lower degree polynomials easier, so let\u2019s take away the higher degree terms and simply use \\( x \\).",
      "evaluation": "easier",
      "extra_verification": null,
      "transformations_used": [
        "remove logarithmic terms",
        "replace a complex fraction with a simpler one",
        "eliminate a radical"
      ],
      "timestamp": "2025-02-05T06:24:44.117608Z"
    },
    {
      "original": "integrate(x**3*sin(x**2), x)",
      "requested_difficulty": "easier",
      "variant": "integrate(x**3 * (x - x**3/6), x)",
      "reasoning": "A creative mathematician might introduce simpler terms into the sine function for easier computation, such as approximating \\( \\sin(x) \\) with \\( x \\).",
      "evaluation": "easier",
      "extra_verification": null,
      "transformations_used": [
        "remove logarithmic terms",
        "replace a complex fraction with a simpler one",
        "eliminate a radical"
      ],
      "timestamp": "2025-02-05T06:24:44.815301Z"
    }
  ]
]