[
  [
    {
      "original": "integrate(sin(cos(sin(x)))*sin(sin(x))*cos(x), x)",
      "requested_difficulty": "easier",
      "variant": "integrate(0.5 * (cos(cos(sin(x)) - sin(sin(x))) - cos(cos(sin(x)) + sin(sin(x)))), x)",
      "reasoning": "As a creative mathematician, I enjoy finding unusual substitutions. I notice that the product of the sine functions can be represented in a different way. Using the product-to-sum identities simplifies the expression.",
      "evaluation": "easier",
      "extra_verification": null,
      "transformations_used": [
        "simplify composite trigonometric functions",
        "reduce the number of terms in the expression",
        "remove nested functions",
        "change a function to an easier one",
        "convert a product to a simpler sum"
      ],
      "timestamp": "2025-02-05T06:40:46.628527Z"
    },
    {
      "original": "integrate(sin(cos(sin(x)))*sin(sin(x))*cos(x), x)",
      "requested_difficulty": "easier",
      "variant": "integrate((sin(cos(sin(x))) * sin(sin(x)) * cos(x)).evalf(), x)",
      "reasoning": "As an engineer leaning towards computational methods, I want to discretize the problem. We can approximate the sine functions using a numerical method, modifying the integral to become a sum of simpler components.",
      "evaluation": "easier",
      "extra_verification": null,
      "transformations_used": [
        "simplify composite trigonometric functions",
        "reduce the number of terms in the expression",
        "remove nested functions",
        "change a function to an easier one",
        "convert a product to a simpler sum"
      ],
      "timestamp": "2025-02-05T06:40:46.891817Z"
    },
    {
      "original": "integrate(sin(cos(sin(x)))*sin(sin(x))*cos(x), x)",
      "requested_difficulty": "easier",
      "variant": "integrate(sin(cos(sin(x))), x)",
      "reasoning": "As a calculus professor again, I notice that separating terms can help. The integral can be split into two separate integrals that could potentially evaluate more straightforwardly.",
      "evaluation": "easier",
      "extra_verification": null,
      "transformations_used": [
        "simplify composite trigonometric functions",
        "reduce the number of terms in the expression",
        "remove nested functions",
        "change a function to an easier one",
        "convert a product to a simpler sum"
      ],
      "timestamp": "2025-02-05T06:40:46.609899Z"
    },
    {
      "original": "integrate(sin(cos(sin(x)))*sin(sin(x))*cos(x), x)",
      "requested_difficulty": "easier",
      "variant": "integrate((sin(cos(sin(x))) * sin(sin(x)) * cos(x)), x)",
      "reasoning": "As an engineer, I often favor direct numerical integrations for practical applications. I'll convert the entire integral to a numerical evaluation format rather than solving it analytically.",
      "evaluation": "equivalent",
      "extra_verification": null,
      "transformations_used": [
        "simplify composite trigonometric functions",
        "reduce the number of terms in the expression",
        "remove nested functions",
        "change a function to an easier one",
        "convert a product to a simpler sum"
      ],
      "timestamp": "2025-02-05T06:40:48.917628Z"
    },
    {
      "original": "integrate(sin(cos(sin(x)))*sin(sin(x))*cos(x), x)",
      "requested_difficulty": "easier",
      "variant": "integrate(sin(1) * sin(sin(x)) * cos(x), x)",
      "reasoning": "As a calculus professor who loves elegant simplifications, I can note that the expression involves nested sine and cosine functions. By approximating \\(\\sin(\\cos(\\sin(x)))\\) with \\(\\sin(1)\\) for small \\(x\\), I can simplify the integral.",
      "evaluation": "easier",
      "extra_verification": null,
      "transformations_used": [
        "reduce the number of terms in the expression",
        "reduce an exponent",
        "drop a subexpression"
      ],
      "timestamp": "2025-02-05T06:40:49.979261Z"
    },
    {
      "original": "integrate(sin(cos(sin(x)))*sin(sin(x))*cos(x), x)",
      "requested_difficulty": "easier",
      "variant": "integrate((x - x**3/6) * (1 - x**2/2) * cos(x), x)",
      "reasoning": "The student who prefers working with polynomials could notice that \\(\\sin(x)\\) can be expanded into its Taylor series. By using the first few terms of the series, I simplify the functions considerably.",
      "evaluation": "easier",
      "extra_verification": null,
      "transformations_used": [
        "reduce the number of terms in the expression",
        "reduce an exponent",
        "drop a subexpression"
      ],
      "timestamp": "2025-02-05T06:40:55.640095Z"
    },
    {
      "original": "integrate(sin(cos(sin(x)))*sin(sin(x))*cos(x), x)",
      "requested_difficulty": "easier",
      "variant": "integrate(sin(cos(sin(x))) * sin(sin(x)), x)",
      "reasoning": "Taking the perspective of an engineer who favors practical approaches, I can consider the approximation \\(\\cos(x) \\approx 1\\) for small angles. This dramatically reduces the expression while remaining non-trivial.",
      "evaluation": "easier",
      "extra_verification": null,
      "transformations_used": [
        "reduce the number of terms in the expression",
        "reduce an exponent",
        "drop a subexpression"
      ],
      "timestamp": "2025-02-05T06:40:50.202607Z"
    },
    {
      "original": "integrate(sin(cos(sin(x)))*sin(sin(x))*cos(x), x)",
      "requested_difficulty": "easier",
      "variant": "integrate(sin(cos(sin(pi/2))) * sin(sin(pi/2)) * cos(pi/2), x)",
      "reasoning": "As a number theorist fascinated by prime numbers, I can consider specific values for \\(x\\) that yield simple prime ratios. Using specific subvalues like \\(\\pi/2\\) can lead to direct evaluations.",
      "evaluation": "easier",
      "extra_verification": null,
      "transformations_used": [
        "reduce the number of terms in the expression",
        "reduce an exponent",
        "drop a subexpression"
      ],
      "timestamp": "2025-02-05T06:40:50.320213Z"
    },
    {
      "original": "integrate(sin(cos(sin(x)))*sin(sin(x))*cos(x), x)",
      "requested_difficulty": "easier",
      "variant": "integrate(sin(sin(x)) * cos(x), x)",
      "reasoning": "From a geometry enthusiast's viewpoint, I notice that the product of sines can be interpreted in terms of geometric areas under curves. By simplifying to just \\(\\sin(sin(x))\\) times \\(\\cos(x)\\), we retain an interesting shape.",
      "evaluation": "easier",
      "extra_verification": null,
      "transformations_used": [
        "reduce the number of terms in the expression",
        "reduce an exponent",
        "drop a subexpression"
      ],
      "timestamp": "2025-02-05T06:40:50.119870Z"
    },
    {
      "original": "integrate(sin(cos(sin(x)))*sin(sin(x))*cos(x), x)",
      "requested_difficulty": "easier",
      "variant": "integrate(sin(cos(x)) * sin(x) * cos(x), x)",
      "reasoning": "An algebra student can realize we can drop the inner sine function altogether to make it more manageable, yet interesting. This reduces the nested structure while keeping the integral non-trivial.",
      "evaluation": "easier",
      "extra_verification": null,
      "transformations_used": [
        "reduce the number of terms in the expression",
        "reduce an exponent",
        "drop a subexpression"
      ],
      "timestamp": "2025-02-05T06:40:50.266841Z"
    },
    {
      "original": "integrate(sin(cos(sin(x)))*sin(sin(x))*cos(x), x)",
      "requested_difficulty": "equivalent",
      "variant": "integrate(sin(cos(sin(x))) * sin(sin(x)) * (cos(x)), x)",
      "reasoning": "Approaching as an engineer, I prefer numerical approximations. I will use substitution to write the integral in a form suitable for numerical integration methods.",
      "evaluation": "equivalent",
      "extra_verification": null,
      "transformations_used": [
        "substitute equivalent exponential forms",
        "apply algebraic identities that preserve complexity",
        "swap numerator and denominator with reciprocal"
      ],
      "timestamp": "2025-02-05T06:40:54.103352Z"
    },
    {
      "original": "integrate(sin(cos(sin(x)))*sin(sin(x))*cos(x), x)",
      "requested_difficulty": "equivalent",
      "variant": "integrate(0.5 * (sin(cos(sin(x))) * sin(2*sin(x)) * (1 + cos(x))), x)",
      "reasoning": "As a geometry enthusiast, I visualize this integral in the context of circular transformations. I will use the trigonometric double angle identities to simplify the expression.",
      "evaluation": "easier",
      "extra_verification": null,
      "transformations_used": [
        "substitute equivalent exponential forms",
        "apply algebraic identities that preserve complexity",
        "swap numerator and denominator with reciprocal"
      ],
      "timestamp": "2025-02-05T06:40:53.400822Z"
    },
    {
      "original": "integrate(sin(cos(sin(x)))*sin(sin(x))*cos(x), x)",
      "requested_difficulty": "equivalent",
      "variant": "integrate(sin(cos(sin(x))) * (sin(sin(x))**2 + cos(x)**2), x)",
      "reasoning": "As a theoretical physicist again, I'll combine several known integrals through known properties, using a direct approach to create a more complex combination of sine and cosine.",
      "evaluation": "easier",
      "extra_verification": null,
      "transformations_used": [
        "substitute equivalent exponential forms",
        "apply algebraic identities that preserve complexity",
        "swap numerator and denominator with reciprocal"
      ],
      "timestamp": "2025-02-05T06:40:53.542997Z"
    },
    {
      "original": "integrate(sin(cos(sin(x)))*sin(sin(x))*cos(x), x)",
      "requested_difficulty": "equivalent",
      "variant": "integrate(sin(cos(sin(x))) * sin(sin(x)) * (1 - sin(x)**2), x)",
      "reasoning": "As a creative mathematician, I enjoy unusual substitutions. I can transform \\( \\sin(x) \\) into a polynomial series and rewrite the integral accordingly, which allows for interesting term rearrangement.",
      "evaluation": "easier",
      "extra_verification": null,
      "transformations_used": [
        "alter constant terms",
        "modify an exponent slightly",
        "distribute terms differently"
      ],
      "timestamp": "2025-02-05T06:40:47.479406Z"
    },
    {
      "original": "integrate(sin(cos(sin(x)))*sin(sin(x))*cos(x), x)",
      "requested_difficulty": "equivalent",
      "variant": "integrate(0.5 * sin(cos(sin(x))) * sin(sin(x)) * cos(x), x)",
      "reasoning": "From the engineer's perspective, I value practical approaches. I can multiply the integrand by a small factor that helps in numerical estimation without changing its nature significantly.",
      "evaluation": "easier",
      "extra_verification": null,
      "transformations_used": [
        "alter constant terms",
        "modify an exponent slightly",
        "distribute terms differently"
      ],
      "timestamp": "2025-02-05T06:40:47.590109Z"
    },
    {
      "original": "integrate(sin(cos(sin(x)))*sin(sin(x))*cos(x), x)",
      "requested_difficulty": "equivalent",
      "variant": "integrate(sin(cos(sin(-x))) * sin(sin(-x)) * cos(-x), x)",
      "reasoning": "As a geometry enthusiast, I think in terms of transformations. I can reflect the \\( x \\) axis by substituting \\( x \\rightarrow -x \\), altering the integrand's symmetry.",
      "evaluation": "equivalent",
      "extra_verification": null,
      "transformations_used": [
        "alter constant terms",
        "modify an exponent slightly",
        "distribute terms differently"
      ],
      "timestamp": "2025-02-05T06:40:47.965598Z"
    },
    {
      "original": "integrate(sin(cos(sin(x)))*sin(sin(x))*cos(x), x)",
      "requested_difficulty": "equivalent",
      "variant": "integrate(0.5 * (sin(cos(sin(x))) + sin(cos(sin(x)+pi))) * sin(sin(x)) * cos(x), x)",
      "reasoning": "From the perspective of a calculus professor, I can take advantage of the product-to-sum identities to express the integrand in a different form, which often helps in integrations.",
      "evaluation": "easier",
      "extra_verification": null,
      "transformations_used": [
        "alter constant terms",
        "modify an exponent slightly",
        "distribute terms differently"
      ],
      "timestamp": "2025-02-05T06:40:47.649066Z"
    }
  ],
  [
    {
      "original": "integrate(sin(sqrt(x)), x)",
      "requested_difficulty": "easier",
      "variant": "integrate((exp(I*sqrt(x)) - exp(-I*sqrt(x))) / (2*I), x)",
      "reasoning": "As a theoretical physicist, I love working with exponential forms. The sine function can be rewritten using Euler\u2019s formula \\( \\sin(t) = \\frac{e^{jt} - e^{-jt}}{2j} \\) and then transforming variables accordingly.",
      "evaluation": "equivalent",
      "extra_verification": null,
      "transformations_used": [
        "remove a complicated term",
        "eliminate absolute value terms",
        "convert a product to a simpler sum"
      ],
      "timestamp": "2025-02-05T06:40:53.398276Z"
    },
    {
      "original": "integrate(sin(sqrt(x)), x)",
      "requested_difficulty": "easier",
      "variant": "integrate(sin(sqrt(x)), x)",
      "reasoning": "I\u2019m a calculus professor focused on simplifications by integration by parts. We could express the integral in two parts, integrating \\( \\sqrt{x} \\) while also considering \\( \\cos(\\sqrt{x}) \\) as a consideration.",
      "evaluation": "equivalent",
      "extra_verification": null,
      "transformations_used": [
        "remove a complicated term",
        "eliminate absolute value terms",
        "convert a product to a simpler sum"
      ],
      "timestamp": "2025-02-05T06:40:53.147145Z"
    },
    {
      "original": "integrate(sin(sqrt(x)), x)",
      "requested_difficulty": "easier",
      "variant": "integrate(approx_polynomial_sin(sqrt(x)), x)",
      "reasoning": "From the perspective of a student, I prefer polynomials. By approximating \\(\\sin(\\sqrt{x})\\) using polynomial approximations, I can convert the integral into a polynomial form.",
      "evaluation": "easier",
      "extra_verification": null,
      "transformations_used": [
        "replace a complex fraction with a simpler one",
        "remove a factor",
        "reduce the number of terms in the expression",
        "replace transcendental functions with simpler algebraic ones",
        "eliminate absolute value terms"
      ],
      "timestamp": "2025-02-05T06:40:44.679742Z"
    },
    {
      "original": "integrate(sin(sqrt(x)), x)",
      "requested_difficulty": "easier",
      "variant": "integrate(rational_approximation_sin(sqrt(x)), x)",
      "reasoning": "As a number theorist, I'm intrigued by numerical approaches and rational approximations. I can explore rational approximations of the sine function and simplify the integral that way.",
      "evaluation": "easier",
      "extra_verification": null,
      "transformations_used": [
        "replace a complex fraction with a simpler one",
        "remove a factor",
        "reduce the number of terms in the expression",
        "replace transcendental functions with simpler algebraic ones",
        "eliminate absolute value terms"
      ],
      "timestamp": "2025-02-05T06:40:43.045165Z"
    },
    {
      "original": "integrate(sin(sqrt(x)), x)",
      "requested_difficulty": "easier",
      "variant": "integrate(sin(sqrt(x) + pi/4), x)",
      "reasoning": "Viewing this through the lens of geometry, I might relate the sine function's output to a geometric shape, allowing a geometric interpretation of the integral which could simplify its evaluation.",
      "evaluation": "equivalent",
      "extra_verification": null,
      "transformations_used": [
        "replace a complex fraction with a simpler one",
        "remove a factor",
        "reduce the number of terms in the expression",
        "replace transcendental functions with simpler algebraic ones",
        "eliminate absolute value terms"
      ],
      "timestamp": "2025-02-05T06:40:43.021580Z"
    },
    {
      "original": "integrate(sin(sqrt(x)), x)",
      "requested_difficulty": "easier",
      "variant": "integrate(1 - cos(2*sqrt(x))/2, x)",
      "reasoning": "As someone who enjoys elegant simplifications, I'd try to find a trigonometric identity that helps simplify the integral's computation while keeping the essence of the original.",
      "evaluation": "easier",
      "extra_verification": null,
      "transformations_used": [
        "replace a complex fraction with a simpler one",
        "remove a factor",
        "reduce the number of terms in the expression",
        "replace transcendental functions with simpler algebraic ones",
        "eliminate absolute value terms"
      ],
      "timestamp": "2025-02-05T06:40:43.151161Z"
    },
    {
      "original": "integrate(sin(sqrt(x)), x)",
      "requested_difficulty": "easier",
      "variant": "integrate(cos((pi/2) - sqrt(x)), x)",
      "reasoning": "Exploring algebraic transformations, I can replace the sine function with a different trigonometric function that has a more straightforward integral.",
      "evaluation": "equivalent",
      "extra_verification": null,
      "transformations_used": [
        "replace a complex fraction with a simpler one",
        "remove a factor",
        "reduce the number of terms in the expression",
        "replace transcendental functions with simpler algebraic ones",
        "eliminate absolute value terms"
      ],
      "timestamp": "2025-02-05T06:40:44.751194Z"
    },
    {
      "original": "integrate(sin(sqrt(x)), x)",
      "requested_difficulty": "equivalent",
      "variant": "integrate((exp(I * sqrt(x)) - exp(-I * sqrt(x))) / (2 * I), x)",
      "reasoning": "As a theoretical physicist, I often think of trigonometric transformations. Let\u2019s express \\(\\sin(\\sqrt{x})\\) in terms of its exponential form.",
      "evaluation": "equivalent",
      "extra_verification": null,
      "transformations_used": [
        "modify an exponent slightly",
        "distribute terms differently",
        "rearrange the order of terms"
      ],
      "timestamp": "2025-02-05T06:40:51.226637Z"
    },
    {
      "original": "integrate(sin(sqrt(x)), x)",
      "requested_difficulty": "equivalent",
      "variant": "integrate((exp(1j * sqrt(x)) - exp(-1j * sqrt(x))) / (2j), x)",
      "reasoning": "As a creative mathematician, I prefer to express trigonometric functions in terms of exponential functions using Euler's formula. This gives the integral a different look while maintaining its fundamental nature.",
      "evaluation": "equivalent",
      "extra_verification": null,
      "transformations_used": [
        "rewrite using alternate algebraic forms",
        "modify an exponent slightly",
        "exchange similar functions (e.g., sin to cos)",
        "rewrite using different logarithmic properties",
        "rearrange the order of terms"
      ],
      "timestamp": "2025-02-05T06:40:47.840004Z"
    },
    {
      "original": "integrate(sin(sqrt(x)), x)",
      "requested_difficulty": "equivalent",
      "variant": "integrate(cos(sqrt(x) + \u03c0/2), x)",
      "reasoning": "As a theoretical physicist, I prefer using trigonometric arguments in specific ranges. Modifying the argument slightly will still yield a function that shares essential characteristics while providing unique integral properties.",
      "evaluation": "equivalent",
      "extra_verification": null,
      "transformations_used": [
        "rewrite using alternate algebraic forms",
        "modify an exponent slightly",
        "exchange similar functions (e.g., sin to cos)",
        "rewrite using different logarithmic properties",
        "rearrange the order of terms"
      ],
      "timestamp": "2025-02-05T06:40:47.649464Z"
    },
    {
      "original": "integrate(sin(sqrt(x)), x)",
      "requested_difficulty": "equivalent",
      "variant": "integrate(2 * sqrt(x) * (1 - (sqrt(x))**2 / 6 + (sqrt(x))**4 / 120), x)",
      "reasoning": "As a number theorist, I enjoy exploring the roots of functions. Writing the sine function in terms of its half-angle and radical transformations can help me envision the structure of related numbers.",
      "evaluation": "easier",
      "extra_verification": null,
      "transformations_used": [
        "rewrite using alternate algebraic forms",
        "modify an exponent slightly",
        "exchange similar functions (e.g., sin to cos)",
        "rewrite using different logarithmic properties",
        "rearrange the order of terms"
      ],
      "timestamp": "2025-02-05T06:40:47.544762Z"
    }
  ],
  [
    {
      "original": "integrate(1/(1-sin(x)), (x, -pi/4, pi/4))",
      "requested_difficulty": "easier",
      "variant": "integrate(1/(1 - ((2/5) + (x/7))), x)",
      "reasoning": "A number theorist could explore prime-based substitutions. Replacing \\(1 - \\sin(x)\\) with factors related to prime numbers, treating it in a modular sense, could yield an interesting variant while maintaining difficulty.",
      "evaluation": "easier",
      "extra_verification": null,
      "transformations_used": [
        "reduce an exponent",
        "eliminate a radical",
        "reduce the degree of a polynomial"
      ],
      "timestamp": "2025-02-05T06:40:46.586862Z"
    },
    {
      "original": "integrate(1/(1-sin(x)), (x, -pi/4, pi/4))",
      "requested_difficulty": "easier",
      "variant": "integrate(1/(1 - (2 sin(x/2)cos(x/2))), x)",
      "reasoning": "Taking a rational approach, as an engineer, I could apply trigonometric identities. Using the double angle identity for sine can convert this into a more straightforward form for computations.",
      "evaluation": "easier",
      "extra_verification": null,
      "transformations_used": [
        "reduce an exponent",
        "eliminate a radical",
        "reduce the degree of a polynomial"
      ],
      "timestamp": "2025-02-05T06:40:46.165221Z"
    },
    {
      "original": "integrate(1/(1-sin(x)), (x, -pi/4, pi/4))",
      "requested_difficulty": "equivalent",
      "variant": "integrate(1/(1 - (1 - cos(x)) ), x)",
      "reasoning": "As a calculus professor who enjoys elegant simplifications, I can rewrite the integrand using the identity for \\( 1 - \\sin(x) \\) and exploit symmetry.",
      "evaluation": "easier",
      "extra_verification": null,
      "transformations_used": [
        "exchange similar functions (e.g., sin to cos)",
        "rewrite using different logarithmic properties",
        "distribute terms differently"
      ],
      "timestamp": "2025-02-05T06:40:45.998887Z"
    },
    {
      "original": "integrate(1/(1-sin(x)), (x, -pi/4, pi/4))",
      "requested_difficulty": "equivalent",
      "variant": "integrate(1/(cos(x)^2), x)",
      "reasoning": "From the perspective of a creative mathematician, I can substitute \\( \\sin(x) \\) with \\( 1 - \\cos^2(x) \\) to generate a new integrand.",
      "evaluation": "easier",
      "extra_verification": null,
      "transformations_used": [
        "exchange similar functions (e.g., sin to cos)",
        "rewrite using different logarithmic properties",
        "distribute terms differently"
      ],
      "timestamp": "2025-02-05T06:40:45.872332Z"
    },
    {
      "original": "integrate(1/(1-sin(x)), (x, -pi/4, pi/4))",
      "requested_difficulty": "equivalent",
      "variant": "integrate((1 + sin(x))/(1 - sin(x)), x)",
      "reasoning": "A student who focuses on rational functions may incorporate related rational expressions and evaluate them through a common denominator.",
      "evaluation": "easier",
      "extra_verification": null,
      "transformations_used": [
        "exchange similar functions (e.g., sin to cos)",
        "rewrite using different logarithmic properties",
        "distribute terms differently"
      ],
      "timestamp": "2025-02-05T06:40:46.058464Z"
    }
  ],
  [
    {
      "original": "integrate(log(x)*log(log(x))/x, x)",
      "requested_difficulty": "easier",
      "variant": "integrate(log(x)*log(log(x))/x, x)",
      "reasoning": "As a calculus professor, I recognize that the term \\( \\log(x) \\) can be factored into simpler components by considering \\( u = \\log(x) \\), leading to clearer integrals.",
      "evaluation": "equivalent",
      "extra_verification": null,
      "transformations_used": [
        "simplify the denominator",
        "reduce an exponent",
        "eliminate absolute value terms",
        "reduce the degree of a polynomial",
        "remove a complicated term"
      ],
      "timestamp": "2025-02-05T06:40:45.220846Z"
    },
    {
      "original": "integrate(log(x)*log(log(x))/x, x)",
      "requested_difficulty": "easier",
      "variant": "integrate(log(log(x))/x, x)",
      "reasoning": "As a geometry enthusiast, I can think of transformation: reflecting \\( \\log(x) \\) across the line \\( y = x \\) may yield an insightful simplification.",
      "evaluation": "easier",
      "extra_verification": null,
      "transformations_used": [
        "simplify the denominator",
        "reduce an exponent",
        "eliminate absolute value terms",
        "reduce the degree of a polynomial",
        "remove a complicated term"
      ],
      "timestamp": "2025-02-05T06:40:45.218421Z"
    },
    {
      "original": "integrate(log(x)*log(log(x))/x, x)",
      "requested_difficulty": "easier",
      "variant": "integrate(log(log(x)), x)",
      "reasoning": "As a calculus professor, I also recognize the possibility of using integration by parts, effectively reducing the logarithmic term through differentiation.",
      "evaluation": "easier",
      "extra_verification": null,
      "transformations_used": [
        "simplify the denominator",
        "reduce an exponent",
        "eliminate absolute value terms",
        "reduce the degree of a polynomial",
        "remove a complicated term"
      ],
      "timestamp": "2025-02-05T06:40:45.259908Z"
    },
    {
      "original": "integrate(log(x)*log(log(x))/x, x)",
      "requested_difficulty": "easier",
      "variant": "integrate(log(x)*(log(log(x)) - 1)/x, x)",
      "reasoning": "As a creative mathematician, I want to explore asymptotic analysis. I can examine the function near points of symmetry, simplifying the evaluation method considerably.",
      "evaluation": "easier",
      "extra_verification": null,
      "transformations_used": [
        "simplify the denominator",
        "reduce an exponent",
        "eliminate absolute value terms",
        "reduce the degree of a polynomial",
        "remove a complicated term"
      ],
      "timestamp": "2025-02-05T06:40:45.056540Z"
    },
    {
      "original": "integrate(log(x)*log(log(x))/x, x)",
      "requested_difficulty": "easier",
      "variant": "integrate(log(x)/x, x)",
      "reasoning": "As a calculus professor, I believe working with simpler logarithmic identities can make life easier. By simplifying the integral into a single logarithmic form, we can achieve a more straightforward structure to analyze.",
      "evaluation": "easier",
      "extra_verification": null,
      "transformations_used": [
        "remove a complicated term",
        "simplify a trigonometric component",
        "eliminate a radical"
      ],
      "timestamp": "2025-02-05T06:40:42.269980Z"
    },
    {
      "original": "integrate(log(x)*log(log(x))/x, x)",
      "requested_difficulty": "easier",
      "variant": "integrate((x - 1)/(x^2), x)",
      "reasoning": "As a student who enjoys polynomials, I recognize that rational functions can be easier to integrate. To get closer to a polynomial-like function, I propose changing the logarithm into a power series, approximating it around a point.",
      "evaluation": "easier",
      "extra_verification": null,
      "transformations_used": [
        "remove a complicated term",
        "simplify a trigonometric component",
        "eliminate a radical"
      ],
      "timestamp": "2025-02-05T06:40:42.294748Z"
    },
    {
      "original": "integrate(log(x)*log(log(x))/x, x)",
      "requested_difficulty": "easier",
      "variant": "integrate(exp(log(log(x))), x)",
      "reasoning": "As a theoretical physicist, I'm drawn to trigonometric relationships. Thus, I propose an integral that translates the logarithmic functions into their exponential forms, simplifying the computation.",
      "evaluation": "easier",
      "extra_verification": null,
      "transformations_used": [
        "remove a complicated term",
        "simplify a trigonometric component",
        "eliminate a radical"
      ],
      "timestamp": "2025-02-05T06:40:42.180934Z"
    },
    {
      "original": "integrate(log(x)*log(log(x))/x, x)",
      "requested_difficulty": "easier",
      "variant": "integrate(1/(1 + log(x)), x)",
      "reasoning": "As an engineer, I appreciate practical approaches. I suggest moving towards a rational approximation of the logs, allowing us to work with easier coefficients while maintaining some complexity.",
      "evaluation": "easier",
      "extra_verification": null,
      "transformations_used": [
        "remove a complicated term",
        "simplify a trigonometric component",
        "eliminate a radical"
      ],
      "timestamp": "2025-02-05T06:40:42.166276Z"
    },
    {
      "original": "integrate(log(x)*log(log(x))/x, x)",
      "requested_difficulty": "easier",
      "variant": "integrate((x / log(x)) / x, x)",
      "reasoning": "Embracing my inner geometry enthusiast, let's think in terms of transformations. Instead of logs, I suggest working with a transformation that involves the ratio of two quantities to maintain complexity but simplify the functional form.",
      "evaluation": "easier",
      "extra_verification": null,
      "transformations_used": [
        "remove a complicated term",
        "simplify a trigonometric component",
        "eliminate a radical"
      ],
      "timestamp": "2025-02-05T06:40:42.256416Z"
    },
    {
      "original": "integrate(log(x)*log(log(x))/x, x)",
      "requested_difficulty": "easier",
      "variant": "integrate((log(x)/x) * (1 - log(x)), x)",
      "reasoning": "As a calculus professor again, I\u2019d like to focus on simplifying log(log(x)) into a more straightforward representation without losing essential characteristics, making it easier for calculation.",
      "evaluation": "easier",
      "extra_verification": null,
      "transformations_used": [
        "remove a complicated term",
        "simplify a trigonometric component",
        "eliminate a radical"
      ],
      "timestamp": "2025-02-05T06:40:42.299160Z"
    },
    {
      "original": "integrate(log(x)*log(log(x))/x, x)",
      "requested_difficulty": "equivalent",
      "variant": "integrate(log(log(x))*log(x)/x, x)",
      "reasoning": "From the perspective of a creative mathematician, I\u2019ll use integration by parts by letting \\( v = \\log(\\log(x)) \\) and \\( dv = \\frac{1}{\\log(x)} \\cdot \\frac{1}{x} \\, dx \\) which introduces an unusual shape while maintaining complexity.",
      "evaluation": "equivalent",
      "extra_verification": null,
      "transformations_used": [
        "adjust parameters while keeping the integral equivalent",
        "use trigonometric identities to rewrite expression",
        "apply algebraic identities that preserve complexity"
      ],
      "timestamp": "2025-02-05T06:40:48.750522Z"
    },
    {
      "original": "integrate(log(x)*log(log(x))/x, x)",
      "requested_difficulty": "equivalent",
      "variant": "integrate(log(e**x)*log(log(e**x))/e**x, x)",
      "reasoning": "The theoretical physicist in me loves trigonometric substitutions. Here, I can express \\( \\log(x) \\) in terms of an exponential function \\( x = e^t \\), effectively leveraging the relationship between logarithmic and exponential forms.",
      "evaluation": "equivalent",
      "extra_verification": null,
      "transformations_used": [
        "adjust parameters while keeping the integral equivalent",
        "use trigonometric identities to rewrite expression",
        "apply algebraic identities that preserve complexity"
      ],
      "timestamp": "2025-02-05T06:40:48.635992Z"
    },
    {
      "original": "integrate(log(x)*log(log(x))/x, x)",
      "requested_difficulty": "equivalent",
      "variant": "integrate(log(10)*log(log(10)*x)/x, x)",
      "reasoning": "As an engineer, I appreciate practical approaches. I will introduce a scaling factor, combining logarithmic terms based on certain limits (e.g., changing from base 10 to base \\( e \\)) which yields a still complex but approachable formulation.",
      "evaluation": "equivalent",
      "extra_verification": null,
      "transformations_used": [
        "adjust parameters while keeping the integral equivalent",
        "use trigonometric identities to rewrite expression",
        "apply algebraic identities that preserve complexity"
      ],
      "timestamp": "2025-02-05T06:40:48.555625Z"
    },
    {
      "original": "integrate(log(x)*log(log(x))/x, x)",
      "requested_difficulty": "equivalent",
      "variant": "integrate(log(x)*log(x**(1/2))/x, x)",
      "reasoning": "Thinking geometrically, I can interpret the logarithmic functions as coordinates on a curve and apply a geometric transformation by rotating the function in its representation. This unique viewpoint creates a dynamic sway in the integral\u2019s composition.",
      "evaluation": "easier",
      "extra_verification": null,
      "transformations_used": [
        "adjust parameters while keeping the integral equivalent",
        "use trigonometric identities to rewrite expression",
        "apply algebraic identities that preserve complexity"
      ],
      "timestamp": "2025-02-05T06:40:48.758999Z"
    },
    {
      "original": "integrate(log(x)*log(log(x))/x, x)",
      "requested_difficulty": "equivalent",
      "variant": "integrate((1/2)*(log(x**2)*log(log(x**2)))/x, x)",
      "reasoning": "Viewing the world through the lens of algebraic identity, I will employ the product of logarithms to rewrite the integrand using properties like \\( \\log(a) \\cdot \\log(b) = \\frac{1}{2}[\\log(a^2) + \\log(b^2)] \\), making the integral more involving.",
      "evaluation": "easier",
      "extra_verification": null,
      "transformations_used": [
        "adjust parameters while keeping the integral equivalent",
        "use trigonometric identities to rewrite expression",
        "apply algebraic identities that preserve complexity"
      ],
      "timestamp": "2025-02-05T06:40:48.756158Z"
    },
    {
      "original": "integrate(log(x)*log(log(x))/x, x)",
      "requested_difficulty": "equivalent",
      "variant": "integrate(log(x)/log(10)*log(log(x))/x, x)",
      "reasoning": "As a calculus professor, I appreciate the beauty of changing the base of the logarithm to simplify integration techniques while maintaining the same essential complexity. Using the identity \\( \\log_a(x) = \\frac{\\log_b(x)}{\\log_b(a)} \\), I can express the integral with a different log base.",
      "evaluation": "equivalent",
      "extra_verification": null,
      "transformations_used": [
        "change coefficient values slightly",
        "rewrite the integrand in a different form without changing overall complexity",
        "apply algebraic identities that preserve complexity",
        "exchange similar functions (e.g., sin to cos)",
        "alter constant terms"
      ],
      "timestamp": "2025-02-05T06:40:46.125966Z"
    },
    {
      "original": "integrate(log(x)*log(log(x))/x, x)",
      "requested_difficulty": "equivalent",
      "variant": "integrate(log(e**(log(x))) * log(log(x)) / x, x)",
      "reasoning": "As a theoretical physicist, I'd prefer to bring trigonometric functions into the mix, perhaps using the identity \\( \\log(x) = \\log(e^{\\log(x)}) \\) cleverly transforms it into an integral involving \\( \\sin \\) or \\( \\cos \\).",
      "evaluation": "equivalent",
      "extra_verification": null,
      "transformations_used": [
        "change coefficient values slightly",
        "rewrite the integrand in a different form without changing overall complexity",
        "apply algebraic identities that preserve complexity",
        "exchange similar functions (e.g., sin to cos)",
        "alter constant terms"
      ],
      "timestamp": "2025-02-05T06:40:46.317070Z"
    },
    {
      "original": "integrate(log(x)*log(log(x))/x, x)",
      "requested_difficulty": "equivalent",
      "variant": "integrate(log(exp(x)) * log(log(x))/x, x)",
      "reasoning": "From the perspective of a creative mathematician, I could imagine using an exponential substitution, changing the structure of \\( x \\) itself to explore the phenomenon of behavior in logarithmic layers.",
      "evaluation": "easier",
      "extra_verification": null,
      "transformations_used": [
        "change coefficient values slightly",
        "rewrite the integrand in a different form without changing overall complexity",
        "apply algebraic identities that preserve complexity",
        "exchange similar functions (e.g., sin to cos)",
        "alter constant terms"
      ],
      "timestamp": "2025-02-05T06:40:46.205309Z"
    },
    {
      "original": "integrate(log(x)*log(log(x))/x, x)",
      "requested_difficulty": "equivalent",
      "variant": "integrate(log(k*x) * log(log(k*x))/x, x)",
      "reasoning": "As a student delving into function behavior, I consider translating \\( x \\) into \\( kx \\) for a constant \\( k \\neq 0 \\), assessing how scaling affects the logarithmic interaction.",
      "evaluation": "equivalent",
      "extra_verification": null,
      "transformations_used": [
        "change coefficient values slightly",
        "rewrite the integrand in a different form without changing overall complexity",
        "apply algebraic identities that preserve complexity",
        "exchange similar functions (e.g., sin to cos)",
        "alter constant terms"
      ],
      "timestamp": "2025-02-05T06:40:46.381788Z"
    }
  ],
  [
    {
      "original": "integrate(x**3/(e*x**2), x)",
      "requested_difficulty": "easier",
      "variant": "integrate(x/e, x)",
      "reasoning": "As a calculus professor, I'm keen on simplifying expressions to their essence. By factoring out the constant \\(\\frac{1}{e}\\), the focus now is on the linear polynomial, making the integration process clearer.",
      "evaluation": "easier",
      "extra_verification": null,
      "transformations_used": [
        "remove a factor",
        "drop a subexpression",
        "convert a product to a simpler sum",
        "eliminate a radical",
        "reduce an exponent"
      ],
      "timestamp": "2025-02-05T06:40:46.872781Z"
    },
    {
      "original": "integrate(x**3/(e*x**2), x)",
      "requested_difficulty": "easier",
      "variant": "integrate(x, x)",
      "reasoning": "From a creative mathematician's perspective, I prefer thinking of polynomial division. Dividing \\(x^3\\) by \\(x^2\\) leads us to a simpler polynomial with less complexity, allowing for easier integration.",
      "evaluation": "easier",
      "extra_verification": null,
      "transformations_used": [
        "remove a factor",
        "drop a subexpression",
        "convert a product to a simpler sum",
        "eliminate a radical",
        "reduce an exponent"
      ],
      "timestamp": "2025-02-05T06:40:43.086168Z"
    },
    {
      "original": "integrate(x**3/(e*x**2), x)",
      "requested_difficulty": "easier",
      "variant": "integrate(x/(e), x)",
      "reasoning": "Theoretical physicists often deal with exponential forms. By factoring out constants, we can express the problem in terms of a simpler variable, maintaining a linear form even in a different context.",
      "evaluation": "easier",
      "extra_verification": null,
      "transformations_used": [
        "remove a factor",
        "drop a subexpression",
        "convert a product to a simpler sum",
        "eliminate a radical",
        "reduce an exponent"
      ],
      "timestamp": "2025-02-05T06:40:43.030257Z"
    },
    {
      "original": "integrate(x**3/(e*x**2), x)",
      "requested_difficulty": "easier",
      "variant": "integrate(x**3 * e**(-1 * x**2), x)",
      "reasoning": "The theoretical physicist finds it helpful to express the denominator in terms of \\( e^x \\) for simplification. Therefore, we can factor out the constant \\( e \\) and treat the integral in terms of exponentials.",
      "evaluation": "easier",
      "extra_verification": null,
      "transformations_used": [
        "simplify the denominator",
        "reduce an exponent",
        "drop a subexpression"
      ],
      "timestamp": "2025-02-05T06:40:48.117287Z"
    },
    {
      "original": "integrate(x**3/(e*x**2), x)",
      "requested_difficulty": "easier",
      "variant": "integrate(x**3/e, x)",
      "reasoning": "As an engineer interested in practical computations, I prefer staying within rational functions. Thus, I can express the integral in terms of \\( x^3 \\) divided by \\( e \\) to simplify my calculations.",
      "evaluation": "easier",
      "extra_verification": null,
      "transformations_used": [
        "simplify the denominator",
        "reduce an exponent",
        "drop a subexpression"
      ],
      "timestamp": "2025-02-05T06:40:48.301651Z"
    },
    {
      "original": "integrate(x**3/(e*x**2), x)",
      "requested_difficulty": "easier",
      "variant": "integrate(x**3 / (x**2 + 1), x)",
      "reasoning": "The number theorist in me notes that we can focus on the rational coefficients and redevelop the problem slightly by extracting coefficients. This allows us to treat the integral in terms of coefficients of rational components.",
      "evaluation": "easier",
      "extra_verification": null,
      "transformations_used": [
        "simplify the denominator",
        "reduce an exponent",
        "drop a subexpression"
      ],
      "timestamp": "2025-02-05T06:40:48.127487Z"
    },
    {
      "original": "integrate(x**3/(e*x**2), x)",
      "requested_difficulty": "easier",
      "variant": "integrate((x**2)/e, x)",
      "reasoning": "With a geometry twist, I can think of the integrand as forming a function that can be transformed geometrically. By examining it as a transformation of \\( y = x^3 \\) and scaling it down.",
      "evaluation": "easier",
      "extra_verification": null,
      "transformations_used": [
        "simplify the denominator",
        "reduce an exponent",
        "drop a subexpression"
      ],
      "timestamp": "2025-02-05T06:40:48.107351Z"
    },
    {
      "original": "integrate(x**3/(e*x**2), x)",
      "requested_difficulty": "easier",
      "variant": "integrate(x**3 * e**(-1), x)",
      "reasoning": "I can approach the integral by extracting a constant and observing that the integral of \\( x^n \\) simplifies greatly if I manipulate to find a relation with \\( e \\) that appears more manageable.",
      "evaluation": "easier",
      "extra_verification": null,
      "transformations_used": [
        "simplify the denominator",
        "reduce an exponent",
        "drop a subexpression"
      ],
      "timestamp": "2025-02-05T06:40:48.206746Z"
    },
    {
      "original": "integrate(x**3/(e*x**2), x)",
      "requested_difficulty": "easier",
      "variant": "integrate(x**2 * x, x)",
      "reasoning": "Considering a linear numerator, I notice that \\( x^3 \\) could contribute as \\( x^2 \\cdot x \\), allowing me to factor and separate, promoting an easier computation than the original.",
      "evaluation": "easier",
      "extra_verification": null,
      "transformations_used": [
        "simplify the denominator",
        "reduce an exponent",
        "drop a subexpression"
      ],
      "timestamp": "2025-02-05T06:40:48.334002Z"
    },
    {
      "original": "integrate(x**3/(e*x**2), x)",
      "requested_difficulty": "equivalent",
      "variant": "integrate((x**3)/(e**(x**0) * x**2), x)",
      "reasoning": "As a creative mathematician, I love unusual substitutions. Let's rewrite \\( e \\) as \\( e^{x^0} \\) to develop an integral that looks different yet is equivalent.",
      "evaluation": "equivalent",
      "extra_verification": null,
      "transformations_used": [
        "change variables while maintaining complexity",
        "use trigonometric identities to rewrite expression",
        "swap numerator and denominator with reciprocal",
        "adjust parameters while keeping the integral equivalent",
        "distribute terms differently"
      ],
      "timestamp": "2025-02-05T06:40:44.120133Z"
    },
    {
      "original": "integrate(x**3/(e*x**2), x)",
      "requested_difficulty": "equivalent",
      "variant": "integrate((x**2 + x)/(e), x)",
      "reasoning": "As a student who prefers rational functions, I see potential in separating the fractions differently. I\u2019ll split \\( x^3 \\) to create a more complex ratio.",
      "evaluation": "easier",
      "extra_verification": null,
      "transformations_used": [
        "change variables while maintaining complexity",
        "use trigonometric identities to rewrite expression",
        "swap numerator and denominator with reciprocal",
        "adjust parameters while keeping the integral equivalent",
        "distribute terms differently"
      ],
      "timestamp": "2025-02-05T06:40:44.155016Z"
    },
    {
      "original": "integrate(x**3/(e*x**2), x)",
      "requested_difficulty": "equivalent",
      "variant": "integrate(x**3/(3 * x**2), x)",
      "reasoning": "As a number theorist fascinated by primes, I'll modify the constant \\( e \\) to use a prime number just for variation without losing numeric consistency.",
      "evaluation": "easier",
      "extra_verification": null,
      "transformations_used": [
        "change variables while maintaining complexity",
        "use trigonometric identities to rewrite expression",
        "swap numerator and denominator with reciprocal",
        "adjust parameters while keeping the integral equivalent",
        "distribute terms differently"
      ],
      "timestamp": "2025-02-05T06:40:43.975713Z"
    },
    {
      "original": "integrate(x**3/(e*x**2), x)",
      "requested_difficulty": "equivalent",
      "variant": "integrate((1/e)*(x**3/x**2), x)",
      "reasoning": "As a geometry enthusiast, I conceptualize transformations. Rewrite the fraction as a geometric representation integrating across changes in scale.",
      "evaluation": "easier",
      "extra_verification": null,
      "transformations_used": [
        "change variables while maintaining complexity",
        "use trigonometric identities to rewrite expression",
        "swap numerator and denominator with reciprocal",
        "adjust parameters while keeping the integral equivalent",
        "distribute terms differently"
      ],
      "timestamp": "2025-02-05T06:40:44.111007Z"
    },
    {
      "original": "integrate(x**3/(e*x**2), x)",
      "requested_difficulty": "equivalent",
      "variant": "integrate(x**(3/2)/(e*x), x)",
      "reasoning": "As a creative thinker, I want to introduce an unexpected complexity. Let\u2019s mix roots\u2014integrating \\( x^{3/2} \\) which conforms to the original's degree.",
      "evaluation": "easier",
      "extra_verification": null,
      "transformations_used": [
        "change variables while maintaining complexity",
        "use trigonometric identities to rewrite expression",
        "swap numerator and denominator with reciprocal",
        "adjust parameters while keeping the integral equivalent",
        "distribute terms differently"
      ],
      "timestamp": "2025-02-05T06:40:44.240177Z"
    },
    {
      "original": "integrate(x**3/(e*x**2), x)",
      "requested_difficulty": "equivalent",
      "variant": "integrate(((x**3/e)*(1/x**2)), x)",
      "reasoning": "From the perspective of an algebraist, I can rewrite the function using powers and then take an appropriate sum in substitute of denominating accurately.",
      "evaluation": "equivalent",
      "extra_verification": null,
      "transformations_used": [
        "change variables while maintaining complexity",
        "use trigonometric identities to rewrite expression",
        "swap numerator and denominator with reciprocal",
        "adjust parameters while keeping the integral equivalent",
        "distribute terms differently"
      ],
      "timestamp": "2025-02-05T06:40:43.966993Z"
    },
    {
      "original": "integrate(x**3/(e*x**2), x)",
      "requested_difficulty": "equivalent",
      "variant": "integrate(x**2/(e) + x/(e), x)",
      "reasoning": "As a student who prefers working with polynomials and rational functions, I express the integrand as a polynomial with a rational function structure. Specifically, I'll factor out the constant to emphasize polynomial behavior.",
      "evaluation": "easier",
      "extra_verification": null,
      "transformations_used": [
        "apply algebraic identities that preserve complexity",
        "change coefficient values slightly",
        "substitute equivalent exponential forms"
      ],
      "timestamp": "2025-02-05T06:40:47.800987Z"
    },
    {
      "original": "integrate(x**3/(e*x**2), x)",
      "requested_difficulty": "equivalent",
      "variant": "integrate(x**3/(exp(1)*x**2), x)",
      "reasoning": "The theoretical physicist's approach emphasizes the relationship between exponential forms and polynomial variables. By expressing the constant \\( e \\) in another form, I connect exponential decay to my polynomial integration.",
      "evaluation": "equivalent",
      "extra_verification": null,
      "transformations_used": [
        "apply algebraic identities that preserve complexity",
        "change coefficient values slightly",
        "substitute equivalent exponential forms"
      ],
      "timestamp": "2025-02-05T06:40:48.112806Z"
    },
    {
      "original": "integrate(x**3/(e*x**2), x)",
      "requested_difficulty": "equivalent",
      "variant": "integrate(x**3/(e**(1) * x**2), x)",
      "reasoning": "The engineer favors practical, computational approaches; hence I combine \\( e^0 \\) into the denominator so it highlights both the polynomial and the exponential element while changing the struture slightly.",
      "evaluation": "equivalent",
      "extra_verification": null,
      "transformations_used": [
        "apply algebraic identities that preserve complexity",
        "change coefficient values slightly",
        "substitute equivalent exponential forms"
      ],
      "timestamp": "2025-02-05T06:40:47.777141Z"
    },
    {
      "original": "integrate(x**3/(e*x**2), x)",
      "requested_difficulty": "equivalent",
      "variant": "integrate((x**3)/(3*e*x**2), x)",
      "reasoning": "As a number theorist fascinated by prime numbers, I introduce a slight variation by utilizing a prime number factor to slightly alter the integrand while maintaining its equivalency with integrals.",
      "evaluation": "easier",
      "extra_verification": null,
      "transformations_used": [
        "apply algebraic identities that preserve complexity",
        "change coefficient values slightly",
        "substitute equivalent exponential forms"
      ],
      "timestamp": "2025-02-05T06:40:47.673145Z"
    }
  ]
]