[
  [
    {
      "original": "integrate(sqrt(2*x/(x + 1))/(2 - x**2), x)",
      "requested_difficulty": "easier",
      "variant": "integrate(2*x/(x + 1)/(2 - x**2), x)",
      "reasoning": "Incorporating a number theorist's view, I will rewrite the numerator to encourage polynomial manipulation, focusing on the relationship between the terms.",
      "evaluation": "easier",
      "extra_verification": null,
      "transformations_used": [
        "remove nested functions",
        "eliminate absolute value terms",
        "replace transcendental functions with simpler algebraic ones"
      ],
      "timestamp": "2025-02-05T06:43:04.482549Z"
    },
    {
      "original": "integrate(sqrt(2*x/(x + 1))/(2 - x**2), x)",
      "requested_difficulty": "easier",
      "variant": "integrate(2*x**0.5/(2 - x**2)/(x + 1), x)",
      "reasoning": "From the perspective of a student comfortable with polynomials, we can express the square root as a polynomial-like function by rewriting it in terms of x.",
      "evaluation": "equivalent",
      "extra_verification": null,
      "transformations_used": [
        "remove nested functions",
        "eliminate absolute value terms",
        "replace transcendental functions with simpler algebraic ones"
      ],
      "timestamp": "2025-02-05T06:43:04.483613Z"
    },
    {
      "original": "integrate(sqrt(2*x/(x + 1))/(2 - x**2), x)",
      "requested_difficulty": "easier",
      "variant": "integrate(1/(2 - x**2) - x/(2 - x**2)(x + 1), x)",
      "reasoning": "An engineer values computational approaches, hence, we'll modify the integrand by making a simple polynomial division before integration, which will ease the computation.",
      "evaluation": "easier",
      "extra_verification": null,
      "transformations_used": [
        "remove nested functions",
        "eliminate absolute value terms",
        "replace transcendental functions with simpler algebraic ones"
      ],
      "timestamp": "2025-02-05T06:43:04.480498Z"
    },
    {
      "original": "integrate(sqrt(2*x/(x + 1))/(2 - x**2), x)",
      "requested_difficulty": "easier",
      "variant": "integrate(sqrt(2) * sqrt(x) / sqrt(x + 1) / (2 - x**2), x)",
      "reasoning": "As a calculus professor, I love simplifying expressions. Let's break down the square root into a product form to see if that can clarify our work.",
      "evaluation": "easier",
      "extra_verification": null,
      "transformations_used": [
        "reduce an exponent",
        "change a function to an easier one",
        "eliminate absolute value terms"
      ],
      "timestamp": "2025-02-05T06:43:05.144030Z"
    },
    {
      "original": "integrate(sqrt(2*x/(x + 1))/(2 - x**2), x)",
      "requested_difficulty": "easier",
      "variant": "integrate((sqrt(2) * (x**0.5)) / (2 - x**2), x)",
      "reasoning": "The student in me prefers working with polynomials. Let's convert the square root into a polynomial approximation over the integral's range.",
      "evaluation": "easier",
      "extra_verification": null,
      "transformations_used": [
        "reduce an exponent",
        "change a function to an easier one",
        "eliminate absolute value terms"
      ],
      "timestamp": "2025-02-05T06:43:06.403362Z"
    },
    {
      "original": "integrate(sqrt(2*x/(x + 1))/(2 - x**2), x)",
      "requested_difficulty": "easier",
      "variant": "integrate(sqrt(2*x / (x + 1)) / (2 - x**2), x)",
      "reasoning": "An engineer\u2019s practical approach would focus on numerical techniques. We can apply numerical integration directly, removing the layering of functions.",
      "evaluation": "equivalent",
      "extra_verification": null,
      "transformations_used": [
        "reduce an exponent",
        "change a function to an easier one",
        "eliminate absolute value terms"
      ],
      "timestamp": "2025-02-05T06:43:04.873065Z"
    },
    {
      "original": "integrate(sqrt(2*x/(x + 1))/(2 - x**2), x)",
      "requested_difficulty": "easier",
      "variant": "integrate(sqrt((2x)/(x + 1)) * (1/(2 - x**2)), x)",
      "reasoning": "As a number theorist, I'd prefer rational coefficients. Let\u2019s rationalize parts of the integrand to ease integration.",
      "evaluation": "equivalent",
      "extra_verification": null,
      "transformations_used": [
        "reduce an exponent",
        "change a function to an easier one",
        "eliminate absolute value terms"
      ],
      "timestamp": "2025-02-05T06:43:04.946824Z"
    },
    {
      "original": "integrate(sqrt(2*x/(x + 1))/(2 - x**2), x)",
      "requested_difficulty": "easier",
      "variant": "integrate(sqrt(2) * x**0.5 / (sqrt(x + 1) * (2 - x**2)), x)",
      "reasoning": "With a geometry enthusiast's perspective, I want to express the integrand in geometric terms, focusing on transformations compactly.",
      "evaluation": "easier",
      "extra_verification": null,
      "transformations_used": [
        "reduce an exponent",
        "change a function to an easier one",
        "eliminate absolute value terms"
      ],
      "timestamp": "2025-02-05T06:43:04.836732Z"
    },
    {
      "original": "integrate(sqrt(2*x/(x + 1))/(2 - x**2), x)",
      "requested_difficulty": "easier",
      "variant": "integrate(sqrt(2*x/(x + 1)) / (2 - (x**2)), x)",
      "reasoning": "Thinking like a high school student, let\u2019s change the form of the denominator to a simpler polynomial to facilitate a partial fraction decomposition.",
      "evaluation": "equivalent",
      "extra_verification": null,
      "transformations_used": [
        "reduce an exponent",
        "change a function to an easier one",
        "eliminate absolute value terms"
      ],
      "timestamp": "2025-02-05T06:43:04.982016Z"
    },
    {
      "original": "integrate(sqrt(2*x/(x + 1))/(2 - x**2), x)",
      "requested_difficulty": "easier",
      "variant": "integrate(sqrt(2*x/(x + 1)) / (1 + (x**2 - 1)), x)",
      "reasoning": "As an applied mathematician, I\u2019d consider the mean value of the denominator to simplify our integral further.",
      "evaluation": "equivalent",
      "extra_verification": null,
      "transformations_used": [
        "reduce an exponent",
        "change a function to an easier one",
        "eliminate absolute value terms"
      ],
      "timestamp": "2025-02-05T06:43:04.898160Z"
    },
    {
      "original": "integrate(sqrt(2*x/(x + 1))/(2 - x**2), x)",
      "requested_difficulty": "equivalent",
      "variant": "integrate(sqrt(2x) / (2(x + 1) - x^2), x)",
      "reasoning": "As a student who favors polynomials, I manipulate the expression using polynomial long division. It creates a different method of integrating since we can separate the terms effectively.",
      "evaluation": "easier",
      "extra_verification": null,
      "transformations_used": [
        "use alternate but equivalent radical forms",
        "apply algebraic identities that preserve complexity",
        "substitute equivalent exponential forms",
        "change coefficient values slightly",
        "adjust parameters while keeping the integral equivalent"
      ],
      "timestamp": "2025-02-05T06:43:01.808335Z"
    },
    {
      "original": "integrate(sqrt(2*x/(x + 1))/(2 - x**2), x)",
      "requested_difficulty": "equivalent",
      "variant": "integrate(sqrt(2*x/(x + 1)) / (1 - (x - 1)**2), x)",
      "reasoning": "As a geometry enthusiast, I think of transformations and invariants. By completing the square in the denominator, I reformulate this integral, thereby offering fresh geometric insights.",
      "evaluation": "easier",
      "extra_verification": null,
      "transformations_used": [
        "use alternate but equivalent radical forms",
        "apply algebraic identities that preserve complexity",
        "substitute equivalent exponential forms",
        "change coefficient values slightly",
        "adjust parameters while keeping the integral equivalent"
      ],
      "timestamp": "2025-02-05T06:43:01.817064Z"
    },
    {
      "original": "integrate(sqrt(2*x/(x + 1))/(2 - x**2), x)",
      "requested_difficulty": "equivalent",
      "variant": "integrate(sqrt(2x/(x + 1)) / ((2 - x)*(2 + x)), x)",
      "reasoning": "From the perspective of a calculus professor again, I see that I can also express the denominator as a sum of fractions using partial fraction decomposition, which often facilitates easier integration.",
      "evaluation": "equivalent",
      "extra_verification": null,
      "transformations_used": [
        "use alternate but equivalent radical forms",
        "apply algebraic identities that preserve complexity",
        "substitute equivalent exponential forms",
        "change coefficient values slightly",
        "adjust parameters while keeping the integral equivalent"
      ],
      "timestamp": "2025-02-05T06:43:01.820774Z"
    },
    {
      "original": "integrate(sqrt(2*x/(x + 1))/(2 - x**2), x)",
      "requested_difficulty": "equivalent",
      "variant": "integrate(sqrt(2/(x + 1)) / ((2 - x**2)/(x + 1)), x)",
      "reasoning": "Thinking from an engineer's perspective, combining terms into a single complex fraction clarifies limits and behavior at key points in the function.",
      "evaluation": "easier",
      "extra_verification": null,
      "transformations_used": [
        "use alternate but equivalent radical forms",
        "apply algebraic identities that preserve complexity",
        "substitute equivalent exponential forms",
        "change coefficient values slightly",
        "adjust parameters while keeping the integral equivalent"
      ],
      "timestamp": "2025-02-05T06:43:01.690549Z"
    },
    {
      "original": "integrate(sqrt(2*x/(x + 1))/(2 - x**2), x)",
      "requested_difficulty": "equivalent",
      "variant": "integrate(sqrt(2)/(2 - x**2) * sqrt(x/(x + 1)), x)",
      "reasoning": "As a calculus professor, I see a way to simplify the radical. I rewrote the integrand by isolating the square root which can help in potential substitutions later on.",
      "evaluation": "easier",
      "extra_verification": null,
      "transformations_used": [
        "use alternate but equivalent radical forms",
        "exchange similar functions (e.g., sin to cos)",
        "alter constant terms"
      ],
      "timestamp": "2025-02-05T06:43:08.454369Z"
    },
    {
      "original": "integrate(sqrt(2*x/(x + 1))/(2 - x**2), x)",
      "requested_difficulty": "equivalent",
      "variant": "integrate(exp(log(sqrt(2*x/(x + 1))) - log(2 - x**2)), x)",
      "reasoning": "As a theoretical physicist, I transformed the integral into exponential form, which can be sometimes easier to handle in complex analysis.",
      "evaluation": "equivalent",
      "extra_verification": null,
      "transformations_used": [
        "use alternate but equivalent radical forms",
        "exchange similar functions (e.g., sin to cos)",
        "alter constant terms"
      ],
      "timestamp": "2025-02-05T06:43:08.493097Z"
    },
    {
      "original": "integrate(sqrt(2*x/(x + 1))/(2 - x**2), x)",
      "requested_difficulty": "equivalent",
      "variant": "integrate(sqrt((2 * x)/(x + 1)) / (sqrt(1 - (x**2/4))), x)",
      "reasoning": "A geometry enthusiast thinks in transformations. I expressed one element in terms of its coordinate transformations to potentially clarify geometric interpretation.",
      "evaluation": "easier",
      "extra_verification": null,
      "transformations_used": [
        "use alternate but equivalent radical forms",
        "exchange similar functions (e.g., sin to cos)",
        "alter constant terms"
      ],
      "timestamp": "2025-02-05T06:43:08.534544Z"
    },
    {
      "original": "integrate(sqrt(2*x/(x + 1))/(2 - x**2), x)",
      "requested_difficulty": "equivalent",
      "variant": "integrate(sqrt(2*x/(x + 1))/(1/(2-x**2)), x)",
      "reasoning": "From an analytical perspective, I rationalized the denominator to yield a form that might be more conducive to integration techniques.",
      "evaluation": "easier",
      "extra_verification": null,
      "transformations_used": [
        "use alternate but equivalent radical forms",
        "exchange similar functions (e.g., sin to cos)",
        "alter constant terms"
      ],
      "timestamp": "2025-02-05T06:43:11.529288Z"
    }
  ],
  [
    {
      "original": "integrate(1-e**(-x), x)",
      "requested_difficulty": "easier",
      "variant": "integrate(1, x)",
      "reasoning": "As a calculus professor, I appreciate elegant simplifications. By redistributing the constant, I isolate the integral of \\( e^{-x} \\) for direct evaluation.",
      "evaluation": "easier",
      "extra_verification": null,
      "transformations_used": [
        "convert a product to a simpler sum",
        "remove logarithmic terms",
        "eliminate a radical"
      ],
      "timestamp": "2025-02-05T06:43:03.470635Z"
    },
    {
      "original": "integrate(1-e**(-x), x)",
      "requested_difficulty": "easier",
      "variant": "integrate(1 - (1 - x + x**2/2 - x**3/6 + x**4/24), x)",
      "reasoning": "Having a student's perspective, I prefer using polynomials and rational functions. I could achieve a polynomial approximation of \\( e^{-x} \\) when expanding.",
      "evaluation": "easier",
      "extra_verification": null,
      "transformations_used": [
        "convert a product to a simpler sum",
        "remove logarithmic terms",
        "eliminate a radical"
      ],
      "timestamp": "2025-02-05T06:43:03.672458Z"
    },
    {
      "original": "integrate(1-e**(-x), x)",
      "requested_difficulty": "easier",
      "variant": "integrate(1 - (1 - x + x**2/2), x)",
      "reasoning": "As a student focused on polynomials, I will express \\(e^{-x}\\) using its Taylor series expansion up to the second degree, simplifying the calculation.",
      "evaluation": "easier",
      "extra_verification": null,
      "transformations_used": [
        "simplify a trigonometric component",
        "eliminate a radical",
        "drop a subexpression",
        "eliminate absolute value terms",
        "remove logarithmic terms"
      ],
      "timestamp": "2025-02-05T06:42:58.032856Z"
    },
    {
      "original": "integrate(1-e**(-x), x)",
      "requested_difficulty": "easier",
      "variant": "integrate((1 - 1/(1 + x)), x)",
      "reasoning": "Viewing this from a number theory perspective, I will turn \\(1 - e^{-x}\\) into a fraction involving prime numbers, which could reveal interesting properties.",
      "evaluation": "easier",
      "extra_verification": null,
      "transformations_used": [
        "simplify a trigonometric component",
        "eliminate a radical",
        "drop a subexpression",
        "eliminate absolute value terms",
        "remove logarithmic terms"
      ],
      "timestamp": "2025-02-05T06:42:58.058718Z"
    },
    {
      "original": "integrate(1-e**(-x), x)",
      "requested_difficulty": "equivalent",
      "variant": "integrate(1 - e**(-x), x)",
      "reasoning": "As a calculus professor, I enjoy using integration by parts to explore the integral. I can set \\(u = 1 - e^{-x}\\) and \\(dv = dx\\), allowing me to express the integral in terms of \\(e^{-x}\\).",
      "evaluation": "equivalent",
      "extra_verification": null,
      "transformations_used": [
        "change variables while maintaining complexity",
        "substitute equivalent exponential forms",
        "factor common terms differently",
        "distribute terms differently",
        "rewrite using alternate algebraic forms"
      ],
      "timestamp": "2025-02-05T06:43:00.413399Z"
    },
    {
      "original": "integrate(1-e**(-x), x)",
      "requested_difficulty": "equivalent",
      "variant": "integrate(1 + (-e**(-x)), x)",
      "reasoning": "As a creative mathematician, I see that I can rewrite the integrand by factoring and switching the order of operations, focusing instead on the negative exponential term.",
      "evaluation": "equivalent",
      "extra_verification": null,
      "transformations_used": [
        "change variables while maintaining complexity",
        "substitute equivalent exponential forms",
        "factor common terms differently",
        "distribute terms differently",
        "rewrite using alternate algebraic forms"
      ],
      "timestamp": "2025-02-05T06:43:00.325367Z"
    },
    {
      "original": "integrate(1-e**(-x), x)",
      "requested_difficulty": "equivalent",
      "variant": "integrate(1 - cosh(-x), x)",
      "reasoning": "Viewing this through the lens of a theoretical physicist, I can convert the exponential based on Euler's formula to explore its relationship with circular functions.",
      "evaluation": "easier",
      "extra_verification": null,
      "transformations_used": [
        "change variables while maintaining complexity",
        "substitute equivalent exponential forms",
        "factor common terms differently",
        "distribute terms differently",
        "rewrite using alternate algebraic forms"
      ],
      "timestamp": "2025-02-05T06:43:00.259437Z"
    },
    {
      "original": "integrate(1-e**(-x), x)",
      "requested_difficulty": "equivalent",
      "variant": "integrate(1 - e**(-2*x/2), x)",
      "reasoning": "As a geometry enthusiast, I think of transformations that reflect the behavior of the function. Here, I could transform the variable to scale the argument of the exponential.",
      "evaluation": "equivalent",
      "extra_verification": null,
      "transformations_used": [
        "change variables while maintaining complexity",
        "substitute equivalent exponential forms",
        "factor common terms differently",
        "distribute terms differently",
        "rewrite using alternate algebraic forms"
      ],
      "timestamp": "2025-02-05T06:43:00.458014Z"
    },
    {
      "original": "integrate(1-e**(-x), x)",
      "requested_difficulty": "equivalent",
      "variant": "integrate(2 - 1 - e**(-x), x)",
      "reasoning": "As a geometry enthusiast, I'll think about a transformation that implies area under the curve, perhaps around a shifted region of convergence.",
      "evaluation": "equivalent",
      "extra_verification": null,
      "transformations_used": [
        "exchange similar functions (e.g., sin to cos)",
        "alter constant terms",
        "factor common terms differently"
      ],
      "timestamp": "2025-02-05T06:43:04.339774Z"
    },
    {
      "original": "integrate(1-e**(-x), x)",
      "requested_difficulty": "equivalent",
      "variant": "integrate(1 - 1 + e**(-x), x)",
      "reasoning": "A creative mathematician takes inspiration from probability distributions. The exponential decay resembles the complementary cumulative distribution function of an exponential distribution.",
      "evaluation": "equivalent",
      "extra_verification": null,
      "transformations_used": [
        "exchange similar functions (e.g., sin to cos)",
        "alter constant terms",
        "factor common terms differently"
      ],
      "timestamp": "2025-02-05T06:43:04.421158Z"
    }
  ],
  [
    {
      "original": "integrate(tan(x)**2, x)",
      "requested_difficulty": "easier",
      "variant": "integrate(sec(x)**2 - 1, x)",
      "reasoning": "As a calculus professor, I prefer to simplify expressions in elegant ways. Noting that \\( \\tan^2(x) = \\sec^2(x) - 1 \\), I recognize that it can be transformed to simplify the integration.",
      "evaluation": "equivalent",
      "extra_verification": null,
      "transformations_used": [
        "drop a subexpression",
        "simplify composite trigonometric functions",
        "reduce the number of terms in the expression",
        "replace transcendental functions with simpler algebraic ones",
        "eliminate a radical"
      ],
      "timestamp": "2025-02-05T06:43:06.361456Z"
    },
    {
      "original": "integrate(tan(x)**2, x)",
      "requested_difficulty": "easier",
      "variant": "integrate((sin(x)**2)/(cos(x)**2), x)",
      "reasoning": "As a creative mathematician, I enjoy unusual substitutions to open new pathways. I can use the identity \\( \\tan(x) = \\frac{\\sin(x)}{\\cos(x)} \\) and change the variables accordingly.",
      "evaluation": "equivalent",
      "extra_verification": null,
      "transformations_used": [
        "drop a subexpression",
        "simplify composite trigonometric functions",
        "reduce the number of terms in the expression",
        "replace transcendental functions with simpler algebraic ones",
        "eliminate a radical"
      ],
      "timestamp": "2025-02-05T06:43:06.401675Z"
    },
    {
      "original": "integrate(tan(x)**2, x)",
      "requested_difficulty": "easier",
      "variant": "integrate(tan(x)**2, x)",
      "reasoning": "As an engineer, I like to use computational approximations, focusing on integrating \\( \\tan(x) \\) in a numerical sense for certain intervals.",
      "evaluation": "equivalent",
      "extra_verification": null,
      "transformations_used": [
        "drop a subexpression",
        "simplify composite trigonometric functions",
        "reduce the number of terms in the expression",
        "replace transcendental functions with simpler algebraic ones",
        "eliminate a radical"
      ],
      "timestamp": "2025-02-05T06:43:06.670786Z"
    },
    {
      "original": "integrate(tan(x)**2, x)",
      "requested_difficulty": "easier",
      "variant": "integrate(tan(1)**2, x)",
      "reasoning": "From the viewpoint of a number theorist, I am interested in specific values for which \\( \\tan^2(x) \\) effectively becomes rational for certain rational inputs. I can evaluate it at these rational fractions.",
      "evaluation": "easier",
      "extra_verification": null,
      "transformations_used": [
        "drop a subexpression",
        "simplify composite trigonometric functions",
        "reduce the number of terms in the expression",
        "replace transcendental functions with simpler algebraic ones",
        "eliminate a radical"
      ],
      "timestamp": "2025-02-05T06:43:06.383313Z"
    },
    {
      "original": "integrate(tan(x)**2, x)",
      "requested_difficulty": "easier",
      "variant": "integrate(tan(x + pi)**2, x)",
      "reasoning": "Being a geometry enthusiast, I like to think in terms of transformations. I can implement a symmetry transformation utilizing the period of the tangent function, as \\( \\tan(x) \\) is periodic.",
      "evaluation": "equivalent",
      "extra_verification": null,
      "transformations_used": [
        "drop a subexpression",
        "simplify composite trigonometric functions",
        "reduce the number of terms in the expression",
        "replace transcendental functions with simpler algebraic ones",
        "eliminate a radical"
      ],
      "timestamp": "2025-02-05T06:43:06.522173Z"
    },
    {
      "original": "integrate(tan(x)**2, x)",
      "requested_difficulty": "easier",
      "variant": "integrate(diff(tan(x), x)",
      "reasoning": "As a calculus professor, I suggest moving to the integral of the derivative of tangent, simplifying the expression even further. The relationship \\( d(x) = dy \\) comes to mind here.",
      "evaluation": "easier",
      "extra_verification": null,
      "transformations_used": [
        "drop a subexpression",
        "simplify composite trigonometric functions",
        "reduce the number of terms in the expression",
        "replace transcendental functions with simpler algebraic ones",
        "eliminate a radical"
      ],
      "timestamp": "2025-02-05T06:43:06.400523Z"
    },
    {
      "original": "integrate(tan(x)**2, x)",
      "requested_difficulty": "easier",
      "variant": "integrate((x/x)**2, x)",
      "reasoning": "As a student who specializes in rational functions, I can explore the approximation around limits where \\( x \\) is small and represent it as a ratio of polynomials.",
      "evaluation": "easier",
      "extra_verification": null,
      "transformations_used": [
        "drop a subexpression",
        "simplify composite trigonometric functions",
        "reduce the number of terms in the expression",
        "replace transcendental functions with simpler algebraic ones",
        "eliminate a radical"
      ],
      "timestamp": "2025-02-05T06:43:06.377544Z"
    },
    {
      "original": "integrate(tan(x)**2, x)",
      "requested_difficulty": "easier",
      "variant": "integrate(sin(x)**2/cos(x)**2, x)",
      "reasoning": "As a student who enjoys polynomials, I want to simplify the expression a bit more. I realize that expressing \\(\\tan^2(x)\\) in polynomial terms could yield a clearer path.",
      "evaluation": "equivalent",
      "extra_verification": null,
      "transformations_used": [
        "replace a complex fraction with a simpler one",
        "change a function to an easier one",
        "drop a subexpression",
        "reduce the number of terms in the expression",
        "convert a product to a simpler sum"
      ],
      "timestamp": "2025-02-05T06:42:59.954019Z"
    },
    {
      "original": "integrate(tan(x)**2, x)",
      "requested_difficulty": "easier",
      "variant": "integrate((sin(x)/cos(x))**2, x)",
      "reasoning": "From a theoretical physicist perspective, using the trigonometric identity to manipulate the integral can simplify \\(tan^2\\) into other forms. Utilizing sine and cosine terms can often make calculations clearer.",
      "evaluation": "equivalent",
      "extra_verification": null,
      "transformations_used": [
        "replace a complex fraction with a simpler one",
        "change a function to an easier one",
        "drop a subexpression",
        "reduce the number of terms in the expression",
        "convert a product to a simpler sum"
      ],
      "timestamp": "2025-02-05T06:42:59.775019Z"
    },
    {
      "original": "integrate(tan(x)**2, x)",
      "requested_difficulty": "easier",
      "variant": "integrate(sin(x)**2 / (cos(x)**2), x)",
      "reasoning": "As an engineer focused on computational strategies, I will express \\(\\tan^2(x)\\) in terms of simpler components that can make practical numerical evaluations easier.",
      "evaluation": "equivalent",
      "extra_verification": null,
      "transformations_used": [
        "replace a complex fraction with a simpler one",
        "change a function to an easier one",
        "drop a subexpression",
        "reduce the number of terms in the expression",
        "convert a product to a simpler sum"
      ],
      "timestamp": "2025-02-05T06:42:59.735636Z"
    },
    {
      "original": "integrate(tan(x)**2, x)",
      "requested_difficulty": "equivalent",
      "variant": "integrate(differentiate(tan(x), x)",
      "reasoning": "As an engineer, I prefer computational approaches. Thus, I can take advantage of known derivatives to reduce the \"work\" required. The fact that the derivative of \\( \\tan(x) \\) relates directly lends to finding an integral.",
      "evaluation": "easier",
      "extra_verification": null,
      "transformations_used": [
        "distribute terms differently",
        "rearrange the order of terms",
        "rewrite using alternate algebraic forms"
      ],
      "timestamp": "2025-02-05T06:42:58.507892Z"
    },
    {
      "original": "integrate(tan(x)**2, x)",
      "requested_difficulty": "equivalent",
      "variant": "integrate((opposite/adjacent)**2, x)",
      "reasoning": "A geometry enthusiast might represent the integral in terms of a geometric transformation. Considering the tangent function in terms of a right triangle setup gives me a set of interesting graphical interpretations.",
      "evaluation": "equivalent",
      "extra_verification": null,
      "transformations_used": [
        "distribute terms differently",
        "rearrange the order of terms",
        "rewrite using alternate algebraic forms"
      ],
      "timestamp": "2025-02-05T06:42:58.497746Z"
    },
    {
      "original": "integrate(tan(x)**2, x)",
      "requested_difficulty": "equivalent",
      "variant": "integrate(1 / cos(x)**2, x)",
      "reasoning": "Coming from a theoretical physicist's point of view, I can make use of an integral where \\( u = tan(x) \\), facilitating the change of variables to see how tangent influences the integral's limits and structure.",
      "evaluation": "equivalent",
      "extra_verification": null,
      "transformations_used": [
        "distribute terms differently",
        "rearrange the order of terms",
        "rewrite using alternate algebraic forms"
      ],
      "timestamp": "2025-02-05T06:42:58.521906Z"
    },
    {
      "original": "integrate(tan(x)**2, x)",
      "requested_difficulty": "equivalent",
      "variant": "integrate(differentiate(u), x)",
      "reasoning": "A calculus professor focusing on integral properties might prefer to use integration by parts or remember the relationship of derivatives to integrals, thus recognizing a simpler form of the integral.",
      "evaluation": "easier",
      "extra_verification": null,
      "transformations_used": [
        "distribute terms differently",
        "rearrange the order of terms",
        "rewrite using alternate algebraic forms"
      ],
      "timestamp": "2025-02-05T06:42:58.655136Z"
    },
    {
      "original": "integrate(tan(x)**2, x)",
      "requested_difficulty": "equivalent",
      "variant": "integrate(1/(1/(sin(x)**2) + 1/(cos(x)**2)), x)",
      "reasoning": "As a number theorist intrigued by prime numbers and rational coefficients, I can introduce a rational-like manipulation by expressing \\(\\tan^2(x)\\) as a sum of distinct rational terms. These transformations keep the complexity intact while providing a unique form.",
      "evaluation": "equivalent",
      "extra_verification": null,
      "transformations_used": [
        "adjust parameters while keeping the integral equivalent",
        "rewrite using alternate algebraic forms",
        "change variables while maintaining complexity",
        "rewrite the integrand in a different form without changing overall complexity",
        "substitute equivalent exponential forms"
      ],
      "timestamp": "2025-02-05T06:43:04.698766Z"
    },
    {
      "original": "integrate(tan(x)**2, x)",
      "requested_difficulty": "equivalent",
      "variant": "integrate((1/(cos(x)**2)), x)",
      "reasoning": "From the perspective of a geometry enthusiast, I want to explore the tangent function through geometric transformations and introduce a new variable related to angle measures, encapsulating secant-related shapes.",
      "evaluation": "equivalent",
      "extra_verification": null,
      "transformations_used": [
        "adjust parameters while keeping the integral equivalent",
        "rewrite using alternate algebraic forms",
        "change variables while maintaining complexity",
        "rewrite the integrand in a different form without changing overall complexity",
        "substitute equivalent exponential forms"
      ],
      "timestamp": "2025-02-05T06:43:04.763090Z"
    },
    {
      "original": "integrate(tan(x)**2, x)",
      "requested_difficulty": "equivalent",
      "variant": "integrate(sin(x)**2/(cos(x)**2), x)",
      "reasoning": "Focusing on variations in a theoretical framework, I could look at a Fourier-like approach re-expressing \\(\\tan^2(x)\\) through its sine and cosine components while maintaining complex transformation characteristics.",
      "evaluation": "equivalent",
      "extra_verification": null,
      "transformations_used": [
        "adjust parameters while keeping the integral equivalent",
        "rewrite using alternate algebraic forms",
        "change variables while maintaining complexity",
        "rewrite the integrand in a different form without changing overall complexity",
        "substitute equivalent exponential forms"
      ],
      "timestamp": "2025-02-05T06:43:05.169706Z"
    }
  ],
  [
    {
      "original": "integrate(cos(x)*(log(cos(x)) - x*tan(x)), x)",
      "requested_difficulty": "easier",
      "variant": "integrate(cos(x) * log(cos(x)), x)",
      "reasoning": "As a calculus professor, I enjoy finding elegant simplifications. The presence of log(cos(x)) suggests the possibility of exploring integration by parts, where we could treat the product more simply. Thus, I propose adjusting the argument to focus on a more straightforward expression.",
      "evaluation": "easier",
      "extra_verification": null,
      "transformations_used": [
        "convert a product to a simpler sum",
        "remove a factor",
        "lower a coefficient",
        "reduce an exponent",
        "replace transcendental functions with simpler algebraic ones"
      ],
      "timestamp": "2025-02-05T06:43:00.628547Z"
    },
    {
      "original": "integrate(cos(x)*(log(cos(x)) - x*tan(x)), x)",
      "requested_difficulty": "easier",
      "variant": "integrate(cos(x) * (-x**2/2), x)",
      "reasoning": "As a student leaning towards polynomials, I find logarithmic functions daunting, so I will explore simplifying the expression further by removing the tan(x) term or reconsidering it as an approximation near certain points.",
      "evaluation": "easier",
      "extra_verification": null,
      "transformations_used": [
        "convert a product to a simpler sum",
        "remove a factor",
        "lower a coefficient",
        "reduce an exponent",
        "replace transcendental functions with simpler algebraic ones"
      ],
      "timestamp": "2025-02-05T06:43:00.734219Z"
    },
    {
      "original": "integrate(cos(x)*(log(cos(x)) - x*tan(x)), x)",
      "requested_difficulty": "easier",
      "variant": "integrate(cos(x) * (log(cos(x)) - sin(x)/cos(x)), x)",
      "reasoning": "As a number theorist who enjoys relationships with primes and rational coefficients, I prefer to express this in rational terms. Let\u2019s express tan(x) as sin(x)/cos(x) and deep dive into the integral in rational components.",
      "evaluation": "easier",
      "extra_verification": null,
      "transformations_used": [
        "convert a product to a simpler sum",
        "remove a factor",
        "lower a coefficient",
        "reduce an exponent",
        "replace transcendental functions with simpler algebraic ones"
      ],
      "timestamp": "2025-02-05T06:43:00.832145Z"
    },
    {
      "original": "integrate(cos(x)*(log(cos(x)) - x*tan(x)), x)",
      "requested_difficulty": "easier",
      "variant": "integrate(cos(x) * (-x + x**3/6), x)",
      "reasoning": "As a calculus professor focused on series, replacing the log function with a polynomial approximation can linearize the integral, streamlining the complexity.",
      "evaluation": "easier",
      "extra_verification": null,
      "transformations_used": [
        "convert a product to a simpler sum",
        "remove a factor",
        "lower a coefficient",
        "reduce an exponent",
        "replace transcendental functions with simpler algebraic ones"
      ],
      "timestamp": "2025-02-05T06:43:00.803940Z"
    },
    {
      "original": "integrate(cos(x)*(log(cos(x)) - x*tan(x)), x)",
      "requested_difficulty": "easier",
      "variant": "integrate(x**4 - x**2, x)",
      "reasoning": "From the polynomial student's view, transforming the functions into a polynomial via a rational approximation will help simplify the integration. I will take out the trigonometric dynamics.",
      "evaluation": "easier",
      "extra_verification": null,
      "transformations_used": [
        "convert a product to a simpler sum",
        "remove a factor",
        "lower a coefficient",
        "reduce an exponent",
        "replace transcendental functions with simpler algebraic ones"
      ],
      "timestamp": "2025-02-05T06:43:00.630420Z"
    },
    {
      "original": "integrate(cos(x)*(log(cos(x)) - x*tan(x)), x)",
      "requested_difficulty": "easier",
      "variant": "integrate(cos(x)*((-x**2)/2 + (x**4)/24 - x**6/720), x)",
      "reasoning": "A student who enjoys polynomials might look for power series expansions of \\( \\tan(x) \\) and \\( \\log(cos(x)) \\). This leads to a converging polynomial series, reducing the complexity of integration.",
      "evaluation": "easier",
      "extra_verification": null,
      "transformations_used": [
        "replace a complex fraction with a simpler one",
        "convert a product to a simpler sum",
        "reduce the degree of a polynomial"
      ],
      "timestamp": "2025-02-05T06:43:00.302099Z"
    },
    {
      "original": "integrate(cos(x)*(log(cos(x)) - x*tan(x)), x)",
      "requested_difficulty": "easier",
      "variant": "integrate(cos(x)*(log(cos(x)) - x*(opposite/adjacent)), x)",
      "reasoning": "The geometry enthusiast in me recognizes the potential for a geometric interpretation of the integral, opting to express \\( \\tan(x) \\) geometrically leads to a more visual process that's easier to integrate.",
      "evaluation": "equivalent",
      "extra_verification": null,
      "transformations_used": [
        "replace a complex fraction with a simpler one",
        "convert a product to a simpler sum",
        "reduce the degree of a polynomial"
      ],
      "timestamp": "2025-02-05T06:43:00.087735Z"
    },
    {
      "original": "integrate(cos(x)*(log(cos(x)) - x*tan(x)), x)",
      "requested_difficulty": "easier",
      "variant": "integrate(cos(x)*log(cos(x)), x)",
      "reasoning": "Inspired by a number theorist perspective, I can factor out common elements in the expression to focus on simpler sub-integrals. This allows a more focused approach on each term\u2014highlighting primes or rational coefficients.",
      "evaluation": "easier",
      "extra_verification": null,
      "transformations_used": [
        "replace a complex fraction with a simpler one",
        "convert a product to a simpler sum",
        "reduce the degree of a polynomial"
      ],
      "timestamp": "2025-02-05T06:43:00.262092Z"
    },
    {
      "original": "integrate(cos(x)*(log(cos(x)) - x*tan(x)), x)",
      "requested_difficulty": "easier",
      "variant": "integrate(cos(x)*(-x**2/2 + (x**4)/24), x)",
      "reasoning": "A creative mathematician would enjoy unusual substitutions like rewriting \\( \\log(cos(x)) \\) using its Taylor series and thereby simplifying integration using polynomial approximation.",
      "evaluation": "easier",
      "extra_verification": null,
      "transformations_used": [
        "replace a complex fraction with a simpler one",
        "convert a product to a simpler sum",
        "reduce the degree of a polynomial"
      ],
      "timestamp": "2025-02-05T06:43:00.539697Z"
    },
    {
      "original": "integrate(cos(x)*(log(cos(x)) - x*tan(x)), x)",
      "requested_difficulty": "easier",
      "variant": "integrate(cos(x)*(-x**2/2), x)",
      "reasoning": "As an engineer, I often simplify expressions by reducing terms. The \\( \\log(cos(x)) \\) can also be approximated around small values of \\( x \\) using Taylor series expansion for further ease.",
      "evaluation": "easier",
      "extra_verification": null,
      "transformations_used": [
        "replace a complex fraction with a simpler one",
        "convert a product to a simpler sum",
        "reduce the degree of a polynomial"
      ],
      "timestamp": "2025-02-05T06:43:00.242249Z"
    },
    {
      "original": "integrate(cos(x)*(log(cos(x)) - x*tan(x)), x)",
      "requested_difficulty": "equivalent",
      "variant": "integrate(cos(x) * log(cos(x) / exp(x * tan(x))), x)",
      "reasoning": "As a calculus professor, I appreciate the elegance of logarithmic properties. I can rewrite the logarithm using the property \\( \\log(a) - \\log(b) = \\log\\left(\\frac{a}{b}\\right) \\) to facilitate manipulation.",
      "evaluation": "equivalent",
      "extra_verification": null,
      "transformations_used": [
        "modify an exponent slightly",
        "swap numerator and denominator with reciprocal",
        "rewrite using different logarithmic properties",
        "rearrange the order of terms",
        "substitute equivalent exponential forms"
      ],
      "timestamp": "2025-02-05T06:43:03.784248Z"
    },
    {
      "original": "integrate(cos(x)*(log(cos(x)) - x*tan(x)), x)",
      "requested_difficulty": "equivalent",
      "variant": "integrate(cos(x) * (log(cos(x)) - x * (sin(x) / cos(x))), x)",
      "reasoning": "As a creative mathematician, I enjoy unusual substitutions. Here, I notice that \\( tan(x) = \\frac{sin(x)}{cos(x)} \\), so I can substitute that into the integral and explore new paths.",
      "evaluation": "equivalent",
      "extra_verification": null,
      "transformations_used": [
        "modify an exponent slightly",
        "swap numerator and denominator with reciprocal",
        "rewrite using different logarithmic properties",
        "rearrange the order of terms",
        "substitute equivalent exponential forms"
      ],
      "timestamp": "2025-02-05T06:43:01.713822Z"
    },
    {
      "original": "integrate(cos(x)*(log(cos(x)) - x*tan(x)), x)",
      "requested_difficulty": "equivalent",
      "variant": "integrate(sin(pi/2 - x) * (log(sin(pi/2 - x)) - (pi/2 - x) * tan(pi/2 - x)), x)",
      "reasoning": "As a geometry enthusiast, I think in terms of transformations. I can utilize the identity \\( cos(x) = sin(\\frac{\\pi}{2} - x) \\) to express the integral in a different trigonometric framework.",
      "evaluation": "equivalent",
      "extra_verification": null,
      "transformations_used": [
        "modify an exponent slightly",
        "swap numerator and denominator with reciprocal",
        "rewrite using different logarithmic properties",
        "rearrange the order of terms",
        "substitute equivalent exponential forms"
      ],
      "timestamp": "2025-02-05T06:43:01.861357Z"
    },
    {
      "original": "integrate(cos(x)*(log(cos(x)) - x*tan(x)), x)",
      "requested_difficulty": "equivalent",
      "variant": "integrate(cos(x)*(log(sqrt(1 - sin(x)**2)) - x*(sin(x)/cos(x))), x)",
      "reasoning": "Viewing this from a geometric transformation perspective, I would express \\( \\tan(x) \\) in terms of a unit circle, rewriting the integral in terms of arc lengths related to the cosine curve.",
      "evaluation": "equivalent",
      "extra_verification": null,
      "transformations_used": [
        "use alternate but equivalent radical forms",
        "rewrite using alternate algebraic forms",
        "substitute equivalent exponential forms"
      ],
      "timestamp": "2025-02-05T06:43:02.576170Z"
    },
    {
      "original": "integrate(cos(x)*(log(cos(x)) - x*tan(x)), x)",
      "requested_difficulty": "equivalent",
      "variant": "integrate(cos(x)*(log(cos(x)*sqrt(2)*pi) - x*tan(x)), x)",
      "reasoning": "As a theoretical physicist, I could express the logarithm via Laplace transforms, revealing connections between time and frequency domains to create a different view.",
      "evaluation": "equivalent",
      "extra_verification": null,
      "transformations_used": [
        "use alternate but equivalent radical forms",
        "rewrite using alternate algebraic forms",
        "substitute equivalent exponential forms"
      ],
      "timestamp": "2025-02-05T06:43:02.789785Z"
    }
  ],
  [
    {
      "original": "integrate(tan(x)+cot(x), x)",
      "requested_difficulty": "easier",
      "variant": "integrate(1/sin(x) + 1/cos(x), x)",
      "reasoning": "As a calculus professor, I appreciate the symmetry in trigonometric functions. I can express \\(\\tan(x) + \\cot(x)\\) in a simpler single fraction. This consolidation reduces complexity.",
      "evaluation": "equivalent",
      "extra_verification": null,
      "transformations_used": [
        "reduce the number of terms in the expression",
        "remove a factor",
        "remove logarithmic terms",
        "lower a coefficient",
        "replace transcendental functions with simpler algebraic ones"
      ],
      "timestamp": "2025-02-05T06:43:07.342331Z"
    },
    {
      "original": "integrate(tan(x)+cot(x), x)",
      "requested_difficulty": "easier",
      "variant": "integrate(sin(x)/cos(x) + cos(x)/sin(x), x)",
      "reasoning": "As a creative mathematician, I see potential in substituting with a well-known identity. I can replace \\(\\tan(x)\\) and \\(\\cot(x)\\) with \\(\\sin(x)\\) and \\(\\cos(x)\\) to gather the functions' essence intuitively.",
      "evaluation": "equivalent",
      "extra_verification": null,
      "transformations_used": [
        "reduce the number of terms in the expression",
        "remove a factor",
        "remove logarithmic terms",
        "lower a coefficient",
        "replace transcendental functions with simpler algebraic ones"
      ],
      "timestamp": "2025-02-05T06:43:07.380566Z"
    },
    {
      "original": "integrate(tan(x)+cot(x), x)",
      "requested_difficulty": "easier",
      "variant": "integrate(1 + x^2 + O(x^4), x)",
      "reasoning": "Viewing it as a student, I prefer handling polynomials. I can consider the expansion of \\(\\tan(x) + \\cot(x)\\) around \\(x=0\\), which simplifies the integral to polynomial terms leading to easier integration.",
      "evaluation": "easier",
      "extra_verification": null,
      "transformations_used": [
        "reduce the number of terms in the expression",
        "remove a factor",
        "remove logarithmic terms",
        "lower a coefficient",
        "replace transcendental functions with simpler algebraic ones"
      ],
      "timestamp": "2025-02-05T06:43:07.216218Z"
    },
    {
      "original": "integrate(tan(x)+cot(x), x)",
      "requested_difficulty": "easier",
      "variant": "integrate(2, x)",
      "reasoning": "As an engineer, I appreciate computational methods. I could consider small angle approximations where \\(\\tan(x) + \\cot(x)\\) approximately equals \\(2\\) for small \\(x\\), leading to simpler integration.",
      "evaluation": "easier",
      "extra_verification": null,
      "transformations_used": [
        "reduce the number of terms in the expression",
        "remove a factor",
        "remove logarithmic terms",
        "lower a coefficient",
        "replace transcendental functions with simpler algebraic ones"
      ],
      "timestamp": "2025-02-05T06:43:10.376903Z"
    },
    {
      "original": "integrate(tan(x)+cot(x), x)",
      "requested_difficulty": "easier",
      "variant": "integrate(tan(1) + cot(1), x)",
      "reasoning": "Being a number theorist, I like working with rational limits. I can investigate the integral by taking values at rational limits, simplifying the boundaries while preserving the non-trivial nature of the function.",
      "evaluation": "easier",
      "extra_verification": null,
      "transformations_used": [
        "reduce the number of terms in the expression",
        "remove a factor",
        "remove logarithmic terms",
        "lower a coefficient",
        "replace transcendental functions with simpler algebraic ones"
      ],
      "timestamp": "2025-02-05T06:43:07.691369Z"
    },
    {
      "original": "integrate(tan(x)+cot(x), x)",
      "requested_difficulty": "easier",
      "variant": "integrate(sec(x)^2 - 1, x)",
      "reasoning": "As a calculus professor focused on reduction, I recognize that \\(\\tan(x)^2 + 1 = \\sec(x)^2\\). Thus, I can convert it to a form that\u2019s easier to evaluate.",
      "evaluation": "easier",
      "extra_verification": null,
      "transformations_used": [
        "reduce the number of terms in the expression",
        "remove a factor",
        "remove logarithmic terms",
        "lower a coefficient",
        "replace transcendental functions with simpler algebraic ones"
      ],
      "timestamp": "2025-02-05T06:43:07.258261Z"
    },
    {
      "original": "integrate(tan(x)+cot(x), x)",
      "requested_difficulty": "easier",
      "variant": "integrate(1/2 * (tan(x) + cot(x)), x)",
      "reasoning": "As a creative mathematician, I can consider averaging the two functions. By examining \\(\\frac{1}{2}(\\tan(x) + \\cot(x))\\), it still keeps the essence intact while making the integration more approachable.",
      "evaluation": "easier",
      "extra_verification": null,
      "transformations_used": [
        "reduce the number of terms in the expression",
        "remove a factor",
        "remove logarithmic terms",
        "lower a coefficient",
        "replace transcendental functions with simpler algebraic ones"
      ],
      "timestamp": "2025-02-05T06:43:07.253528Z"
    },
    {
      "original": "integrate(tan(x)+cot(x), x)",
      "requested_difficulty": "easier",
      "variant": "integrate(tan(x) + cot(x) - 1, x)",
      "reasoning": "As an engineer who favors approximation, I can make an assumption that works for small values \\(x\\), leading to a constant expression that simplifies the integration significantly.",
      "evaluation": "easier",
      "extra_verification": null,
      "transformations_used": [
        "reduce the number of terms in the expression",
        "remove a factor",
        "remove logarithmic terms",
        "lower a coefficient",
        "replace transcendental functions with simpler algebraic ones"
      ],
      "timestamp": "2025-02-05T06:43:07.239367Z"
    },
    {
      "original": "integrate(tan(x)+cot(x), x)",
      "requested_difficulty": "easier",
      "variant": "integrate(1/sin(x)/cos(x), x)",
      "reasoning": "As a calculus professor, my focus is on simplifying the integral. Noticing that \\( \\tan(x) + \\cot(x) = \\frac{\\sin^2(x) + \\cos^2(x)}{\\sin(x)\\cos(x)} \\), we can rewrite the integral to streamline the evaluation process.",
      "evaluation": "equivalent",
      "extra_verification": null,
      "transformations_used": [
        "simplify composite trigonometric functions",
        "remove logarithmic terms",
        "replace transcendental functions with simpler algebraic ones",
        "replace a complex fraction with a simpler one",
        "reduce the number of terms in the expression"
      ],
      "timestamp": "2025-02-05T06:43:07.057800Z"
    },
    {
      "original": "integrate(tan(x)+cot(x), x)",
      "requested_difficulty": "easier",
      "variant": "integrate(1/u + 1/(1/u), x)",
      "reasoning": "As a creative mathematician, I revel in using unusual substitutions. Here I employ the substitution \\( u = \\tan(x) \\), since \\( d(x) = \\sec^2(x) dx \\) simplifies the integral into a rational function.",
      "evaluation": "equivalent",
      "extra_verification": null,
      "transformations_used": [
        "simplify composite trigonometric functions",
        "remove logarithmic terms",
        "replace transcendental functions with simpler algebraic ones",
        "replace a complex fraction with a simpler one",
        "reduce the number of terms in the expression"
      ],
      "timestamp": "2025-02-05T06:43:07.079815Z"
    },
    {
      "original": "integrate(tan(x)+cot(x), x)",
      "requested_difficulty": "equivalent",
      "variant": "integrate((sin(x)**2 + cos(x)**2)/(sin(x)*cos(x)), x)",
      "reasoning": "As a calculus professor, I appreciate the elegance of combining the two functions. By using the identity \\(\\tan(x) + \\cot(x) = \\frac{\\sin^2(x) + \\cos^2(x)}{\\sin(x)\\cos(x)}\\), I can consolidate my integrand into a single fraction.",
      "evaluation": "equivalent",
      "extra_verification": null,
      "transformations_used": [
        "substitute equivalent exponential forms",
        "use alternate but equivalent radical forms",
        "rearrange the order of terms",
        "exchange similar functions (e.g., sin to cos)",
        "use trigonometric identities to rewrite expression"
      ],
      "timestamp": "2025-02-05T06:43:07.745861Z"
    },
    {
      "original": "integrate(tan(x)+cot(x), x)",
      "requested_difficulty": "equivalent",
      "variant": "integrate((exp(1j*x) - exp(-1j*x))/(exp(1j*x) + exp(-1j*x)), x)",
      "reasoning": "Approaching this as a creative mathematician, I recognize the potential of substituting \\(\\tan(x)\\) and \\(\\cot(x)\\) directly with their exponential forms using Euler's formula. This transforms the integral into a form that highlights symmetry.",
      "evaluation": "equivalent",
      "extra_verification": null,
      "transformations_used": [
        "substitute equivalent exponential forms",
        "use alternate but equivalent radical forms",
        "rearrange the order of terms",
        "exchange similar functions (e.g., sin to cos)",
        "use trigonometric identities to rewrite expression"
      ],
      "timestamp": "2025-02-05T06:43:07.895629Z"
    },
    {
      "original": "integrate(tan(x)+cot(x), x)",
      "requested_difficulty": "equivalent",
      "variant": "integrate((sin(x)**2/cos(x) + cos(x)**2/sin(x)), x)",
      "reasoning": "As a student who enjoys working with polynomials, I perceive both \\(\\tan(x)\\) and \\(\\cot(x)\\) in terms of their polynomial representations using sine and cosine, which leads to a polynomial form in the integral.",
      "evaluation": "equivalent",
      "extra_verification": null,
      "transformations_used": [
        "substitute equivalent exponential forms",
        "use alternate but equivalent radical forms",
        "rearrange the order of terms",
        "exchange similar functions (e.g., sin to cos)",
        "use trigonometric identities to rewrite expression"
      ],
      "timestamp": "2025-02-05T06:43:08.037257Z"
    },
    {
      "original": "integrate(tan(x)+cot(x), x)",
      "requested_difficulty": "equivalent",
      "variant": "integrate(1/sin(x)*cos(x) + cos(x)/sin(x), x)",
      "reasoning": "From the perspective of a theoretical physicist, I can leverage the connection between the tangent and cotangent to express the integral through the differential of a logarithm. This gives us insight into the integral's behavior in complex systems.",
      "evaluation": "equivalent",
      "extra_verification": null,
      "transformations_used": [
        "substitute equivalent exponential forms",
        "use alternate but equivalent radical forms",
        "rearrange the order of terms",
        "exchange similar functions (e.g., sin to cos)",
        "use trigonometric identities to rewrite expression"
      ],
      "timestamp": "2025-02-05T06:43:07.981150Z"
    },
    {
      "original": "integrate(tan(x)+cot(x), x)",
      "requested_difficulty": "equivalent",
      "variant": "integrate((1/tan(x) + 1/cot(x)), x)",
      "reasoning": "As an engineer focused on computational efficiency, I\u2019d revert to using basic trigonometric identities to break down the integral into more manageable parts before re-integrating, taking advantage of common denominators.",
      "evaluation": "equivalent",
      "extra_verification": null,
      "transformations_used": [
        "substitute equivalent exponential forms",
        "use alternate but equivalent radical forms",
        "rearrange the order of terms",
        "exchange similar functions (e.g., sin to cos)",
        "use trigonometric identities to rewrite expression"
      ],
      "timestamp": "2025-02-05T06:43:08.034058Z"
    },
    {
      "original": "integrate(tan(x)+cot(x), x)",
      "requested_difficulty": "equivalent",
      "variant": "integrate((1/(cos(x))**2 + 1/(sin(x))**2), x)",
      "reasoning": "As a geometry enthusiast, I think in terms of the unit circle. I can express the integral using geometric transformations involving arc lengths, thus linking the integral to the properties of the circle.",
      "evaluation": "equivalent",
      "extra_verification": null,
      "transformations_used": [
        "substitute equivalent exponential forms",
        "use alternate but equivalent radical forms",
        "rearrange the order of terms",
        "exchange similar functions (e.g., sin to cos)",
        "use trigonometric identities to rewrite expression"
      ],
      "timestamp": "2025-02-05T06:43:07.761187Z"
    },
    {
      "original": "integrate(tan(x)+cot(x), x)",
      "requested_difficulty": "equivalent",
      "variant": "integrate(1/x + x, x)",
      "reasoning": "From the perspective of a number theorist interested in rational coefficients, I\u2019ll introduce rational approximations for \\(\\tan(x)\\) and \\(\\cot(x)\\) around \\(x = 0\\) using Taylor expansion.",
      "evaluation": "easier",
      "extra_verification": null,
      "transformations_used": [
        "alter constant terms",
        "change variables while maintaining complexity",
        "apply algebraic identities that preserve complexity"
      ],
      "timestamp": "2025-02-05T06:43:09.307770Z"
    },
    {
      "original": "integrate(tan(x)+cot(x), x)",
      "requested_difficulty": "equivalent",
      "variant": "integrate(tan(pi/2 - x) + tan(x), x)",
      "reasoning": "The geometry enthusiast in me thinks about transformations and symmetries. I can use the identity \\(\\tan(\\pi/2 - x) = \\cot(x)\\) to define a new periodic integral.",
      "evaluation": "equivalent",
      "extra_verification": null,
      "transformations_used": [
        "alter constant terms",
        "change variables while maintaining complexity",
        "apply algebraic identities that preserve complexity"
      ],
      "timestamp": "2025-02-05T06:43:09.431940Z"
    },
    {
      "original": "integrate(tan(x)+cot(x), x)",
      "requested_difficulty": "equivalent",
      "variant": "integrate((exp(1j*x) + exp(-1j*x)) / (1j*(exp(1j*x) * exp(-1j*x))), x)",
      "reasoning": "As a theoretical physicist, I want to express this as an integral of a complex function, which is useful in quantum mechanics and yields additional layers of difficulty.",
      "evaluation": "equivalent",
      "extra_verification": null,
      "transformations_used": [
        "alter constant terms",
        "change variables while maintaining complexity",
        "apply algebraic identities that preserve complexity"
      ],
      "timestamp": "2025-02-05T06:43:09.293929Z"
    },
    {
      "original": "integrate(tan(x)+cot(x), x)",
      "requested_difficulty": "equivalent",
      "variant": "integrate(1/(sin(x)*cos(x)), x)",
      "reasoning": "Working like a creative mathematician, I'll explore using partial fraction decomposition of \\( \\tan(x) + \\cot(x) \\) to create a new perspective on the integral.",
      "evaluation": "equivalent",
      "extra_verification": null,
      "transformations_used": [
        "alter constant terms",
        "change variables while maintaining complexity",
        "apply algebraic identities that preserve complexity"
      ],
      "timestamp": "2025-02-05T06:43:09.358713Z"
    }
  ]
]