[
  [
    {
      "original": "integrate(log(1/x), (x, 1/4, 1/2))",
      "requested_difficulty": "easier",
      "variant": "integrate((x - 1/4)**2, x)",
      "reasoning": "From a student perspective, using polynomial approximations can make things simpler. Let's approximate \\( \\log(1/x) \\) by expanding it around \\( x = 1/4 \\) within the bounds.",
      "evaluation": "easier",
      "extra_verification": null,
      "transformations_used": [
        "simplify a trigonometric component",
        "remove a complicated term",
        "replace a complex fraction with a simpler one"
      ],
      "timestamp": "2025-02-05T06:27:27.824297Z"
    },
    {
      "original": "integrate(log(1/x), (x, 1/4, 1/2))",
      "requested_difficulty": "easier",
      "variant": "integrate(1/(1 + x**2), x)",
      "reasoning": "An engineer often looks for computational approaches. I will numerically estimate the area under the curve for simpler function forms over the same interval.",
      "evaluation": "easier",
      "extra_verification": null,
      "transformations_used": [
        "simplify a trigonometric component",
        "remove a complicated term",
        "replace a complex fraction with a simpler one"
      ],
      "timestamp": "2025-02-05T06:27:27.765535Z"
    },
    {
      "original": "integrate(log(1/x), (x, 1/4, 1/2))",
      "requested_difficulty": "easier",
      "variant": "integrate(2/(1 + x**2), x)",
      "reasoning": "As a number theorist, I enjoy working with rational coefficients. I\u2019ll consider the integral over a rational polynomial.",
      "evaluation": "easier",
      "extra_verification": null,
      "transformations_used": [
        "simplify a trigonometric component",
        "remove a complicated term",
        "replace a complex fraction with a simpler one"
      ],
      "timestamp": "2025-02-05T06:27:27.852290Z"
    }
  ]
]