[
  [
    {
      "original": "integrate(sqrt(2*x**2-1), x)",
      "requested_difficulty": "easier",
      "variant": "integrate(sqrt((sqrt(2)*x - 1)*(sqrt(2)*x + 1)), x)",
      "reasoning": "As a student focused on polynomials, I recognize that we can rewrite \\( \\sqrt{2x^2 - 1} \\) as a quadratic polynomial. We change the order of integration for a polynomial perspective.",
      "evaluation": "equivalent",
      "extra_verification": null,
      "transformations_used": [
        "reduce the number of terms in the expression",
        "reduce an exponent",
        "simplify composite trigonometric functions",
        "simplify a trigonometric component",
        "replace a complex fraction with a simpler one"
      ],
      "timestamp": "2025-02-05T06:46:57.750630Z"
    },
    {
      "original": "integrate(sqrt(2*x**2-1), x)",
      "requested_difficulty": "easier",
      "variant": "integrate(sqrt(2*(x)**2) - sqrt(1), x)",
      "reasoning": "As a number theorist, I am intrigued by rational coefficients. By rewriting \\( \\sqrt{2x^2 - 1} \\) using rational coefficients, I simplify the integral without losing its mathematical essence.",
      "evaluation": "easier",
      "extra_verification": null,
      "transformations_used": [
        "reduce the number of terms in the expression",
        "reduce an exponent",
        "simplify composite trigonometric functions",
        "simplify a trigonometric component",
        "replace a complex fraction with a simpler one"
      ],
      "timestamp": "2025-02-05T06:46:57.762188Z"
    },
    {
      "original": "integrate(sqrt(2*x**2-1), x)",
      "requested_difficulty": "easier",
      "variant": "integrate(sqrt(2)*sqrt(x**2 - 1/2), x)",
      "reasoning": "As a calculus professor, noticing the expression can be split: \\( \\sqrt{2x^2 - 1} = \\sqrt{2} \\sqrt{x^2 - 0.5} \\). This lets me isolate the constants and transform the integral into a more familiar form.",
      "evaluation": "equivalent",
      "extra_verification": null,
      "transformations_used": [
        "reduce the number of terms in the expression",
        "reduce an exponent",
        "simplify composite trigonometric functions",
        "simplify a trigonometric component",
        "replace a complex fraction with a simpler one"
      ],
      "timestamp": "2025-02-05T06:46:57.735643Z"
    },
    {
      "original": "integrate(sqrt(2*x**2-1), x)",
      "requested_difficulty": "easier",
      "variant": "integrate(sqrt((2*x**2 - 1)/(1)), x)",
      "reasoning": "As a student focused on polynomials, the integrand can be interpreted by rewriting it in polynomial form using long division or completing the square. The expression \\( 2x^2 - 1 \\) can be rewritten helpful for polynomial integration.",
      "evaluation": "equivalent",
      "extra_verification": null,
      "transformations_used": [
        "simplify the denominator",
        "remove logarithmic terms",
        "replace a complex fraction with a simpler one"
      ],
      "timestamp": "2025-02-05T06:46:56.866142Z"
    },
    {
      "original": "integrate(sqrt(2*x**2-1), x)",
      "requested_difficulty": "equivalent",
      "variant": "integrate(sqrt(2*(x**2) - 1), x)",
      "reasoning": "As a student focused on polynomials, I prefer to express this integral through polynomial manipulation. Engaging with polynomial structure allows me to expand the expression, revealing more detailed forms of integration complexity.",
      "evaluation": "equivalent",
      "extra_verification": null,
      "transformations_used": [
        "swap numerator and denominator with reciprocal",
        "factor common terms differently",
        "change coefficient values slightly",
        "change variables while maintaining complexity",
        "apply algebraic identities that preserve complexity"
      ],
      "timestamp": "2025-02-05T06:46:56.103606Z"
    },
    {
      "original": "integrate(sqrt(2*x**2-1), x)",
      "requested_difficulty": "equivalent",
      "variant": "integrate(sqrt(2*x**2 - 1)/2 + sqrt(2*x**2 - 1)/2, x)",
      "reasoning": "As an engineer, I prefer numerical approximations and integrating functions broken down to manageable parts. Here, I divide the entire expression which balances terms, thus creating two approachable integrating components without losing the complexity.",
      "evaluation": "equivalent",
      "extra_verification": null,
      "transformations_used": [
        "swap numerator and denominator with reciprocal",
        "factor common terms differently",
        "change coefficient values slightly",
        "change variables while maintaining complexity",
        "apply algebraic identities that preserve complexity"
      ],
      "timestamp": "2025-02-05T06:46:56.392361Z"
    },
    {
      "original": "integrate(sqrt(2*x**2-1), x)",
      "requested_difficulty": "equivalent",
      "variant": "integrate(sqrt(2*(x**2 - 1/2)), x)",
      "reasoning": "From a number-theory perspective, I see potential in factoring the inner expression which maintains the essence but enhances the brute force calculation of roots, forcing a multi-step integration.",
      "evaluation": "easier",
      "extra_verification": null,
      "transformations_used": [
        "swap numerator and denominator with reciprocal",
        "factor common terms differently",
        "change coefficient values slightly",
        "change variables while maintaining complexity",
        "apply algebraic identities that preserve complexity"
      ],
      "timestamp": "2025-02-05T06:47:00.416692Z"
    },
    {
      "original": "integrate(sqrt(2*x**2-1), x)",
      "requested_difficulty": "equivalent",
      "variant": "integrate((2*x**2 - 1)**(1/2), x)",
      "reasoning": "My persona as a rational function student leads me to view this integral as a ratio of polynomials. I can write \\(sqrt{2x^2 - 1}\\) as \\((2x^2 - 1)^{1/2}\\) directly, which subtly changes my approach to integration while preserving the intricacies.",
      "evaluation": "equivalent",
      "extra_verification": null,
      "transformations_used": [
        "swap numerator and denominator with reciprocal",
        "factor common terms differently",
        "change coefficient values slightly",
        "change variables while maintaining complexity",
        "apply algebraic identities that preserve complexity"
      ],
      "timestamp": "2025-02-05T06:46:56.161214Z"
    },
    {
      "original": "integrate(sqrt(2*x**2-1), x)",
      "requested_difficulty": "equivalent",
      "variant": "integrate(sqrt(2*(x + 1)**2 - 1), x)",
      "reasoning": "The choice of a number theorist might lead to focusing on prime-based transformations; I might rigorously alter constants involved, still under transformation, to keep it vital yet consistent.",
      "evaluation": "easier",
      "extra_verification": null,
      "transformations_used": [
        "swap numerator and denominator with reciprocal",
        "factor common terms differently",
        "change coefficient values slightly",
        "change variables while maintaining complexity",
        "apply algebraic identities that preserve complexity"
      ],
      "timestamp": "2025-02-05T06:46:56.641932Z"
    },
    {
      "original": "integrate(sqrt(2*x**2-1), x)",
      "requested_difficulty": "equivalent",
      "variant": "integrate(sqrt((sqrt(2)*x)**2 - 1), x)",
      "reasoning": "As a student preferring working with polynomials, I will express the integrand in a polynomial-like form, revealing its quadratic nature more directly.",
      "evaluation": "equivalent",
      "extra_verification": null,
      "transformations_used": [
        "rewrite the integrand in a different form without changing overall complexity",
        "swap numerator and denominator with reciprocal",
        "distribute terms differently"
      ],
      "timestamp": "2025-02-05T06:46:54.069543Z"
    },
    {
      "original": "integrate(sqrt(2*x**2-1), x)",
      "requested_difficulty": "equivalent",
      "variant": "integrate(sqrt(2)*(x*sqrt(1 - 1/(2*x**2))), x)",
      "reasoning": "Emphasizing polynomial form as a student again, let's express the root of each polynomial component separately to see distinct angles for evaluation, emphasizing the polynomial under the root.",
      "evaluation": "equivalent",
      "extra_verification": null,
      "transformations_used": [
        "rewrite the integrand in a different form without changing overall complexity",
        "swap numerator and denominator with reciprocal",
        "distribute terms differently"
      ],
      "timestamp": "2025-02-05T06:46:58.343033Z"
    },
    {
      "original": "integrate(sqrt(2*x**2-1), x)",
      "requested_difficulty": "equivalent",
      "variant": "integrate(x*sqrt(2 - 1/x**2), x)",
      "reasoning": "As a calculus professor, I want to use integration by parts on this integral. Thus, I will decompose the integrand based on the square root terms strategically to present a new structure.",
      "evaluation": "equivalent",
      "extra_verification": null,
      "transformations_used": [
        "rewrite the integrand in a different form without changing overall complexity",
        "swap numerator and denominator with reciprocal",
        "distribute terms differently"
      ],
      "timestamp": "2025-02-05T06:46:54.156052Z"
    }
  ],
  [
    {
      "original": "integrate(2025/(2023*2024), x)",
      "requested_difficulty": "easier",
      "variant": "integrate(1, x)",
      "reasoning": "As a calculus professor, I see that the original integral simplifies to a constant since the numerator and denominator do not involve \\( x \\). I will reduce the complexity by transforming the integral into a simple constant variance.",
      "evaluation": "easier",
      "extra_verification": null,
      "transformations_used": [
        "reduce the number of terms in the expression",
        "eliminate absolute value terms",
        "remove logarithmic terms"
      ],
      "timestamp": "2025-02-05T06:46:51.890794Z"
    },
    {
      "original": "integrate(2025/(2023*2024), x)",
      "requested_difficulty": "easier",
      "variant": "integrate(20.25 * 10^2, x)",
      "reasoning": "As a student who prefers working with polynomials, I notice that the original expression is a constant. Hence, I can represent the constant in polynomial form and keep it engaging.",
      "evaluation": "easier",
      "extra_verification": null,
      "transformations_used": [
        "reduce the number of terms in the expression",
        "eliminate absolute value terms",
        "remove logarithmic terms"
      ],
      "timestamp": "2025-02-05T06:46:51.773656Z"
    },
    {
      "original": "integrate(2025/(2023*2024), x)",
      "requested_difficulty": "easier",
      "variant": "integrate(2025 * exp(0), x)",
      "reasoning": "As a theoretical physicist, I appreciate the beauty of constants. I\u2019ll express the integral in terms of an exponential function which is simpler and more recognizable in physics contexts.",
      "evaluation": "equivalent",
      "extra_verification": null,
      "transformations_used": [
        "reduce the number of terms in the expression",
        "eliminate absolute value terms",
        "remove logarithmic terms"
      ],
      "timestamp": "2025-02-05T06:46:53.593570Z"
    },
    {
      "original": "integrate(2025/(2023*2024), x)",
      "requested_difficulty": "easier",
      "variant": "integrate(2025 / 2023 / 2024, x)",
      "reasoning": "As an engineer, I'm focused on practical approaches. Given the constant nature of the integral, I could evaluate it in a piecewise format to demonstrate how it reflects real-world applications.",
      "evaluation": "equivalent",
      "extra_verification": null,
      "transformations_used": [
        "reduce the number of terms in the expression",
        "eliminate absolute value terms",
        "remove logarithmic terms"
      ],
      "timestamp": "2025-02-05T06:46:52.636495Z"
    },
    {
      "original": "integrate(2025/(2023*2024), x)",
      "requested_difficulty": "easier",
      "variant": "integrate(5 * 405 / (3 * 673), x)",
      "reasoning": "As a number theorist, I particularly enjoy expressing constants as ratios or divisions of primes. The original integral can be expressed in such a way that highlights prime factors.",
      "evaluation": "equivalent",
      "extra_verification": null,
      "transformations_used": [
        "reduce the number of terms in the expression",
        "eliminate absolute value terms",
        "remove logarithmic terms"
      ],
      "timestamp": "2025-02-05T06:46:51.783575Z"
    },
    {
      "original": "integrate(2025/(2023*2024), x)",
      "requested_difficulty": "easier",
      "variant": "integrate(2025 / 2024, x)",
      "reasoning": "As a geometry enthusiast, I consider the area under a curve, so I\u2019ll present the integral in the context of finding areas under the curve of constant functions.",
      "evaluation": "easier",
      "extra_verification": null,
      "transformations_used": [
        "reduce the number of terms in the expression",
        "eliminate absolute value terms",
        "remove logarithmic terms"
      ],
      "timestamp": "2025-02-05T06:46:51.757108Z"
    },
    {
      "original": "integrate(2025/(2023*2024), x)",
      "requested_difficulty": "easier",
      "variant": "integrate(10125/1012, x)",
      "reasoning": "As a student who favors rational functions, I could express the integral with a fractional coefficient, simplifying the monotonic nature of the original term.",
      "evaluation": "equivalent",
      "extra_verification": null,
      "transformations_used": [
        "reduce the number of terms in the expression",
        "eliminate absolute value terms",
        "remove logarithmic terms"
      ],
      "timestamp": "2025-02-05T06:46:51.786351Z"
    },
    {
      "original": "integrate(2025/(2023*2024), x)",
      "requested_difficulty": "easier",
      "variant": "integrate(2024.5 - 0.5, x)",
      "reasoning": "As a creative thinker, I can represent the integral in a different way by introducing a slight change that maintains the complexity while still being approachable.",
      "evaluation": "equivalent",
      "extra_verification": null,
      "transformations_used": [
        "reduce the number of terms in the expression",
        "eliminate absolute value terms",
        "remove logarithmic terms"
      ],
      "timestamp": "2025-02-05T06:46:51.983524Z"
    },
    {
      "original": "integrate(2025/(2023*2024), x)",
      "requested_difficulty": "easier",
      "variant": "integrate(sqrt(4100625) / (sqrt(4104727) * sqrt(4100624)), x)",
      "reasoning": "As a number theorist, I like the idea of emphasizing the relationships between integers involved. I will express it involving square root representations, to add a layer of complexity within the constants.",
      "evaluation": "equivalent",
      "extra_verification": null,
      "transformations_used": [
        "reduce the number of terms in the expression",
        "eliminate absolute value terms",
        "remove logarithmic terms"
      ],
      "timestamp": "2025-02-05T06:46:51.748740Z"
    },
    {
      "original": "integrate(2025/(2023*2024), x)",
      "requested_difficulty": "easier",
      "variant": "integrate(1/(2023 * 2024) * 2025, x)",
      "reasoning": "From a creative mathematician's perspective, I can manipulate the integrand by factoring out the constants in a more general form, making it easier to handle.",
      "evaluation": "equivalent",
      "extra_verification": null,
      "transformations_used": [
        "drop a subexpression",
        "replace transcendental functions with simpler algebraic ones",
        "remove a complicated term",
        "reduce the degree of a polynomial",
        "simplify composite trigonometric functions"
      ],
      "timestamp": "2025-02-05T06:46:53.980726Z"
    },
    {
      "original": "integrate(2025/(2023*2024), x)",
      "requested_difficulty": "equivalent",
      "variant": "integrate(2025 / (2023 * 2024), x)",
      "reasoning": "As a calculus professor, I focus on simplification. Notice that \\( \\frac{2025}{2023 \\cdot 2024} \\) is a constant. So I can simplify the ratio and take the constant out of the integral.",
      "evaluation": "equivalent",
      "extra_verification": null,
      "transformations_used": [
        "swap numerator and denominator with reciprocal",
        "apply algebraic identities that preserve complexity",
        "use trigonometric identities to rewrite expression",
        "distribute terms differently",
        "change variables while maintaining complexity"
      ],
      "timestamp": "2025-02-05T06:46:54.033307Z"
    },
    {
      "original": "integrate(2025/(2023*2024), x)",
      "requested_difficulty": "equivalent",
      "variant": "integrate(2025 * (1/(2023 * 2024)), x)",
      "reasoning": "From the perspective of a student with a preference for polynomials, I can express \\( \\frac{2025}{2023 \\cdot 2024} \\) by factoring the numerator to resemble polynomial coefficients if possible. Since both terms are constants, I present it in a polynomial form.",
      "evaluation": "equivalent",
      "extra_verification": null,
      "transformations_used": [
        "swap numerator and denominator with reciprocal",
        "apply algebraic identities that preserve complexity",
        "use trigonometric identities to rewrite expression",
        "distribute terms differently",
        "change variables while maintaining complexity"
      ],
      "timestamp": "2025-02-05T06:46:53.936316Z"
    },
    {
      "original": "integrate(2025/(2023*2024), x)",
      "requested_difficulty": "equivalent",
      "variant": "integrate(2025 * exp(0 * x) / (2023 * 2024), x)",
      "reasoning": "As a theoretical physicist, I like working with exponentials. I consider rewriting the constant the integral evaluates to in terms of an exponential function. This may add an extra layer of complexity without changing the nature of the integral.",
      "evaluation": "equivalent",
      "extra_verification": null,
      "transformations_used": [
        "swap numerator and denominator with reciprocal",
        "apply algebraic identities that preserve complexity",
        "use trigonometric identities to rewrite expression",
        "distribute terms differently",
        "change variables while maintaining complexity"
      ],
      "timestamp": "2025-02-05T06:46:54.128767Z"
    },
    {
      "original": "integrate(2025/(2023*2024), x)",
      "requested_difficulty": "equivalent",
      "variant": "integrate((2025 + 0.01) / (2023 * 2024), x)",
      "reasoning": "The engineer in me seeks a numerical approximation approach. Instead of leaving it in simple rational form, I can express plans for an approximation by including a small perturbation around the constant terms, making practical use of numerical methods.",
      "evaluation": "equivalent",
      "extra_verification": null,
      "transformations_used": [
        "swap numerator and denominator with reciprocal",
        "apply algebraic identities that preserve complexity",
        "use trigonometric identities to rewrite expression",
        "distribute terms differently",
        "change variables while maintaining complexity"
      ],
      "timestamp": "2025-02-05T06:46:55.194840Z"
    },
    {
      "original": "integrate(2025/(2023*2024), x)",
      "requested_difficulty": "equivalent",
      "variant": "integrate((2011 + 7 + 7) / ((2011 + 13)(2011 + 11)), x)",
      "reasoning": "I\u2019m a number theorist who enjoys prime numbers. I rewrite the coefficients as sums of prime components, which adds a nice twist to the integral while keeping it equivalent.",
      "evaluation": "equivalent",
      "extra_verification": null,
      "transformations_used": [
        "swap numerator and denominator with reciprocal",
        "apply algebraic identities that preserve complexity",
        "use trigonometric identities to rewrite expression",
        "distribute terms differently",
        "change variables while maintaining complexity"
      ],
      "timestamp": "2025-02-05T06:46:54.093945Z"
    },
    {
      "original": "integrate(2025/(2023*2024), x)",
      "requested_difficulty": "equivalent",
      "variant": "integrate(2025 / (3 * 15 * 9), x)",
      "reasoning": "As a geometry enthusiast, I interpret the constant as a circular area in terms of its radius. The conversion still respects the original integral's nature, providing a geometric transformation approach.",
      "evaluation": "equivalent",
      "extra_verification": null,
      "transformations_used": [
        "swap numerator and denominator with reciprocal",
        "apply algebraic identities that preserve complexity",
        "use trigonometric identities to rewrite expression",
        "distribute terms differently",
        "change variables while maintaining complexity"
      ],
      "timestamp": "2025-02-05T06:46:54.221620Z"
    },
    {
      "original": "integrate(2025/(2023*2024), x)",
      "requested_difficulty": "equivalent",
      "variant": "integrate(2025 * sec(0 * x) / (2023 * 2024), x)",
      "reasoning": "The creative mathematician in me decides to apply a trigonometric identity. The ratio can be transformed based on known trigonometric values, which maintain the nature of the problem while introducing trigonometric functions.",
      "evaluation": "equivalent",
      "extra_verification": null,
      "transformations_used": [
        "swap numerator and denominator with reciprocal",
        "apply algebraic identities that preserve complexity",
        "use trigonometric identities to rewrite expression",
        "distribute terms differently",
        "change variables while maintaining complexity"
      ],
      "timestamp": "2025-02-05T06:46:54.170525Z"
    },
    {
      "original": "integrate(2025/(2023*2024), x)",
      "requested_difficulty": "equivalent",
      "variant": "integrate(diff(2025 * x, x)",
      "reasoning": "As an engineer again, I might want to break it down into a form that hints at differentiation. Writing \\( 2025 \\) as a derivative of some function while maintaining its equivalency could add an interesting layer.",
      "evaluation": "easier",
      "extra_verification": null,
      "transformations_used": [
        "swap numerator and denominator with reciprocal",
        "apply algebraic identities that preserve complexity",
        "use trigonometric identities to rewrite expression",
        "distribute terms differently",
        "change variables while maintaining complexity"
      ],
      "timestamp": "2025-02-05T06:46:53.978030Z"
    },
    {
      "original": "integrate(2025/(2023*2024), x)",
      "requested_difficulty": "equivalent",
      "variant": "integrate((4200 - 1175) / (2023 * 2024), x)",
      "reasoning": "As a creative mathematician, I utilize a form of rational function variation, introducing another polynomial form that equals the constant without losing complexity.",
      "evaluation": "easier",
      "extra_verification": null,
      "transformations_used": [
        "swap numerator and denominator with reciprocal",
        "apply algebraic identities that preserve complexity",
        "use trigonometric identities to rewrite expression",
        "distribute terms differently",
        "change variables while maintaining complexity"
      ],
      "timestamp": "2025-02-05T06:46:53.944417Z"
    },
    {
      "original": "integrate(2025/(2023*2024), x)",
      "requested_difficulty": "equivalent",
      "variant": "integrate(1/(2023 * 2024/2025), x)",
      "reasoning": "As a creative mathematician, I enjoy the idea of substituting rational forms. Here, I can express the numerator in a different way while keeping it equivalent.",
      "evaluation": "equivalent",
      "extra_verification": null,
      "transformations_used": [
        "use alternate but equivalent radical forms",
        "rewrite the integrand in a different form without changing overall complexity",
        "substitute equivalent exponential forms",
        "rearrange the order of terms",
        "change coefficient values slightly"
      ],
      "timestamp": "2025-02-05T06:46:51.687043Z"
    }
  ],
  [
    {
      "original": "integrate(x*sec(4*x)**2, x)",
      "requested_difficulty": "easier",
      "variant": "integrate(x * (1 + (16*x**2)/2), x)",
      "reasoning": "From a student\u2019s perspective, working with polynomials can be easier! I\u2019ll opt for a simpler function, replacing \\( \\sec^2(4x) \\) with a polynomial approximation through Taylor expansion at \\( x = 0 \\).",
      "evaluation": "easier",
      "extra_verification": null,
      "transformations_used": [
        "lower a coefficient",
        "simplify composite trigonometric functions",
        "reduce the number of terms in the expression"
      ],
      "timestamp": "2025-02-05T06:46:53.493395Z"
    },
    {
      "original": "integrate(x*sec(4*x)**2, x)",
      "requested_difficulty": "easier",
      "variant": "integrate(x / cos(4*x)**2, x)",
      "reasoning": "As a theoretical physicist, I enjoy working with trigonometric identities. Let\u2019s express secant as a function of tangent, which could lead to a different but interesting form.",
      "evaluation": "equivalent",
      "extra_verification": null,
      "transformations_used": [
        "lower a coefficient",
        "simplify composite trigonometric functions",
        "reduce the number of terms in the expression"
      ],
      "timestamp": "2025-02-05T06:46:53.592127Z"
    },
    {
      "original": "integrate(x*sec(4*x)**2, x)",
      "requested_difficulty": "easier",
      "variant": "integrate(x * 4 * tan(4*x), x)",
      "reasoning": "From the engineer's point of view, practicality is key! I could simplify by directly focusing on the properties of \\( \\tan (4x) \\), utilizing its derivative for easier manipulation.",
      "evaluation": "easier",
      "extra_verification": null,
      "transformations_used": [
        "lower a coefficient",
        "simplify composite trigonometric functions",
        "reduce the number of terms in the expression"
      ],
      "timestamp": "2025-02-05T06:46:53.741038Z"
    },
    {
      "original": "integrate(x*sec(4*x)**2, x)",
      "requested_difficulty": "easier",
      "variant": "integrate(x * (1 + (x**2)/2), x)",
      "reasoning": "As a number theorist, I find joy in numbers' beauty! Let's reduce the complexity further and simplify the secant function while still enjoying the interplay of rational numbers.",
      "evaluation": "easier",
      "extra_verification": null,
      "transformations_used": [
        "lower a coefficient",
        "simplify composite trigonometric functions",
        "reduce the number of terms in the expression"
      ],
      "timestamp": "2025-02-05T06:46:53.594918Z"
    },
    {
      "original": "integrate(x*sec(4*x)**2, x)",
      "requested_difficulty": "easier",
      "variant": "integrate(x * tan(4*x), x)",
      "reasoning": "I am a geometry enthusiast who loves transformations! We can approach the integral by changing coordinates or even considering the area under a specific curve that relates to secant functions.",
      "evaluation": "easier",
      "extra_verification": null,
      "transformations_used": [
        "lower a coefficient",
        "simplify composite trigonometric functions",
        "reduce the number of terms in the expression"
      ],
      "timestamp": "2025-02-05T06:46:53.630839Z"
    },
    {
      "original": "integrate(x*sec(4*x)**2, x)",
      "requested_difficulty": "easier",
      "variant": "integrate(x * (1 + (4*x)**2)/2, x)",
      "reasoning": "As a creative mathematician, I could also look at approximating \\( \\sec^2 \\) near some critical points to create a simpler form for integration.",
      "evaluation": "easier",
      "extra_verification": null,
      "transformations_used": [
        "lower a coefficient",
        "simplify composite trigonometric functions",
        "reduce the number of terms in the expression"
      ],
      "timestamp": "2025-02-05T06:46:53.537739Z"
    },
    {
      "original": "integrate(x*sec(4*x)**2, x)",
      "requested_difficulty": "easier",
      "variant": "integrate(x*(1 + tan(4*x)**2), x)",
      "reasoning": "As a calculus professor, I appreciate elegant substitutions. Here, using the identity \\( \\sec(x)^2 = 1 + \\tan(x)^2 \\) simplifies our function's complexity.",
      "evaluation": "equivalent",
      "extra_verification": null,
      "transformations_used": [
        "change a function to an easier one",
        "simplify the denominator",
        "simplify a trigonometric component"
      ],
      "timestamp": "2025-02-05T06:46:54.466589Z"
    },
    {
      "original": "integrate(x*sec(4*x)**2, x)",
      "requested_difficulty": "easier",
      "variant": "integrate(x*sec(4*x)**2, x)",
      "reasoning": "As a creative mathematician, I recognize that integrating by parts is a useful technique. Let's rewrite the integral in a more straightforward form.",
      "evaluation": "equivalent",
      "extra_verification": null,
      "transformations_used": [
        "change a function to an easier one",
        "simplify the denominator",
        "simplify a trigonometric component"
      ],
      "timestamp": "2025-02-05T06:46:54.804909Z"
    },
    {
      "original": "integrate(x*sec(4*x)**2, x)",
      "requested_difficulty": "easier",
      "variant": "integrate(x*(1 + (tan(4*x))**2), x)",
      "reasoning": "As a student who enjoys polynomials and rational functions, I can simplify the integrand by considering its Taylor series expansion around \\( x = 0 \\). It gives us a polynomial to work with.",
      "evaluation": "equivalent",
      "extra_verification": null,
      "transformations_used": [
        "change a function to an easier one",
        "simplify the denominator",
        "simplify a trigonometric component"
      ],
      "timestamp": "2025-02-05T06:46:54.686141Z"
    },
    {
      "original": "integrate(x*sec(4*x)**2, x)",
      "requested_difficulty": "easier",
      "variant": "integrate(x*(exp(4*x*I) + exp(-4*x*I))**2, x)",
      "reasoning": "As a theoretical physicist, I find it helpful to convert trigonometric functions into exponential forms. This often clarifies the relationships and assists with integration.",
      "evaluation": "equivalent",
      "extra_verification": null,
      "transformations_used": [
        "change a function to an easier one",
        "simplify the denominator",
        "simplify a trigonometric component"
      ],
      "timestamp": "2025-02-05T06:46:54.478262Z"
    },
    {
      "original": "integrate(x*sec(4*x)**2, x)",
      "requested_difficulty": "equivalent",
      "variant": "integrate(x * (1/cos(4*x))**2 , x)",
      "reasoning": "Embracing the viewpoint of a theoretical physicist, I recognize the possibility of using the exponential form of secant, given by \\( \\sec(\\theta) = \\frac{1}{\\cos(\\theta)} \\), to rewrite the integral in terms of exponential functions.",
      "evaluation": "equivalent",
      "extra_verification": null,
      "transformations_used": [
        "adjust parameters while keeping the integral equivalent",
        "distribute terms differently",
        "rewrite the integrand in a different form without changing overall complexity",
        "swap numerator and denominator with reciprocal",
        "use alternate but equivalent radical forms"
      ],
      "timestamp": "2025-02-05T06:46:53.578536Z"
    },
    {
      "original": "integrate(x*sec(4*x)**2, x)",
      "requested_difficulty": "equivalent",
      "variant": "integrate(x * (1 + tan(4*x)**2) , x)",
      "reasoning": "As an engineer focused on practical applications, I prefer rewriting the integrand algebraically to maintain the integrity of the original expression while still exploring its behavior aesthetically.",
      "evaluation": "equivalent",
      "extra_verification": null,
      "transformations_used": [
        "adjust parameters while keeping the integral equivalent",
        "distribute terms differently",
        "rewrite the integrand in a different form without changing overall complexity",
        "swap numerator and denominator with reciprocal",
        "use alternate but equivalent radical forms"
      ],
      "timestamp": "2025-02-05T06:46:53.560164Z"
    },
    {
      "original": "integrate(x*sec(4*x)**2, x)",
      "requested_difficulty": "equivalent",
      "variant": "integrate(x * (1/(cos(4*x)**2)) , x)",
      "reasoning": "Viewing this through the lens of a number theorist, I find it intriguing to express \\( \\sec(4x)^2 \\) in terms of its prime components, emphasizing unity within the intervals created as related linear combinations of primes.",
      "evaluation": "equivalent",
      "extra_verification": null,
      "transformations_used": [
        "adjust parameters while keeping the integral equivalent",
        "distribute terms differently",
        "rewrite the integrand in a different form without changing overall complexity",
        "swap numerator and denominator with reciprocal",
        "use alternate but equivalent radical forms"
      ],
      "timestamp": "2025-02-05T06:46:53.427481Z"
    },
    {
      "original": "integrate(x*sec(4*x)**2, x)",
      "requested_difficulty": "equivalent",
      "variant": "integrate((x) * (1 + (4*x)**2/2 + (4*x)**4/24), x)",
      "reasoning": "As a polynomial aficionado, I notice \\( \\sec(4x)^2 \\) can be treated as a rational function for expansion into series terms, allowing greater accessibility to subsequent computation steps.",
      "evaluation": "easier",
      "extra_verification": null,
      "transformations_used": [
        "adjust parameters while keeping the integral equivalent",
        "distribute terms differently",
        "rewrite the integrand in a different form without changing overall complexity",
        "swap numerator and denominator with reciprocal",
        "use alternate but equivalent radical forms"
      ],
      "timestamp": "2025-02-05T06:46:53.412775Z"
    },
    {
      "original": "integrate(x*sec(4*x)**2, x)",
      "requested_difficulty": "equivalent",
      "variant": "integrate((1/tan(4*x)**2)*x, x)",
      "reasoning": "As a creative mathematician with a flair for inverses, I opt to consider reciprocal transformations of the secant function, drawing intriguing parallels to cotangent forms which ultimately render the same integral.",
      "evaluation": "equivalent",
      "extra_verification": null,
      "transformations_used": [
        "adjust parameters while keeping the integral equivalent",
        "distribute terms differently",
        "rewrite the integrand in a different form without changing overall complexity",
        "swap numerator and denominator with reciprocal",
        "use alternate but equivalent radical forms"
      ],
      "timestamp": "2025-02-05T06:46:53.471324Z"
    },
    {
      "original": "integrate(x*sec(4*x)**2, x)",
      "requested_difficulty": "equivalent",
      "variant": "integrate(x * sec(4*x)**2, x)",
      "reasoning": "As a calculus professor, I appreciate simplifying the integrand by recognizing that \\(\\sec^2(4x)\\) is the derivative of \\(\\tan(4x)\\). Thus, I can use integration by parts where \\(u = x\\) and \\(dv = \\sec^2(4x) \\, dx\\).",
      "evaluation": "equivalent",
      "extra_verification": null,
      "transformations_used": [
        "rewrite using alternate algebraic forms",
        "factor common terms differently",
        "swap numerator and denominator with reciprocal"
      ],
      "timestamp": "2025-02-05T06:46:54.667602Z"
    },
    {
      "original": "integrate(x*sec(4*x)**2, x)",
      "requested_difficulty": "equivalent",
      "variant": "integrate(x * (1/cos(4*x))**2, x)",
      "reasoning": "As a theoretical physicist, I often utilize exponential forms to represent trigonometric functions. Squaring the secant function provides opportunities to express it in exponential terms, introducing complex variables.",
      "evaluation": "equivalent",
      "extra_verification": null,
      "transformations_used": [
        "rewrite using alternate algebraic forms",
        "factor common terms differently",
        "swap numerator and denominator with reciprocal"
      ],
      "timestamp": "2025-02-05T06:46:54.628236Z"
    },
    {
      "original": "integrate(x*sec(4*x)**2, x)",
      "requested_difficulty": "equivalent",
      "variant": "integrate((x * (1/cos(4*x)**2)), x)",
      "reasoning": "From the point of view of a geometry enthusiast, recognizing the secant function in terms of triangles can inspire a substitution that translates this into pure geometric expressions involving angles related to \\(x\\).",
      "evaluation": "equivalent",
      "extra_verification": null,
      "transformations_used": [
        "rewrite using alternate algebraic forms",
        "factor common terms differently",
        "swap numerator and denominator with reciprocal"
      ],
      "timestamp": "2025-02-05T06:46:54.560657Z"
    },
    {
      "original": "integrate(x*sec(4*x)**2, x)",
      "requested_difficulty": "equivalent",
      "variant": "integrate(x * sin(4*x) / cos(4*x)**2, x)",
      "reasoning": "As a creative mathematician again, I can frame the secant function in terms of the tangent function using the identity \\(\\tan(4x) = \\sec(4x)\\sin(4x)\\), effectively expressing the integral in a more complex trigonometric format.",
      "evaluation": "equivalent",
      "extra_verification": null,
      "transformations_used": [
        "rewrite using alternate algebraic forms",
        "factor common terms differently",
        "swap numerator and denominator with reciprocal"
      ],
      "timestamp": "2025-02-05T06:46:54.764053Z"
    },
    {
      "original": "integrate(x*sec(4*x)**2, x)",
      "requested_difficulty": "equivalent",
      "variant": "integrate(2*x * sec(4*x)**2 / 2, x)",
      "reasoning": "Emphasizing the computational efficiency, I might explore integrands with different factors of \\(x\\) and modulate the secant function by exploring its periodic properties, allowing me to analyze over intervals based on symmetry.",
      "evaluation": "equivalent",
      "extra_verification": null,
      "transformations_used": [
        "rewrite using alternate algebraic forms",
        "factor common terms differently",
        "swap numerator and denominator with reciprocal"
      ],
      "timestamp": "2025-02-05T06:46:54.601733Z"
    }
  ],
  [
    {
      "original": "integrate(e**(2*sqrt(x)), x)",
      "requested_difficulty": "easier",
      "variant": "integrate((e**(sqrt(x)))**2, x)",
      "reasoning": "A student who enjoys working with polynomials sees that rearranging the exponent can help. Writing \\( e^{2\\sqrt{x}} \\) as \\( (e^{\\sqrt{x}})^2 \\) allows me to split the integral into a product that uses properties of exponents.",
      "evaluation": "equivalent",
      "extra_verification": null,
      "transformations_used": [
        "simplify composite trigonometric functions",
        "eliminate absolute value terms",
        "simplify the denominator",
        "reduce the number of terms in the expression",
        "remove a complicated term"
      ],
      "timestamp": "2025-02-05T06:46:53.091365Z"
    },
    {
      "original": "integrate(e**(2*sqrt(x)), x)",
      "requested_difficulty": "easier",
      "variant": "integrate(1 + (2*sqrt(x))**3 / 6, x)",
      "reasoning": "As a student who enjoys polynomials and rational functions, I find integrals that resemble polynomials to be more approachable. Thus, I can simplify the exponential term to a polynomial approximation in its lower order.",
      "evaluation": "easier",
      "extra_verification": null,
      "transformations_used": [
        "remove a complicated term",
        "simplify the denominator",
        "simplify composite trigonometric functions"
      ],
      "timestamp": "2025-02-05T06:46:52.559395Z"
    },
    {
      "original": "integrate(e**(2*sqrt(x)), x)",
      "requested_difficulty": "easier",
      "variant": "integrate(e**(sqrt(4*x)), x)",
      "reasoning": "As a calculus professor who loves simplifications, I see potential in adjusting the exponent so that we can utilize properties of integrals more easily. A rational adjustment to the exponent can reduce its complexity.",
      "evaluation": "equivalent",
      "extra_verification": null,
      "transformations_used": [
        "remove a complicated term",
        "simplify the denominator",
        "simplify composite trigonometric functions"
      ],
      "timestamp": "2025-02-05T06:46:52.232334Z"
    },
    {
      "original": "integrate(e**(2*sqrt(x)), x)",
      "requested_difficulty": "easier",
      "variant": "integrate(1 + (2*sqrt(x)) + (2*sqrt(x))**2/2, x)",
      "reasoning": "As an engineer, I find that approximating the exponential function via a Taylor series expansion helps convert it into a sum of easily integrable terms, making the problem more tractable.",
      "evaluation": "easier",
      "extra_verification": null,
      "transformations_used": [
        "remove a complicated term",
        "simplify the denominator",
        "simplify composite trigonometric functions"
      ],
      "timestamp": "2025-02-05T06:46:52.475215Z"
    },
    {
      "original": "integrate(e**(2*sqrt(x)), x)",
      "requested_difficulty": "equivalent",
      "variant": "integrate(e**(2*sqrt(x)) * e**(0), x)",
      "reasoning": "As a creative mathematician, I note that the expression in the exponent can be manipulated. If we use the identity \\( e^{a + b} = e^a e^b \\) and split the exponent, we can transform the integral into a product form.",
      "evaluation": "equivalent",
      "extra_verification": null,
      "transformations_used": [
        "swap numerator and denominator with reciprocal",
        "adjust parameters while keeping the integral equivalent",
        "rearrange the order of terms"
      ],
      "timestamp": "2025-02-05T06:47:00.711548Z"
    },
    {
      "original": "integrate(e**(2*sqrt(x)), x)",
      "requested_difficulty": "equivalent",
      "variant": "integrate(1 + (2*sqrt(x)) + (1/2)*(2*sqrt(x))**2 + (1/6)*(2*sqrt(x))**3, x)",
      "reasoning": "As a student who loves polynomial and rational functions, I might perform a Taylor expansion of the exponential function around \\( x = 0 \\), thus creating a polynomial expression for integration.",
      "evaluation": "easier",
      "extra_verification": null,
      "transformations_used": [
        "swap numerator and denominator with reciprocal",
        "adjust parameters while keeping the integral equivalent",
        "rearrange the order of terms"
      ],
      "timestamp": "2025-02-05T06:47:00.600987Z"
    }
  ],
  [
    {
      "original": "integrate(sqrt(1 - sqrt(x)), x)",
      "requested_difficulty": "easier",
      "variant": "integrate(sum((-1)**n * (1/2)**n * x**(n/2) for n in range(10)), x)",
      "reasoning": "As a polynomial enthusiast, I would express the integral through a power series expansion, allowing for easier manipulation and a more polynomial-friendly integration.",
      "evaluation": "easier",
      "extra_verification": null,
      "transformations_used": [
        "replace a complex fraction with a simpler one",
        "eliminate absolute value terms",
        "replace transcendental functions with simpler algebraic ones"
      ],
      "timestamp": "2025-02-05T06:46:52.975831Z"
    },
    {
      "original": "integrate(sqrt(1 - sqrt(x)), x)",
      "requested_difficulty": "easier",
      "variant": "integrate((1 - sqrt(x))**(1/2), x)",
      "reasoning": "From the perspective of a student who prefers working with polynomials, I can expand the nested square root and treat it as a polynomial in \\( x \\) which should simplify the integral.",
      "evaluation": "equivalent",
      "extra_verification": null,
      "transformations_used": [
        "change a function to an easier one",
        "simplify the denominator",
        "remove nested functions",
        "reduce an exponent",
        "simplify composite trigonometric functions"
      ],
      "timestamp": "2025-02-05T06:46:51.908742Z"
    },
    {
      "original": "integrate(sqrt(1 - sqrt(x)), x)",
      "requested_difficulty": "equivalent",
      "variant": "integrate(sqrt(1 - (1/2)x - (1/8)x**2 + O(x**3)), x)",
      "reasoning": "As a student, I would prefer to work with polynomials. I'll modify the original integral by expanding the square root term into a binomial series approximation for small \\( x \\).",
      "evaluation": "easier",
      "extra_verification": null,
      "transformations_used": [
        "change coefficient values slightly",
        "change variables while maintaining complexity",
        "rewrite using alternate algebraic forms"
      ],
      "timestamp": "2025-02-05T06:46:52.625436Z"
    },
    {
      "original": "integrate(sqrt(1 - sqrt(x)), x)",
      "requested_difficulty": "equivalent",
      "variant": "integrate(1/(1 + sqrt(x)), x)",
      "reasoning": "As a creative mathematician, I will explore a rational function transformation. By expressing \\( 1 - \\sqrt{x} \\) as a ratio of polynomials and pulling it back into a rational function integral framework, I can invite complexity.",
      "evaluation": "easier",
      "extra_verification": null,
      "transformations_used": [
        "change coefficient values slightly",
        "change variables while maintaining complexity",
        "rewrite using alternate algebraic forms"
      ],
      "timestamp": "2025-02-05T06:46:52.639052Z"
    },
    {
      "original": "integrate(sqrt(1 - sqrt(x)), x)",
      "requested_difficulty": "equivalent",
      "variant": "integrate((1 - (1/2)*sqrt(x) - (1/8)*x), x)",
      "reasoning": "As a polynomial-loving student, I recognize that I can expand the expression inside the square root using a binomial approximation, focusing on a small expansion around \\( \\sqrt{x} = 0 \\). This gives an interesting polynomial integrand to work with.",
      "evaluation": "easier",
      "extra_verification": null,
      "transformations_used": [
        "modify an exponent slightly",
        "rewrite using different logarithmic properties",
        "change variables while maintaining complexity",
        "distribute terms differently",
        "exchange similar functions (e.g., sin to cos)"
      ],
      "timestamp": "2025-02-05T06:46:55.675558Z"
    },
    {
      "original": "integrate(sqrt(1 - sqrt(x)), x)",
      "requested_difficulty": "equivalent",
      "variant": "integrate((1 - (1/2)*x^(1/4))**0.5, x)",
      "reasoning": "As a number theorist, I delve into the idea of expressing the integral in terms of rational functions through transformations leading to powers of \\( x \\). This gives the expression a new depth with respect to rational approximation.",
      "evaluation": "easier",
      "extra_verification": null,
      "transformations_used": [
        "modify an exponent slightly",
        "rewrite using different logarithmic properties",
        "change variables while maintaining complexity",
        "distribute terms differently",
        "exchange similar functions (e.g., sin to cos)"
      ],
      "timestamp": "2025-02-05T06:46:55.739583Z"
    }
  ]
]