[
  [
    {
      "original": "integrate(sin(x)/sin(x+pi/4), (x, 0, pi/2))",
      "requested_difficulty": "easier",
      "variant": "integrate(sin(x) / (sin(x)*sqrt(2)/2 + cos(x)*sqrt(2)/2), x)",
      "reasoning": "As a calculus professor focused on elegant simplifications, I'll use the identity \\(\\sin(a + b) = \\sin(a)\\cos(b) + \\cos(a)\\sin(b)\\) to rewrite the denominator. This leads to a clearer expression for integration.",
      "evaluation": "easier",
      "extra_verification": null,
      "transformations_used": [
        "remove logarithmic terms",
        "convert a product to a simpler sum",
        "remove nested functions"
      ],
      "timestamp": "2025-02-05T06:41:09.419177Z"
    },
    {
      "original": "integrate(sin(x)/sin(x+pi/4), (x, 0, pi/2))",
      "requested_difficulty": "easier",
      "variant": "integrate(2 * sin(pi/4) * sin(x) / (sin(x + pi/4)), x)",
      "reasoning": "As a geometry enthusiast, I\u2019ll consider a geometric interpretation of sine functions on a unit circle and see if I can frame the integral in a way that relates to areas and transformations.",
      "evaluation": "easier",
      "extra_verification": null,
      "transformations_used": [
        "remove logarithmic terms",
        "convert a product to a simpler sum",
        "remove nested functions"
      ],
      "timestamp": "2025-02-05T06:41:09.362518Z"
    },
    {
      "original": "integrate(sin(x)/sin(x+pi/4), (x, 0, pi/2))",
      "requested_difficulty": "easier",
      "variant": "integrate(sin(x) / (sin(x) * cos(pi/4) + cos(x) * sin(pi/4)), x)",
      "reasoning": "As a calculus professor, I appreciate simplifications. We can make this integral easier by focusing on the identity for sine and rewriting the integrand using the sine angle addition formula for sine function. This allows us to express the integrand in a form that's potentially less complex.",
      "evaluation": "easier",
      "extra_verification": null,
      "transformations_used": [
        "replace transcendental functions with simpler algebraic ones",
        "convert a product to a simpler sum",
        "remove nested functions"
      ],
      "timestamp": "2025-02-05T06:41:25.394048Z"
    },
    {
      "original": "integrate(sin(x)/sin(x+pi/4), (x, 0, pi/2))",
      "requested_difficulty": "easier",
      "variant": "integrate((exp(I*x) - exp(-I*x)) / (exp(I*(x + pi/4)) - exp(-I*(x + pi/4))), x)",
      "reasoning": "As a theoretical physicist, I find that converting trigonometric functions to exponential form can simplify integrals substantially. Using Euler's formula, we can represent sine as imaginary parts of exponentials, which might reveal patterns that are simpler to integrate.",
      "evaluation": "equivalent",
      "extra_verification": null,
      "transformations_used": [
        "replace transcendental functions with simpler algebraic ones",
        "convert a product to a simpler sum",
        "remove nested functions"
      ],
      "timestamp": "2025-02-05T06:41:24.625534Z"
    },
    {
      "original": "integrate(sin(x)/sin(x+pi/4), (x, 0, pi/2))",
      "requested_difficulty": "easier",
      "variant": "integrate((sin(x) + sin(pi/2 - x)) / (sin(x) + sin(pi/4)), x)",
      "reasoning": "From the calculus professor's standpoint, this integral can be simplified by breaking it down into parts and considering average values. This will help in reducing the complexity of the functions involved.",
      "evaluation": "easier",
      "extra_verification": null,
      "transformations_used": [
        "replace transcendental functions with simpler algebraic ones",
        "convert a product to a simpler sum",
        "remove nested functions"
      ],
      "timestamp": "2025-02-05T06:41:24.638012Z"
    }
  ],
  [
    {
      "original": "integrate(pi*sin(pi*sqrt(x))/sqrt(x), (x, 0, 441))",
      "requested_difficulty": "easier",
      "variant": "integrate(2 * pi**2 * x, x)",
      "reasoning": "As a student who favors working with polynomials and rational functions, I know that integrating rational functions is often easier. Therefore, I replace \\( \\sin(\\pi\\sqrt{x}) \\) with its small-angle approximation \\( \\pi\\sqrt{x} \\) for values of \\( x \\) close to 0, simplifying the integrand significantly.",
      "evaluation": "easier",
      "extra_verification": null,
      "transformations_used": [
        "reduce an exponent",
        "replace a complex fraction with a simpler one",
        "remove a complicated term",
        "remove a factor",
        "simplify composite trigonometric functions"
      ],
      "timestamp": "2025-02-05T06:41:09.604626Z"
    },
    {
      "original": "integrate(pi*sin(pi*sqrt(x))/sqrt(x), (x, 0, 441))",
      "requested_difficulty": "easier",
      "variant": "integrate((pi*sqrt(x) - (pi**3*x^(3/2))/6) / sqrt(x), x)",
      "reasoning": "From a number theorist's perspective, I find the rational coefficients intriguing. Hence, I can express \\( \\sin(\\pi\\sqrt{x}) \\) as \\( \\pi\\sqrt{x} - \\frac{(\\pi\\sqrt{x})^3}{6} + \\cdots \\) and integrate terms involving rational coefficients to simplify the calculus.",
      "evaluation": "easier",
      "extra_verification": null,
      "transformations_used": [
        "reduce an exponent",
        "replace a complex fraction with a simpler one",
        "remove a complicated term",
        "remove a factor",
        "simplify composite trigonometric functions"
      ],
      "timestamp": "2025-02-05T06:41:09.574439Z"
    },
    {
      "original": "integrate(pi*sin(pi*sqrt(x))/sqrt(x), (x, 0, 441))",
      "requested_difficulty": "equivalent",
      "variant": "integrate(2 * pi * cos(pi * (sqrt(x) - 0.5)), x)",
      "reasoning": "As a calculus professor who loves elegant simplifications, I can factor out the \\(\\pi\\) and focus on the cosine of the complementary angle to rewrite the sine in an interesting way.",
      "evaluation": "easier",
      "extra_verification": null,
      "transformations_used": [
        "use trigonometric identities to rewrite expression",
        "modify an exponent slightly",
        "use alternate but equivalent radical forms",
        "rewrite the integrand in a different form without changing overall complexity",
        "exchange similar functions (e.g., sin to cos)"
      ],
      "timestamp": "2025-02-05T06:41:21.319910Z"
    },
    {
      "original": "integrate(pi*sin(pi*sqrt(x))/sqrt(x), (x, 0, 441))",
      "requested_difficulty": "equivalent",
      "variant": "integrate(pi * (pi * sqrt(x) - (pi**3 * (x**(3/2))/6) + O(x**(5/2))) / sqrt(x), x)",
      "reasoning": "From a creativity perspective, I can express the sine function using its Taylor series expansion near zero, which while complicated, shows an interesting alternative perspective.",
      "evaluation": "easier",
      "extra_verification": null,
      "transformations_used": [
        "use trigonometric identities to rewrite expression",
        "modify an exponent slightly",
        "use alternate but equivalent radical forms",
        "rewrite the integrand in a different form without changing overall complexity",
        "exchange similar functions (e.g., sin to cos)"
      ],
      "timestamp": "2025-02-05T06:41:21.199252Z"
    },
    {
      "original": "integrate(pi*sin(pi*sqrt(x))/sqrt(x), (x, 0, 441))",
      "requested_difficulty": "equivalent",
      "variant": "integrate(pi * (e**(1j * pi * sqrt(x)) - e**(-1j * pi * sqrt(x))) / (2 * sqrt(x)), x)",
      "reasoning": "Thinking like a theoretical physicist, I can rewrite the sine function in a trigonometric form that might make it easier to analyze in terms of exponential functions.",
      "evaluation": "equivalent",
      "extra_verification": null,
      "transformations_used": [
        "use trigonometric identities to rewrite expression",
        "modify an exponent slightly",
        "use alternate but equivalent radical forms",
        "rewrite the integrand in a different form without changing overall complexity",
        "exchange similar functions (e.g., sin to cos)"
      ],
      "timestamp": "2025-02-05T06:41:21.216218Z"
    },
    {
      "original": "integrate(pi*sin(pi*sqrt(x))/sqrt(x), (x, 0, 441))",
      "requested_difficulty": "equivalent",
      "variant": "integrate(pi * cos(pi * sqrt(x) + pi/2) / sqrt(x), x)",
      "reasoning": "Envisioning the trigonometric identities, I can substitute sine for cosine in a shifted form to rewrite the integral while maintaining its structural integrity.",
      "evaluation": "easier",
      "extra_verification": null,
      "transformations_used": [
        "use trigonometric identities to rewrite expression",
        "modify an exponent slightly",
        "use alternate but equivalent radical forms",
        "rewrite the integrand in a different form without changing overall complexity",
        "exchange similar functions (e.g., sin to cos)"
      ],
      "timestamp": "2025-02-05T06:41:21.386004Z"
    }
  ],
  [
    {
      "original": "integrate(sqrt(x*sqrt(x*sqrt(x))), x)",
      "requested_difficulty": "easier",
      "variant": "integrate(x**(7/8), x)",
      "reasoning": "As a calculus professor, I appreciate the beauty of polynomial forms. By shifting our exponent slightly, the integration becomes a simple polynomial integral that is also a well-known form.",
      "evaluation": "easier",
      "extra_verification": null,
      "transformations_used": [
        "eliminate absolute value terms",
        "convert a product to a simpler sum",
        "simplify the denominator"
      ],
      "timestamp": "2025-02-05T06:41:10.635774Z"
    },
    {
      "original": "integrate(sqrt(x*sqrt(x*sqrt(x))), x)",
      "requested_difficulty": "easier",
      "variant": "integrate((x**(7/4))**(1/2), x)",
      "reasoning": "Theoretical physicists often use exponential forms for easier manipulation. I will represent the square root in an exponential form to make the integral look cleaner.",
      "evaluation": "equivalent",
      "extra_verification": null,
      "transformations_used": [
        "eliminate absolute value terms",
        "convert a product to a simpler sum",
        "simplify the denominator"
      ],
      "timestamp": "2025-02-05T06:41:16.131929Z"
    },
    {
      "original": "integrate(sqrt(x*sqrt(x*sqrt(x))), x)",
      "requested_difficulty": "easier",
      "variant": "integrate(x**(1/2) * (x**(3/4)), x)",
      "reasoning": "As a student preferring rational functions, breaking up the square root structure will help simplify the variable's contribution. This transformation allows me to integrate rational components more easily.",
      "evaluation": "easier",
      "extra_verification": null,
      "transformations_used": [
        "eliminate absolute value terms",
        "convert a product to a simpler sum",
        "simplify the denominator"
      ],
      "timestamp": "2025-02-05T06:41:11.498359Z"
    },
    {
      "original": "integrate(sqrt(x*sqrt(x*sqrt(x))), x)",
      "requested_difficulty": "easier",
      "variant": "integrate(x**(0.875), x)",
      "reasoning": "As an engineer, I think in practical terms. Let's transform our integral by using properties of exponents. It results in a more tractable integral without losing its complexity.",
      "evaluation": "easier",
      "extra_verification": null,
      "transformations_used": [
        "eliminate absolute value terms",
        "convert a product to a simpler sum",
        "simplify the denominator"
      ],
      "timestamp": "2025-02-05T06:41:11.035986Z"
    },
    {
      "original": "integrate(sqrt(x*sqrt(x*sqrt(x))), x)",
      "requested_difficulty": "easier",
      "variant": "integrate(x**(3/4) + x**(1/2), x)",
      "reasoning": "A geometry enthusiast thinks about the shapes involved. We'll convert the original square root structure into sums that signify area components, achieving similar integration results through geometrical perspectives.",
      "evaluation": "easier",
      "extra_verification": null,
      "transformations_used": [
        "eliminate absolute value terms",
        "convert a product to a simpler sum",
        "simplify the denominator"
      ],
      "timestamp": "2025-02-05T06:41:11.185198Z"
    },
    {
      "original": "integrate(sqrt(x*sqrt(x*sqrt(x))), x)",
      "requested_difficulty": "easier",
      "variant": "integrate((x**(1/4) + x**(2/4)), x)",
      "reasoning": "As a calculus professor, I find that integrating piecewise allows for easier calculations. I will break the original function into two components, each of which can be integrated separately.",
      "evaluation": "easier",
      "extra_verification": null,
      "transformations_used": [
        "eliminate absolute value terms",
        "convert a product to a simpler sum",
        "simplify the denominator"
      ],
      "timestamp": "2025-02-05T06:41:10.708806Z"
    },
    {
      "original": "integrate(sqrt(x*sqrt(x*sqrt(x))), x)",
      "requested_difficulty": "easier",
      "variant": "integrate(x**(1/2) * (x**(1/4) + 1), x)",
      "reasoning": "Thinking as a number theorist, I can simplify square root terms down into manageable polynomials, converting them into rational forms which has a calculated method to be integrated easily.",
      "evaluation": "easier",
      "extra_verification": null,
      "transformations_used": [
        "eliminate absolute value terms",
        "convert a product to a simpler sum",
        "simplify the denominator"
      ],
      "timestamp": "2025-02-05T06:41:10.652644Z"
    },
    {
      "original": "integrate(sqrt(x*sqrt(x*sqrt(x))), x)",
      "requested_difficulty": "easier",
      "variant": "integrate(sin(x)**2 * cos(x)**4, x)",
      "reasoning": "Emphasizing transformation, as a theoretical physicist, I might use trigonometric substitutions to represent the original root structure, altering it while maintaining its complex relationships.",
      "evaluation": "easier",
      "extra_verification": null,
      "transformations_used": [
        "eliminate absolute value terms",
        "convert a product to a simpler sum",
        "simplify the denominator"
      ],
      "timestamp": "2025-02-05T06:41:10.697564Z"
    },
    {
      "original": "integrate(sqrt(x*sqrt(x*sqrt(x))), x)",
      "requested_difficulty": "easier",
      "variant": "integrate(sqrt(x**2), x)",
      "reasoning": "As a calculus professor, I appreciate elegance and simplicity. By dropping one level of the square root, we can eliminate some complexity and arrive at a more straightforward integrand.",
      "evaluation": "easier",
      "extra_verification": null,
      "transformations_used": [
        "drop a subexpression",
        "reduce an exponent",
        "replace transcendental functions with simpler algebraic ones",
        "lower a coefficient",
        "simplify composite trigonometric functions"
      ],
      "timestamp": "2025-02-05T06:41:10.170534Z"
    },
    {
      "original": "integrate(sqrt(x*sqrt(x*sqrt(x))), x)",
      "requested_difficulty": "easier",
      "variant": "integrate(x**(3/2), x)",
      "reasoning": "From a student's perspective, polynomials are simpler. By approximating the square root and replacing it with a polynomial representation, we simplify the problem.",
      "evaluation": "easier",
      "extra_verification": null,
      "transformations_used": [
        "drop a subexpression",
        "reduce an exponent",
        "replace transcendental functions with simpler algebraic ones",
        "lower a coefficient",
        "simplify composite trigonometric functions"
      ],
      "timestamp": "2025-02-05T06:41:06.636745Z"
    },
    {
      "original": "integrate(sqrt(x*sqrt(x*sqrt(x))), x)",
      "requested_difficulty": "equivalent",
      "variant": "integrate(x^(1/2) * (x^(1/2) * (x^(1/2)))^(1/2), x)",
      "reasoning": "As a calculus professor, I see simplification opportunities through exponent manipulation. The expression under the square root can be rewritten using exponential notation, leading to a more straightforward integration approach.",
      "evaluation": "equivalent",
      "extra_verification": null,
      "transformations_used": [
        "substitute equivalent exponential forms",
        "alter constant terms",
        "modify an exponent slightly"
      ],
      "timestamp": "2025-02-05T06:41:08.251165Z"
    },
    {
      "original": "integrate(sqrt(x*sqrt(x*sqrt(x))), x)",
      "requested_difficulty": "equivalent",
      "variant": "integrate(((x^(3/4))**(1/2))**(3/2), x)",
      "reasoning": "As a student focused on polynomials, I'll express the nested square roots in polynomial form. This way, the integral will be purely polynomial, making it easier to process with standard techniques.",
      "evaluation": "equivalent",
      "extra_verification": null,
      "transformations_used": [
        "substitute equivalent exponential forms",
        "alter constant terms",
        "modify an exponent slightly"
      ],
      "timestamp": "2025-02-05T06:41:08.419763Z"
    },
    {
      "original": "integrate(sqrt(x*sqrt(x*sqrt(x))), x)",
      "requested_difficulty": "equivalent",
      "variant": "integrate(2*sqrt(0.5*x*sqrt(0.5*x*sqrt(0.5*x))), x)",
      "reasoning": "As an engineer, I approach this integral from a computational viewpoint. I consider scaling the function before integration to potentially reveal a simpler relationship or numerical approximation.",
      "evaluation": "equivalent",
      "extra_verification": null,
      "transformations_used": [
        "substitute equivalent exponential forms",
        "alter constant terms",
        "modify an exponent slightly"
      ],
      "timestamp": "2025-02-05T06:41:08.473408Z"
    },
    {
      "original": "integrate(sqrt(x*sqrt(x*sqrt(x))), x)",
      "requested_difficulty": "equivalent",
      "variant": "integrate(1/2 * sqrt((2*x) * sqrt((2*x) * sqrt((2*x)))), x)",
      "reasoning": "From a number theorist's perspective, I think about rational coefficients affecting the structure of the integrand. I can explore the impact of rational multipliers on the challenge of solving the integral.",
      "evaluation": "easier",
      "extra_verification": null,
      "transformations_used": [
        "substitute equivalent exponential forms",
        "alter constant terms",
        "modify an exponent slightly"
      ],
      "timestamp": "2025-02-05T06:41:08.340641Z"
    },
    {
      "original": "integrate(sqrt(x*sqrt(x*sqrt(x))), x)",
      "requested_difficulty": "equivalent",
      "variant": "integrate(sqrt(x) * sqrt(sqrt(x) * sqrt(x)), x)",
      "reasoning": "As a geometry enthusiast, I consider geometric transformations. I will reflect the function across a particular axis, preserving its integral properties while altering its appearance.",
      "evaluation": "easier",
      "extra_verification": null,
      "transformations_used": [
        "substitute equivalent exponential forms",
        "alter constant terms",
        "modify an exponent slightly"
      ],
      "timestamp": "2025-02-05T06:41:08.255081Z"
    },
    {
      "original": "integrate(sqrt(x*sqrt(x*sqrt(x))), x)",
      "requested_difficulty": "equivalent",
      "variant": "integrate(exp((1/2)*log(x*sqrt(x*sqrt(x)))), x)",
      "reasoning": "Coming from a theoretical physicist's standpoint, I will explore the use of complex exponentials to express the integrand differently. This transformation might unveil new analytic properties during integration.",
      "evaluation": "easier",
      "extra_verification": null,
      "transformations_used": [
        "substitute equivalent exponential forms",
        "alter constant terms",
        "modify an exponent slightly"
      ],
      "timestamp": "2025-02-05T06:41:08.228382Z"
    },
    {
      "original": "integrate(sqrt(x*sqrt(x*sqrt(x))), x)",
      "requested_difficulty": "equivalent",
      "variant": "integrate((x^(1/2) * x^(3/4))**(1/2), x)",
      "reasoning": "In line with my polynomial interests, I'll manipulate the depth of nesting within the square roots, effectively altering the integrand's shape while keeping its fundamental characteristics.",
      "evaluation": "equivalent",
      "extra_verification": null,
      "transformations_used": [
        "substitute equivalent exponential forms",
        "alter constant terms",
        "modify an exponent slightly"
      ],
      "timestamp": "2025-02-05T06:41:08.496065Z"
    },
    {
      "original": "integrate(sqrt(x*sqrt(x*sqrt(x))), x)",
      "requested_difficulty": "equivalent",
      "variant": "integrate((x**(1/2) * (x**(1/4)))**(1/2), x)",
      "reasoning": "In the shoes of a student who prefers working with polynomials, I can rewrite the nested radicals in a polynomial format. By simplifying each radical step-by-step, I will arrive at an equivalent expression.",
      "evaluation": "equivalent",
      "extra_verification": null,
      "transformations_used": [
        "rewrite using alternate algebraic forms",
        "modify an exponent slightly",
        "use alternate but equivalent radical forms"
      ],
      "timestamp": "2025-02-05T06:41:13.883329Z"
    },
    {
      "original": "integrate(sqrt(x*sqrt(x*sqrt(x))), x)",
      "requested_difficulty": "equivalent",
      "variant": "integrate(x**(1/2) * (x**(1/8))**(1/2), x)",
      "reasoning": "As a theoretical physicist, I tend to express functions in terms of exponents and trigonometric forms. I can use exponent rules to convert the nested roots and express them as exponents.",
      "evaluation": "easier",
      "extra_verification": null,
      "transformations_used": [
        "rewrite using alternate algebraic forms",
        "modify an exponent slightly",
        "use alternate but equivalent radical forms"
      ],
      "timestamp": "2025-02-05T06:41:13.775226Z"
    },
    {
      "original": "integrate(sqrt(x*sqrt(x*sqrt(x))), x)",
      "requested_difficulty": "equivalent",
      "variant": "integrate((x**(1/2)) * (x**(1/4))**(1/2), x)",
      "reasoning": "As an engineer who favors computational approaches, I will focus on expressing the integrand in a more straightforward computational format. I can simplify the roots ahead of integration.",
      "evaluation": "equivalent",
      "extra_verification": null,
      "transformations_used": [
        "rewrite using alternate algebraic forms",
        "modify an exponent slightly",
        "use alternate but equivalent radical forms"
      ],
      "timestamp": "2025-02-05T06:41:13.776429Z"
    }
  ],
  [
    {
      "original": "integrate(x**3*e**(-x**2), (x, 0, oo))",
      "requested_difficulty": "equivalent",
      "variant": "integrate(x**2 * e**(-x**2) * (3*x), x)",
      "reasoning": "As a calculus professor, I want to utilize integration by parts, focusing on the polynomial part. The integral can be rewritten by differentiating the exponential term to simplify handling powers of x.",
      "evaluation": "easier",
      "extra_verification": null,
      "transformations_used": [
        "change variables while maintaining complexity",
        "rewrite using different logarithmic properties",
        "alter constant terms",
        "factor common terms differently",
        "use trigonometric identities to rewrite expression"
      ],
      "timestamp": "2025-02-05T06:41:08.386869Z"
    }
  ],
  [
    {
      "original": "integrate(x/(x**4+x**2+1), x)",
      "requested_difficulty": "easier",
      "variant": "integrate(x/(x**4 + (x**2 + 1) + 1), x)",
      "reasoning": "The number theorist is interested in the primes; thus, I will express the denominator in a way that highlights the prime factorization, allowing insight into its integrability.",
      "evaluation": "easier",
      "extra_verification": null,
      "transformations_used": [
        "reduce the number of terms in the expression",
        "simplify composite trigonometric functions",
        "eliminate a radical",
        "reduce an exponent",
        "replace a complex fraction with a simpler one"
      ],
      "timestamp": "2025-02-05T06:41:16.521953Z"
    },
    {
      "original": "integrate(x/(x**4+x**2+1), x)",
      "requested_difficulty": "easier",
      "variant": "integrate((1/(x**2 + 1)) + (x/(x**4 + x**2 + 1)), x)",
      "reasoning": "As a calculus professor who enjoys elegant simplifications, I will perform polynomial long division to separate the integral into simpler components, making integration manageable.",
      "evaluation": "easier",
      "extra_verification": null,
      "transformations_used": [
        "reduce the number of terms in the expression",
        "simplify composite trigonometric functions",
        "eliminate a radical",
        "reduce an exponent",
        "replace a complex fraction with a simpler one"
      ],
      "timestamp": "2025-02-05T06:41:14.072407Z"
    },
    {
      "original": "integrate(x/(x**4+x**2+1), x)",
      "requested_difficulty": "easier",
      "variant": "integrate(1/(x**3 + x), x)",
      "reasoning": "The creative mathematician might also simplify the fraction further by expressing the denominator in terms of squares and finding common patterns. This could reveal simpler terms to integrate.",
      "evaluation": "easier",
      "extra_verification": null,
      "transformations_used": [
        "reduce the number of terms in the expression",
        "simplify composite trigonometric functions",
        "eliminate a radical",
        "reduce an exponent",
        "replace a complex fraction with a simpler one"
      ],
      "timestamp": "2025-02-05T06:41:14.788770Z"
    },
    {
      "original": "integrate(x/(x**4+x**2+1), x)",
      "requested_difficulty": "easier",
      "variant": "integrate(x/(x**4), x)",
      "reasoning": "As a student dealing with polynomials and rational functions, I notice that the denominator can be simplified by approximating it as \\( x^4 \\) for large \\( x \\). We could then integrate just \\( x/(x**4) \\) plus the correction terms.",
      "evaluation": "easier",
      "extra_verification": null,
      "transformations_used": [
        "replace a complex fraction with a simpler one",
        "change a function to an easier one",
        "remove a factor"
      ],
      "timestamp": "2025-02-05T06:41:09.229820Z"
    },
    {
      "original": "integrate(x/(x**4+x**2+1), x)",
      "requested_difficulty": "easier",
      "variant": "integrate(x/(x**2 + 1), x)",
      "reasoning": "As an engineer focusing on computational approaches, I'll replace the complex rational function with a simpler polynomial that's easier to integrate to obtain practical approximations.",
      "evaluation": "easier",
      "extra_verification": null,
      "transformations_used": [
        "replace a complex fraction with a simpler one",
        "change a function to an easier one",
        "remove a factor"
      ],
      "timestamp": "2025-02-05T06:41:08.942629Z"
    },
    {
      "original": "integrate(x/(x**4+x**2+1), x)",
      "requested_difficulty": "easier",
      "variant": "integrate(x/(x**2 + 2), x)",
      "reasoning": "A number theorist would often look for patterns in coefficients. Here, let's consider integrating a simpler yet related function that still captures essential behaviors.",
      "evaluation": "easier",
      "extra_verification": null,
      "transformations_used": [
        "replace a complex fraction with a simpler one",
        "change a function to an easier one",
        "remove a factor"
      ],
      "timestamp": "2025-02-05T06:41:08.986091Z"
    },
    {
      "original": "integrate(x/(x**4+x**2+1), x)",
      "requested_difficulty": "easier",
      "variant": "integrate(x/(x**2*(x**2 + 1) + 1), x)",
      "reasoning": "As a calculus fan who enjoys factorization, I can group terms within the denominator to facilitate partial fractions decomposition, simplifying the original integration challenge.",
      "evaluation": "easier",
      "extra_verification": null,
      "transformations_used": [
        "replace a complex fraction with a simpler one",
        "change a function to an easier one",
        "remove a factor"
      ],
      "timestamp": "2025-02-05T06:41:09.052393Z"
    },
    {
      "original": "integrate(x/(x**4+x**2+1), x)",
      "requested_difficulty": "easier",
      "variant": "integrate(exp(x)/(exp(2*x) + exp(x) + 1), x)",
      "reasoning": "As a theoretical physicist again, let's try transforming variables into exponential forms. This gives us a unique way to navigate through oscillatory integrations.",
      "evaluation": "easier",
      "extra_verification": null,
      "transformations_used": [
        "replace a complex fraction with a simpler one",
        "change a function to an easier one",
        "remove a factor"
      ],
      "timestamp": "2025-02-05T06:41:09.046474Z"
    },
    {
      "original": "integrate(x/(x**4+x**2+1), x)",
      "requested_difficulty": "easier",
      "variant": "integrate(x/(x + 1), x)",
      "reasoning": "As a practical engineer, I'd like to consider numerical approximations. Thus, changing to a simple rational function for quick considerations is intriguing.",
      "evaluation": "easier",
      "extra_verification": null,
      "transformations_used": [
        "replace a complex fraction with a simpler one",
        "change a function to an easier one",
        "remove a factor"
      ],
      "timestamp": "2025-02-05T06:41:12.484353Z"
    },
    {
      "original": "integrate(x/(x**4+x**2+1), x)",
      "requested_difficulty": "equivalent",
      "variant": "integrate(x/(x**4 + x**2 + 1), x)",
      "reasoning": "As a calculus professor, I see that the denominator can be expressed in a quadratic form by letting \\(y = x^2\\). This allows for easier integration methods as we can simplify our variable.",
      "evaluation": "equivalent",
      "extra_verification": null,
      "transformations_used": [
        "change coefficient values slightly",
        "distribute terms differently",
        "rearrange the order of terms"
      ],
      "timestamp": "2025-02-05T06:41:08.246108Z"
    },
    {
      "original": "integrate(x/(x**4+x**2+1), x)",
      "requested_difficulty": "equivalent",
      "variant": "integrate(x/((x**4 + x**2 + 1)*(0.5)), x)",
      "reasoning": "Embracing a creative mathematician's approach, I will explore modifying the coefficients slightly, which can lead to new perspectives on the function without changing the core structure.",
      "evaluation": "equivalent",
      "extra_verification": null,
      "transformations_used": [
        "change coefficient values slightly",
        "distribute terms differently",
        "rearrange the order of terms"
      ],
      "timestamp": "2025-02-05T06:41:08.039929Z"
    },
    {
      "original": "integrate(x/(x**4+x**2+1), x)",
      "requested_difficulty": "equivalent",
      "variant": "integrate(x/( (x**2 + 1)**2 - (x**2 - (1/3))**2 ), x)",
      "reasoning": "As a student focused on polynomials, I will factor out terms in the denominator into a product of simpler quadratic forms, helping me facilitate polynomial long division before integrating.",
      "evaluation": "easier",
      "extra_verification": null,
      "transformations_used": [
        "change coefficient values slightly",
        "distribute terms differently",
        "rearrange the order of terms"
      ],
      "timestamp": "2025-02-05T06:41:08.382254Z"
    },
    {
      "original": "integrate(x/(x**4+x**2+1), x)",
      "requested_difficulty": "equivalent",
      "variant": "integrate(x**3/(x**6 + x**4 + x**2), x)",
      "reasoning": "As an engineer who loves computational approaches, I will reformulate the integral by multiplying the numerator and denominator by \\(x^2\\) manually in order to simplify subsequent calculations.",
      "evaluation": "easier",
      "extra_verification": null,
      "transformations_used": [
        "change coefficient values slightly",
        "distribute terms differently",
        "rearrange the order of terms"
      ],
      "timestamp": "2025-02-05T06:41:07.984784Z"
    },
    {
      "original": "integrate(x/(x**4+x**2+1), x)",
      "requested_difficulty": "equivalent",
      "variant": "integrate(x/( (x**2 + 0.5)**2 - 0.25 ), x)",
      "reasoning": "As a geometry enthusiast, I will represent the integral in terms of geometric transformations, breaking down the function into a series of simpler components that represent transformations of known geometric figures.",
      "evaluation": "easier",
      "extra_verification": null,
      "transformations_used": [
        "change coefficient values slightly",
        "distribute terms differently",
        "rearrange the order of terms"
      ],
      "timestamp": "2025-02-05T06:41:08.037335Z"
    },
    {
      "original": "integrate(x/(x**4+x**2+1), x)",
      "requested_difficulty": "equivalent",
      "variant": "integrate(x/(x**4 + (x**2 + 2) + 1), x)",
      "reasoning": "Finally, I will take the perspective of polynomial manipulation by slightly elevating each term in the denominator and transforming the resulting function into a more manageable rational format.",
      "evaluation": "easier",
      "extra_verification": null,
      "transformations_used": [
        "change coefficient values slightly",
        "distribute terms differently",
        "rearrange the order of terms"
      ],
      "timestamp": "2025-02-05T06:41:08.067386Z"
    },
    {
      "original": "integrate(x/(x**4+x**2+1), x)",
      "requested_difficulty": "equivalent",
      "variant": "integrate(x/((x**2 + (1/2) + (1/2)**2) - (1/2)**2), x)",
      "reasoning": "As a creative mathematician, I want to express the polynomial in the denominator in a different format. I can rewrite the quadratic part in terms of its roots, exploring a new perspective.",
      "evaluation": "easier",
      "extra_verification": null,
      "transformations_used": [
        "distribute terms differently",
        "rewrite using alternate algebraic forms",
        "factor common terms differently"
      ],
      "timestamp": "2025-02-05T06:41:12.954992Z"
    }
  ]
]