[
  [
    {
      "original": "integrate(sin(x)*tan(x)**2, x)",
      "requested_difficulty": "easier",
      "variant": "integrate(sin(x)*sin(x)**2/cos(x)**2, x)",
      "reasoning": "As a calculus professor, I would simplify the integral by using the identity \\( \\tan(x) = \\frac{\\sin(x)}{\\cos(x)} \\). This allows us to express the integral in terms of a simpler function by reducing the powers of sine and cosine.",
      "evaluation": "equivalent",
      "extra_verification": null,
      "transformations_used": [
        "remove logarithmic terms",
        "simplify the denominator",
        "reduce the degree of a polynomial"
      ],
      "timestamp": "2025-02-05T06:29:38.620773Z"
    },
    {
      "original": "integrate(sin(x)*tan(x)**2, x)",
      "requested_difficulty": "easier",
      "variant": "integrate(sin(x)/(cos(x)**2), x)",
      "reasoning": "From the perspective of a student who prefers polynomials, I can express the tangent function in terms of sine and cosine and focus on integrating a rational function.",
      "evaluation": "easier",
      "extra_verification": null,
      "transformations_used": [
        "remove logarithmic terms",
        "simplify the denominator",
        "reduce the degree of a polynomial"
      ],
      "timestamp": "2025-02-05T06:29:38.656065Z"
    },
    {
      "original": "integrate(sin(x)*tan(x)**2, x)",
      "requested_difficulty": "easier",
      "variant": "integrate(sin(x)*(sec(x)**2 - 1), x)",
      "reasoning": "As an engineer who favors practical approaches, I can apply trigonometric identities to simplify \\( \\tan^2(x) \\) into a more manageable trigonometric function to work with.",
      "evaluation": "easier",
      "extra_verification": null,
      "transformations_used": [
        "remove logarithmic terms",
        "simplify the denominator",
        "reduce the degree of a polynomial"
      ],
      "timestamp": "2025-02-05T06:29:38.631793Z"
    },
    {
      "original": "integrate(sin(x)*tan(x)**2, x)",
      "requested_difficulty": "easier",
      "variant": "integrate(sin(x)*(1/cos(x)**2 - 1), x)",
      "reasoning": "The number theorist in me appreciates factorization, so I would express the \\( \\tan^2(x) \\) in terms of simple rational coefficients by utilizing the Pythagorean identity.",
      "evaluation": "easier",
      "extra_verification": null,
      "transformations_used": [
        "remove logarithmic terms",
        "simplify the denominator",
        "reduce the degree of a polynomial"
      ],
      "timestamp": "2025-02-05T06:29:38.711911Z"
    },
    {
      "original": "integrate(sin(x)*tan(x)**2, x)",
      "requested_difficulty": "easier",
      "variant": "integrate(sin(x)*sec(x)**2, x)",
      "reasoning": "Thinking like a calculus professor again, an elegant reduction can be made by re-organizing the integral to split the terms which can enhance clarity in solving.",
      "evaluation": "easier",
      "extra_verification": null,
      "transformations_used": [
        "remove logarithmic terms",
        "simplify the denominator",
        "reduce the degree of a polynomial"
      ],
      "timestamp": "2025-02-05T06:29:46.391631Z"
    },
    {
      "original": "integrate(sin(x)*tan(x)**2, x)",
      "requested_difficulty": "easier",
      "variant": "integrate(sin(x)*(x**2), x)",
      "reasoning": "Emphasizing practical computation, we can use a small angle approximation for \\( \\tan(x) \\) for small values of \\( x \\), making the integral much simpler to evaluate around 0.",
      "evaluation": "easier",
      "extra_verification": null,
      "transformations_used": [
        "remove logarithmic terms",
        "simplify the denominator",
        "reduce the degree of a polynomial"
      ],
      "timestamp": "2025-02-05T06:29:38.894615Z"
    },
    {
      "original": "integrate(sin(x)*tan(x)**2, x)",
      "requested_difficulty": "easier",
      "variant": "integrate(1/cos(x)**2, x)",
      "reasoning": "I adopt the mindset of a student who prefers rational functions. Transforming the trigonometric functions into rational expressions can often simplify integration significantly.",
      "evaluation": "easier",
      "extra_verification": null,
      "transformations_used": [
        "remove logarithmic terms",
        "simplify the denominator",
        "reduce the degree of a polynomial"
      ],
      "timestamp": "2025-02-05T06:29:40.560055Z"
    },
    {
      "original": "integrate(sin(x)*tan(x)**2, x)",
      "requested_difficulty": "easier",
      "variant": "integrate(sin(x)**3/cos(x)**2, x)",
      "reasoning": "As a student who enjoys polynomials, I can rewrite \\(\\tan^2(x) = \\frac{\\sin^2(x)}{\\cos^2(x)}\\) which simplifies the integral to a polynomial form in \\(\\sin(x)\\).",
      "evaluation": "easier",
      "extra_verification": null,
      "transformations_used": [
        "remove a complicated term",
        "reduce an exponent",
        "simplify a trigonometric component",
        "reduce the degree of a polynomial",
        "eliminate a radical"
      ],
      "timestamp": "2025-02-05T06:29:43.079680Z"
    },
    {
      "original": "integrate(sin(x)*tan(x)**2, x)",
      "requested_difficulty": "easier",
      "variant": "integrate(sin(x)*(sin(x)**2/(cos(x)**2)), x)",
      "reasoning": "As an engineer, I prefer staying computational. So, recognizing that \\(\\tan(x) = \\frac{\\sin(x)}{\\cos(x)}\\) allows me to work with a simpler function and compute.",
      "evaluation": "equivalent",
      "extra_verification": null,
      "transformations_used": [
        "remove a complicated term",
        "reduce an exponent",
        "simplify a trigonometric component",
        "reduce the degree of a polynomial",
        "eliminate a radical"
      ],
      "timestamp": "2025-02-05T06:29:42.992923Z"
    },
    {
      "original": "integrate(sin(x)*tan(x)**2, x)",
      "requested_difficulty": "easier",
      "variant": "integrate(sin(x)*(1/((cos(x)**2))), x)",
      "reasoning": "As a number theorist fascinated by primes and rational coefficients, I can express the integral in terms of rational functions. By expressing \\(\\tan^2(x)\\) in a rational form with simple integers, it becomes easier to evaluate.",
      "evaluation": "easier",
      "extra_verification": null,
      "transformations_used": [
        "remove a complicated term",
        "reduce an exponent",
        "simplify a trigonometric component",
        "reduce the degree of a polynomial",
        "eliminate a radical"
      ],
      "timestamp": "2025-02-05T06:29:43.030663Z"
    },
    {
      "original": "integrate(sin(x)*tan(x)**2, x)",
      "requested_difficulty": "easier",
      "variant": "integrate(sin(x)*((sin(x)/cos(x))**2), x)",
      "reasoning": "As a student who loves polynomial expressions, I can perform integration by simplifying \\(\\tan(x)\\) using its definition in terms of sine and cosine, leading to a polynomial expression.",
      "evaluation": "equivalent",
      "extra_verification": null,
      "transformations_used": [
        "remove a complicated term",
        "reduce an exponent",
        "simplify a trigonometric component",
        "reduce the degree of a polynomial",
        "eliminate a radical"
      ],
      "timestamp": "2025-02-05T06:29:43.045472Z"
    },
    {
      "original": "integrate(sin(x)*tan(x)**2, x)",
      "requested_difficulty": "easier",
      "variant": "integrate(sin(x) * (sin(x)**2 / cos(x)**2), x)",
      "reasoning": "As a calculus professor, simplicity is key. Instead of using tangent squared, let\u2019s rewrite it in terms of sine and cosine to make the integral more manageable. I\u2019ll use the identity \\( \\tan^2(x) = \\frac{\\sin^2(x)}{\\cos^2(x)} \\).",
      "evaluation": "equivalent",
      "extra_verification": null,
      "transformations_used": [
        "remove logarithmic terms",
        "simplify composite trigonometric functions",
        "eliminate absolute value terms",
        "remove a factor",
        "lower a coefficient"
      ],
      "timestamp": "2025-02-05T06:29:49.994112Z"
    },
    {
      "original": "integrate(sin(x)*tan(x)**2, x)",
      "requested_difficulty": "easier",
      "variant": "integrate(sin(x) * (sec(x)**2 - 1), x)",
      "reasoning": "As a creative mathematician, I love substitutions that make integrals easier. Here, I can transform \\( \\tan^2(x) \\) into \\( \\sec^2(x) - 1 \\), which allows me to simplify the integral.",
      "evaluation": "easier",
      "extra_verification": null,
      "transformations_used": [
        "remove logarithmic terms",
        "simplify composite trigonometric functions",
        "eliminate absolute value terms",
        "remove a factor",
        "lower a coefficient"
      ],
      "timestamp": "2025-02-05T06:29:49.849999Z"
    },
    {
      "original": "integrate(sin(x)*tan(x)**2, x)",
      "requested_difficulty": "easier",
      "variant": "integrate(sin(x) * (u**2), x)",
      "reasoning": "As a student who prefers polynomials, I might use a substitution like \\( u = \\tan(x) \\), which transforms the expression and makes it more direct in terms of polynomials.",
      "evaluation": "easier",
      "extra_verification": null,
      "transformations_used": [
        "remove logarithmic terms",
        "simplify composite trigonometric functions",
        "eliminate absolute value terms",
        "remove a factor",
        "lower a coefficient"
      ],
      "timestamp": "2025-02-05T06:29:49.827816Z"
    },
    {
      "original": "integrate(sin(x)*tan(x)**2, x)",
      "requested_difficulty": "easier",
      "variant": "integrate(sin(x) * tan(x), x)",
      "reasoning": "As a number theorist, simplifications that rely on basic properties of sine and cosine can often yield results that are easy to interpret. I'll consider using \\( \\sin(x) \\) directly and lowering the power.",
      "evaluation": "easier",
      "extra_verification": null,
      "transformations_used": [
        "remove logarithmic terms",
        "simplify composite trigonometric functions",
        "eliminate absolute value terms",
        "remove a factor",
        "lower a coefficient"
      ],
      "timestamp": "2025-02-05T06:29:53.807472Z"
    },
    {
      "original": "integrate(sin(x)*tan(x)**2, x)",
      "requested_difficulty": "easier",
      "variant": "integrate((1 - cos(x)**2) * tan(x)**2, x)",
      "reasoning": "As a geometry enthusiast, I see trigonometric functions as transformations. Using a shift in the context of their graphical representation, I can use \\( \\sin(x) = 1 - \\cos^2(x) \\) to help integrate.",
      "evaluation": "easier",
      "extra_verification": null,
      "transformations_used": [
        "remove logarithmic terms",
        "simplify composite trigonometric functions",
        "eliminate absolute value terms",
        "remove a factor",
        "lower a coefficient"
      ],
      "timestamp": "2025-02-05T06:29:49.921391Z"
    },
    {
      "original": "integrate(sin(x)*tan(x)**2, x)",
      "requested_difficulty": "easier",
      "variant": "integrate(sin(x) * (1 / cos(x)**2), x)",
      "reasoning": "As a creative mathematician, I find that expressing everything in sine and cosine helps. I\u2019ll express \\( \\tan^2(x) \\) as \\( \\frac{\\sin^2(x)}{\\cos^2(x)} \\) while reducing the overall complexity.",
      "evaluation": "easier",
      "extra_verification": null,
      "transformations_used": [
        "remove logarithmic terms",
        "simplify composite trigonometric functions",
        "eliminate absolute value terms",
        "remove a factor",
        "lower a coefficient"
      ],
      "timestamp": "2025-02-05T06:29:49.829176Z"
    },
    {
      "original": "integrate(sin(x)*tan(x)**2, x)",
      "requested_difficulty": "easier",
      "variant": "integrate(sin(x)*(sin(x)/cos(x))**2, x)",
      "reasoning": "As a calculus professor, I notice that \\(\\tan(x) = \\frac{\\sin(x)}{\\cos(x)}\\). Thus, \\( \\tan(x)^2 \\) simplifies our integral significantly.",
      "evaluation": "equivalent",
      "extra_verification": null,
      "transformations_used": [
        "convert a product to a simpler sum",
        "lower a coefficient",
        "eliminate absolute value terms"
      ],
      "timestamp": "2025-02-05T06:29:41.264724Z"
    },
    {
      "original": "integrate(sin(x)*tan(x)**2, x)",
      "requested_difficulty": "easier",
      "variant": "integrate(sin(x)*(1/cos(x))**2 - sin(x), x)",
      "reasoning": "As a creative mathematician, I can use the identity \\(\\tan(x) = \\frac{\\sin(x)}{\\cos(x)}\\) and change the integral into a form involving secant. This might lead to simpler forms.",
      "evaluation": "easier",
      "extra_verification": null,
      "transformations_used": [
        "convert a product to a simpler sum",
        "lower a coefficient",
        "eliminate absolute value terms"
      ],
      "timestamp": "2025-02-05T06:29:41.381495Z"
    },
    {
      "original": "integrate(sin(x)*tan(x)**2, x)",
      "requested_difficulty": "easier",
      "variant": "integrate(sin(x)*u**2, x)",
      "reasoning": "From the perspective of a student who prefers polynomials, I can substitute \\(u = \\tan(x)\\) which allows for polynomial manipulations without trigonometric complexity.",
      "evaluation": "easier",
      "extra_verification": null,
      "transformations_used": [
        "convert a product to a simpler sum",
        "lower a coefficient",
        "eliminate absolute value terms"
      ],
      "timestamp": "2025-02-05T06:29:41.213943Z"
    },
    {
      "original": "integrate(sin(x)*tan(x)**2, x)",
      "requested_difficulty": "equivalent",
      "variant": "integrate(sin(x) * (sin(x)/cos(x))**2, x)",
      "reasoning": "As a creative mathematician, I enjoy unusual substitutions. Using the identity \\( \\tan(x) = \\frac{\\sin(x)}{\\cos(x)} \\), I can express this integral in terms of sine and cosine, which works beautifully for substitution.",
      "evaluation": "equivalent",
      "extra_verification": null,
      "transformations_used": [
        "rearrange the order of terms",
        "swap numerator and denominator with reciprocal",
        "substitute equivalent exponential forms"
      ],
      "timestamp": "2025-02-05T06:29:47.409896Z"
    },
    {
      "original": "integrate(sin(x)*tan(x)**2, x)",
      "requested_difficulty": "equivalent",
      "variant": "integrate(sin(x) * (tan(x)**2).expand(), x)",
      "reasoning": "Viewing this from the perspective of a student who loves polynomials, I could expand \\( \\tan^2(x) \\) using its Taylor series. This gives a polynomial form that is easier to integrate term by term.",
      "evaluation": "easier",
      "extra_verification": null,
      "transformations_used": [
        "rearrange the order of terms",
        "swap numerator and denominator with reciprocal",
        "substitute equivalent exponential forms"
      ],
      "timestamp": "2025-02-05T06:29:47.391668Z"
    },
    {
      "original": "integrate(sin(x)*tan(x)**2, x)",
      "requested_difficulty": "equivalent",
      "variant": "integrate(sin(x) * (e^(2*log(sin(x)/cos(x)))), x)",
      "reasoning": "As a theoretical physicist, I prefer working with trigonometric and exponential forms. Noticing that \\( \\tan(x) = \\frac{\\sin(x)}{\\cos(x)} \\), I can convert the integral into an exponential form involving the complex exponential function.",
      "evaluation": "equivalent",
      "extra_verification": null,
      "transformations_used": [
        "rearrange the order of terms",
        "swap numerator and denominator with reciprocal",
        "substitute equivalent exponential forms"
      ],
      "timestamp": "2025-02-05T06:29:47.407532Z"
    },
    {
      "original": "integrate(sin(x)*tan(x)**2, x)",
      "requested_difficulty": "equivalent",
      "variant": "integrate(-sin(x) * diff(cos(x), x)",
      "reasoning": "Returning to calculus concepts, I might also notice that \\( \\sin(x) \\tan^2(x) \\) is also the derivative of \\( -\\sin(x) \\sec^2(x) \\) using integration by parts, which might help in resolving the integral.",
      "evaluation": "equivalent",
      "extra_verification": null,
      "transformations_used": [
        "rearrange the order of terms",
        "swap numerator and denominator with reciprocal",
        "substitute equivalent exponential forms"
      ],
      "timestamp": "2025-02-05T06:29:47.483836Z"
    },
    {
      "original": "integrate(sin(x)*tan(x)**2, x)",
      "requested_difficulty": "equivalent",
      "variant": "integrate(sin(x) * sin(x)/(cos(x)**2), x)",
      "reasoning": "As a student, I may think about properties of integrals; for example, I can consider integrating \\( \\tan(x) = \\frac{sin(x)}{cos(x)} \\) directly which leads to the same result.",
      "evaluation": "equivalent",
      "extra_verification": null,
      "transformations_used": [
        "rearrange the order of terms",
        "swap numerator and denominator with reciprocal",
        "substitute equivalent exponential forms"
      ],
      "timestamp": "2025-02-05T06:29:47.492306Z"
    },
    {
      "original": "integrate(sin(x)*tan(x)**2, x)",
      "requested_difficulty": "equivalent",
      "variant": "integrate(sin(x) * tan(x)**2, x)",
      "reasoning": "The engineer prefers practical approaches; by leveraging numerical integration techniques, I can express the integral using numerical evaluations.",
      "evaluation": "equivalent",
      "extra_verification": null,
      "transformations_used": [
        "modify an exponent slightly",
        "change variables while maintaining complexity",
        "rewrite the integrand in a different form without changing overall complexity",
        "apply algebraic identities that preserve complexity",
        "use alternate but equivalent radical forms"
      ],
      "timestamp": "2025-02-05T06:29:41.028677Z"
    },
    {
      "original": "integrate(sin(x)*tan(x)**2, x)",
      "requested_difficulty": "equivalent",
      "variant": "integrate(cos(x)*sin(x)*tan(x)*tan(x), x)",
      "reasoning": "The geometry enthusiast thinks about transformations. I can consider a substitution that expresses the integrand as a product of sine and cosine functions through a geometric interpretation.",
      "evaluation": "easier",
      "extra_verification": null,
      "transformations_used": [
        "modify an exponent slightly",
        "change variables while maintaining complexity",
        "rewrite the integrand in a different form without changing overall complexity",
        "apply algebraic identities that preserve complexity",
        "use alternate but equivalent radical forms"
      ],
      "timestamp": "2025-02-05T06:29:45.384055Z"
    },
    {
      "original": "integrate(sin(x)*tan(x)**2, x)",
      "requested_difficulty": "equivalent",
      "variant": "integrate(sin(x) * tan(x) * tan(x) , x)",
      "reasoning": "The theoretical physicist again might think of using integration by parts. Here, I could let \\( u = \\sin(x) \\) and \\( dv = \\tan^2(x)dx \\).",
      "evaluation": "easier",
      "extra_verification": null,
      "transformations_used": [
        "modify an exponent slightly",
        "change variables while maintaining complexity",
        "rewrite the integrand in a different form without changing overall complexity",
        "apply algebraic identities that preserve complexity",
        "use alternate but equivalent radical forms"
      ],
      "timestamp": "2025-02-05T06:29:40.995244Z"
    },
    {
      "original": "integrate(sin(x)*tan(x)**2, x)",
      "requested_difficulty": "equivalent",
      "variant": "integrate(sin(x)**3 / (cos(x)**2), x)",
      "reasoning": "Engaging my number theory perspective, I'll rewrite the integral as \\( \\int \\sin^3(x)/\\cos^2(x) \\, dx \\) to explore distinct ways to express the relation to rational functions.",
      "evaluation": "easier",
      "extra_verification": null,
      "transformations_used": [
        "modify an exponent slightly",
        "change variables while maintaining complexity",
        "rewrite the integrand in a different form without changing overall complexity",
        "apply algebraic identities that preserve complexity",
        "use alternate but equivalent radical forms"
      ],
      "timestamp": "2025-02-05T06:29:40.970412Z"
    },
    {
      "original": "integrate(sin(x)*tan(x)**2, x)",
      "requested_difficulty": "equivalent",
      "variant": "integrate(cos(x - pi/2) * tan(x)**2, x)",
      "reasoning": "As a creative mathematician, swapping \\(\\sin\\) and \\(\\cos\\) could yield interesting results. I will substitute \\(\\sin(x)\\) with \\(\\cos(x - \\frac{\\pi}{2})\\) and explore the consequences still keeping the trigonometric identity in play.",
      "evaluation": "easier",
      "extra_verification": null,
      "transformations_used": [
        "swap numerator and denominator with reciprocal",
        "change coefficient values slightly",
        "exchange similar functions (e.g., sin to cos)",
        "rewrite using different logarithmic properties",
        "use trigonometric identities to rewrite expression"
      ],
      "timestamp": "2025-02-05T06:29:44.573185Z"
    },
    {
      "original": "integrate(sin(x)*tan(x)**2, x)",
      "requested_difficulty": "equivalent",
      "variant": "integrate((exp(I*x) - exp(-I*x))/(2*I) * (sin(x)/(cos(x)))**2, x)",
      "reasoning": "A theoretical physicist thrives on converting everything to exponentials or trigonometric forms. Using Euler's formula, I can rewrite the sine function and express the tangent function in this form to find a potentially simpler integral representation.",
      "evaluation": "equivalent",
      "extra_verification": null,
      "transformations_used": [
        "swap numerator and denominator with reciprocal",
        "change coefficient values slightly",
        "exchange similar functions (e.g., sin to cos)",
        "rewrite using different logarithmic properties",
        "use trigonometric identities to rewrite expression"
      ],
      "timestamp": "2025-02-05T06:29:53.036037Z"
    },
    {
      "original": "integrate(sin(x)*tan(x)**2, x)",
      "requested_difficulty": "equivalent",
      "variant": "integrate(0.5*sin(x) * (tan(x))**2, x)",
      "reasoning": "From a number theory perspective, I wonder about the integral's convergence properties and rational coefficients. I can alter the coefficients in front of the sine and tangent to study seed behavior and characteristics.",
      "evaluation": "easier",
      "extra_verification": null,
      "transformations_used": [
        "swap numerator and denominator with reciprocal",
        "change coefficient values slightly",
        "exchange similar functions (e.g., sin to cos)",
        "rewrite using different logarithmic properties",
        "use trigonometric identities to rewrite expression"
      ],
      "timestamp": "2025-02-05T06:29:44.452442Z"
    },
    {
      "original": "integrate(sin(x)*tan(x)**2, x)",
      "requested_difficulty": "equivalent",
      "variant": "integrate(sin(x) * exp(log(tan(x)**2)), x)",
      "reasoning": "I adopt the role of a logarithm lover. Using the fact that derivatives of logarithmic functions often yield products, I rewrite the tangent function as a logarithmic derivative would involve greater insight.",
      "evaluation": "equivalent",
      "extra_verification": null,
      "transformations_used": [
        "swap numerator and denominator with reciprocal",
        "change coefficient values slightly",
        "exchange similar functions (e.g., sin to cos)",
        "rewrite using different logarithmic properties",
        "use trigonometric identities to rewrite expression"
      ],
      "timestamp": "2025-02-05T06:29:44.480023Z"
    },
    {
      "original": "integrate(sin(x)*tan(x)**2, x)",
      "requested_difficulty": "equivalent",
      "variant": "integrate(sin(x) * u**2, x)",
      "reasoning": "Embracing my creative mathematician side, I like to utilize substitution. By letting \\( u = \\tan(x) \\), I can rewrite the integral in terms of \\( u \\) which leads to easier integration.",
      "evaluation": "easier",
      "extra_verification": null,
      "transformations_used": [
        "adjust parameters while keeping the integral equivalent",
        "use trigonometric identities to rewrite expression",
        "change coefficient values slightly",
        "rewrite the integrand in a different form without changing overall complexity",
        "rewrite using alternate algebraic forms"
      ],
      "timestamp": "2025-02-05T06:29:42.126209Z"
    },
    {
      "original": "integrate(sin(x)*tan(x)**2, x)",
      "requested_difficulty": "equivalent",
      "variant": "integrate(sin(x) * (1 - cos(x)**2) / cos(x)**2, x)",
      "reasoning": "As a student who prefers polynomials, I can expand the integrand by using the Pythagorean identity to express \\( \\tan^2(x) \\) and keep the trigonometric flavor while favoring rational expressions.",
      "evaluation": "easier",
      "extra_verification": null,
      "transformations_used": [
        "adjust parameters while keeping the integral equivalent",
        "use trigonometric identities to rewrite expression",
        "change coefficient values slightly",
        "rewrite the integrand in a different form without changing overall complexity",
        "rewrite using alternate algebraic forms"
      ],
      "timestamp": "2025-02-05T06:29:43.042380Z"
    },
    {
      "original": "integrate(sin(x)*tan(x)**2, x)",
      "requested_difficulty": "equivalent",
      "variant": "integrate(sin(x) * (tan(angle) | angle=x)**2, x)",
      "reasoning": "As a geometry enthusiast, I see the connection to geometric transformations and can consider trigonometric functions as transformations, restating in terms of reflections and rotations.",
      "evaluation": "equivalent",
      "extra_verification": null,
      "transformations_used": [
        "adjust parameters while keeping the integral equivalent",
        "use trigonometric identities to rewrite expression",
        "change coefficient values slightly",
        "rewrite the integrand in a different form without changing overall complexity",
        "rewrite using alternate algebraic forms"
      ],
      "timestamp": "2025-02-05T06:29:42.208271Z"
    },
    {
      "original": "integrate(sin(x)*tan(x)**2, x)",
      "requested_difficulty": "equivalent",
      "variant": "integrate(sin(x) * ((sin(x)/cos(x))**2), x)",
      "reasoning": "As a creative mathematician, I enjoy expressing functions in different forms. Here, I can use a different function balancing to switch tangent to its sine division.",
      "evaluation": "equivalent",
      "extra_verification": null,
      "transformations_used": [
        "adjust parameters while keeping the integral equivalent",
        "use trigonometric identities to rewrite expression",
        "change coefficient values slightly",
        "rewrite the integrand in a different form without changing overall complexity",
        "rewrite using alternate algebraic forms"
      ],
      "timestamp": "2025-02-05T06:29:42.122588Z"
    },
    {
      "original": "integrate(sin(x)*tan(x)**2, x)",
      "requested_difficulty": "equivalent",
      "variant": "integrate(sin(x) * (sin(x)**2/cos(x)**2), x)",
      "reasoning": "Returning to calculus, I can express the \\( \\tan^2(x) \\) using \\( \\sin^2(x) \\) directly from its definition, which highlights the interplay between these fundamental trigonometric functions.",
      "evaluation": "equivalent",
      "extra_verification": null,
      "transformations_used": [
        "adjust parameters while keeping the integral equivalent",
        "use trigonometric identities to rewrite expression",
        "change coefficient values slightly",
        "rewrite the integrand in a different form without changing overall complexity",
        "rewrite using alternate algebraic forms"
      ],
      "timestamp": "2025-02-05T06:29:42.288426Z"
    }
  ]
]