[
  [
    {
      "original": "integrate(1/(1-sin(x)), (x, -pi/4, pi/4))",
      "requested_difficulty": "easier",
      "variant": "integrate(1/(1 - (1 - cos(2*x))/2), x)",
      "reasoning": "As a calculus professor, I see opportunities for elegant simplifications by using the identity for \\( \\sin(x) \\). We can simplify the integrand by using the half-angle identity for trigonometric functions.",
      "evaluation": "easier",
      "extra_verification": null,
      "transformations_used": [
        "remove a complicated term",
        "reduce the number of terms in the expression",
        "reduce the degree of a polynomial",
        "lower a coefficient",
        "reduce an exponent"
      ],
      "timestamp": "2025-02-05T06:27:09.206927Z"
    },
    {
      "original": "integrate(1/(1-sin(x)), (x, -pi/4, pi/4))",
      "requested_difficulty": "easier",
      "variant": "integrate(1/(cos(x)**2/(1 + sin(x))), x)",
      "reasoning": "As a calculus professor, I appreciate reducing complexity. We can use the identity \\( 1 - \\sin(x) = \\frac{(1 - \\sin(x))(1 + \\sin(x))}{1 + \\sin(x)} = \\frac{1 - \\sin^2(x)}{1 + \\sin(x)} = \\frac{\\cos^2(x)}{1 + \\sin(x)} \\).",
      "evaluation": "easier",
      "extra_verification": null,
      "transformations_used": [
        "reduce the number of terms in the expression",
        "simplify a trigonometric component",
        "eliminate absolute value terms"
      ],
      "timestamp": "2025-02-05T06:27:12.435673Z"
    },
    {
      "original": "integrate(1/(1-sin(x)), (x, -pi/4, pi/4))",
      "requested_difficulty": "easier",
      "variant": "integrate(1/(2cos^2(x/2)), x)",
      "reasoning": "As a creative mathematician, I enjoy transforming into simpler terms; instead, we could consider another trig identity to represent the function in a different but more tractable form.",
      "evaluation": "easier",
      "extra_verification": null,
      "transformations_used": [
        "reduce the number of terms in the expression",
        "simplify a trigonometric component",
        "eliminate absolute value terms"
      ],
      "timestamp": "2025-02-05T06:27:12.454286Z"
    },
    {
      "original": "integrate(1/(1-sin(x)), (x, -pi/4, pi/4))",
      "requested_difficulty": "easier",
      "variant": "integrate(1/cos(x/2)**2, x)",
      "reasoning": "As a calculus professor who values elegant simplifications, I notice that \\(1 - \\sin(x)\\) can be rewritten using the identity \\(1 - \\sin(x) = \\cos^2\\left(\\frac{x}{2}\\right)\\). This cloaks the integrand in a simpler form.",
      "evaluation": "easier",
      "extra_verification": null,
      "transformations_used": [
        "remove a complicated term",
        "simplify composite trigonometric functions",
        "simplify a trigonometric component",
        "simplify the denominator",
        "eliminate absolute value terms"
      ],
      "timestamp": "2025-02-05T06:27:10.500857Z"
    },
    {
      "original": "integrate(1/(1-sin(x)), (x, -pi/4, pi/4))",
      "requested_difficulty": "equivalent",
      "variant": "integrate(1/(1 - (1 - cos(x))/2), x)",
      "reasoning": "As a calculus professor who loves elegant simplifications, I notice that the integral can be simplified using the polar coordinate transformation. I use the half-angle identity for sine to reformat the integral, allowing for easier computation.",
      "evaluation": "easier",
      "extra_verification": null,
      "transformations_used": [
        "factor common terms differently",
        "swap numerator and denominator with reciprocal",
        "exchange similar functions (e.g., sin to cos)"
      ],
      "timestamp": "2025-02-05T06:27:10.548189Z"
    },
    {
      "original": "integrate(1/(1-sin(x)), (x, -pi/4, pi/4))",
      "requested_difficulty": "equivalent",
      "variant": "integrate(1/(1 - (1 - cos(x))**2), x)",
      "reasoning": "As a creative mathematician, I enjoy unconventional substitutions. Here, I substitute sin(x) with 1 - cos^2(x), allowing the integral to showcase symmetry and other identities.",
      "evaluation": "easier",
      "extra_verification": null,
      "transformations_used": [
        "factor common terms differently",
        "swap numerator and denominator with reciprocal",
        "exchange similar functions (e.g., sin to cos)"
      ],
      "timestamp": "2025-02-05T06:27:10.106033Z"
    },
    {
      "original": "integrate(1/(1-sin(x)), (x, -pi/4, pi/4))",
      "requested_difficulty": "equivalent",
      "variant": "integrate((1 + sin(x))/(1 - sin(x)**2), x)",
      "reasoning": "As a student who prefers working with polynomials and rational functions, I rewrite the integrand by multiplying the numerator and the denominator by the conjugate of the denominator to resolve it into polynomial terms.",
      "evaluation": "easier",
      "extra_verification": null,
      "transformations_used": [
        "factor common terms differently",
        "swap numerator and denominator with reciprocal",
        "exchange similar functions (e.g., sin to cos)"
      ],
      "timestamp": "2025-02-05T06:27:10.409956Z"
    },
    {
      "original": "integrate(1/(1-sin(x)), (x, -pi/4, pi/4))",
      "requested_difficulty": "equivalent",
      "variant": "integrate((1 + sin(x))/(1 - sin(x) + sin(x)), x)",
      "reasoning": "As a student working with polynomials and rational functions, I recognize the benefit of rewriting the integrand with a polynomial numerator. Thus, I rewrite \\( \\frac{1}{1 - \\sin(x)} \\) by multiplying numerator and denominator to create an equivalent expression.",
      "evaluation": "easier",
      "extra_verification": null,
      "transformations_used": [
        "use alternate but equivalent radical forms",
        "rewrite the integrand in a different form without changing overall complexity",
        "change coefficient values slightly",
        "factor common terms differently",
        "use trigonometric identities to rewrite expression"
      ],
      "timestamp": "2025-02-05T06:27:11.718330Z"
    },
    {
      "original": "integrate(1/(1-sin(x)), (x, -pi/4, pi/4))",
      "requested_difficulty": "equivalent",
      "variant": "integrate((2)/(2 - 2*sin(x)), x)",
      "reasoning": "As a number theorist interested in prime numbers and rational coefficients, I analyze the integrand's rational components to create coefficients that are simple rational numbers rather than involving trigonometric functions.",
      "evaluation": "easier",
      "extra_verification": null,
      "transformations_used": [
        "use alternate but equivalent radical forms",
        "rewrite the integrand in a different form without changing overall complexity",
        "change coefficient values slightly",
        "factor common terms differently",
        "use trigonometric identities to rewrite expression"
      ],
      "timestamp": "2025-02-05T06:27:11.611828Z"
    },
    {
      "original": "integrate(1/(1-sin(x)), (x, -pi/4, pi/4))",
      "requested_difficulty": "equivalent",
      "variant": "integrate(1/(1 - 0.7071), x)",
      "reasoning": "As an engineer who values numerically friendly forms, I realize rewriting the integrand by providing a numerical approximation could allow for easier calculation, which maintains the same form but expresses it numerically.",
      "evaluation": "easier",
      "extra_verification": null,
      "transformations_used": [
        "use alternate but equivalent radical forms",
        "rewrite the integrand in a different form without changing overall complexity",
        "change coefficient values slightly",
        "factor common terms differently",
        "use trigonometric identities to rewrite expression"
      ],
      "timestamp": "2025-02-05T06:27:11.668445Z"
    }
  ]
]