[
  [
    {
      "original": "integrate((2*log(x) + 1)*exp(log(x)**2), x)",
      "requested_difficulty": "easier",
      "variant": "integrate((2*log(x) + 1)*(1 + (log(x)**2)/2 + (log(x)**4)/24), x)",
      "reasoning": "A creative mathematician might suggest rewriting using identities. Here, I simplify \\( e^{(\\log(x))^2} \\) to a polynomial expansion approach, making it quite manageable.",
      "evaluation": "easier",
      "extra_verification": null,
      "transformations_used": [
        "reduce an exponent",
        "change a function to an easier one",
        "convert a product to a simpler sum"
      ],
      "timestamp": "2025-02-05T06:38:28.474567Z"
    },
    {
      "original": "integrate((2*log(x) + 1)*exp(log(x)**2), x)",
      "requested_difficulty": "easier",
      "variant": "integrate((2*log(x) + 1) * (log(x)**2), x)",
      "reasoning": "As a student focused on rational functions, I might rationalize using the power of logarithms to express the exponential in simpler polynomial forms.",
      "evaluation": "easier",
      "extra_verification": null,
      "transformations_used": [
        "reduce an exponent",
        "change a function to an easier one",
        "convert a product to a simpler sum"
      ],
      "timestamp": "2025-02-05T06:38:28.238816Z"
    },
    {
      "original": "integrate((2*log(x) + 1)*exp(log(x)**2), x)",
      "requested_difficulty": "easier",
      "variant": "integrate((2*(x-1)/(x) + 1)*(e^(log(x)**2)), x)",
      "reasoning": "An engineer would appreciate a numerical approximation within the integral, so I might replace \\( log(x) \\) with a Taylor series approximation about 1 to make it more computable.",
      "evaluation": "equivalent",
      "extra_verification": null,
      "transformations_used": [
        "reduce an exponent",
        "change a function to an easier one",
        "convert a product to a simpler sum"
      ],
      "timestamp": "2025-02-05T06:38:28.551459Z"
    },
    {
      "original": "integrate((2*log(x) + 1)*exp(log(x)**2), x)",
      "requested_difficulty": "easier",
      "variant": "integrate((2*(log(x)/log(10)) + 1)*(10**(log(x)**2)), x)",
      "reasoning": "A number theorist loves integer coefficients. Here we replace logarithms with integers to explore roots. This keeps a structure to the integral while changing variables.",
      "evaluation": "equivalent",
      "extra_verification": null,
      "transformations_used": [
        "reduce an exponent",
        "change a function to an easier one",
        "convert a product to a simpler sum"
      ],
      "timestamp": "2025-02-05T06:38:28.323582Z"
    },
    {
      "original": "integrate((2*log(x) + 1)*exp(log(x)**2), x)",
      "requested_difficulty": "easier",
      "variant": "integrate(2*log(x) * exp(log(x)**2), x)",
      "reasoning": "The calculus professor might suggest we extract \\( 2\\log(x) \\) from the integral, separating it from the constant to simplify calculations.",
      "evaluation": "easier",
      "extra_verification": null,
      "transformations_used": [
        "reduce an exponent",
        "change a function to an easier one",
        "convert a product to a simpler sum"
      ],
      "timestamp": "2025-02-05T06:38:28.412689Z"
    },
    {
      "original": "integrate((2*log(x) + 1)*exp(log(x)**2), x)",
      "requested_difficulty": "easier",
      "variant": "integrate(diff((log(x)**2), x)",
      "reasoning": "The creative mathematician may suggest considering the integral as the derivative form based on the product rule, transforming it into simpler components.",
      "evaluation": "easier",
      "extra_verification": null,
      "transformations_used": [
        "reduce an exponent",
        "change a function to an easier one",
        "convert a product to a simpler sum"
      ],
      "timestamp": "2025-02-05T06:38:28.405980Z"
    },
    {
      "original": "integrate((2*log(x) + 1)*exp(log(x)**2), x)",
      "requested_difficulty": "easier",
      "variant": "integrate(2*log(x)*exp(log(x)**2) + exp(log(x)**2), x)",
      "reasoning": "The engineer favors practical computations; thus, let's use numerical methods to create an integral that approximates the original via a finite sum.",
      "evaluation": "equivalent",
      "extra_verification": null,
      "transformations_used": [
        "reduce an exponent",
        "replace transcendental functions with simpler algebraic ones",
        "eliminate a radical",
        "remove logarithmic terms",
        "remove a complicated term"
      ],
      "timestamp": "2025-02-05T06:38:14.663099Z"
    },
    {
      "original": "integrate((2*log(x) + 1)*exp(log(x)**2), x)",
      "requested_difficulty": "easier",
      "variant": "integrate((4/2*log(2*x) + 1)*exp((log(2*x))**2), x)",
      "reasoning": "The number theorist is interested in rational coefficients; thus, rewriting logarithmic terms as rational approximations maintains the integral's complexity but makes it more manageable.",
      "evaluation": "equivalent",
      "extra_verification": null,
      "transformations_used": [
        "reduce an exponent",
        "replace transcendental functions with simpler algebraic ones",
        "eliminate a radical",
        "remove logarithmic terms",
        "remove a complicated term"
      ],
      "timestamp": "2025-02-05T06:38:14.755714Z"
    },
    {
      "original": "integrate((2*log(x) + 1)*exp(log(x)**2), x)",
      "requested_difficulty": "easier",
      "variant": "integrate((2*log(x**2) + 2)*exp(log(x**2)**2), x)",
      "reasoning": "Thinking like a geometry enthusiast, I will reinterpret the logarithmic terms geometrically, perhaps related to areas under curves, while preserving overall complexity.",
      "evaluation": "equivalent",
      "extra_verification": null,
      "transformations_used": [
        "reduce an exponent",
        "replace transcendental functions with simpler algebraic ones",
        "eliminate a radical",
        "remove logarithmic terms",
        "remove a complicated term"
      ],
      "timestamp": "2025-02-05T06:38:14.757352Z"
    },
    {
      "original": "integrate((2*log(x) + 1)*exp(log(x)**2), x)",
      "requested_difficulty": "easier",
      "variant": "integrate(2*log(x)*exp(log(x)**2), x)",
      "reasoning": "As a calculus professor I may want to extract common factors. By restructuring the log term and splitting the integral, it allows for manageable integration.",
      "evaluation": "easier",
      "extra_verification": null,
      "transformations_used": [
        "reduce an exponent",
        "replace transcendental functions with simpler algebraic ones",
        "eliminate a radical",
        "remove logarithmic terms",
        "remove a complicated term"
      ],
      "timestamp": "2025-02-05T06:38:15.512151Z"
    },
    {
      "original": "integrate((2*log(x) + 1)*exp(log(x)**2), x)",
      "requested_difficulty": "equivalent",
      "variant": "integrate((2*(log(x)**2)/2 + log(x) + 1)*exp(log(x)**2), x)",
      "reasoning": "From the viewpoint of a student who enjoys polynomials, I can express the logarithmic function using its polynomial expansion, which might make the integration process more intuitive.",
      "evaluation": "equivalent",
      "extra_verification": null,
      "transformations_used": [
        "change coefficient values slightly",
        "apply algebraic identities that preserve complexity",
        "rewrite using different logarithmic properties"
      ],
      "timestamp": "2025-02-05T06:38:11.520785Z"
    },
    {
      "original": "integrate((2*log(x) + 1)*exp(log(x)**2), x)",
      "requested_difficulty": "equivalent",
      "variant": "integrate((2*log(exp(x)) + 1)*exp(log(exp(x))**2), x)",
      "reasoning": "A theoretical physicist prefers trigonometric forms. Transforming the logarithm into a related exponential function could open new interpretation avenues in the context of integrals of exponential decay.",
      "evaluation": "equivalent",
      "extra_verification": null,
      "transformations_used": [
        "change coefficient values slightly",
        "apply algebraic identities that preserve complexity",
        "rewrite using different logarithmic properties"
      ],
      "timestamp": "2025-02-05T06:38:11.515689Z"
    },
    {
      "original": "integrate((2*log(x) + 1)*exp(log(x)**2), x)",
      "requested_difficulty": "equivalent",
      "variant": "integrate((1*log(x) + 1)*exp(log(x)**2), x)",
      "reasoning": "As an engineer, I focus on the practicality of the computation. By scaling the logarithmic term down to \\( \\frac{1}{2} \\), I preserve complexity but make the integral slightly more manageable.",
      "evaluation": "easier",
      "extra_verification": null,
      "transformations_used": [
        "change coefficient values slightly",
        "apply algebraic identities that preserve complexity",
        "rewrite using different logarithmic properties"
      ],
      "timestamp": "2025-02-05T06:38:11.506010Z"
    },
    {
      "original": "integrate((2*log(x) + 1)*exp(log(x)**2), x)",
      "requested_difficulty": "equivalent",
      "variant": "integrate(((3/2)*log(x) + (1/2))*exp(log(x)**2), x)",
      "reasoning": "From the perspective of a number theorist, I can explore the coefficients as rational expressions. Changing the coefficients to \\( \\frac{3}{2} \\) and \\( \\frac{1}{2} \\) yields an interesting perspective.",
      "evaluation": "easier",
      "extra_verification": null,
      "transformations_used": [
        "change coefficient values slightly",
        "apply algebraic identities that preserve complexity",
        "rewrite using different logarithmic properties"
      ],
      "timestamp": "2025-02-05T06:38:11.507220Z"
    },
    {
      "original": "integrate((2*log(x) + 1)*exp(log(x)**2), x)",
      "requested_difficulty": "equivalent",
      "variant": "integrate(((-2)*log(x) + 1)*exp(log(x)**2), x)",
      "reasoning": "As a geometry enthusiast, I can think of the logarithmic function in terms of its reflection and symmetry properties. By reversing the sign, I observe how its integral might behave.",
      "evaluation": "easier",
      "extra_verification": null,
      "transformations_used": [
        "change coefficient values slightly",
        "apply algebraic identities that preserve complexity",
        "rewrite using different logarithmic properties"
      ],
      "timestamp": "2025-02-05T06:38:11.426636Z"
    },
    {
      "original": "integrate((2*log(x) + 1)*exp(log(x)**2), x)",
      "requested_difficulty": "equivalent",
      "variant": "integrate((log(x**2) + 1)*exp(log(x)**2), x)",
      "reasoning": "I, the creative mathematician, can utilize a different logarithmic property to rewrite the original function as an addition of two parts combining distinct exponential forms, reflecting a different approach.",
      "evaluation": "easier",
      "extra_verification": null,
      "transformations_used": [
        "change coefficient values slightly",
        "apply algebraic identities that preserve complexity",
        "rewrite using different logarithmic properties"
      ],
      "timestamp": "2025-02-05T06:38:11.533794Z"
    },
    {
      "original": "integrate((2*log(x) + 1)*exp(log(x)**2), x)",
      "requested_difficulty": "equivalent",
      "variant": "integrate(((1/4)*log(x) + 1)*exp(log(x)**2), x)",
      "reasoning": "The number theorist in me features an exploration of rational transformations. Introducing a multiplicative factor of \\( \\frac{1}{4} \\) on the logarithm and adjusting the polynomial aspect can create complexity.",
      "evaluation": "easier",
      "extra_verification": null,
      "transformations_used": [
        "change coefficient values slightly",
        "apply algebraic identities that preserve complexity",
        "rewrite using different logarithmic properties"
      ],
      "timestamp": "2025-02-05T06:38:11.516778Z"
    },
    {
      "original": "integrate((2*log(x) + 1)*exp(log(x)**2), x)",
      "requested_difficulty": "equivalent",
      "variant": "integrate((2*log(x) + 1)*x**(log(x)), x)",
      "reasoning": "As a creative mathematician, I want to play with the terms. We can express \\(e^{(\\log(x))^2}\\) as \\(x^{\\log(x)}\\), altering its form while maintaining equivalence within the context of logarithmic identities.",
      "evaluation": "equivalent",
      "extra_verification": null,
      "transformations_used": [
        "apply algebraic identities that preserve complexity",
        "alter constant terms",
        "rewrite using different logarithmic properties"
      ],
      "timestamp": "2025-02-05T06:38:09.033994Z"
    },
    {
      "original": "integrate((2*log(x) + 1)*exp(log(x)**2), x)",
      "requested_difficulty": "equivalent",
      "variant": "integrate((log(x)^2 + 1)*exp(log(x)**2 + log(x)), x)",
      "reasoning": "As an engineer, I focus on practical computations, so I will keep \\(e\\) and logarithmic terms, but I will simplify other multipliers for easier evaluation.",
      "evaluation": "equivalent",
      "extra_verification": null,
      "transformations_used": [
        "apply algebraic identities that preserve complexity",
        "alter constant terms",
        "rewrite using different logarithmic properties"
      ],
      "timestamp": "2025-02-05T06:38:09.166254Z"
    },
    {
      "original": "integrate((2*log(x) + 1)*exp(log(x)**2), x)",
      "requested_difficulty": "equivalent",
      "variant": "integrate((2*(log(x) + 1/2) + 2*(1/4))*exp(log(x)**2), x)",
      "reasoning": "As a devoted calculator, I recognize the benefit of linearizing the \\(\\log(x)\\) terms for easier computational integration.",
      "evaluation": "easier",
      "extra_verification": null,
      "transformations_used": [
        "apply algebraic identities that preserve complexity",
        "alter constant terms",
        "rewrite using different logarithmic properties"
      ],
      "timestamp": "2025-02-05T06:38:09.103151Z"
    }
  ],
  [],
  [
    {
      "original": "integrate(sum(binomial(n + 3, n)*x**n, (n, 0, oo)), x)",
      "requested_difficulty": "easier",
      "variant": "integrate(1/(1 - x)**4, x)",
      "reasoning": "As a calculus professor, I believe in the power of simplification. The original summation contains binomial coefficients which can be simplified using a generating function. This leads to a more manageable expression for integration.",
      "evaluation": "easier",
      "extra_verification": null,
      "transformations_used": [
        "replace a complex fraction with a simpler one",
        "reduce an exponent",
        "simplify the denominator"
      ],
      "timestamp": "2025-02-05T06:38:05.457219Z"
    },
    {
      "original": "integrate(sum(binomial(n + 3, n)*x**n, (n, 0, oo)), x)",
      "requested_difficulty": "easier",
      "variant": "integrate(x**3/(1 - x)**4, x)",
      "reasoning": "Approaching this as a creative mathematician, I see an opportunity to leverage the concept of series expansions. By rewriting the binomial coefficient in a simpler series form, I can make the integral easier to handle.",
      "evaluation": "easier",
      "extra_verification": null,
      "transformations_used": [
        "replace a complex fraction with a simpler one",
        "reduce an exponent",
        "simplify the denominator"
      ],
      "timestamp": "2025-02-05T06:38:05.411983Z"
    },
    {
      "original": "integrate(sum(binomial(n + 3, n)*x**n, (n, 0, oo)), x)",
      "requested_difficulty": "easier",
      "variant": "integrate(expand((1 - x)**(-4)), x)",
      "reasoning": "As a theoretical physicist, I prefer using exponential forms. I recognize that the binomial coefficient can be represented using factorial expressions, leading to a more tractable integral.",
      "evaluation": "easier",
      "extra_verification": null,
      "transformations_used": [
        "replace a complex fraction with a simpler one",
        "reduce an exponent",
        "simplify the denominator"
      ],
      "timestamp": "2025-02-05T06:38:05.414747Z"
    },
    {
      "original": "integrate(sum(binomial(n + 3, n)*x**n, (n, 0, oo)), x)",
      "requested_difficulty": "easier",
      "variant": "integrate(1/(1 - x)**3, x)",
      "reasoning": "Embracing a geometry enthusiast's approach, I can look at the integral in terms of geometric transforms, simplifying the process of tackling the infinite series by reinterpreting the summation in geometric terms.",
      "evaluation": "easier",
      "extra_verification": null,
      "transformations_used": [
        "replace a complex fraction with a simpler one",
        "reduce an exponent",
        "simplify the denominator"
      ],
      "timestamp": "2025-02-05T06:38:05.644929Z"
    }
  ],
  [
    {
      "original": "integrate(tan(x)**4, x)",
      "requested_difficulty": "easier",
      "variant": "integrate((sec(x)**2 - 1)**2, x)",
      "reasoning": "As a calculus professor favoring elegant simplifications, I notice that \\(\\tan(x)^4\\) can be expressed in terms of \\(\\sec(x)\\) through the identity \\(\\tan^2(x) = \\sec^2(x) - 1\\). Therefore, I can express \\(\\tan(x)^4\\) as \\((\\sec^2(x) - 1)^2\\) which may lead to simpler integration.",
      "evaluation": "equivalent",
      "extra_verification": null,
      "transformations_used": [
        "drop a subexpression",
        "replace a complex fraction with a simpler one",
        "lower a coefficient",
        "change a function to an easier one",
        "remove a complicated term"
      ],
      "timestamp": "2025-02-05T06:38:07.749171Z"
    },
    {
      "original": "integrate(tan(x)**4, x)",
      "requested_difficulty": "easier",
      "variant": "integrate((tan(x)**2)**2, x)",
      "reasoning": "As a student who prefers working with polynomials and rational functions, I will express \\(\\tan(x)^4\\) as \\((\\tan(x)^2)^2\\) and then apply the identity for \\(\\tan(x)^2\\) directly, making it manageable.",
      "evaluation": "equivalent",
      "extra_verification": null,
      "transformations_used": [
        "drop a subexpression",
        "replace a complex fraction with a simpler one",
        "lower a coefficient",
        "change a function to an easier one",
        "remove a complicated term"
      ],
      "timestamp": "2025-02-05T06:38:07.703855Z"
    },
    {
      "original": "integrate(tan(x)**4, x)",
      "requested_difficulty": "easier",
      "variant": "integrate(sec(x)**4 - 2*sec(x)**2 + 1, x)",
      "reasoning": "Theoretical physicists often opt for trigonometric identities. Realizing that \\(\\tan^4 x = \\sec^4 x - 2 \\sec^2 x + 1\\), I rearrange the integral to involve powers of \\(\\sec(x)\\) which can yield more traditional integrals.",
      "evaluation": "easier",
      "extra_verification": null,
      "transformations_used": [
        "drop a subexpression",
        "replace a complex fraction with a simpler one",
        "lower a coefficient",
        "change a function to an easier one",
        "remove a complicated term"
      ],
      "timestamp": "2025-02-05T06:38:07.702286Z"
    },
    {
      "original": "integrate(tan(x)**4, x)",
      "requested_difficulty": "easier",
      "variant": "integrate(tan(x)**4, x)",
      "reasoning": "From a number theorist's perspective, I can consider the periodic properties of \\(\\tan(x)\\) and reduce the integral to one period. This can help to avoid redundant calculations and yield a result involving a known form.",
      "evaluation": "equivalent",
      "extra_verification": null,
      "transformations_used": [
        "drop a subexpression",
        "replace a complex fraction with a simpler one",
        "lower a coefficient",
        "change a function to an easier one",
        "remove a complicated term"
      ],
      "timestamp": "2025-02-05T06:38:07.846043Z"
    },
    {
      "original": "integrate(tan(x)**4, x)",
      "requested_difficulty": "easier",
      "variant": "integrate((sin(x)/cos(x))**4, x)",
      "reasoning": "As a geometry enthusiast, I could relate the tangent function to geometric figures. Therefore, I will reinterpret \\(\\tan^4(x)\\) as a function related to area calculations and exploit geometric properties during integration.",
      "evaluation": "equivalent",
      "extra_verification": null,
      "transformations_used": [
        "drop a subexpression",
        "replace a complex fraction with a simpler one",
        "lower a coefficient",
        "change a function to an easier one",
        "remove a complicated term"
      ],
      "timestamp": "2025-02-05T06:38:07.607603Z"
    },
    {
      "original": "integrate(tan(x)**4, x)",
      "requested_difficulty": "easier",
      "variant": "integrate(cos(x)**4 / sin(x)**4, x)",
      "reasoning": "As a creative mathematician, I can explore symmetry by relating the integral to the odd powers of cosine and sine, yielding integrative properties more aligned to average values or mean values of the functions.",
      "evaluation": "equivalent",
      "extra_verification": null,
      "transformations_used": [
        "drop a subexpression",
        "replace a complex fraction with a simpler one",
        "lower a coefficient",
        "change a function to an easier one",
        "remove a complicated term"
      ],
      "timestamp": "2025-02-05T06:38:07.646674Z"
    },
    {
      "original": "integrate(tan(x)**4, x)",
      "requested_difficulty": "easier",
      "variant": "integrate((sin(x)**4)/(cos(x)**4), x)",
      "reasoning": "As a theoretical physicist, I find various trigonometric forms helpful. Using transformation into a cosine form, I can express \\(\\tan^4(x)\\) in terms of sine and cosine and apply Pythagorean identities.",
      "evaluation": "equivalent",
      "extra_verification": null,
      "transformations_used": [
        "convert a product to a simpler sum",
        "replace a complex fraction with a simpler one",
        "remove nested functions",
        "remove a factor",
        "reduce an exponent"
      ],
      "timestamp": "2025-02-05T06:38:05.095630Z"
    },
    {
      "original": "integrate(tan(x)**4, x)",
      "requested_difficulty": "easier",
      "variant": "integrate(tan(x)**2 * (tan(x)**2), x)",
      "reasoning": "As an engineer who prefers computational approaches, I favor decomposing the integral through integration by parts or reduction formulas to simplify the calculation.",
      "evaluation": "equivalent",
      "extra_verification": null,
      "transformations_used": [
        "convert a product to a simpler sum",
        "replace a complex fraction with a simpler one",
        "remove nested functions",
        "remove a factor",
        "reduce an exponent"
      ],
      "timestamp": "2025-02-05T06:38:05.141839Z"
    },
    {
      "original": "integrate(tan(x)**4, x)",
      "requested_difficulty": "easier",
      "variant": "integrate((1 - 1/cos(x)**2)**2, x)",
      "reasoning": "As a number theorist fascinated by primes and rational coefficients, I analyze \\(\\tan^4(x)\\) through its underlying polynomial behavior and seek to express it in rational terms.",
      "evaluation": "equivalent",
      "extra_verification": null,
      "transformations_used": [
        "convert a product to a simpler sum",
        "replace a complex fraction with a simpler one",
        "remove nested functions",
        "remove a factor",
        "reduce an exponent"
      ],
      "timestamp": "2025-02-05T06:38:05.214160Z"
    },
    {
      "original": "integrate(tan(x)**4, x)",
      "requested_difficulty": "easier",
      "variant": "integrate((sin(x)**4/cos(x)**4), x)",
      "reasoning": "As a geometry enthusiast, I explore geometric transformations. I consider the symmetry in the integrand and visualize how converting to a definite integral might prove advantageous in my analysis.",
      "evaluation": "equivalent",
      "extra_verification": null,
      "transformations_used": [
        "convert a product to a simpler sum",
        "replace a complex fraction with a simpler one",
        "remove nested functions",
        "remove a factor",
        "reduce an exponent"
      ],
      "timestamp": "2025-02-05T06:38:05.140938Z"
    },
    {
      "original": "integrate(tan(x)**4, x)",
      "requested_difficulty": "equivalent",
      "variant": "integrate((sec(x)**4 - 2*sec(x)**2), x)",
      "reasoning": "As a theoretical physicist, I find value in using trigonometric identities to express the integral in terms of \\( \\sec(x) \\) and \\( \\tan(x) \\). This not only diversifies the forms but can also lead to interesting identities.",
      "evaluation": "easier",
      "extra_verification": null,
      "transformations_used": [
        "alter constant terms",
        "change variables while maintaining complexity",
        "use alternate but equivalent radical forms"
      ],
      "timestamp": "2025-02-05T06:38:08.660298Z"
    },
    {
      "original": "integrate(tan(x)**4, x)",
      "requested_difficulty": "equivalent",
      "variant": "integrate(tan(x + pi/4)**4 - 3*tan(x + pi/4)**2 + 2, x)",
      "reasoning": "As a geometry enthusiast who thinks in terms of transformations, I observe that using a potential rotation transformation will allow the use of symmetry properties of the tangent function, producing a different yet related form.",
      "evaluation": "easier",
      "extra_verification": null,
      "transformations_used": [
        "alter constant terms",
        "change variables while maintaining complexity",
        "use alternate but equivalent radical forms"
      ],
      "timestamp": "2025-02-05T06:38:08.694900Z"
    },
    {
      "original": "integrate(tan(x)**4, x)",
      "requested_difficulty": "equivalent",
      "variant": "integrate((tan(x)**2)**2 * (1 + tan(x)**2), x)",
      "reasoning": "Embracing my role as a calculus professor again, I expand upon the power and utilize the formula for \\( \\tan^n(x) \\) closely tied to binomial expansions. This allows for a multifaceted exploration of complex factors.",
      "evaluation": "equivalent",
      "extra_verification": null,
      "transformations_used": [
        "alter constant terms",
        "change variables while maintaining complexity",
        "use alternate but equivalent radical forms"
      ],
      "timestamp": "2025-02-05T06:38:10.157468Z"
    },
    {
      "original": "integrate(tan(x)**4, x)",
      "requested_difficulty": "equivalent",
      "variant": "integrate((sum((-1)**n/(2*n + 1)**4 for n in range(5))), x)",
      "reasoning": "From a number theorist's perspective, I can focus on a sum representation that shifts the structure into a more additive form, keeping the roots of trigonometric identities intact.",
      "evaluation": "easier",
      "extra_verification": null,
      "transformations_used": [
        "alter constant terms",
        "change variables while maintaining complexity",
        "use alternate but equivalent radical forms"
      ],
      "timestamp": "2025-02-05T06:38:08.435165Z"
    },
    {
      "original": "integrate(tan(x)**4, x)",
      "requested_difficulty": "equivalent",
      "variant": "integrate(1/cos(x)**4 - 1/cos(x)**2, x)",
      "reasoning": "As an engineer, I apply practical transformations, opting for identities to reformulate the integral into a more approachable rational form that could lend itself to numerical methods.",
      "evaluation": "equivalent",
      "extra_verification": null,
      "transformations_used": [
        "rewrite using alternate algebraic forms",
        "apply algebraic identities that preserve complexity",
        "distribute terms differently"
      ],
      "timestamp": "2025-02-05T06:38:14.442781Z"
    },
    {
      "original": "integrate(tan(x)**4, x)",
      "requested_difficulty": "equivalent",
      "variant": "integrate(4*sec(x)**2*tan(x)**2, x)",
      "reasoning": "As a geometry enthusiast, I consider the geometric interpretations of functions. Analyzing the properties of the limit defines how I reformulate \\(\\tan(x)\\) based on the unit circle geometry.",
      "evaluation": "easier",
      "extra_verification": null,
      "transformations_used": [
        "rewrite using alternate algebraic forms",
        "apply algebraic identities that preserve complexity",
        "distribute terms differently"
      ],
      "timestamp": "2025-02-05T06:38:14.598232Z"
    },
    {
      "original": "integrate(tan(x)**4, x)",
      "requested_difficulty": "equivalent",
      "variant": "integrate((tan(x)**2)*(tan(x)**2), x)",
      "reasoning": "Viewing this integral as a polynomial function, I might express \\(\\tan^4(x)\\) using the recursive relation of polynomial expansions. This iterative method allows for deeper exploration.",
      "evaluation": "equivalent",
      "extra_verification": null,
      "transformations_used": [
        "rewrite using alternate algebraic forms",
        "apply algebraic identities that preserve complexity",
        "distribute terms differently"
      ],
      "timestamp": "2025-02-05T06:38:14.644902Z"
    },
    {
      "original": "integrate(tan(x)**4, x)",
      "requested_difficulty": "equivalent",
      "variant": "integrate(4*tan(x)**2 - 3*tan(x)**4, x)",
      "reasoning": "From the angle of the calculus professor, I reconsider the integral by simplifying \\(\\tan(x)\\) further using its series representation, which maintains complexity while revealing alternatives.",
      "evaluation": "easier",
      "extra_verification": null,
      "transformations_used": [
        "rewrite using alternate algebraic forms",
        "apply algebraic identities that preserve complexity",
        "distribute terms differently"
      ],
      "timestamp": "2025-02-05T06:38:14.438940Z"
    }
  ],
  [
    {
      "original": "integrate(sqrt(x)/(1+x), (x, 0, 1))",
      "requested_difficulty": "easier",
      "variant": "integrate(x**(1/2)/(1+x**1), x)",
      "reasoning": "As a student who prefers polynomials, I can expand the denominator to create a rational function. This allows me to focus on polynomial long division instead of radicals. I express the integrand as a polynomial fraction.",
      "evaluation": "easier",
      "extra_verification": null,
      "transformations_used": [
        "eliminate a radical",
        "simplify a trigonometric component",
        "drop a subexpression",
        "remove a factor",
        "simplify the denominator"
      ],
      "timestamp": "2025-02-05T06:38:06.344883Z"
    },
    {
      "original": "integrate(sqrt(x)/(1+x), (x, 0, 1))",
      "requested_difficulty": "easier",
      "variant": "integrate((sqrt(4*x)/(4*(1+x))), x)",
      "reasoning": "As an engineer, I like practical approaches. Here, I can multiply the integrand by a factor that allows me to make it look like a product of a simple polynomial and a simpler denominator.",
      "evaluation": "easier",
      "extra_verification": null,
      "transformations_used": [
        "eliminate a radical",
        "simplify a trigonometric component",
        "drop a subexpression",
        "remove a factor",
        "simplify the denominator"
      ],
      "timestamp": "2025-02-05T06:38:06.160224Z"
    },
    {
      "original": "integrate(sqrt(x)/(1+x), (x, 0, 1))",
      "requested_difficulty": "easier",
      "variant": "integrate(sqrt(x)/(1+x) - (1/2)*x, x)",
      "reasoning": "With a number theorist's fascination for primes and rational coefficients, I can consider rational approximations of the functions involved in this integral to work around the radical through series expansion or rational function representation.",
      "evaluation": "easier",
      "extra_verification": null,
      "transformations_used": [
        "eliminate a radical",
        "simplify a trigonometric component",
        "drop a subexpression",
        "remove a factor",
        "simplify the denominator"
      ],
      "timestamp": "2025-02-05T06:38:06.099089Z"
    }
  ]
]