[
  [
    {
      "original": "integrate(e**(-2*x**2-5*x-3), (x, -oo, oo))",
      "requested_difficulty": "easier",
      "variant": "integrate(exp(-2*(x + 5/8)**2 + 5/32 - 3), x)",
      "reasoning": "As a calculus professor, I believe we can simplify the exponent by completing the square. This may make it easier to tackle the integral.",
      "evaluation": "easier",
      "extra_verification": null,
      "transformations_used": [
        "replace transcendental functions with simpler algebraic ones",
        "remove a complicated term",
        "eliminate a radical",
        "reduce the number of terms in the expression",
        "reduce the degree of a polynomial"
      ],
      "timestamp": "2025-02-05T06:34:37.604432Z"
    },
    {
      "original": "integrate(e**(-2*x**2-5*x-3), (x, -oo, oo))",
      "requested_difficulty": "easier",
      "variant": "integrate(exp(-2*(x**2 + 5/2*x + 9/8)), x)",
      "reasoning": "As a creative mathematician, let\u2019s introduce a substitution that simplifies our integrand. We can use a substitution that makes the expression polynomial-like.",
      "evaluation": "easier",
      "extra_verification": null,
      "transformations_used": [
        "replace transcendental functions with simpler algebraic ones",
        "remove a complicated term",
        "eliminate a radical",
        "reduce the number of terms in the expression",
        "reduce the degree of a polynomial"
      ],
      "timestamp": "2025-02-05T06:34:37.743395Z"
    },
    {
      "original": "integrate(e**(-2*x**2-5*x-3), (x, -oo, oo))",
      "requested_difficulty": "easier",
      "variant": "integrate(exp(-2*(x**2)), x)",
      "reasoning": "As a student who enjoys polynomials, I\u2019d like to replace the exponent with a polynomial approximation over a given range, simplifying the integration significantly.",
      "evaluation": "easier",
      "extra_verification": null,
      "transformations_used": [
        "replace transcendental functions with simpler algebraic ones",
        "remove a complicated term",
        "eliminate a radical",
        "reduce the number of terms in the expression",
        "reduce the degree of a polynomial"
      ],
      "timestamp": "2025-02-05T06:34:37.652064Z"
    },
    {
      "original": "integrate(e**(-2*x**2-5*x-3), (x, -oo, oo))",
      "requested_difficulty": "easier",
      "variant": "integrate(exp(-2*x**2), x)",
      "reasoning": "From an engineering perspective, we observe that the long exponential decay can be approximated by simply considering the dominant term, thereby simplifying the integral.",
      "evaluation": "easier",
      "extra_verification": null,
      "transformations_used": [
        "replace transcendental functions with simpler algebraic ones",
        "remove a complicated term",
        "eliminate a radical",
        "reduce the number of terms in the expression",
        "reduce the degree of a polynomial"
      ],
      "timestamp": "2025-02-05T06:34:37.563803Z"
    },
    {
      "original": "integrate(e**(-2*x**2-5*x-3), (x, -oo, oo))",
      "requested_difficulty": "easier",
      "variant": "integrate(exp(-2*(1**2 + 5*1 + 3)), x)",
      "reasoning": "As a number theorist, I\u2019m interested in replacing the polynomial by testing small integers to create discrete points. This may yield an insightful integral.",
      "evaluation": "easier",
      "extra_verification": null,
      "transformations_used": [
        "replace transcendental functions with simpler algebraic ones",
        "remove a complicated term",
        "eliminate a radical",
        "reduce the number of terms in the expression",
        "reduce the degree of a polynomial"
      ],
      "timestamp": "2025-02-05T06:34:38.013145Z"
    },
    {
      "original": "integrate(e**(-2*x**2-5*x-3), (x, -oo, oo))",
      "requested_difficulty": "easier",
      "variant": "integrate(exp(-2*((1/2)*x)**2 - 5*(1/2)*x - 3), x)",
      "reasoning": "As a geometry enthusiast, I like to think of transformations. Let\u2019s apply a simple scaling where we reduce the scale of x, which might help modulate the integration nicely.",
      "evaluation": "equivalent",
      "extra_verification": null,
      "transformations_used": [
        "replace transcendental functions with simpler algebraic ones",
        "remove a complicated term",
        "eliminate a radical",
        "reduce the number of terms in the expression",
        "reduce the degree of a polynomial"
      ],
      "timestamp": "2025-02-05T06:34:37.428698Z"
    },
    {
      "original": "integrate(e**(-2*x**2-5*x-3), (x, -oo, oo))",
      "requested_difficulty": "easier",
      "variant": "integrate(exp(-(x**2 + 5*x + 3)), x)",
      "reasoning": "Inspired by a creative mindset, I propose changing the variable to something that transforms the entire integrand into a more manageable format.",
      "evaluation": "easier",
      "extra_verification": null,
      "transformations_used": [
        "replace transcendental functions with simpler algebraic ones",
        "remove a complicated term",
        "eliminate a radical",
        "reduce the number of terms in the expression",
        "reduce the degree of a polynomial"
      ],
      "timestamp": "2025-02-05T06:34:37.479666Z"
    },
    {
      "original": "integrate(e**(-2*x**2-5*x-3), (x, -oo, oo))",
      "requested_difficulty": "easier",
      "variant": "integrate(exp(-2*(x + 5/8)**2 + (25/32) - 3), x)",
      "reasoning": "As a calculus professor, I appreciate the elegance of completing the square. By re-expressing the exponent, we can simplify the analysis of the Gaussian integral.",
      "evaluation": "easier",
      "extra_verification": null,
      "transformations_used": [
        "remove logarithmic terms",
        "remove a complicated term",
        "simplify the denominator",
        "drop a subexpression",
        "reduce an exponent"
      ],
      "timestamp": "2025-02-05T06:34:39.456249Z"
    },
    {
      "original": "integrate(e**(-2*x**2-5*x-3), (x, -oo, oo))",
      "requested_difficulty": "easier",
      "variant": "integrate(exp(-2*(x + 1)**2 - 5*(x + 1) - 1), x)",
      "reasoning": "From the perspective of a creative mathematician, I can see potential in substituting variables to simplify the expression while keeping some complexity. Let\u2019s use +1 as an adjustment to shift the variable slightly.",
      "evaluation": "easier",
      "extra_verification": null,
      "transformations_used": [
        "remove logarithmic terms",
        "remove a complicated term",
        "simplify the denominator",
        "drop a subexpression",
        "reduce an exponent"
      ],
      "timestamp": "2025-02-05T06:34:39.489589Z"
    },
    {
      "original": "integrate(e**(-2*x**2-5*x-3), (x, -oo, oo))",
      "requested_difficulty": "easier",
      "variant": "integrate(exp(-2*x**2 - 3), x)",
      "reasoning": "As a student who prefers polynomials and rational functions, I want to consider a polynomial simplification by dropping the linear term and keeping a simple quadratic form. This captures essential behavior with less clutter.",
      "evaluation": "easier",
      "extra_verification": null,
      "transformations_used": [
        "remove logarithmic terms",
        "remove a complicated term",
        "simplify the denominator",
        "drop a subexpression",
        "reduce an exponent"
      ],
      "timestamp": "2025-02-05T06:34:39.975489Z"
    },
    {
      "original": "integrate(e**(-2*x**2-5*x-3), (x, -oo, oo))",
      "requested_difficulty": "easier",
      "variant": "integrate(exp(-x**2 - (5/2)*x - 3/2), x)",
      "reasoning": "A number theorist like me enjoys analyzing terms in a modified structure to seek rational coefficients and symmetries. Hence, I reduce the coefficients in the exponent to make the integral approachable.",
      "evaluation": "easier",
      "extra_verification": null,
      "transformations_used": [
        "remove logarithmic terms",
        "remove a complicated term",
        "simplify the denominator",
        "drop a subexpression",
        "reduce an exponent"
      ],
      "timestamp": "2025-02-05T06:34:39.488502Z"
    },
    {
      "original": "integrate(e**(-2*x**2-5*x-3), (x, -oo, oo))",
      "requested_difficulty": "easier",
      "variant": "integrate(exp(-((sqrt(2)*x + (5/sqrt(2)))**2)/2 - 3), x)",
      "reasoning": "Emphasizing geometric transformations, I can rethink the function in terms of a shift and scaling that retains its essence while adapting it for easier evaluation.",
      "evaluation": "easier",
      "extra_verification": null,
      "transformations_used": [
        "remove logarithmic terms",
        "remove a complicated term",
        "simplify the denominator",
        "drop a subexpression",
        "reduce an exponent"
      ],
      "timestamp": "2025-02-05T06:34:39.470898Z"
    },
    {
      "original": "integrate(e**(-2*x**2-5*x-3), (x, -oo, oo))",
      "requested_difficulty": "easier",
      "variant": "integrate(exp(-2*(x + 5/4)**2 + 25/8 - 3), x)",
      "reasoning": "As a calculus professor, I appreciate the elegance of Gaussian integrals. By completing the square in the exponent, I can transform the integrand into a more manageable form.",
      "evaluation": "easier",
      "extra_verification": null,
      "transformations_used": [
        "replace transcendental functions with simpler algebraic ones",
        "remove a factor",
        "remove logarithmic terms"
      ],
      "timestamp": "2025-02-05T06:34:39.316617Z"
    },
    {
      "original": "integrate(e**(-2*x**2-5*x-3), (x, -oo, oo))",
      "requested_difficulty": "easier",
      "variant": "integrate(exp(-u), x)",
      "reasoning": "As a creative mathematician, I find unusual substitutions fascinating. Let's use a substitution to convert the exponent's quadratic form into a single-variable polynomial for easier integration. Letting \\( u = x^2 + (5/4)x + 3/8 \\) simplifies the integral.",
      "evaluation": "easier",
      "extra_verification": null,
      "transformations_used": [
        "replace transcendental functions with simpler algebraic ones",
        "remove a factor",
        "remove logarithmic terms"
      ],
      "timestamp": "2025-02-05T06:34:39.516953Z"
    },
    {
      "original": "integrate(e**(-2*x**2-5*x-3), (x, -oo, oo))",
      "requested_difficulty": "easier",
      "variant": "integrate((1/exp(3))*exp(-2*x**2 - 5*x), x)",
      "reasoning": "As a number theorist, I find it interesting to factor out constants and use rational coefficients. I will explore the integral by pulling the constants out to simplify the integration.",
      "evaluation": "easier",
      "extra_verification": null,
      "transformations_used": [
        "replace transcendental functions with simpler algebraic ones",
        "remove a factor",
        "remove logarithmic terms"
      ],
      "timestamp": "2025-02-05T06:34:39.304303Z"
    },
    {
      "original": "integrate(e**(-2*x**2-5*x-3), (x, -oo, oo))",
      "requested_difficulty": "easier",
      "variant": "integrate(exp(-(x**2/2 + 5/2 * x + 3)), x)",
      "reasoning": "A geometry enthusiast thinks about area under curves. I will use an integral related to the standard normal distribution by repositioning constants through an appropriate adjustment.",
      "evaluation": "easier",
      "extra_verification": null,
      "transformations_used": [
        "replace transcendental functions with simpler algebraic ones",
        "remove a factor",
        "remove logarithmic terms"
      ],
      "timestamp": "2025-02-05T06:34:39.283239Z"
    },
    {
      "original": "integrate(e**(-2*x**2-5*x-3), (x, -oo, oo))",
      "requested_difficulty": "easier",
      "variant": "integrate(exp(-2*x**2 - 5), x)",
      "reasoning": "As a creative mathematician, I can think about adjustments in the variables to ignore constants while maintaining the form. This allows the exploration of the overall structure without constant distractions.",
      "evaluation": "easier",
      "extra_verification": null,
      "transformations_used": [
        "replace transcendental functions with simpler algebraic ones",
        "remove a factor",
        "remove logarithmic terms"
      ],
      "timestamp": "2025-02-05T06:34:39.338773Z"
    },
    {
      "original": "integrate(e**(-2*x**2-5*x-3), (x, -oo, oo))",
      "requested_difficulty": "easier",
      "variant": "integrate(exp(-2*x**2)*exp(-5*x - 3), x)",
      "reasoning": "As a theoretical physicist, rearranging factors to form a product of simpler exponential integrals may be beneficial. Here we simplify and decompose the integral.",
      "evaluation": "equivalent",
      "extra_verification": null,
      "transformations_used": [
        "replace transcendental functions with simpler algebraic ones",
        "remove a factor",
        "remove logarithmic terms"
      ],
      "timestamp": "2025-02-05T06:34:39.640195Z"
    },
    {
      "original": "integrate(e**(-2*x**2-5*x-3), (x, -oo, oo))",
      "requested_difficulty": "easier",
      "variant": "integrate(exp(-2*(x**2 + (5/2)*x + (25/16))), x)",
      "reasoning": "As a student favoring polynomials, I notice that I can simplify the polynomial component by factoring it. This will allow the exponential function to be expressed in terms of simpler polynomial expressions.",
      "evaluation": "easier",
      "extra_verification": null,
      "transformations_used": [
        "simplify a trigonometric component",
        "reduce the degree of a polynomial",
        "replace a complex fraction with a simpler one"
      ],
      "timestamp": "2025-02-05T06:34:39.931731Z"
    },
    {
      "original": "integrate(e**(-2*x**2-5*x-3), (x, -oo, oo))",
      "requested_difficulty": "easier",
      "variant": "integrate(exp(-2*(x**2 + (5/2)*x + (25/16)) - 3), x)",
      "reasoning": "As a theoretical physicist, I find it helpful to express the integrand with an exponential form that is commonly used in statistical mechanics. This allows me to utilize insights from Gaussian integrals.",
      "evaluation": "easier",
      "extra_verification": null,
      "transformations_used": [
        "simplify a trigonometric component",
        "reduce the degree of a polynomial",
        "replace a complex fraction with a simpler one"
      ],
      "timestamp": "2025-02-05T06:34:40.154776Z"
    },
    {
      "original": "integrate(e**(-2*x**2-5*x-3), (x, -oo, oo))",
      "requested_difficulty": "equivalent",
      "variant": "integrate(exp(-2*(x + 5/4)**2) * exp(13/8), x)",
      "reasoning": "From a creative mathematician's perspective, I prefer working with a new substitution. I will use a variable change to see the integral from a different angle.",
      "evaluation": "easier",
      "extra_verification": null,
      "transformations_used": [
        "factor common terms differently",
        "change coefficient values slightly",
        "rewrite using alternate algebraic forms",
        "change variables while maintaining complexity",
        "alter constant terms"
      ],
      "timestamp": "2025-02-05T06:34:40.157566Z"
    },
    {
      "original": "integrate(e**(-2*x**2-5*x-3), (x, -oo, oo))",
      "requested_difficulty": "equivalent",
      "variant": "integrate(exp(-2*(x**2 + 5/2*x)) * cos(0), x)",
      "reasoning": "The theoretical physicist in me enjoys working with trigonometric transformations. Thus, I will rewrite the exponential in terms of a sine wave representation.",
      "evaluation": "easier",
      "extra_verification": null,
      "transformations_used": [
        "factor common terms differently",
        "change coefficient values slightly",
        "rewrite using alternate algebraic forms",
        "change variables while maintaining complexity",
        "alter constant terms"
      ],
      "timestamp": "2025-02-05T06:34:40.474950Z"
    },
    {
      "original": "integrate(e**(-2*x**2-5*x-3), (x, -oo, oo))",
      "requested_difficulty": "equivalent",
      "variant": "integrate(exp(-2*x**2 - 4.8*x - 2.98), x)",
      "reasoning": "Engaging my engineering side, I notice that slight alterations in parameters can lead to equivalent equations. I will change the coefficients minimally while retaining structure.",
      "evaluation": "easier",
      "extra_verification": null,
      "transformations_used": [
        "factor common terms differently",
        "change coefficient values slightly",
        "rewrite using alternate algebraic forms",
        "change variables while maintaining complexity",
        "alter constant terms"
      ],
      "timestamp": "2025-02-05T06:34:40.211881Z"
    },
    {
      "original": "integrate(e**(-2*x**2-5*x-3), (x, -oo, oo))",
      "requested_difficulty": "equivalent",
      "variant": "integrate(exp(-((2/5)*(5*x + 2))**2), x)",
      "reasoning": "Approaching from number theory, I will express the integrand focusing on rational approximations and boundaries of convergence.",
      "evaluation": "easier",
      "extra_verification": null,
      "transformations_used": [
        "factor common terms differently",
        "change coefficient values slightly",
        "rewrite using alternate algebraic forms",
        "change variables while maintaining complexity",
        "alter constant terms"
      ],
      "timestamp": "2025-02-05T06:34:40.361067Z"
    },
    {
      "original": "integrate(e**(-2*x**2-5*x-3), (x, -oo, oo))",
      "requested_difficulty": "equivalent",
      "variant": "integrate(exp(-2*((x - 5/4)**2 + 25/16) - 3), x)",
      "reasoning": "Channeling a geometric transformation enthusiast's point of view, I will consider shifting the variable to center around a significant point for easier integration techniques.",
      "evaluation": "easier",
      "extra_verification": null,
      "transformations_used": [
        "factor common terms differently",
        "change coefficient values slightly",
        "rewrite using alternate algebraic forms",
        "change variables while maintaining complexity",
        "alter constant terms"
      ],
      "timestamp": "2025-02-05T06:34:40.324204Z"
    },
    {
      "original": "integrate(e**(-2*x**2-5*x-3), (x, -oo, oo))",
      "requested_difficulty": "equivalent",
      "variant": "integrate(exp(-(2/5)*(5*x + 2)**2), x)",
      "reasoning": "Emphasizing the beauty of symmetry in math, I express the integrand in a more symmetric polynomial form while ensuring it retains its complexity.",
      "evaluation": "easier",
      "extra_verification": null,
      "transformations_used": [
        "factor common terms differently",
        "change coefficient values slightly",
        "rewrite using alternate algebraic forms",
        "change variables while maintaining complexity",
        "alter constant terms"
      ],
      "timestamp": "2025-02-05T06:34:40.323141Z"
    },
    {
      "original": "integrate(e**(-2*x**2-5*x-3), (x, -oo, oo))",
      "requested_difficulty": "equivalent",
      "variant": "integrate(exp(-4*(x**2 + (5/2)*x + 3/4)), x)",
      "reasoning": "From the perspective of a creative mathematician, I will apply an analogy to convolution in Fourier analysis, showcasing a variant integral structure.",
      "evaluation": "easier",
      "extra_verification": null,
      "transformations_used": [
        "factor common terms differently",
        "change coefficient values slightly",
        "rewrite using alternate algebraic forms",
        "change variables while maintaining complexity",
        "alter constant terms"
      ],
      "timestamp": "2025-02-05T06:34:40.198992Z"
    },
    {
      "original": "integrate(e**(-2*x**2-5*x-3), (x, -oo, oo))",
      "requested_difficulty": "equivalent",
      "variant": "integrate(exp(-(3/2)*(2*x**2 + 3.5*x + 4)), x)",
      "reasoning": "Lastly, as a calculus professor, I can't resist making the integral more complex while still solvable by a skilled student \u2013 thus, transforming coefficients.",
      "evaluation": "easier",
      "extra_verification": null,
      "transformations_used": [
        "factor common terms differently",
        "change coefficient values slightly",
        "rewrite using alternate algebraic forms",
        "change variables while maintaining complexity",
        "alter constant terms"
      ],
      "timestamp": "2025-02-05T06:34:40.277637Z"
    },
    {
      "original": "integrate(e**(-2*x**2-5*x-3), (x, -oo, oo))",
      "requested_difficulty": "equivalent",
      "variant": "integrate(exp(-2*(x + 5/8)**2 + 5/8**2 - 3), x)",
      "reasoning": "As a calculus professor, I find that completing the square in the exponent can reveal more about the integral\u2019s structure. This helps in recognizing the Gaussian form.",
      "evaluation": "easier",
      "extra_verification": null,
      "transformations_used": [
        "change coefficient values slightly",
        "distribute terms differently",
        "rewrite using alternate algebraic forms"
      ],
      "timestamp": "2025-02-05T06:34:39.474035Z"
    },
    {
      "original": "integrate(e**(-2*x**2-5*x-3), (x, -oo, oo))",
      "requested_difficulty": "equivalent",
      "variant": "integrate(exp(-2*x**2 - 5*x - 3 + 0.001), x)",
      "reasoning": "Channeling my inner creative mathematician, I modify the coefficients slightly. This can help in simplifying the integral by introducing a different scaling factor while retaining equivalence.",
      "evaluation": "equivalent",
      "extra_verification": null,
      "transformations_used": [
        "change coefficient values slightly",
        "distribute terms differently",
        "rewrite using alternate algebraic forms"
      ],
      "timestamp": "2025-02-05T06:34:39.290727Z"
    },
    {
      "original": "integrate(e**(-2*x**2-5*x-3), (x, -oo, oo))",
      "requested_difficulty": "equivalent",
      "variant": "integrate(exp(-(2*x**2 + 5*x + 3)), x)",
      "reasoning": "As a student who enjoys working with polynomials, I express the integral by factoring and expanding the polynomial elements within the exponential.",
      "evaluation": "equivalent",
      "extra_verification": null,
      "transformations_used": [
        "change coefficient values slightly",
        "distribute terms differently",
        "rewrite using alternate algebraic forms"
      ],
      "timestamp": "2025-02-05T06:34:39.354206Z"
    },
    {
      "original": "integrate(e**(-2*x**2-5*x-3), (x, -oo, oo))",
      "requested_difficulty": "equivalent",
      "variant": "integrate(exp(-2*((sqrt(2)*x + 5/(2*sqrt(2)))**2 - 25/8)), x)",
      "reasoning": "With a theoretical physicist's perspective, I prefer using a substitution to transform the integral into trigonometric or exponential forms that may simplify the evaluation.",
      "evaluation": "easier",
      "extra_verification": null,
      "transformations_used": [
        "change coefficient values slightly",
        "distribute terms differently",
        "rewrite using alternate algebraic forms"
      ],
      "timestamp": "2025-02-05T06:34:39.387037Z"
    },
    {
      "original": "integrate(e**(-2*x**2-5*x-3), (x, -oo, oo))",
      "requested_difficulty": "equivalent",
      "variant": "integrate(exp(-2*(x**2 + (5/2)*x + 3/2)), x)",
      "reasoning": "From an engineer's viewpoint, I appreciate numerical approximations. Although I am still working with the same integral, it emphasizes measurement and practical scenarios.",
      "evaluation": "easier",
      "extra_verification": null,
      "transformations_used": [
        "change coefficient values slightly",
        "distribute terms differently",
        "rewrite using alternate algebraic forms"
      ],
      "timestamp": "2025-02-05T06:34:39.261944Z"
    },
    {
      "original": "integrate(e**(-2*x**2-5*x-3), (x, -oo, oo))",
      "requested_difficulty": "equivalent",
      "variant": "integrate(exp(-2*x**2 - 5*prime(1)*x - prime(8)), x)",
      "reasoning": "As a number theorist, I am intrigued by manipulating coefficients into forms that can expose underlying patterns, focusing on the characteristics of the constants.",
      "evaluation": "easier",
      "extra_verification": null,
      "transformations_used": [
        "change coefficient values slightly",
        "distribute terms differently",
        "rewrite using alternate algebraic forms"
      ],
      "timestamp": "2025-02-05T06:34:39.257363Z"
    },
    {
      "original": "integrate(e**(-2*x**2-5*x-3), (x, -oo, oo))",
      "requested_difficulty": "equivalent",
      "variant": "integrate(exp(-2*((x - 5/4)**2 + 9/8)), x)",
      "reasoning": "In my geometric explorations, I embrace transformations that relate to the symmetry of functions. I aim to express the integral in a way that reveals reflective properties.",
      "evaluation": "easier",
      "extra_verification": null,
      "transformations_used": [
        "change coefficient values slightly",
        "distribute terms differently",
        "rewrite using alternate algebraic forms"
      ],
      "timestamp": "2025-02-05T06:34:39.287285Z"
    },
    {
      "original": "integrate(e**(-2*x**2-5*x-3), (x, -oo, oo))",
      "requested_difficulty": "equivalent",
      "variant": "integrate(exp(-1*(4*x**2 + 10*x + 6)), x)",
      "reasoning": "In the spirit of a creative mathematician, I explore variable transformations that yield equivalent, albeit more intricate, expressions to challenge my own understanding.",
      "evaluation": "equivalent",
      "extra_verification": null,
      "transformations_used": [
        "change coefficient values slightly",
        "distribute terms differently",
        "rewrite using alternate algebraic forms"
      ],
      "timestamp": "2025-02-05T06:34:39.273570Z"
    },
    {
      "original": "integrate(e**(-2*x**2-5*x-3), (x, -oo, oo))",
      "requested_difficulty": "equivalent",
      "variant": "integrate(exp(-sqrt(2)**2 * (x**2 + (5/sqrt(2))*x + 3/sqrt(2)**2)), x)",
      "reasoning": "As a theoretical physicist, I am also inclined to simplify the expression by expressing constants as products of other numbers, leading to a different yet equivalent form.",
      "evaluation": "easier",
      "extra_verification": null,
      "transformations_used": [
        "change coefficient values slightly",
        "distribute terms differently",
        "rewrite using alternate algebraic forms"
      ],
      "timestamp": "2025-02-05T06:34:39.248167Z"
    },
    {
      "original": "integrate(e**(-2*x**2-5*x-3), (x, -oo, oo))",
      "requested_difficulty": "equivalent",
      "variant": "integrate(exp(-2*(x**2 + (5/2)*x) - 3), x)",
      "reasoning": "As a calculus professor who loves elegant simplifications, I will modify the exponent slightly by factoring out a constant to highlight \\( e^{-3} \\) as a multiplicative factor outside the integral.",
      "evaluation": "easier",
      "extra_verification": null,
      "transformations_used": [
        "apply algebraic identities that preserve complexity",
        "alter constant terms",
        "substitute equivalent exponential forms",
        "modify an exponent slightly",
        "rewrite using different logarithmic properties"
      ],
      "timestamp": "2025-02-05T06:34:40.799674Z"
    },
    {
      "original": "integrate(e**(-2*x**2-5*x-3), (x, -oo, oo))",
      "requested_difficulty": "equivalent",
      "variant": "integrate(exp(-(1/2)*(4*(x**2) + 10*x + 6)), x)",
      "reasoning": "From the perspective of a creative mathematician, I will explore changing the coefficient of \\( x^2 \\) using the identity \\( e^{-ax^2} = e^{-a(x^2)} \\) to highlight the dependence on \\( a \\) quietly.",
      "evaluation": "equivalent",
      "extra_verification": null,
      "transformations_used": [
        "apply algebraic identities that preserve complexity",
        "alter constant terms",
        "substitute equivalent exponential forms",
        "modify an exponent slightly",
        "rewrite using different logarithmic properties"
      ],
      "timestamp": "2025-02-05T06:34:40.671234Z"
    },
    {
      "original": "integrate(e**(-2*x**2-5*x-3), (x, -oo, oo))",
      "requested_difficulty": "equivalent",
      "variant": "integrate(exp(-(2*(x**2 + (5/2)*x + (9/4)))), x)",
      "reasoning": "As an engineer who emphasizes computational methods, I'll transform the quadratic into a numerical factorization, making the integral resemble a convolution of two functions for numerical techniques.",
      "evaluation": "easier",
      "extra_verification": null,
      "transformations_used": [
        "apply algebraic identities that preserve complexity",
        "alter constant terms",
        "substitute equivalent exponential forms",
        "modify an exponent slightly",
        "rewrite using different logarithmic properties"
      ],
      "timestamp": "2025-02-05T06:34:40.764166Z"
    }
  ]
]