[
  [
    {
      "original": "integrate((1 + x + x**2 + x**3 + x**4)*(1 - x + x**2 - x**3 + x**4), x)",
      "requested_difficulty": "easier",
      "variant": "integrate((x**4 + 2*x**3 + 2*x**2 + x), x)",
      "reasoning": "As a calculus professor, I notice that the integrand can undergo a polynomial simplification since it's a product of two polynomials. By expanding and combining like terms, we create a single polynomial to integrate, which will be easier to handle.",
      "evaluation": "easier",
      "extra_verification": null,
      "transformations_used": [
        "reduce the degree of a polynomial",
        "simplify the denominator",
        "replace transcendental functions with simpler algebraic ones",
        "drop a subexpression",
        "reduce an exponent"
      ],
      "timestamp": "2025-02-05T06:51:58.292387Z"
    },
    {
      "original": "integrate((1 + x + x**2 + x**3 + x**4)*(1 - x + x**2 - x**3 + x**4), x)",
      "requested_difficulty": "easier",
      "variant": "integrate(((1 - x**5)/(1 - x)) * (1 - x + x**2 - x**3 + x**4), x)",
      "reasoning": "As a creative mathematician, I look for substitutions that might simplify the evaluation. Notice that the first polynomial can be treated as a geometric series. Therefore, I will factor the first polynomial and write it in a more manageable form.",
      "evaluation": "easier",
      "extra_verification": null,
      "transformations_used": [
        "reduce the degree of a polynomial",
        "simplify the denominator",
        "replace transcendental functions with simpler algebraic ones",
        "drop a subexpression",
        "reduce an exponent"
      ],
      "timestamp": "2025-02-05T06:51:58.139714Z"
    },
    {
      "original": "integrate((1 + x + x**2 + x**3 + x**4)*(1 - x + x**2 - x**3 + x**4), x)",
      "requested_difficulty": "easier",
      "variant": "integrate((1 + x + x**2 + x**3)*(1 - x + x**2 - x**3), x)",
      "reasoning": "As a student intrigued by polynomials, I spot an opportunity to drop the highest degree term, which simplifies the integral while retaining the main properties for computational purposes.",
      "evaluation": "easier",
      "extra_verification": null,
      "transformations_used": [
        "reduce the degree of a polynomial",
        "simplify the denominator",
        "replace transcendental functions with simpler algebraic ones",
        "drop a subexpression",
        "reduce an exponent"
      ],
      "timestamp": "2025-02-05T06:51:58.042990Z"
    },
    {
      "original": "integrate((1 + x + x**2 + x**3 + x**4)*(1 - x + x**2 - x**3 + x**4), x)",
      "requested_difficulty": "easier",
      "variant": "integrate((x + x**2 + x**3)*(x**2 - x), x)",
      "reasoning": "A number theorist, I focus on integer-related behavior of polynomials. I can reduce both polynomials' degrees by discarding constant terms that do not impact the structure significantly yet make the integral simpler.",
      "evaluation": "easier",
      "extra_verification": null,
      "transformations_used": [
        "reduce the degree of a polynomial",
        "simplify the denominator",
        "replace transcendental functions with simpler algebraic ones",
        "drop a subexpression",
        "reduce an exponent"
      ],
      "timestamp": "2025-02-05T06:51:58.065699Z"
    },
    {
      "original": "integrate((1 + x + x**2 + x**3 + x**4)*(1 - x + x**2 - x**3 + x**4), x)",
      "requested_difficulty": "easier",
      "variant": "integrate((1 + x + (x**2 + x**3 + x**4)) * ((1 - x) + (x**2 - (1 - x**3))), x)",
      "reasoning": "As someone who enjoys playing with symmetry in math, I identify symmetric properties in the integrand. By restructuring it using symmetric properties, I can simplify calculations even through algebraic manipulation.",
      "evaluation": "equivalent",
      "extra_verification": null,
      "transformations_used": [
        "reduce the degree of a polynomial",
        "simplify the denominator",
        "replace transcendental functions with simpler algebraic ones",
        "drop a subexpression",
        "reduce an exponent"
      ],
      "timestamp": "2025-02-05T06:51:58.053387Z"
    },
    {
      "original": "integrate((1 + x + x**2 + x**3 + x**4)*(1 - x + x**2 - x**3 + x**4), x)",
      "requested_difficulty": "easier",
      "variant": "integrate((1 + x^2)*(1 - x^2), x)",
      "reasoning": "As a calculus professor fond of elegant simplifications, I can substitute the series for a simpler centered polynomial like \\( x^2 \\) instead of the higher powers.",
      "evaluation": "easier",
      "extra_verification": null,
      "transformations_used": [
        "replace transcendental functions with simpler algebraic ones",
        "reduce the number of terms in the expression",
        "reduce an exponent"
      ],
      "timestamp": "2025-02-05T06:51:49.061166Z"
    },
    {
      "original": "integrate((1 + x + x**2 + x**3 + x**4)*(1 - x + x**2 - x**3 + x**4), x)",
      "requested_difficulty": "easier",
      "variant": "integrate((1 + x + x^2)*(1 - x + x^2), x)",
      "reasoning": "Adopting the persona of a creative mathematician, I feel inspired to substitute \\( x^2 \\) for \\( x \\), thereby halving the degree and simplifying the process.",
      "evaluation": "easier",
      "extra_verification": null,
      "transformations_used": [
        "replace transcendental functions with simpler algebraic ones",
        "reduce the number of terms in the expression",
        "reduce an exponent"
      ],
      "timestamp": "2025-02-05T06:51:49.299630Z"
    },
    {
      "original": "integrate((1 + x + x**2 + x**3 + x**4)*(1 - x + x**2 - x**3 + x**4), x)",
      "requested_difficulty": "easier",
      "variant": "integrate((1 + x)*(1 - x)*(1 + x^2 + x^3 + x^4), x)",
      "reasoning": "As a student who loves working with polynomials, I can notice that this expression can be simplified by factoring each polynomial separately first, leading to smaller integral pieces.",
      "evaluation": "easier",
      "extra_verification": null,
      "transformations_used": [
        "replace transcendental functions with simpler algebraic ones",
        "reduce the number of terms in the expression",
        "reduce an exponent"
      ],
      "timestamp": "2025-02-05T06:51:49.162462Z"
    },
    {
      "original": "integrate((1 + x + x**2 + x**3 + x**4)*(1 - x + x**2 - x**3 + x**4), x)",
      "requested_difficulty": "easier",
      "variant": "integrate((1 + x + x^2)*(1 + x^2), x)",
      "reasoning": "As an engineer focused on computational methods, I find that tackling a simpler version can yield faster insights, so I will reduce the polynomial terms discreetly.",
      "evaluation": "easier",
      "extra_verification": null,
      "transformations_used": [
        "replace transcendental functions with simpler algebraic ones",
        "reduce the number of terms in the expression",
        "reduce an exponent"
      ],
      "timestamp": "2025-02-05T06:51:49.205145Z"
    },
    {
      "original": "integrate((1 + x + x**2 + x**3 + x**4)*(1 - x + x**2 - x**3 + x**4), x)",
      "requested_difficulty": "easier",
      "variant": "integrate((x^2 + 1)*(x + 1), x)",
      "reasoning": "Thinking like a number theorist, I want to explore rational coefficients by reducing the polynomial to lower degrees which maintain rational coefficients efficiently.",
      "evaluation": "easier",
      "extra_verification": null,
      "transformations_used": [
        "replace transcendental functions with simpler algebraic ones",
        "reduce the number of terms in the expression",
        "reduce an exponent"
      ],
      "timestamp": "2025-02-05T06:51:49.160192Z"
    },
    {
      "original": "integrate((1 + x + x**2 + x**3 + x**4)*(1 - x + x**2 - x**3 + x**4), x)",
      "requested_difficulty": "equivalent",
      "variant": "integrate((1 + x + x**2 + x**3 + x**4)*(1 - x + x**2 - x**3 + x**4), x)",
      "reasoning": "As a calculus professor, I appreciate elegance and continuity in analysis. A notable simplification can be achieved through polynomial long division or by expanding the product directly.",
      "evaluation": "equivalent",
      "extra_verification": null,
      "transformations_used": [
        "substitute equivalent exponential forms",
        "apply algebraic identities that preserve complexity",
        "rewrite the integrand in a different form without changing overall complexity"
      ],
      "timestamp": "2025-02-05T06:52:00.255022Z"
    },
    {
      "original": "integrate((1 + x + x**2 + x**3 + x**4)*(1 - x + x**2 - x**3 + x**4), x)",
      "requested_difficulty": "equivalent",
      "variant": "integrate((x**4 + x**3 + x**2 + x + 1)*(x**4 - x**3 + x**2 - x + 1), x)",
      "reasoning": "As a geometry enthusiast, I find inspiration in geometric transformations like reflecting or rotating polynomials. This gives rise to symmetrical polynomial expressions.",
      "evaluation": "equivalent",
      "extra_verification": null,
      "transformations_used": [
        "substitute equivalent exponential forms",
        "apply algebraic identities that preserve complexity",
        "rewrite the integrand in a different form without changing overall complexity"
      ],
      "timestamp": "2025-02-05T06:52:00.167822Z"
    },
    {
      "original": "integrate((1 + x + x**2 + x**3 + x**4)*(1 - x + x**2 - x**3 + x**4), x)",
      "requested_difficulty": "equivalent",
      "variant": "integrate(partfrac((1 + x + x**2 + x**3 + x**4)*(1 - x + x**2 - x**3 + x**4), x)",
      "reasoning": "A curious student might explore partial fractions to break down the polynomial's complexity into simpler fractions that could yield to integration more readily.",
      "evaluation": "easier",
      "extra_verification": null,
      "transformations_used": [
        "substitute equivalent exponential forms",
        "apply algebraic identities that preserve complexity",
        "rewrite the integrand in a different form without changing overall complexity"
      ],
      "timestamp": "2025-02-05T06:51:59.987415Z"
    },
    {
      "original": "integrate((1 + x + x**2 + x**3 + x**4)*(1 - x + x**2 - x**3 + x**4), x)",
      "requested_difficulty": "equivalent",
      "variant": "integrate((1 + x + x**2 + x**3 + x**4)*(1 - x + x**2 - x**3 + x**4).expand(), x)",
      "reasoning": "As a calculus professor, I want to simplify the integrand to its polynomial form for easier integration. The product can be expanded and then integrated.",
      "evaluation": "easier",
      "extra_verification": null,
      "transformations_used": [
        "change variables while maintaining complexity",
        "modify an exponent slightly",
        "change coefficient values slightly",
        "rewrite using alternate algebraic forms",
        "adjust parameters while keeping the integral equivalent"
      ],
      "timestamp": "2025-02-05T06:52:00.081983Z"
    },
    {
      "original": "integrate((1 + x + x**2 + x**3 + x**4)*(1 - x + x**2 - x**3 + x**4), x)",
      "requested_difficulty": "equivalent",
      "variant": "integrate((2 + 2*x + 2*x**2 + 2*x**3 + 2*x**4)*(1 - x + x**2 - x**3 + x**4), x)",
      "reasoning": "As a student who enjoys polynomials, I can manipulate the coefficients slightly to vary the integrand while keeping its polynomial structure intact, for instance by multiplying the first polynomial by 2.",
      "evaluation": "equivalent",
      "extra_verification": null,
      "transformations_used": [
        "change variables while maintaining complexity",
        "modify an exponent slightly",
        "change coefficient values slightly",
        "rewrite using alternate algebraic forms",
        "adjust parameters while keeping the integral equivalent"
      ],
      "timestamp": "2025-02-05T06:52:00.136143Z"
    },
    {
      "original": "integrate((1 + x + x**2 + x**3 + x**4)*(1 - x + x**2 - x**3 + x**4), x)",
      "requested_difficulty": "equivalent",
      "variant": "integrate(((x**5 - 1)/(x - 1)) * ((x**5 + 1)/(x + 1)), x)",
      "reasoning": "Approaching this as a theoretical physicist, I could express the polynomials in terms of their roots to change the form and maintain complexity, using function projections.",
      "evaluation": "equivalent",
      "extra_verification": null,
      "transformations_used": [
        "change variables while maintaining complexity",
        "modify an exponent slightly",
        "change coefficient values slightly",
        "rewrite using alternate algebraic forms",
        "adjust parameters while keeping the integral equivalent"
      ],
      "timestamp": "2025-02-05T06:51:59.978205Z"
    },
    {
      "original": "integrate((1 + x + x**2 + x**3 + x**4)*(1 - x + x**2 - x**3 + x**4), x)",
      "requested_difficulty": "equivalent",
      "variant": "integrate((1 + x + x**2 + x**3 + x**4)*(1 - x + x**2 - x**3 + x**4).simplify(), x)",
      "reasoning": "From the perspective of an engineer focused on computational approaches, I could use numerical integration methods to process the integral, influencing the justifications.",
      "evaluation": "easier",
      "extra_verification": null,
      "transformations_used": [
        "change variables while maintaining complexity",
        "modify an exponent slightly",
        "change coefficient values slightly",
        "rewrite using alternate algebraic forms",
        "adjust parameters while keeping the integral equivalent"
      ],
      "timestamp": "2025-02-05T06:52:00.564633Z"
    },
    {
      "original": "integrate((1 + x + x**2 + x**3 + x**4)*(1 - x + x**2 - x**3 + x**4), x)",
      "requested_difficulty": "equivalent",
      "variant": "integrate((3 + 3*x + 3*x**2 + 3*x**3 + 3*x**4)*(1 - x + x**2 - x**3 + x**4).expand(), x)",
      "reasoning": "As a number theorist, I can examine the multiplicands separately and vary their coefficients without altering the degree, exploring properties of integer coefficients.",
      "evaluation": "equivalent",
      "extra_verification": null,
      "transformations_used": [
        "change variables while maintaining complexity",
        "modify an exponent slightly",
        "change coefficient values slightly",
        "rewrite using alternate algebraic forms",
        "adjust parameters while keeping the integral equivalent"
      ],
      "timestamp": "2025-02-05T06:52:01.882942Z"
    },
    {
      "original": "integrate((1 + x + x**2 + x**3 + x**4)*(1 - x + x**2 - x**3 + x**4), x)",
      "requested_difficulty": "equivalent",
      "variant": "integrate((1 + x + x**2)**2 * (1 - x)**2, x)",
      "reasoning": "From a geometric perspective, I can relate the integral to the area under the curve represented by the roots of unity, expressing those transformations in polynomial forms, thereby changing the evaluation perspective.",
      "evaluation": "easier",
      "extra_verification": null,
      "transformations_used": [
        "change variables while maintaining complexity",
        "modify an exponent slightly",
        "change coefficient values slightly",
        "rewrite using alternate algebraic forms",
        "adjust parameters while keeping the integral equivalent"
      ],
      "timestamp": "2025-02-05T06:52:00.028000Z"
    }
  ],
  [
    {
      "original": "integrate(e**x*cos(x) - e**x*sin(x), x)",
      "requested_difficulty": "easier",
      "variant": "integrate(e**x * (cos(x) - sin(x)), x)",
      "reasoning": "As a calculus professor, I see that the presence of terms with both sine and cosine could be simplified by ensuring they are expressed with a common exponent through factoring out \\( e^x \\). This leads to a clearer integration approach.",
      "evaluation": "easier",
      "extra_verification": null,
      "transformations_used": [
        "remove nested functions",
        "eliminate absolute value terms",
        "simplify the denominator",
        "reduce the number of terms in the expression",
        "drop a subexpression"
      ],
      "timestamp": "2025-02-05T06:51:49.871562Z"
    },
    {
      "original": "integrate(e**x*cos(x) - e**x*sin(x), x)",
      "requested_difficulty": "easier",
      "variant": "integrate(e**x * cos(x), x)",
      "reasoning": "From an elegant standpoint, let's consider separating the integrals of the components to reduce complexity. Here, we split into two integrals for clarity in evaluating each part distinctly.",
      "evaluation": "easier",
      "extra_verification": null,
      "transformations_used": [
        "remove nested functions",
        "eliminate absolute value terms",
        "simplify the denominator",
        "reduce the number of terms in the expression",
        "drop a subexpression"
      ],
      "timestamp": "2025-02-05T06:51:49.743258Z"
    },
    {
      "original": "integrate(e**x*cos(x) - e**x*sin(x), x)",
      "requested_difficulty": "easier",
      "variant": "integrate(e**x * sqrt(2) * sin(x + pi/4), x)",
      "reasoning": "Back in the perspective of a creative mathematician, we can express the sine and cosine in terms of their amplitudes to challenge ourselves with different coefficients but in a similar insight.",
      "evaluation": "easier",
      "extra_verification": null,
      "transformations_used": [
        "remove nested functions",
        "eliminate absolute value terms",
        "simplify the denominator",
        "reduce the number of terms in the expression",
        "drop a subexpression"
      ],
      "timestamp": "2025-02-05T06:51:49.993214Z"
    },
    {
      "original": "integrate(e**x*cos(x) - e**x*sin(x), x)",
      "requested_difficulty": "easier",
      "variant": "integrate(e**x * (cos(x) - i*sin(x)), x)",
      "reasoning": "As a calculus professor, I appreciate the elegance of Euler's formula, \\( e^{ix} = \\cos(x) + i\\sin(x) \\). By rewriting the integral as the imaginary part of a complex exponential integral, we simplify the expression without losing depth.",
      "evaluation": "easier",
      "extra_verification": null,
      "transformations_used": [
        "remove nested functions",
        "simplify the denominator",
        "remove logarithmic terms"
      ],
      "timestamp": "2025-02-05T06:51:51.181960Z"
    },
    {
      "original": "integrate(e**x*cos(x) - e**x*sin(x), x)",
      "requested_difficulty": "easier",
      "variant": "integrate((1/2)*e**x * (2*cos(x) - sin(x)), x)",
      "reasoning": "As a number theorist, I find that exploring numerical coefficients can yield insight. Thus, evaluating the integral with respect to integrands featuring rational coefficients might be helpful for examining boundary conditions or specific values.",
      "evaluation": "equivalent",
      "extra_verification": null,
      "transformations_used": [
        "remove nested functions",
        "simplify the denominator",
        "remove logarithmic terms"
      ],
      "timestamp": "2025-02-05T06:51:51.074026Z"
    },
    {
      "original": "integrate(e**x*cos(x) - e**x*sin(x), x)",
      "requested_difficulty": "easier",
      "variant": "integrate(e**x * (cos(x) - sin(pi/2 + x)), x)",
      "reasoning": "As a geometry enthusiast, visual transformations can clarify the integral's meaning, especially if we shift our focus to geometric interpretations of sine and cosine as projections.",
      "evaluation": "easier",
      "extra_verification": null,
      "transformations_used": [
        "remove nested functions",
        "simplify the denominator",
        "remove logarithmic terms"
      ],
      "timestamp": "2025-02-05T06:51:51.100827Z"
    },
    {
      "original": "integrate(e**x*cos(x) - e**x*sin(x), x)",
      "requested_difficulty": "easier",
      "variant": "integrate(e**x * (cos(x + pi/4)), x)",
      "reasoning": "Embracing the role of a creative mathematician, manipulating the functions within the integral via a phase shift could yield a different take on the integral, allowing for sine and cosine to intertwine differently.",
      "evaluation": "easier",
      "extra_verification": null,
      "transformations_used": [
        "remove nested functions",
        "simplify the denominator",
        "remove logarithmic terms"
      ],
      "timestamp": "2025-02-05T06:51:51.518127Z"
    },
    {
      "original": "integrate(e**x*cos(x) - e**x*sin(x), x)",
      "requested_difficulty": "easier",
      "variant": "integrate(3 * e**x * (cos(x) - sin(x)), x)",
      "reasoning": "Approaching it from a theoretical physics angle, I could explore scaling of the integral; namely, multiplying the integrand by a constant to showcase how the structure alters the integral.",
      "evaluation": "easier",
      "extra_verification": null,
      "transformations_used": [
        "remove nested functions",
        "simplify the denominator",
        "remove logarithmic terms"
      ],
      "timestamp": "2025-02-05T06:51:51.181067Z"
    },
    {
      "original": "integrate(e**x*cos(x) - e**x*sin(x), x)",
      "requested_difficulty": "equivalent",
      "variant": "integrate(e**((1+1j)*x), x)",
      "reasoning": "As a theoretical physicist, I appreciate the elegance of using exponential forms. Noting that \\( e^x \\) can be separated into its components complex exponential form allows for greater insights. Thus, I express \\( e^x \\) as \\( e^{(1+i)x} \\) and separate the imaginary parts.",
      "evaluation": "easier",
      "extra_verification": null,
      "transformations_used": [
        "swap numerator and denominator with reciprocal",
        "apply algebraic identities that preserve complexity",
        "modify an exponent slightly"
      ],
      "timestamp": "2025-02-05T06:51:54.432577Z"
    },
    {
      "original": "integrate(e**x*cos(x) - e**x*sin(x), x)",
      "requested_difficulty": "equivalent",
      "variant": "integrate(e**x * (e^(1j*x) - e^(-1j*x))/(2j), x)",
      "reasoning": "As an engineer, I prefer practical approaches. Thus, I convert the original sine and cosine using Euler's formula, which represents them in terms of exponentials, and maintains the original complexity.",
      "evaluation": "equivalent",
      "extra_verification": null,
      "transformations_used": [
        "swap numerator and denominator with reciprocal",
        "apply algebraic identities that preserve complexity",
        "modify an exponent slightly"
      ],
      "timestamp": "2025-02-05T06:51:57.572856Z"
    },
    {
      "original": "integrate(e**x*cos(x) - e**x*sin(x), x)",
      "requested_difficulty": "equivalent",
      "variant": "integrate((1/2) * e**x * (3*cos(x) - 2*sin(x)), x)",
      "reasoning": "The number theorist in me finds fascination in prime numbers. I modulate the coefficients to prime fractions to preserve the complexity while allowing intriguing properties to shine through.",
      "evaluation": "easier",
      "extra_verification": null,
      "transformations_used": [
        "swap numerator and denominator with reciprocal",
        "apply algebraic identities that preserve complexity",
        "modify an exponent slightly"
      ],
      "timestamp": "2025-02-05T06:51:54.289766Z"
    },
    {
      "original": "integrate(e**x*cos(x) - e**x*sin(x), x)",
      "requested_difficulty": "equivalent",
      "variant": "integrate(e**(x + 1j*x), x)",
      "reasoning": "Adopting a geometry enthusiast's perspective, I represent the integral as a transformation in the complex plane, capturing rotations associated with exponentials using a complex shift.",
      "evaluation": "easier",
      "extra_verification": null,
      "transformations_used": [
        "swap numerator and denominator with reciprocal",
        "apply algebraic identities that preserve complexity",
        "modify an exponent slightly"
      ],
      "timestamp": "2025-02-05T06:51:54.262615Z"
    },
    {
      "original": "integrate(e**x*cos(x) - e**x*sin(x), x)",
      "requested_difficulty": "equivalent",
      "variant": "integrate(e**(x - 1) * (cos(x) + e**-x*sin(x)), x)",
      "reasoning": "Theoretical physics leads me to explore advanced functional forms. I change the integral format focusing on integrating with respect to a modified parameter.",
      "evaluation": "easier",
      "extra_verification": null,
      "transformations_used": [
        "swap numerator and denominator with reciprocal",
        "apply algebraic identities that preserve complexity",
        "modify an exponent slightly"
      ],
      "timestamp": "2025-02-05T06:51:54.218160Z"
    },
    {
      "original": "integrate(e**x*cos(x) - e**x*sin(x), x)",
      "requested_difficulty": "equivalent",
      "variant": "integrate(e**x*cos(x), x)",
      "reasoning": "As an engineer, I break the original expression into multiple terms that can be handled individually, preserving the interplay of sine and cosine with exponential growth.",
      "evaluation": "easier",
      "extra_verification": null,
      "transformations_used": [
        "swap numerator and denominator with reciprocal",
        "apply algebraic identities that preserve complexity",
        "modify an exponent slightly"
      ],
      "timestamp": "2025-02-05T06:51:54.179753Z"
    },
    {
      "original": "integrate(e**x*cos(x) - e**x*sin(x), x)",
      "requested_difficulty": "equivalent",
      "variant": "integrate(e**x * (e**(1j*x) - e**(-1j*x)) * (1/(2j)), x)",
      "reasoning": "As a student who loves polynomials, I recognize that the trigonometric functions can be expressed using their exponential forms, leading to an interesting blend of complex exponentials.",
      "evaluation": "equivalent",
      "extra_verification": null,
      "transformations_used": [
        "factor common terms differently",
        "alter constant terms",
        "rearrange the order of terms",
        "rewrite using alternate algebraic forms",
        "apply algebraic identities that preserve complexity"
      ],
      "timestamp": "2025-02-05T06:51:59.327549Z"
    },
    {
      "original": "integrate(e**x*cos(x) - e**x*sin(x), x)",
      "requested_difficulty": "equivalent",
      "variant": "integrate(e**x * (cos(x) + e**x * (-1 + sin(x))), x)",
      "reasoning": "A number theorist\u2019s approach draws attention to rewriting the integral using known properties of prime series or similar structures that keep it non-trivial.",
      "evaluation": "equivalent",
      "extra_verification": null,
      "transformations_used": [
        "factor common terms differently",
        "alter constant terms",
        "rearrange the order of terms",
        "rewrite using alternate algebraic forms",
        "apply algebraic identities that preserve complexity"
      ],
      "timestamp": "2025-02-05T06:51:59.278683Z"
    },
    {
      "original": "integrate(e**x*cos(x) - e**x*sin(x), x)",
      "requested_difficulty": "equivalent",
      "variant": "integrate(e**x * (sin(pi/2 - x) - sin(x)), x)",
      "reasoning": "Inspired by geometry, I'll express the cosine and sine functions in terms of complementary angles, giving a fresh perspective to the integrand.",
      "evaluation": "easier",
      "extra_verification": null,
      "transformations_used": [
        "factor common terms differently",
        "alter constant terms",
        "rearrange the order of terms",
        "rewrite using alternate algebraic forms",
        "apply algebraic identities that preserve complexity"
      ],
      "timestamp": "2025-02-05T06:51:59.284827Z"
    }
  ],
  [
    {
      "original": "integrate((log(x,2) - 1/(x*log(x,2))), (x, 2, e))",
      "requested_difficulty": "easier",
      "variant": "integrate((log(x) / log(2) - 1/(x * log(2))), x)",
      "reasoning": "As a calculus professor who loves elegant simplifications, I notice that \\( \\log(x,2) \\) can be converted to natural logarithm for standardization. This can simplify the integral's computation significantly.",
      "evaluation": "easier",
      "extra_verification": null,
      "transformations_used": [
        "eliminate a radical",
        "change a function to an easier one",
        "eliminate absolute value terms"
      ],
      "timestamp": "2025-02-05T06:51:51.152220Z"
    },
    {
      "original": "integrate((log(x,2) - 1/(x*log(x,2))), (x, 2, e))",
      "requested_difficulty": "equivalent",
      "variant": "integrate((log(x)/log(2) - 1/(x*log(x)/log(2))), x)",
      "reasoning": "As a calculus professor, I recognize that the integral can benefit from simplification by combining the logarithmic terms into a single expression. I will apply the change of base formula for logarithms.",
      "evaluation": "equivalent",
      "extra_verification": null,
      "transformations_used": [
        "rewrite using different logarithmic properties",
        "rewrite using alternate algebraic forms",
        "exchange similar functions (e.g., sin to cos)"
      ],
      "timestamp": "2025-02-05T06:51:52.856458Z"
    },
    {
      "original": "integrate((log(x,2) - 1/(x*log(x,2))), (x, 2, e))",
      "requested_difficulty": "equivalent",
      "variant": "integrate((log(2)/log(x) - log(2)/(x*log(x))), x)",
      "reasoning": "As a theoretical physicist, I relate logarithmic functions to exponential forms. I can transform the logarithmic terms into exponentials for evaluation.",
      "evaluation": "easier",
      "extra_verification": null,
      "transformations_used": [
        "rewrite using different logarithmic properties",
        "rewrite using alternate algebraic forms",
        "exchange similar functions (e.g., sin to cos)"
      ],
      "timestamp": "2025-02-05T06:51:52.780350Z"
    },
    {
      "original": "integrate((log(x,2) - 1/(x*log(x,2))), (x, 2, e))",
      "requested_difficulty": "equivalent",
      "variant": "integrate((log(x) - log(2))/(log(2)*x), x)",
      "reasoning": "I adopt the engineer perspective to apply numerical techniques directly by splitting the logarithm into summands. This will yield distinct sums which are equivalent to the original form.",
      "evaluation": "easier",
      "extra_verification": null,
      "transformations_used": [
        "rewrite using different logarithmic properties",
        "rewrite using alternate algebraic forms",
        "exchange similar functions (e.g., sin to cos)"
      ],
      "timestamp": "2025-02-05T06:51:52.776026Z"
    }
  ],
  [
    {
      "original": "integrate((sinh(x) + cosh(x))**11, x)",
      "requested_difficulty": "easier",
      "variant": "integrate((exp(x))**11, x)",
      "reasoning": "As a calculus professor, I enjoy simplifying expressions. We can use the identity \\( \\sinh(x) + \\cosh(x) = e^x \\) to greatly simplify the integral, turning it into a simpler form.",
      "evaluation": "easier",
      "extra_verification": null,
      "transformations_used": [
        "eliminate a radical",
        "eliminate absolute value terms",
        "simplify the denominator",
        "reduce an exponent",
        "remove a factor"
      ],
      "timestamp": "2025-02-05T06:51:54.926624Z"
    },
    {
      "original": "integrate((sinh(x) + cosh(x))**11, x)",
      "requested_difficulty": "easier",
      "variant": "integrate(u**11 * (cosh(x) + sinh(x)), x)",
      "reasoning": "As a creative mathematician, I see potential with substitution. Let \\( u = \\sinh(x) + \\cosh(x) \\), then calculating the differential provides a different perspective.",
      "evaluation": "easier",
      "extra_verification": null,
      "transformations_used": [
        "eliminate a radical",
        "eliminate absolute value terms",
        "simplify the denominator",
        "reduce an exponent",
        "remove a factor"
      ],
      "timestamp": "2025-02-05T06:51:54.845739Z"
    },
    {
      "original": "integrate((sinh(x) + cosh(x))**11, x)",
      "requested_difficulty": "easier",
      "variant": "integrate(((exp(x) - exp(-x))/2 + (exp(x) + exp(-x))/2))**11, x)",
      "reasoning": "From the perspective of a student focused on polynomials, I notice that hyperbolic functions relate closely to polynomial forms. Rewriting \\( \\sinh(x)\\) and \\( \\cosh(x) \\) in terms of exponentials helps.",
      "evaluation": "equivalent",
      "extra_verification": null,
      "transformations_used": [
        "eliminate a radical",
        "eliminate absolute value terms",
        "simplify the denominator",
        "reduce an exponent",
        "remove a factor"
      ],
      "timestamp": "2025-02-05T06:51:54.939084Z"
    },
    {
      "original": "integrate((sinh(x) + cosh(x))**11, x)",
      "requested_difficulty": "easier",
      "variant": "integrate((cosh(x) + sinh(x))**11, x)",
      "reasoning": "As a theoretical physicist, I prefer trigonometric forms. I will convert to a trigonometric substitution and explore interrelations, although hyperbolic functions can be converted to cosine and sine in the right context.",
      "evaluation": "equivalent",
      "extra_verification": null,
      "transformations_used": [
        "eliminate a radical",
        "eliminate absolute value terms",
        "simplify the denominator",
        "reduce an exponent",
        "remove a factor"
      ],
      "timestamp": "2025-02-05T06:51:54.987904Z"
    },
    {
      "original": "integrate((sinh(x) + cosh(x))**11, x)",
      "requested_difficulty": "easier",
      "variant": "integrate(sinh(x)**11 + sinh(x)**10*cosh(x) + ... + cosh(x)**11, x)",
      "reasoning": "From a geometry enthusiast's point of view, we can interpret the integral in terms of geometric transformations related to hyperbolic functions, and consider the transformation of coordinates for clarity.",
      "evaluation": "easier",
      "extra_verification": null,
      "transformations_used": [
        "eliminate a radical",
        "eliminate absolute value terms",
        "simplify the denominator",
        "reduce an exponent",
        "remove a factor"
      ],
      "timestamp": "2025-02-05T06:51:54.930816Z"
    },
    {
      "original": "integrate((sinh(x) + cosh(x))**11, x)",
      "requested_difficulty": "easier",
      "variant": "integrate((sinh(x) + sinh(-x))**11, x)",
      "reasoning": "As a creative mathematician, let's take a different view; using the properties of odd and even functions can simplify the integrand.",
      "evaluation": "easier",
      "extra_verification": null,
      "transformations_used": [
        "eliminate a radical",
        "eliminate absolute value terms",
        "simplify the denominator",
        "reduce an exponent",
        "remove a factor"
      ],
      "timestamp": "2025-02-05T06:51:54.904966Z"
    },
    {
      "original": "integrate((sinh(x) + cosh(x))**11, x)",
      "requested_difficulty": "easier",
      "variant": "integrate((sinh(x) + cosh(x))**10, x)",
      "reasoning": "From a calculus professor's perspective, reducing the exponent gives depth without losing complexity. Here, reducing might mean considering \\(n=10\\) instead of 11 makes the integral still complex.",
      "evaluation": "easier",
      "extra_verification": null,
      "transformations_used": [
        "eliminate a radical",
        "eliminate absolute value terms",
        "simplify the denominator",
        "reduce an exponent",
        "remove a factor"
      ],
      "timestamp": "2025-02-05T06:51:55.128781Z"
    },
    {
      "original": "integrate((sinh(x) + cosh(x))**11, x)",
      "requested_difficulty": "easier",
      "variant": "integrate(exp(x)**11, x)",
      "reasoning": "As a calculus professor, I prefer to simplify the expression to reduce its computational complexity. Noticing that \\(\\sinh(x) + \\cosh(x)\\) can be rewritten as \\(e^x\\), we can handle the integral effectively.",
      "evaluation": "easier",
      "extra_verification": null,
      "transformations_used": [
        "remove nested functions",
        "lower a coefficient",
        "simplify a trigonometric component"
      ],
      "timestamp": "2025-02-05T06:51:51.473232Z"
    },
    {
      "original": "integrate((sinh(x) + cosh(x))**11, x)",
      "requested_difficulty": "easier",
      "variant": "integrate((exp(x) + exp(-x))**11 / 2, x)",
      "reasoning": "As a creative mathematician, I enjoy using unusual substitutions. Here, I can replace \\(\\sinh(x)\\) and \\(\\cosh(x)\\) using exponentials to set up a substitution that directly leads to a simplified integral.",
      "evaluation": "equivalent",
      "extra_verification": null,
      "transformations_used": [
        "remove nested functions",
        "lower a coefficient",
        "simplify a trigonometric component"
      ],
      "timestamp": "2025-02-05T06:51:52.330762Z"
    },
    {
      "original": "integrate((sinh(x) + cosh(x))**11, x)",
      "requested_difficulty": "easier",
      "variant": "integrate((x**2 + 1)**5, x)",
      "reasoning": "As a student who leans toward polynomials, I prefer not to work directly with hyperbolic functions. Instead, I can rewrite the hyperbolic functions in terms of polynomials and choose a lower power for easier integration.",
      "evaluation": "easier",
      "extra_verification": null,
      "transformations_used": [
        "remove nested functions",
        "lower a coefficient",
        "simplify a trigonometric component"
      ],
      "timestamp": "2025-02-05T06:51:51.474881Z"
    },
    {
      "original": "integrate((sinh(x) + cosh(x))**11, x)",
      "requested_difficulty": "equivalent",
      "variant": "integrate(((exp(x) - exp(-x))/2 + (exp(x) + exp(-x))/2)**11, x)",
      "reasoning": "As a creative mathematician, I enjoy alternative substitutions. I\u2019ll use the identity \\(\\sinh(x) = \\frac{e^x - e^{-x}}{2}\\) and \\(\\cosh(x) = \\frac{e^x + e^{-x}}{2}\\) to rewrite the integral with different exponential forms.",
      "evaluation": "equivalent",
      "extra_verification": null,
      "transformations_used": [
        "factor common terms differently",
        "alter constant terms",
        "substitute equivalent exponential forms"
      ],
      "timestamp": "2025-02-05T06:51:53.214916Z"
    },
    {
      "original": "integrate((sinh(x) + cosh(x))**11, x)",
      "requested_difficulty": "equivalent",
      "variant": "integrate(((exp(x * I) + exp(-x * I))/2) ** 11, x)",
      "reasoning": "As a theoretical physicist, I view the hyperbolic functions in their trigonometric analogs. I can express \\( \\sinh(x) + \\cosh(x) \\) in complex terms and later relate it back to hyperbolic functions upon evaluating.",
      "evaluation": "equivalent",
      "extra_verification": null,
      "transformations_used": [
        "factor common terms differently",
        "alter constant terms",
        "substitute equivalent exponential forms"
      ],
      "timestamp": "2025-02-05T06:51:53.088387Z"
    },
    {
      "original": "integrate((sinh(x) + cosh(x))**11, x)",
      "requested_difficulty": "equivalent",
      "variant": "integrate(((2 + 3) * sinh(x) + 5 * cosh(x))**11, x)",
      "reasoning": "I am a number theorist fascinated by prime numbers, so I want to emphasize the numeric properties inherent in the integration process. I will consider this integral in terms of a sum of two prime coefficients adjusted to maintain the original function's dynamics.",
      "evaluation": "equivalent",
      "extra_verification": null,
      "transformations_used": [
        "factor common terms differently",
        "alter constant terms",
        "substitute equivalent exponential forms"
      ],
      "timestamp": "2025-02-05T06:51:53.180806Z"
    },
    {
      "original": "integrate((sinh(x) + cosh(x))**11, x)",
      "requested_difficulty": "equivalent",
      "variant": "integrate(((exp(x) + 1/exp(x))/2 + (exp(x) - 1/exp(x))/2)**11, x)",
      "reasoning": "In the role of a creative mathematician again, I will combine the hyperbolic functions differently by rewriting them with imaginary exponents and integral identities.",
      "evaluation": "equivalent",
      "extra_verification": null,
      "transformations_used": [
        "factor common terms differently",
        "alter constant terms",
        "substitute equivalent exponential forms"
      ],
      "timestamp": "2025-02-05T06:51:53.238262Z"
    },
    {
      "original": "integrate((sinh(x) + cosh(x))**11, x)",
      "requested_difficulty": "equivalent",
      "variant": "integrate((sinh(x) + cosh(x))**10 * (sinh(x) + cosh(x)), x)",
      "reasoning": "From an engineering perspective once again, I realize optimizations can be performed by rewriting the expression in terms of single hyperbolic function equivalences squared.",
      "evaluation": "easier",
      "extra_verification": null,
      "transformations_used": [
        "factor common terms differently",
        "alter constant terms",
        "substitute equivalent exponential forms"
      ],
      "timestamp": "2025-02-05T06:51:53.524349Z"
    },
    {
      "original": "integrate((sinh(x) + cosh(x))**11, x)",
      "requested_difficulty": "equivalent",
      "variant": "integrate(11 * (sinh(x) + cosh(x))**10 * (cosh(x) + sinh(x)), x)",
      "reasoning": "I\u2019m a creative mathematician who enjoys substitutions. By changing the variable from `x` to `u = sinh(x) + cosh(x)`, we can explore the integral from a different angle.",
      "evaluation": "equivalent",
      "extra_verification": null,
      "transformations_used": [
        "adjust parameters while keeping the integral equivalent",
        "rewrite using different logarithmic properties",
        "modify an exponent slightly"
      ],
      "timestamp": "2025-02-05T06:51:54.034291Z"
    },
    {
      "original": "integrate((sinh(x) + cosh(x))**11, x)",
      "requested_difficulty": "equivalent",
      "variant": "integrate((sin(I*x) + cos(I*x))**11, x)",
      "reasoning": "Viewing this integral through the lens of theoretical physics, I notice that the hyperbolic functions can be expressed in terms of trigonometric identities using `e^(ix)`, offering another valid computation path.",
      "evaluation": "easier",
      "extra_verification": null,
      "transformations_used": [
        "adjust parameters while keeping the integral equivalent",
        "rewrite using different logarithmic properties",
        "modify an exponent slightly"
      ],
      "timestamp": "2025-02-05T06:51:54.032361Z"
    },
    {
      "original": "integrate((sinh(x) + cosh(x))**11, x)",
      "requested_difficulty": "equivalent",
      "variant": "integrate((1/2 * (exp(x) - exp(-x)) + 1/2 * (exp(x) + exp(-x)))**11, x)",
      "reasoning": "From an algebraic rational perspective, a focus on rewriting `sinh` and `cosh` in terms of their exponential definitions allows me to explore intricate structures.",
      "evaluation": "equivalent",
      "extra_verification": null,
      "transformations_used": [
        "adjust parameters while keeping the integral equivalent",
        "rewrite using different logarithmic properties",
        "modify an exponent slightly"
      ],
      "timestamp": "2025-02-05T06:51:54.800788Z"
    },
    {
      "original": "integrate((sinh(x) + cosh(x))**11, x)",
      "requested_difficulty": "equivalent",
      "variant": "integrate(exp(11 * log(cosh(x) + sinh(x))), x)",
      "reasoning": "Embracing log properties means I can express `sinh` and `cosh` in terms of logarithmic identities thus simplifying while remaining equivalent.",
      "evaluation": "equivalent",
      "extra_verification": null,
      "transformations_used": [
        "adjust parameters while keeping the integral equivalent",
        "rewrite using different logarithmic properties",
        "modify an exponent slightly"
      ],
      "timestamp": "2025-02-05T06:51:54.211183Z"
    },
    {
      "original": "integrate((sinh(x) + cosh(x))**11, x)",
      "requested_difficulty": "equivalent",
      "variant": "integrate((cosh(x) + sinh(x)) * (sinh(x) + cosh(x))**10, x)",
      "reasoning": "Lastly, I am intrigued by pairing terms; compacting multiple additions can lead us to explore the integral more deeply by integrating the product of differing hyperbolic terms.",
      "evaluation": "easier",
      "extra_verification": null,
      "transformations_used": [
        "adjust parameters while keeping the integral equivalent",
        "rewrite using different logarithmic properties",
        "modify an exponent slightly"
      ],
      "timestamp": "2025-02-05T06:51:54.534753Z"
    }
  ],
  [
    {
      "original": "integrate(cos(x)*cos(sin(x))*cos(sin(sin(x))), x)",
      "requested_difficulty": "easier",
      "variant": "integrate(0.5 * (cos(sin(x) + sin(sin(x))) + cos(sin(x) - sin(sin(x)))), x)",
      "reasoning": "As a calculus professor, I appreciate the beauty of using trigonometric identities. I can utilize the identity for the product of cosines to simplify the expression.",
      "evaluation": "easier",
      "extra_verification": null,
      "transformations_used": [
        "reduce the degree of a polynomial",
        "simplify the denominator",
        "drop a subexpression"
      ],
      "timestamp": "2025-02-05T06:51:49.609838Z"
    },
    {
      "original": "integrate(cos(x)*cos(sin(x))*cos(sin(sin(x))), x)",
      "requested_difficulty": "easier",
      "variant": "integrate(0.5 * (exp(1j * sin(x)) + exp(-1j * sin(x))) * cos(sin(sin(x))), x)",
      "reasoning": "Taking on the persona of a theoretical physicist, I consider the exponential form of cosine. By converting to complex exponentials, I can analyze the integral better, reflecting oscillatory behavior and creating pathways to simplify.",
      "evaluation": "easier",
      "extra_verification": null,
      "transformations_used": [
        "reduce the degree of a polynomial",
        "simplify the denominator",
        "drop a subexpression"
      ],
      "timestamp": "2025-02-05T06:51:49.487043Z"
    },
    {
      "original": "integrate(cos(x)*cos(sin(x))*cos(sin(sin(x))), x)",
      "requested_difficulty": "easier",
      "variant": "integrate(cos(sin(sin(x))), x)",
      "reasoning": "As an engineer, I will compute each term separately to ensure numeric stability and clarity. I\u2019ll split the integral into parts, focusing on a manageable fraction.",
      "evaluation": "easier",
      "extra_verification": null,
      "transformations_used": [
        "reduce the degree of a polynomial",
        "simplify the denominator",
        "drop a subexpression"
      ],
      "timestamp": "2025-02-05T06:51:49.445999Z"
    },
    {
      "original": "integrate(cos(x)*cos(sin(x))*cos(sin(sin(x))), x)",
      "requested_difficulty": "easier",
      "variant": "integrate(cos(x)*(sin(x) - (sin(x)**3)/6)*cos(sin(sin(x))), x)",
      "reasoning": "As a number theorist, I\u2019m intrigued by the interactions between periodic functions and their relationships with prime numbers. To create a more insightful expression, I can substitute sin(x) with its series expansion and focus only on the linear and quadratic terms.",
      "evaluation": "easier",
      "extra_verification": null,
      "transformations_used": [
        "reduce the degree of a polynomial",
        "simplify the denominator",
        "drop a subexpression"
      ],
      "timestamp": "2025-02-05T06:51:49.499136Z"
    },
    {
      "original": "integrate(cos(x)*cos(sin(x))*cos(sin(sin(x))), x)",
      "requested_difficulty": "easier",
      "variant": "integrate(cos(x + pi/2) * cos(sin(x)) * cos(sin(sin(x))), x)",
      "reasoning": "As a geometry enthusiast, I think in terms of transformations. By applying a symmetry or transformation, I can potentially simplify the integrand significantly, especially when focusing on composite angles.",
      "evaluation": "easier",
      "extra_verification": null,
      "transformations_used": [
        "reduce the number of terms in the expression",
        "reduce the degree of a polynomial",
        "remove a factor"
      ],
      "timestamp": "2025-02-05T06:51:56.143803Z"
    },
    {
      "original": "integrate(cos(x)*cos(sin(x))*cos(sin(sin(x))), x)",
      "requested_difficulty": "easier",
      "variant": "integrate((cos(x) * cos(sin(x))**2), x)",
      "reasoning": "As a calculus professor focusing on reduction, I recognize that I can inspect the behavior of derived components to identify another clear trigonometric relation.",
      "evaluation": "easier",
      "extra_verification": null,
      "transformations_used": [
        "reduce the number of terms in the expression",
        "reduce the degree of a polynomial",
        "remove a factor"
      ],
      "timestamp": "2025-02-05T06:51:56.300670Z"
    },
    {
      "original": "integrate(cos(x)*cos(sin(x))*cos(sin(sin(x))), x)",
      "requested_difficulty": "equivalent",
      "variant": "integrate(sin(pi/2 - x)*cos(sin(x))*cos(sin(sin(x))), x)",
      "reasoning": "As a creative mathematician, I love unusual substitutions. Instead of working with cosine directly, I can use the identity cos(x) = sin(pi/2 - x) to create a new perspective.",
      "evaluation": "equivalent",
      "extra_verification": null,
      "transformations_used": [
        "adjust parameters while keeping the integral equivalent",
        "swap numerator and denominator with reciprocal",
        "alter constant terms"
      ],
      "timestamp": "2025-02-05T06:51:56.224085Z"
    },
    {
      "original": "integrate(cos(x)*cos(sin(x))*cos(sin(sin(x))), x)",
      "requested_difficulty": "equivalent",
      "variant": "integrate(sum((-1)**n * (x**(2*n))/(factorial(2*n)) for n in range(5)) * cos(sin(x)) * cos(sin(sin(x))), x)",
      "reasoning": "As a student focused on polynomials and rational functions, I might choose to expand the cosine terms using Taylor series or similar expansions, which still allows me to keep my integral intact.",
      "evaluation": "easier",
      "extra_verification": null,
      "transformations_used": [
        "adjust parameters while keeping the integral equivalent",
        "swap numerator and denominator with reciprocal",
        "alter constant terms"
      ],
      "timestamp": "2025-02-05T06:51:56.297212Z"
    },
    {
      "original": "integrate(cos(x)*cos(sin(x))*cos(sin(sin(x))), x)",
      "requested_difficulty": "equivalent",
      "variant": "integrate((exp(I*sin(x)) + exp(-I*sin(x))) / 2 * cos(sin(sin(x))), x)",
      "reasoning": "As a student leaning towards polynomials, I prefer expressing cosines as complex exponentials. This approach, while not traditional for a polynomial student, introduces polynomials in the imaginary component of the cosine function.",
      "evaluation": "easier",
      "extra_verification": null,
      "transformations_used": [
        "use trigonometric identities to rewrite expression",
        "swap numerator and denominator with reciprocal",
        "use alternate but equivalent radical forms",
        "modify an exponent slightly",
        "alter constant terms"
      ],
      "timestamp": "2025-02-05T06:51:55.260329Z"
    },
    {
      "original": "integrate(cos(x)*cos(sin(x))*cos(sin(sin(x))), x)",
      "requested_difficulty": "equivalent",
      "variant": "integrate(cos(x)*sqrt(cos(sin(x))^2)*cos(sin(sin(x))), x)",
      "reasoning": "As an engineer, I look for computational routes. Here, I introduce a radical modification using a substitution that renders the integral form more computationally manageable by simplifying the nested functions.",
      "evaluation": "equivalent",
      "extra_verification": null,
      "transformations_used": [
        "use trigonometric identities to rewrite expression",
        "swap numerator and denominator with reciprocal",
        "use alternate but equivalent radical forms",
        "modify an exponent slightly",
        "alter constant terms"
      ],
      "timestamp": "2025-02-05T06:51:55.419823Z"
    },
    {
      "original": "integrate(cos(x)*cos(sin(x))*cos(sin(sin(x))), x)",
      "requested_difficulty": "equivalent",
      "variant": "integrate(cos(-x)*cos(sin(-x))*cos(sin(sin(-x))), x)",
      "reasoning": "As a geometry enthusiast, I like to think in terms of transformations. I can represent my integral in a form that emphasizes symmetry, reflecting around specific angles in sine and cosine functions.",
      "evaluation": "equivalent",
      "extra_verification": null,
      "transformations_used": [
        "use trigonometric identities to rewrite expression",
        "swap numerator and denominator with reciprocal",
        "use alternate but equivalent radical forms",
        "modify an exponent slightly",
        "alter constant terms"
      ],
      "timestamp": "2025-02-05T06:51:55.271769Z"
    },
    {
      "original": "integrate(cos(x)*cos(sin(x))*cos(sin(sin(x))), x)",
      "requested_difficulty": "equivalent",
      "variant": "integrate(cos(x) * 1.5 * cos(sin(x)) * cos(sin(sin(x))), x)",
      "reasoning": "As a calculus aficionado, I take an approach where I redefine the integral by altering the constant terms. Doing so lends a fresh perspective on potentially evaluating our original integral in a different manner.",
      "evaluation": "easier",
      "extra_verification": null,
      "transformations_used": [
        "use trigonometric identities to rewrite expression",
        "swap numerator and denominator with reciprocal",
        "use alternate but equivalent radical forms",
        "modify an exponent slightly",
        "alter constant terms"
      ],
      "timestamp": "2025-02-05T06:51:55.257923Z"
    }
  ]
]