[
  [
    {
      "original": "integrate((arcsin(x))**2, x)",
      "requested_difficulty": "easier",
      "variant": "integrate((x + (1/6) * x**3 + (3/40) * x**5), x)",
      "reasoning": "As a calculus professor, I find beauty in elegant simplifications. Since \\(\\arcsin(x)\\) is simpler when we consider its power series expansion around \\(x=0\\), we can approximate the integral using a truncated series.",
      "evaluation": "easier",
      "extra_verification": null,
      "transformations_used": [
        "drop a subexpression",
        "reduce the degree of a polynomial",
        "remove a factor",
        "reduce an exponent",
        "remove logarithmic terms"
      ],
      "timestamp": "2025-02-05T06:32:45.112656Z"
    },
    {
      "original": "integrate((arcsin(x))**2, x)",
      "requested_difficulty": "easier",
      "variant": "integrate((x - (1/6) * x**3 + (1/40) * x**5)**2, x)",
      "reasoning": "As a student who prefers polynomials, I can approximate \\(\\arcsin(x)\\) with its polynomial form using Taylor series, making it easier for me to deal with powers.",
      "evaluation": "easier",
      "extra_verification": null,
      "transformations_used": [
        "drop a subexpression",
        "reduce the degree of a polynomial",
        "remove a factor",
        "reduce an exponent",
        "remove logarithmic terms"
      ],
      "timestamp": "2025-02-05T06:32:45.131471Z"
    },
    {
      "original": "integrate((arcsin(x))**2, x)",
      "requested_difficulty": "easier",
      "variant": "integrate((2 * arcsin(x) * sqrt(1 - x**2)), x)",
      "reasoning": "As an engineer, I'm always looking for practical computational approaches. I can numerically evaluate the integral for specific bounds which simplifies the problem significantly.",
      "evaluation": "easier",
      "extra_verification": null,
      "transformations_used": [
        "drop a subexpression",
        "reduce the degree of a polynomial",
        "remove a factor",
        "reduce an exponent",
        "remove logarithmic terms"
      ],
      "timestamp": "2025-02-05T06:32:45.298729Z"
    },
    {
      "original": "integrate((arcsin(x))**2, x)",
      "requested_difficulty": "easier",
      "variant": "integrate((x - (x**3 / 6)), x)",
      "reasoning": "As a number theorist, I focus on rational coefficients. By approximating \\(\\arcsin(x)\\) with rational fractions around small values, I arrive at a rational expression.",
      "evaluation": "easier",
      "extra_verification": null,
      "transformations_used": [
        "drop a subexpression",
        "reduce the degree of a polynomial",
        "remove a factor",
        "reduce an exponent",
        "remove logarithmic terms"
      ],
      "timestamp": "2025-02-05T06:32:45.025743Z"
    },
    {
      "original": "integrate((arcsin(x))**2, x)",
      "requested_difficulty": "easier",
      "variant": "integrate(asin(x), x)",
      "reasoning": "As a geometry enthusiast, I think in terms of transformations. By considering the geometrical interpretation of \\(\\arcsin(x)\\) and leveraging simple area calculations, I can simplify the computations.",
      "evaluation": "easier",
      "extra_verification": null,
      "transformations_used": [
        "drop a subexpression",
        "reduce the degree of a polynomial",
        "remove a factor",
        "reduce an exponent",
        "remove logarithmic terms"
      ],
      "timestamp": "2025-02-05T06:32:45.027412Z"
    },
    {
      "original": "integrate((arcsin(x))**2, x)",
      "requested_difficulty": "easier",
      "variant": "integrate(x, x)",
      "reasoning": "As a number theorist, I could analyze the integral behavior for rational numbers. Working only within \\(x\\) limits and estimating the arc sine function results in simpler expressions.",
      "evaluation": "easier",
      "extra_verification": null,
      "transformations_used": [
        "drop a subexpression",
        "reduce the degree of a polynomial",
        "remove a factor",
        "reduce an exponent",
        "remove logarithmic terms"
      ],
      "timestamp": "2025-02-05T06:32:45.113764Z"
    },
    {
      "original": "integrate((arcsin(x))**2, x)",
      "requested_difficulty": "easier",
      "variant": "integrate(sum((-1)**n * x**(2*n+1) / (2*n+1) / factorial(n) for n in range(10)), x)",
      "reasoning": "As a calculus professor who loves elegant simplifications, I can substitute the arcsine function with its series expansion for a small interval around zero, making the integration straightforward.",
      "evaluation": "easier",
      "extra_verification": null,
      "transformations_used": [
        "replace transcendental functions with simpler algebraic ones",
        "drop a subexpression",
        "eliminate absolute value terms",
        "remove a factor",
        "reduce the number of terms in the expression"
      ],
      "timestamp": "2025-02-05T06:32:29.574769Z"
    },
    {
      "original": "integrate((arcsin(x))**2, x)",
      "requested_difficulty": "easier",
      "variant": "integrate((sin(arcsin(x)))**2, x)",
      "reasoning": "Theoretical physicists often simplify complex integrals. Instead of integrating (arcsin(x))^2 directly, we can notice that arcsin(x) is closely related to the form of sine and convert it to sin(y) where y = arcsin(x). This transforms the problem.",
      "evaluation": "easier",
      "extra_verification": null,
      "transformations_used": [
        "replace transcendental functions with simpler algebraic ones",
        "drop a subexpression",
        "eliminate absolute value terms",
        "remove a factor",
        "reduce the number of terms in the expression"
      ],
      "timestamp": "2025-02-05T06:32:29.551524Z"
    },
    {
      "original": "integrate((arcsin(x))**2, x)",
      "requested_difficulty": "easier",
      "variant": "integrate((1 - cos(2*arcsin(x)))/2, x)",
      "reasoning": "A creative mathematician might look for a simpler form of the squares involved. By applying a trigonometric identity, \\( \\sin^2(y) = \\frac{1 - \\cos(2y)}{2} \\), we could recast the argument.",
      "evaluation": "easier",
      "extra_verification": null,
      "transformations_used": [
        "replace transcendental functions with simpler algebraic ones",
        "drop a subexpression",
        "eliminate absolute value terms",
        "remove a factor",
        "reduce the number of terms in the expression"
      ],
      "timestamp": "2025-02-05T06:32:30.925969Z"
    },
    {
      "original": "integrate((arcsin(x))**2, x)",
      "requested_difficulty": "easier",
      "variant": "integrate(x/(1-x**2)**0.5, x)",
      "reasoning": "As a student who enjoys polynomial and rational functions, I can rewrite the integrand using rational approximations, effectively smoothing out the complexity of the arcsin function.",
      "evaluation": "easier",
      "extra_verification": null,
      "transformations_used": [
        "replace transcendental functions with simpler algebraic ones",
        "drop a subexpression",
        "eliminate absolute value terms",
        "remove a factor",
        "reduce the number of terms in the expression"
      ],
      "timestamp": "2025-02-05T06:32:29.511265Z"
    },
    {
      "original": "integrate((arcsin(x))**2, x)",
      "requested_difficulty": "easier",
      "variant": "integrate(x + (x**3)/6, x)",
      "reasoning": "A number theorist focused on prime numbers and rational coefficients might consider the polynomial expansion of arcsin(x) and retain only the rational terms for the integral.",
      "evaluation": "easier",
      "extra_verification": null,
      "transformations_used": [
        "replace transcendental functions with simpler algebraic ones",
        "drop a subexpression",
        "eliminate absolute value terms",
        "remove a factor",
        "reduce the number of terms in the expression"
      ],
      "timestamp": "2025-02-05T06:32:29.510595Z"
    },
    {
      "original": "integrate((arcsin(x))**2, x)",
      "requested_difficulty": "easier",
      "variant": "integrate(x**2, x)",
      "reasoning": "A geometry enthusiast might visualize the arcsin function as a related triangle, and we can switch to a more straightforward geometric interpretation of the area under the curve of x with respect to its sine.",
      "evaluation": "easier",
      "extra_verification": null,
      "transformations_used": [
        "replace transcendental functions with simpler algebraic ones",
        "drop a subexpression",
        "eliminate absolute value terms",
        "remove a factor",
        "reduce the number of terms in the expression"
      ],
      "timestamp": "2025-02-05T06:32:30.304822Z"
    },
    {
      "original": "integrate((arcsin(x))**2, x)",
      "requested_difficulty": "easier",
      "variant": "integrate((1 - x**2)**(-0.5), x)",
      "reasoning": "From the perspective of a calculus professor, I could suggest differentiating the integral definition of the arcsin function itself, recognizing its fundamental nature simplifies evaluation.",
      "evaluation": "easier",
      "extra_verification": null,
      "transformations_used": [
        "replace transcendental functions with simpler algebraic ones",
        "drop a subexpression",
        "eliminate absolute value terms",
        "remove a factor",
        "reduce the number of terms in the expression"
      ],
      "timestamp": "2025-02-05T06:32:29.547847Z"
    },
    {
      "original": "integrate((arcsin(x))**2, x)",
      "requested_difficulty": "easier",
      "variant": "integrate(atan(x), x)",
      "reasoning": "From a creative mathematician's perspective, I can change \\( \\arcsin(x) \\) to a simpler function. The tangent inverse, which is very much similar and easier to work with, can replace it in some contexts. Hence I consider \\( \\tan^{-1}(x) \\).",
      "evaluation": "easier",
      "extra_verification": null,
      "transformations_used": [
        "remove a complicated term",
        "change a function to an easier one",
        "reduce an exponent",
        "replace transcendental functions with simpler algebraic ones",
        "drop a subexpression"
      ],
      "timestamp": "2025-02-05T06:32:30.292434Z"
    },
    {
      "original": "integrate((arcsin(x))**2, x)",
      "requested_difficulty": "easier",
      "variant": "integrate(x/(1+x**2), x)",
      "reasoning": "An engineer's practical mindset allows for the use of a common rule; replacing \\( \\arcsin(x) \\) with a rational function like \\( x/(1+x^2) \\) makes it simpler to handle computationally.",
      "evaluation": "easier",
      "extra_verification": null,
      "transformations_used": [
        "remove a complicated term",
        "change a function to an easier one",
        "reduce an exponent",
        "replace transcendental functions with simpler algebraic ones",
        "drop a subexpression"
      ],
      "timestamp": "2025-02-05T06:32:30.189065Z"
    },
    {
      "original": "integrate((arcsin(x))**2, x)",
      "requested_difficulty": "easier",
      "variant": "integrate(1, x)",
      "reasoning": "Embracing a number theorist's fascination with numbers, I can simplify the integral to integrating the constant function 1 since integrating a constant is straightforward.",
      "evaluation": "easier",
      "extra_verification": null,
      "transformations_used": [
        "remove a complicated term",
        "change a function to an easier one",
        "reduce an exponent",
        "replace transcendental functions with simpler algebraic ones",
        "drop a subexpression"
      ],
      "timestamp": "2025-02-05T06:32:30.290764Z"
    },
    {
      "original": "integrate((arcsin(x))**2, x)",
      "requested_difficulty": "easier",
      "variant": "integrate(1/(1+x**2), x)",
      "reasoning": "Approaching this as a creative mathematician, I could drop the trigonometric nature altogether and focus on integrating a basic rational function \\( 1/(1+x^2) \\) for a straightforward calculation.",
      "evaluation": "easier",
      "extra_verification": null,
      "transformations_used": [
        "remove a complicated term",
        "change a function to an easier one",
        "reduce an exponent",
        "replace transcendental functions with simpler algebraic ones",
        "drop a subexpression"
      ],
      "timestamp": "2025-02-05T06:32:30.189793Z"
    },
    {
      "original": "integrate((arcsin(x))**2, x)",
      "requested_difficulty": "easier",
      "variant": "integrate(exp(x), x)",
      "reasoning": "Viewing this through the lens of a theoretical physicist, I can drop the complexity and consider the integral of a simpler exponential function like \\( e^x \\) to study its properties.",
      "evaluation": "easier",
      "extra_verification": null,
      "transformations_used": [
        "remove a complicated term",
        "change a function to an easier one",
        "reduce an exponent",
        "replace transcendental functions with simpler algebraic ones",
        "drop a subexpression"
      ],
      "timestamp": "2025-02-05T06:32:30.233384Z"
    },
    {
      "original": "integrate((arcsin(x))**2, x)",
      "requested_difficulty": "easier",
      "variant": "integrate((asin(x))**2, x)",
      "reasoning": "As a calculus professor, I love using integration by parts, which allows us to reduce the complexity of the integral. We can choose u = (arcsin(x))^2 and dv = dx. This leads to a simpler integral involving arcsin(x).",
      "evaluation": "equivalent",
      "extra_verification": null,
      "transformations_used": [
        "simplify a trigonometric component",
        "simplify composite trigonometric functions",
        "change a function to an easier one"
      ],
      "timestamp": "2025-02-05T06:32:34.191809Z"
    },
    {
      "original": "integrate((arcsin(x))**2, x)",
      "requested_difficulty": "easier",
      "variant": "integrate((1/2 * log((1 + x)/(1 - x)))**2, x)",
      "reasoning": "As a theoretical physicist, I enjoy converting the integral into exponential forms. By expressing arcsin(x) in terms of exponents, we might simplify our task and deal with familiar differential forms.",
      "evaluation": "equivalent",
      "extra_verification": null,
      "transformations_used": [
        "simplify a trigonometric component",
        "simplify composite trigonometric functions",
        "change a function to an easier one"
      ],
      "timestamp": "2025-02-05T06:32:34.234834Z"
    },
    {
      "original": "integrate((arcsin(x))**2, x)",
      "requested_difficulty": "equivalent",
      "variant": "integrate((arcsin(x))**2, x)",
      "reasoning": "As a calculus professor who appreciates elegant simplifications, I can utilize the property of integrals involving functions and their derivatives. Given the derivative of arcsin(x) is 1/sqrt(1-x^2), I can use integration by parts to express the integral in a different way, but focused on arcsin(x).",
      "evaluation": "equivalent",
      "extra_verification": null,
      "transformations_used": [
        "adjust parameters while keeping the integral equivalent",
        "rewrite the integrand in a different form without changing overall complexity",
        "exchange similar functions (e.g., sin to cos)"
      ],
      "timestamp": "2025-02-05T06:32:36.573296Z"
    },
    {
      "original": "integrate((arcsin(x))**2, x)",
      "requested_difficulty": "equivalent",
      "variant": "integrate((pi/2 - arccos(x))**2, x)",
      "reasoning": "Emphasizing a theoretical physicist's approach, I can re-express arcsin in terms of trigonometric identities. The transformation to conform to double angle or half angle formulas can provide an interesting avenue for manipulation.",
      "evaluation": "equivalent",
      "extra_verification": null,
      "transformations_used": [
        "adjust parameters while keeping the integral equivalent",
        "rewrite the integrand in a different form without changing overall complexity",
        "exchange similar functions (e.g., sin to cos)"
      ],
      "timestamp": "2025-02-05T06:32:36.656337Z"
    },
    {
      "original": "integrate((arcsin(x))**2, x)",
      "requested_difficulty": "equivalent",
      "variant": "integrate(rational_function((1-x^2)**(-1/2)), x)",
      "reasoning": "As a number theorist focused on prime numbers and rational coefficients, I notice the integral has a potential connection with series of rational numbers involving arcsin. Expressing arcsin(x) using perfect squares or rational coefficients can yield an interesting form.",
      "evaluation": "easier",
      "extra_verification": null,
      "transformations_used": [
        "adjust parameters while keeping the integral equivalent",
        "rewrite the integrand in a different form without changing overall complexity",
        "exchange similar functions (e.g., sin to cos)"
      ],
      "timestamp": "2025-02-05T06:32:36.631570Z"
    },
    {
      "original": "integrate((arcsin(x))**2, x)",
      "requested_difficulty": "equivalent",
      "variant": "integrate((x + (x**3)/6 + (3*x**5)/40)**2, x)",
      "reasoning": "As a student fond of polynomials, I prefer to expand \\((\\arcsin(x))^2\\) using its Taylor series up to a certain number of terms. This gives me a polynomial that I can easily integrate term by term.",
      "evaluation": "easier",
      "extra_verification": null,
      "transformations_used": [
        "rearrange the order of terms",
        "use trigonometric identities to rewrite expression",
        "factor common terms differently"
      ],
      "timestamp": "2025-02-05T06:32:31.481505Z"
    },
    {
      "original": "integrate((arcsin(x))**2, x)",
      "requested_difficulty": "equivalent",
      "variant": "integrate((4/3 * x - 4/15 * x**3 + 2/105 * x**5), x)",
      "reasoning": "As a number theorist, I find beauty in rational functions, so I will rewrite the integral by expressing \\(\\arcsin(x)\\) in terms of a rational approximation involving continued fractions.",
      "evaluation": "easier",
      "extra_verification": null,
      "transformations_used": [
        "rearrange the order of terms",
        "use trigonometric identities to rewrite expression",
        "factor common terms differently"
      ],
      "timestamp": "2025-02-05T06:32:31.409576Z"
    },
    {
      "original": "integrate((arcsin(x))**2, x)",
      "requested_difficulty": "equivalent",
      "variant": "integrate((arcsin(x))*(arcsin(x)), x)",
      "reasoning": "From a geometric perspective, I want to represent the area under the curve related to \\((\\arcsin(x))^2\\). Thus, I view this integral in the context of the area representation related to arcsine\u2019s geometric definitions.",
      "evaluation": "equivalent",
      "extra_verification": null,
      "transformations_used": [
        "rearrange the order of terms",
        "use trigonometric identities to rewrite expression",
        "factor common terms differently"
      ],
      "timestamp": "2025-02-05T06:32:31.709736Z"
    },
    {
      "original": "integrate((arcsin(x))**2, x)",
      "requested_difficulty": "equivalent",
      "variant": "integrate(sin(x)**2, x)",
      "reasoning": "As an engineer, I want to express this integral in a practical, computable manner, so I'll look at changing to the square of sine: \\((\\arcsin(x))^2\\) in terms of sine's series expansion again but computed differently.",
      "evaluation": "easier",
      "extra_verification": null,
      "transformations_used": [
        "rearrange the order of terms",
        "use trigonometric identities to rewrite expression",
        "factor common terms differently"
      ],
      "timestamp": "2025-02-05T06:32:31.388383Z"
    },
    {
      "original": "integrate((arcsin(x))**2, x)",
      "requested_difficulty": "equivalent",
      "variant": "integrate(sqrt(1-x**2)*x, x)",
      "reasoning": "As a geometry enthusiast, I'll interpret \\((\\arcsin(x))^2\\) geometrically related to the arc length defined by \\(\\arcsin\\) and attempt to represent it using geometric arguments or transformations.",
      "evaluation": "easier",
      "extra_verification": null,
      "transformations_used": [
        "rearrange the order of terms",
        "use trigonometric identities to rewrite expression",
        "factor common terms differently"
      ],
      "timestamp": "2025-02-05T06:32:31.497847Z"
    },
    {
      "original": "integrate((arcsin(x))**2, x)",
      "requested_difficulty": "equivalent",
      "variant": "integrate(((x + (1/6)*x**3 + ...)**2), x)",
      "reasoning": "As a theoretical physicist, I can think of power series expansion of \\(\\arcsin\\) (for small \\(x\\)) and then integrate the resulting series, which is elegant and aligns with many physical applications.",
      "evaluation": "easier",
      "extra_verification": null,
      "transformations_used": [
        "apply algebraic identities that preserve complexity",
        "alter constant terms",
        "rewrite using different logarithmic properties"
      ],
      "timestamp": "2025-02-05T06:32:35.630785Z"
    },
    {
      "original": "integrate((arcsin(x))**2, x)",
      "requested_difficulty": "equivalent",
      "variant": "integrate((pi/2 - acos(x))**2, x)",
      "reasoning": "Embracing my geometry enthusiast side, I interpret \\((\\arcsin(x))\\) in terms of areas corresponding to angles and the unit circle, framing my integral in terms of geometric transformations rather than computations.",
      "evaluation": "equivalent",
      "extra_verification": null,
      "transformations_used": [
        "apply algebraic identities that preserve complexity",
        "alter constant terms",
        "rewrite using different logarithmic properties"
      ],
      "timestamp": "2025-02-05T06:32:35.603682Z"
    },
    {
      "original": "integrate((arcsin(x))**2, x)",
      "requested_difficulty": "equivalent",
      "variant": "integrate((sin(asin(x)))**2 / (sqrt(1 - x**2)), x)",
      "reasoning": "As a theoretical physicist, I consider the trigonometric definitions. I can express \\( \\arcsin(x) \\) in terms of sine and consider the whole integral from a sin function perspective, leveraging the properties of inverse functions.",
      "evaluation": "equivalent",
      "extra_verification": null,
      "transformations_used": [
        "adjust parameters while keeping the integral equivalent",
        "rearrange the order of terms",
        "change coefficient values slightly"
      ],
      "timestamp": "2025-02-05T06:32:30.496389Z"
    }
  ]
]