[
  [
    {
      "original": "integrate(e**x*cos(x) - e**x*sin(x), x)",
      "requested_difficulty": "easier",
      "variant": "integrate(e**x * (cos(x) - sin(x)), x)",
      "reasoning": "As a calculus professor, I appreciate combining like terms to create a more straightforward integrand. Here, we can factor out \\( e^x \\) from the expression.",
      "evaluation": "equivalent",
      "extra_verification": null,
      "transformations_used": [
        "simplify composite trigonometric functions",
        "eliminate a radical",
        "lower a coefficient",
        "reduce the number of terms in the expression",
        "remove a factor"
      ],
      "timestamp": "2025-02-05T06:28:52.745963Z"
    },
    {
      "original": "integrate(e**x*cos(x) - e**x*sin(x), x)",
      "requested_difficulty": "easier",
      "variant": "integrate(e**x * (1/2 * (e**(ix) + e**(-ix)) - 1/2 * (e**(ix) - e**(-ix))), x)",
      "reasoning": "Assuming the role of a creative mathematician, I like to rewrite sin and cos in terms of exponential functions using Euler's formula. This allows for a simpler integration process.",
      "evaluation": "equivalent",
      "extra_verification": null,
      "transformations_used": [
        "simplify composite trigonometric functions",
        "eliminate a radical",
        "lower a coefficient",
        "reduce the number of terms in the expression",
        "remove a factor"
      ],
      "timestamp": "2025-02-05T06:28:49.925819Z"
    },
    {
      "original": "integrate(e**x*cos(x) - e**x*sin(x), x)",
      "requested_difficulty": "easier",
      "variant": "integrate(e**x * (1 + 0), x)",
      "reasoning": "As a student focused on polynomials, I recognize that products and sums of exponentials can sometimes be easier to handle. I can express the integrand in a single polynomial form.",
      "evaluation": "easier",
      "extra_verification": null,
      "transformations_used": [
        "simplify composite trigonometric functions",
        "eliminate a radical",
        "lower a coefficient",
        "reduce the number of terms in the expression",
        "remove a factor"
      ],
      "timestamp": "2025-02-05T06:28:49.961832Z"
    },
    {
      "original": "integrate(e**x*cos(x) - e**x*sin(x), x)",
      "requested_difficulty": "easier",
      "variant": "integrate(e**x * cos(x), x)",
      "reasoning": "As an engineer, I favor practical methods, and here I can look at the integral as a computational process, breaking it down into two separate integrals which might be calculated more simply.",
      "evaluation": "easier",
      "extra_verification": null,
      "transformations_used": [
        "simplify composite trigonometric functions",
        "eliminate a radical",
        "lower a coefficient",
        "reduce the number of terms in the expression",
        "remove a factor"
      ],
      "timestamp": "2025-02-05T06:28:49.897950Z"
    },
    {
      "original": "integrate(e**x*cos(x) - e**x*sin(x), x)",
      "requested_difficulty": "easier",
      "variant": "integrate(e**x * (1 + 0*cos(x) - 0*sin(x)), x)",
      "reasoning": "Viewing this from a number theorist's perspective, I think about rational coefficients. I see that this integral can remain in integer forms, leading to good values while simplifying at each integration step.",
      "evaluation": "easier",
      "extra_verification": null,
      "transformations_used": [
        "simplify composite trigonometric functions",
        "eliminate a radical",
        "lower a coefficient",
        "reduce the number of terms in the expression",
        "remove a factor"
      ],
      "timestamp": "2025-02-05T06:28:50.148803Z"
    },
    {
      "original": "integrate(e**x*cos(x) - e**x*sin(x), x)",
      "requested_difficulty": "easier",
      "variant": "integrate(e**x * cos(x + pi/4), x)",
      "reasoning": "As a geometry enthusiast, I look for geometric transformations to visualize the integrand. The combination of sine and cosine suggests a rotation, which I can express in altered forms.",
      "evaluation": "easier",
      "extra_verification": null,
      "transformations_used": [
        "simplify composite trigonometric functions",
        "eliminate a radical",
        "lower a coefficient",
        "reduce the number of terms in the expression",
        "remove a factor"
      ],
      "timestamp": "2025-02-05T06:28:50.040726Z"
    },
    {
      "original": "integrate(e**x*cos(x) - e**x*sin(x), x)",
      "requested_difficulty": "easier",
      "variant": "integrate((2 * e**x * (cos(x)/2 - sin(x)/2)), x)",
      "reasoning": "As the student again, I prefer manageable integrands. By redistributing coefficients properly, I can also emphasize the exponential growth while downscaling trigonometric components.",
      "evaluation": "equivalent",
      "extra_verification": null,
      "transformations_used": [
        "simplify composite trigonometric functions",
        "eliminate a radical",
        "lower a coefficient",
        "reduce the number of terms in the expression",
        "remove a factor"
      ],
      "timestamp": "2025-02-05T06:28:49.988675Z"
    },
    {
      "original": "integrate(e**x*cos(x) - e**x*sin(x), x)",
      "requested_difficulty": "easier",
      "variant": "integrate(e**x * (0.5 + 0.5 * cos(x) - 0.5 * sin(x)), x)",
      "reasoning": "Returning to the engineer\u2019s mindset, I would try to limit the frequencies involved by transforming sin and cos into simpler linear functions before integration.",
      "evaluation": "easier",
      "extra_verification": null,
      "transformations_used": [
        "simplify composite trigonometric functions",
        "eliminate a radical",
        "lower a coefficient",
        "reduce the number of terms in the expression",
        "remove a factor"
      ],
      "timestamp": "2025-02-05T06:28:49.994030Z"
    },
    {
      "original": "integrate(e**x*cos(x) - e**x*sin(x), x)",
      "requested_difficulty": "easier",
      "variant": "integrate(e**x * (1 - x**2/2) - e**x * (x - x**3/6), x)",
      "reasoning": "As a student specializing in polynomials, I prefer working with polynomial expressions. Here, I can replace cosine and sine functions with their Taylor series expansions for small angles, although it\u2019s approximate.",
      "evaluation": "easier",
      "extra_verification": null,
      "transformations_used": [
        "remove a factor",
        "replace transcendental functions with simpler algebraic ones",
        "simplify composite trigonometric functions",
        "eliminate absolute value terms",
        "remove a complicated term"
      ],
      "timestamp": "2025-02-05T06:28:48.601602Z"
    },
    {
      "original": "integrate(e**x*cos(x) - e**x*sin(x), x)",
      "requested_difficulty": "easier",
      "variant": "integrate(e**x * sqrt(2) * sin(x + \u03c0/4), x)",
      "reasoning": "From the viewpoint of a theoretical physicist, I like using trigonometric identities to break down complex integrands. The identity cos(x) - sin(x) can be managed into simpler forms.",
      "evaluation": "easier",
      "extra_verification": null,
      "transformations_used": [
        "remove a factor",
        "replace transcendental functions with simpler algebraic ones",
        "simplify composite trigonometric functions",
        "eliminate absolute value terms",
        "remove a complicated term"
      ],
      "timestamp": "2025-02-05T06:28:48.618824Z"
    },
    {
      "original": "integrate(e**x*cos(x) - e**x*sin(x), x)",
      "requested_difficulty": "easier",
      "variant": "integrate(e**x * (e^(i*x)), x)",
      "reasoning": "From the perspective of a theoretical physicist, breaking down the original expression into real and imaginary parts could help simplify the integration. Using Euler\u2019s formula here is key.",
      "evaluation": "easier",
      "extra_verification": null,
      "transformations_used": [
        "remove a factor",
        "replace transcendental functions with simpler algebraic ones",
        "simplify composite trigonometric functions",
        "eliminate absolute value terms",
        "remove a complicated term"
      ],
      "timestamp": "2025-02-05T06:28:48.621198Z"
    },
    {
      "original": "integrate(e**x*cos(x) - e**x*sin(x), x)",
      "requested_difficulty": "easier",
      "variant": "integrate(e**x*(1 - x + x**2/2), x)",
      "reasoning": "As a calculus professor, I'm interested in showing that sometimes approximations work. For small values of x, we can use cut-offs or truncations to analyze the integral more straightforwardly.",
      "evaluation": "easier",
      "extra_verification": null,
      "transformations_used": [
        "remove a factor",
        "replace transcendental functions with simpler algebraic ones",
        "simplify composite trigonometric functions",
        "eliminate absolute value terms",
        "remove a complicated term"
      ],
      "timestamp": "2025-02-05T06:28:48.593329Z"
    },
    {
      "original": "integrate(e**x*cos(x) - e**x*sin(x), x)",
      "requested_difficulty": "easier",
      "variant": "integrate(e**x * (1 - sin(x)), x)",
      "reasoning": "From the perspective of a creative mathematician, I will change the cosine term into its single variable representation and remove the sine term entirely to minimize the complexity.",
      "evaluation": "easier",
      "extra_verification": null,
      "transformations_used": [
        "remove a complicated term",
        "simplify a trigonometric component",
        "lower a coefficient"
      ],
      "timestamp": "2025-02-05T06:28:47.910711Z"
    },
    {
      "original": "integrate(e**x*cos(x) - e**x*sin(x), x)",
      "requested_difficulty": "easier",
      "variant": "integrate(e**(x) * sin(x), x)",
      "reasoning": "As a theoretical physicist, I will express the integral in terms of a simpler exponential and trigonometric combination, focusing on just one trigonometric function and simplifying the exponential part.",
      "evaluation": "easier",
      "extra_verification": null,
      "transformations_used": [
        "remove a complicated term",
        "simplify a trigonometric component",
        "lower a coefficient"
      ],
      "timestamp": "2025-02-05T06:28:47.926187Z"
    },
    {
      "original": "integrate(e**x*cos(x) - e**x*sin(x), x)",
      "requested_difficulty": "easier",
      "variant": "integrate(e**(0.5*x) * cos(x), x)",
      "reasoning": "As an engineer, I tend to favor practical and computational approaches. I'll simplify the coefficients and focus on a direct integration of the exponential function.",
      "evaluation": "easier",
      "extra_verification": null,
      "transformations_used": [
        "remove a complicated term",
        "simplify a trigonometric component",
        "lower a coefficient"
      ],
      "timestamp": "2025-02-05T06:28:48.017831Z"
    },
    {
      "original": "integrate(e**x*cos(x) - e**x*sin(x), x)",
      "requested_difficulty": "easier",
      "variant": "integrate(e**x, x)",
      "reasoning": "As a geometry enthusiast, I can think of a geometric argument for this integral. Focusing just on the exponential and ignoring parts that contribute less dimensionality makes it much more straightforward.",
      "evaluation": "easier",
      "extra_verification": null,
      "transformations_used": [
        "remove a complicated term",
        "simplify a trigonometric component",
        "lower a coefficient"
      ],
      "timestamp": "2025-02-05T06:28:47.967070Z"
    },
    {
      "original": "integrate(e**x*cos(x) - e**x*sin(x), x)",
      "requested_difficulty": "easier",
      "variant": "integrate(e**x * (cos(x) - 0.5*sin(x)), x)",
      "reasoning": "Thinking like a calculator, I'll keep the exponential term but alter the sine coefficient, making integration more manageable by reducing oscillation.",
      "evaluation": "easier",
      "extra_verification": null,
      "transformations_used": [
        "remove a complicated term",
        "simplify a trigonometric component",
        "lower a coefficient"
      ],
      "timestamp": "2025-02-05T06:28:48.303951Z"
    },
    {
      "original": "integrate(e**x*cos(x) - e**x*sin(x), x)",
      "requested_difficulty": "easier",
      "variant": "integrate(cos(x), x)",
      "reasoning": "As an engineer appreciating efficiency, I recognize that integrating simpler components can be performed separately first, so I\u2019ll use only the cosine part for a clean outcome.",
      "evaluation": "easier",
      "extra_verification": null,
      "transformations_used": [
        "remove a complicated term",
        "simplify a trigonometric component",
        "lower a coefficient"
      ],
      "timestamp": "2025-02-05T06:28:47.996456Z"
    },
    {
      "original": "integrate(e**x*cos(x) - e**x*sin(x), x)",
      "requested_difficulty": "easier",
      "variant": "integrate(e**x * (e**(ix) - e**(-ix)) / 2, x)",
      "reasoning": "From the perspective of a creative mathematician, let\u2019s rewrite the cosine and sine functions using their Euler's formula representation to make the integral more intriguing.",
      "evaluation": "easier",
      "extra_verification": null,
      "transformations_used": [
        "drop a subexpression",
        "eliminate absolute value terms",
        "reduce the degree of a polynomial",
        "remove a factor",
        "reduce an exponent"
      ],
      "timestamp": "2025-02-05T06:28:48.394286Z"
    },
    {
      "original": "integrate(e**x*cos(x) - e**x*sin(x), x)",
      "requested_difficulty": "easier",
      "variant": "integrate(e**x * sqrt(2) * cos(x + pi/4), x)",
      "reasoning": "From a geometric perspective, consider that \\(cos(x) - sin(x)\\) can be viewed as a geometric transformation of the unit circle. I\u2019ll utilize the identity that relates cosine and sine.",
      "evaluation": "equivalent",
      "extra_verification": null,
      "transformations_used": [
        "drop a subexpression",
        "eliminate absolute value terms",
        "reduce the degree of a polynomial",
        "remove a factor",
        "reduce an exponent"
      ],
      "timestamp": "2025-02-05T06:28:48.563460Z"
    },
    {
      "original": "integrate(e**x*cos(x) - e**x*sin(x), x)",
      "requested_difficulty": "equivalent",
      "variant": "integrate(e**x * ((e**(ix) + e**(-ix))/2 - (e**(ix) - e**(-ix))/(2*1j)), x)",
      "reasoning": "As a creative mathematician, I enjoy using Euler's formula to express cosine and sine. This gives me a complex exponential form that is simpler to integrate.",
      "evaluation": "equivalent",
      "extra_verification": null,
      "transformations_used": [
        "substitute equivalent exponential forms",
        "alter constant terms",
        "rewrite using alternate algebraic forms"
      ],
      "timestamp": "2025-02-05T06:28:59.594040Z"
    },
    {
      "original": "integrate(e**x*cos(x) - e**x*sin(x), x)",
      "requested_difficulty": "equivalent",
      "variant": "integrate(e**x*cos(x), x)",
      "reasoning": "As a student who enjoys polynomials, I can reintroduce the derivatives of the components. Using linearity, I separate the integral into two parts which can be evaluated individually.",
      "evaluation": "easier",
      "extra_verification": null,
      "transformations_used": [
        "substitute equivalent exponential forms",
        "alter constant terms",
        "rewrite using alternate algebraic forms"
      ],
      "timestamp": "2025-02-05T06:28:59.745112Z"
    },
    {
      "original": "integrate(e**x*cos(x) - e**x*sin(x), x)",
      "requested_difficulty": "equivalent",
      "variant": "integrate(e**x * (1/2 * (e**(ix) + e**(-ix)) - 1/2 * (e**(ix) - e**(-ix))/(1j)), x)",
      "reasoning": "From the perspective of a theoretical physicist, rewriting trigonometric functions in terms of complex exponentials allows for leveraging their properties in physics-related contexts.",
      "evaluation": "equivalent",
      "extra_verification": null,
      "transformations_used": [
        "substitute equivalent exponential forms",
        "alter constant terms",
        "rewrite using alternate algebraic forms"
      ],
      "timestamp": "2025-02-05T06:28:59.615576Z"
    },
    {
      "original": "integrate(e**x*cos(x) - e**x*sin(x), x)",
      "requested_difficulty": "equivalent",
      "variant": "integrate((1/1) * (e**x) * (cos(x) - sin(x)), x)",
      "reasoning": "As a number theorist, I enjoy rewriting coefficients in rational forms. We can divide out the common exponential term into a fraction, yielding a simpler integrand.",
      "evaluation": "equivalent",
      "extra_verification": null,
      "transformations_used": [
        "substitute equivalent exponential forms",
        "alter constant terms",
        "rewrite using alternate algebraic forms"
      ],
      "timestamp": "2025-02-05T06:28:59.651681Z"
    },
    {
      "original": "integrate(e**x*cos(x) - e**x*sin(x), x)",
      "requested_difficulty": "equivalent",
      "variant": "integrate(e**x * (sqrt(2)/2 * (cos(x) - sin(x))), x)",
      "reasoning": "As a calculus professor who enjoys context, I recognize \\( \\sin(x) \\) and \\( \\cos(x) \\) can be represented as rotated vectors, providing a geometric visualization for integration.",
      "evaluation": "equivalent",
      "extra_verification": null,
      "transformations_used": [
        "substitute equivalent exponential forms",
        "alter constant terms",
        "rewrite using alternate algebraic forms"
      ],
      "timestamp": "2025-02-05T06:28:59.921358Z"
    },
    {
      "original": "integrate(e**x*cos(x) - e**x*sin(x), x)",
      "requested_difficulty": "equivalent",
      "variant": "integrate(e**x * (-sin(x) + cos(x)), x)",
      "reasoning": "I am a creative mathematician; thus, I opt to change the order of functions in the integral flow by using the identity that allows for a rearrangement of terms.",
      "evaluation": "equivalent",
      "extra_verification": null,
      "transformations_used": [
        "substitute equivalent exponential forms",
        "alter constant terms",
        "rewrite using alternate algebraic forms"
      ],
      "timestamp": "2025-02-05T06:28:59.697012Z"
    },
    {
      "original": "integrate(e**x*cos(x) - e**x*sin(x), x)",
      "requested_difficulty": "equivalent",
      "variant": "integrate(e**x * sin(x + pi/2), x)",
      "reasoning": "As a creative mathematician, I enjoy playing with identities. Here, we can express cosine in terms of sine using a phase shift, knowing that \\( \\cos(x) = \\sin(x + \\pi/2) \\).",
      "evaluation": "equivalent",
      "extra_verification": null,
      "transformations_used": [
        "rewrite using alternate algebraic forms",
        "exchange similar functions (e.g., sin to cos)",
        "swap numerator and denominator with reciprocal"
      ],
      "timestamp": "2025-02-05T06:28:51.473477Z"
    },
    {
      "original": "integrate(e**x*cos(x) - e**x*sin(x), x)",
      "requested_difficulty": "equivalent",
      "variant": "integrate(e**x * (e**(ix) - e**(-ix)) / 2i, x)",
      "reasoning": "Embracing the theoretical physicist perspective, I see exponentials as great candidates for Euler's formula. Thus, I represent the entire expression using complex exponentials.",
      "evaluation": "equivalent",
      "extra_verification": null,
      "transformations_used": [
        "rewrite using alternate algebraic forms",
        "exchange similar functions (e.g., sin to cos)",
        "swap numerator and denominator with reciprocal"
      ],
      "timestamp": "2025-02-05T06:28:51.402118Z"
    },
    {
      "original": "integrate(e**x*cos(x) - e**x*sin(x), x)",
      "requested_difficulty": "equivalent",
      "variant": "integrate(e**x * (sin(x) + cos(x)), x)",
      "reasoning": "Through the lens of a geometry enthusiast, I think about transformations as functional shifts. By swapping sine and cosine and including appropriate phase adjustments, I still maintain equivalence.",
      "evaluation": "easier",
      "extra_verification": null,
      "transformations_used": [
        "rewrite using alternate algebraic forms",
        "exchange similar functions (e.g., sin to cos)",
        "swap numerator and denominator with reciprocal"
      ],
      "timestamp": "2025-02-05T06:28:52.034623Z"
    },
    {
      "original": "integrate(e**x*cos(x) - e**x*sin(x), x)",
      "requested_difficulty": "equivalent",
      "variant": "integrate(e**x * sqrt(2) * sin(x + pi/4), x)",
      "reasoning": "From the viewpoint of a creative mathematician, I appreciate symmetry and can rewrite the integrand in terms of a single sine or cosine through the sine subtraction formula.",
      "evaluation": "easier",
      "extra_verification": null,
      "transformations_used": [
        "rewrite using alternate algebraic forms",
        "exchange similar functions (e.g., sin to cos)",
        "swap numerator and denominator with reciprocal"
      ],
      "timestamp": "2025-02-05T06:28:51.482578Z"
    },
    {
      "original": "integrate(e**x*cos(x) - e**x*sin(x), x)",
      "requested_difficulty": "equivalent",
      "variant": "integrate(e**x * exp(-ix), x)",
      "reasoning": "Approaching from a theoretical physics viewpoint, I might express the integrand in real and imaginary components, highlighting its oscillatory nature through alterations in frequency.",
      "evaluation": "equivalent",
      "extra_verification": null,
      "transformations_used": [
        "rewrite using alternate algebraic forms",
        "exchange similar functions (e.g., sin to cos)",
        "swap numerator and denominator with reciprocal"
      ],
      "timestamp": "2025-02-05T06:28:51.435515Z"
    },
    {
      "original": "integrate(e**x*cos(x) - e**x*sin(x), x)",
      "requested_difficulty": "equivalent",
      "variant": "integrate(e**x*sin(x + pi/2), x)",
      "reasoning": "As a creative mathematician, I enjoy swapping functions in a way that highlights symmetry. I can rewrite the integrand by changing sin to cos, keeping in mind that cos(x) = sin(pi/2 - x).",
      "evaluation": "equivalent",
      "extra_verification": null,
      "transformations_used": [
        "swap numerator and denominator with reciprocal",
        "rewrite using different logarithmic properties",
        "alter constant terms",
        "exchange similar functions (e.g., sin to cos)",
        "change coefficient values slightly"
      ],
      "timestamp": "2025-02-05T06:28:51.432476Z"
    },
    {
      "original": "integrate(e**x*cos(x) - e**x*sin(x), x)",
      "requested_difficulty": "equivalent",
      "variant": "integrate(exp(log(e)*x)*cos(x) - exp(log(e)*x)*sin(x), x)",
      "reasoning": "The theoretical physicist in me enjoys changing variables using exponential properties, expressing e**x in terms of its natural logarithm form more explicitly.",
      "evaluation": "equivalent",
      "extra_verification": null,
      "transformations_used": [
        "swap numerator and denominator with reciprocal",
        "rewrite using different logarithmic properties",
        "alter constant terms",
        "exchange similar functions (e.g., sin to cos)",
        "change coefficient values slightly"
      ],
      "timestamp": "2025-02-05T06:28:51.408310Z"
    },
    {
      "original": "integrate(e**x*cos(x) - e**x*sin(x), x)",
      "requested_difficulty": "equivalent",
      "variant": "integrate(1.1 * e**x*cos(x) - 1.1 * e**x*sin(x), x)",
      "reasoning": "The number theorist in me is fascinated by altering coefficient values slightly, creating new variables. For example, I could consider using 1.1 instead of 1 as a coefficient in the trigonometric functions.",
      "evaluation": "equivalent",
      "extra_verification": null,
      "transformations_used": [
        "swap numerator and denominator with reciprocal",
        "rewrite using different logarithmic properties",
        "alter constant terms",
        "exchange similar functions (e.g., sin to cos)",
        "change coefficient values slightly"
      ],
      "timestamp": "2025-02-05T06:28:51.380041Z"
    },
    {
      "original": "integrate(e**x*cos(x) - e**x*sin(x), x)",
      "requested_difficulty": "equivalent",
      "variant": "integrate(e**x * (sqrt(2)/2 * (cos(x) - sin(x)) + sqrt(2)/2 * (cos(x + pi/4))), x)",
      "reasoning": "As a geometry enthusiast, I can think of the integral in terms of geometric transformations. I could represent the original functions as linear combinations that resemble transformations of a sine wave.",
      "evaluation": "equivalent",
      "extra_verification": null,
      "transformations_used": [
        "swap numerator and denominator with reciprocal",
        "rewrite using different logarithmic properties",
        "alter constant terms",
        "exchange similar functions (e.g., sin to cos)",
        "change coefficient values slightly"
      ],
      "timestamp": "2025-02-05T06:28:51.401467Z"
    },
    {
      "original": "integrate(e**x*cos(x) - e**x*sin(x), x)",
      "requested_difficulty": "equivalent",
      "variant": "integrate(k * (e**x*cos(x) - e**x*sin(x)), x)",
      "reasoning": "I think it is fun to rewrite this integral by introducing a parameter to modify our functions. Adding a factor can provide different perspectives on the original integral.",
      "evaluation": "equivalent",
      "extra_verification": null,
      "transformations_used": [
        "swap numerator and denominator with reciprocal",
        "rewrite using different logarithmic properties",
        "alter constant terms",
        "exchange similar functions (e.g., sin to cos)",
        "change coefficient values slightly"
      ],
      "timestamp": "2025-02-05T06:28:51.798715Z"
    },
    {
      "original": "integrate(e**x*cos(x) - e**x*sin(x), x)",
      "requested_difficulty": "equivalent",
      "variant": "integrate((e**(x + I * x)).real - (e**(x + I * x)).imag, x)",
      "reasoning": "I could rewrite this integral using different representations of the exponential function; using the Euler's form may simplify the expression visually.",
      "evaluation": "equivalent",
      "extra_verification": null,
      "transformations_used": [
        "swap numerator and denominator with reciprocal",
        "rewrite using different logarithmic properties",
        "alter constant terms",
        "exchange similar functions (e.g., sin to cos)",
        "change coefficient values slightly"
      ],
      "timestamp": "2025-02-05T06:28:51.483887Z"
    },
    {
      "original": "integrate(e**x*cos(x) - e**x*sin(x), x)",
      "requested_difficulty": "equivalent",
      "variant": "integrate(e**(x + pi/4) * (cos(x - pi/4) - sin(x - pi/4)), x)",
      "reasoning": "The calculus professor in me may also decide to shift the integral by a constant for potential simplification using substitution methods.",
      "evaluation": "equivalent",
      "extra_verification": null,
      "transformations_used": [
        "swap numerator and denominator with reciprocal",
        "rewrite using different logarithmic properties",
        "alter constant terms",
        "exchange similar functions (e.g., sin to cos)",
        "change coefficient values slightly"
      ],
      "timestamp": "2025-02-05T06:28:51.621836Z"
    },
    {
      "original": "integrate(e**x*cos(x) - e**x*sin(x), x)",
      "requested_difficulty": "equivalent",
      "variant": "integrate(e**x * (1/2 * (e**(-i*x) + e**(i*x)) - 1/2 * (e**(-i*x) - e**(i*x))), x)",
      "reasoning": "As a creative mathematician, I like to reintroduce the imaginary unit 'i' to separate the components more elegantly using Euler's formula. This gives a nice compactness in handling the exponential terms.",
      "evaluation": "equivalent",
      "extra_verification": null,
      "transformations_used": [
        "apply algebraic identities that preserve complexity",
        "rearrange the order of terms",
        "change coefficient values slightly"
      ],
      "timestamp": "2025-02-05T06:28:50.738679Z"
    },
    {
      "original": "integrate(e**x*cos(x) - e**x*sin(x), x)",
      "requested_difficulty": "equivalent",
      "variant": "integrate(e**x * (cos(x + \u03c0/4) * sin(\u03c0/4) + sin(x + \u03c0/4) * cos(\u03c0/4)), x)",
      "reasoning": "Thinking geometrically, I want to rearrange the functions into a different geometric representation, perhaps visualizing the sine and cosine interaction in a unit circle, thus redistributing the terms based on geometric interpretation.",
      "evaluation": "equivalent",
      "extra_verification": null,
      "transformations_used": [
        "apply algebraic identities that preserve complexity",
        "rearrange the order of terms",
        "change coefficient values slightly"
      ],
      "timestamp": "2025-02-05T06:28:50.690905Z"
    }
  ]
]