[
  [
    {
      "original": "integrate(x**25/(25*x**16 + 25 + x**9/25), x)",
      "requested_difficulty": "easier",
      "variant": "integrate(x**25 / (25 * (x**16 + 1 + x**9 / 625)), x)",
      "reasoning": "As a calculus professor who enjoys elegant simplifications, I can notice that the denominator can be factored or simplified by recognizing that \\( 25 \\) is a common factor throughout. By factoring out \\( 25 \\) from the denominator, I achieve a simpler form.",
      "evaluation": "easier",
      "extra_verification": null,
      "transformations_used": [
        "replace a complex fraction with a simpler one",
        "change a function to an easier one",
        "replace transcendental functions with simpler algebraic ones",
        "remove nested functions",
        "remove logarithmic terms"
      ],
      "timestamp": "2025-02-05T06:30:53.614283Z"
    },
    {
      "original": "integrate(x**25/(25*x**16 + 25 + x**9/25), x)",
      "requested_difficulty": "easier",
      "variant": "integrate(x**25 / (25 * x**16), x)",
      "reasoning": "Taking the perspective of a student who prefers polynomials, I can approximate the denominator by ignoring the lower order terms since they contribute little for large \\( x \\). This yields a simpler polynomial for integration.",
      "evaluation": "easier",
      "extra_verification": null,
      "transformations_used": [
        "replace a complex fraction with a simpler one",
        "change a function to an easier one",
        "replace transcendental functions with simpler algebraic ones",
        "remove nested functions",
        "remove logarithmic terms"
      ],
      "timestamp": "2025-02-05T06:30:53.470044Z"
    },
    {
      "original": "integrate(x**25/(25*x**16 + 25 + x**9/25), x)",
      "requested_difficulty": "easier",
      "variant": "integrate(x**25 / (x**16 + 1), x)",
      "reasoning": "As a theoretical physicist, I recognize trigonometric identities can sometimes simplify expressions. In this case, since there are no specific trigonometric relationships, replacing the complex rational functions with a simple linear polynomial can make sense for an approximate integration.",
      "evaluation": "easier",
      "extra_verification": null,
      "transformations_used": [
        "replace a complex fraction with a simpler one",
        "change a function to an easier one",
        "replace transcendental functions with simpler algebraic ones",
        "remove nested functions",
        "remove logarithmic terms"
      ],
      "timestamp": "2025-02-05T06:30:53.398054Z"
    },
    {
      "original": "integrate(x**25/(25*x**16 + 25 + x**9/25), x)",
      "requested_difficulty": "easier",
      "variant": "integrate(x**25 / (25 * (x**16 + 1)), x)",
      "reasoning": "As a number theorist, I see that I can examine simpler cases by modifying the function to just eliminate the \\( x^{9}/25 \\) term entirely, approximating to maintain focus on the dominant term, which reduces complexity.",
      "evaluation": "easier",
      "extra_verification": null,
      "transformations_used": [
        "replace a complex fraction with a simpler one",
        "change a function to an easier one",
        "replace transcendental functions with simpler algebraic ones",
        "remove nested functions",
        "remove logarithmic terms"
      ],
      "timestamp": "2025-02-05T06:30:53.544588Z"
    },
    {
      "original": "integrate(x**25/(25*x**16 + 25 + x**9/25), x)",
      "requested_difficulty": "easier",
      "variant": "integrate(x**25 / (25 * (x**16 + 1) + x**9/25), x)",
      "reasoning": "As a calculus professor, I want to simplify the integral by factoring out the common term in the denominator. Simplifying the expression will make the integral easier to handle.",
      "evaluation": "easier",
      "extra_verification": null,
      "transformations_used": [
        "remove a factor",
        "change a function to an easier one",
        "simplify composite trigonometric functions"
      ],
      "timestamp": "2025-02-05T06:30:49.000089Z"
    },
    {
      "original": "integrate(x**25/(25*x**16 + 25 + x**9/25), x)",
      "requested_difficulty": "easier",
      "variant": "integrate(x**25 / (x**9), x)",
      "reasoning": "As an engineer who favors computation, I notice that this integral can be estimated using numerical methods if we approximate the polynomial behavior for large \\( x \\).",
      "evaluation": "easier",
      "extra_verification": null,
      "transformations_used": [
        "remove a factor",
        "change a function to an easier one",
        "simplify composite trigonometric functions"
      ],
      "timestamp": "2025-02-05T06:30:48.883936Z"
    },
    {
      "original": "integrate(x**25/(25*x**16 + 25 + x**9/25), x)",
      "requested_difficulty": "easier",
      "variant": "integrate(x**25 / (5**2 * (x**16 + 1) + (x**(9/25)/5**2)), x)",
      "reasoning": "The number theorist loves primes. By redefining the \\( 25 \\) and the other coefficients in terms of their prime factors, I explore the behavior of this integral with integer coefficients, which may expose integer properties.",
      "evaluation": "equivalent",
      "extra_verification": null,
      "transformations_used": [
        "remove a factor",
        "change a function to an easier one",
        "simplify composite trigonometric functions"
      ],
      "timestamp": "2025-02-05T06:30:48.927417Z"
    },
    {
      "original": "integrate(x**25/(25*x**16 + 25 + x**9/25), x)",
      "requested_difficulty": "easier",
      "variant": "integrate(x**25 / ( (x**16)**(1) + (1 + (x**(9/25)))**(1)), x)",
      "reasoning": "Approaching this as a geometry enthusiast, I see the potential to interpret the integrand in terms of geometric series or transformations, perhaps simplifying transformations that reflect in simpler geometric shapes.",
      "evaluation": "equivalent",
      "extra_verification": null,
      "transformations_used": [
        "remove a factor",
        "change a function to an easier one",
        "simplify composite trigonometric functions"
      ],
      "timestamp": "2025-02-05T06:30:48.892849Z"
    },
    {
      "original": "integrate(x**25/(25*x**16 + 25 + x**9/25), x)",
      "requested_difficulty": "easier",
      "variant": "integrate(x**9 + (x**16 + 1 + (x**9/25))**(-1), x)",
      "reasoning": "As a calculus professor, I can perform polynomial long division first if necessary which might transform this integral into a simpler quotient plus a remainder that is easier to integrate.",
      "evaluation": "easier",
      "extra_verification": null,
      "transformations_used": [
        "remove a factor",
        "change a function to an easier one",
        "simplify composite trigonometric functions"
      ],
      "timestamp": "2025-02-05T06:30:48.998799Z"
    },
    {
      "original": "integrate(x**25/(25*x**16 + 25 + x**9/25), x)",
      "requested_difficulty": "easier",
      "variant": "integrate(x**10/(10*x**4 + 1 + x**2/10), x)",
      "reasoning": "As a calculus professor, I prefer to simplify the polynomial in the numerator by reducing its degree. The original integral has a high degree polynomial in the numerator, but we can explore a simpler case with a lower degree, keeping some structural integrity.",
      "evaluation": "easier",
      "extra_verification": null,
      "transformations_used": [
        "remove logarithmic terms",
        "reduce the degree of a polynomial",
        "remove a complicated term",
        "simplify a trigonometric component",
        "convert a product to a simpler sum"
      ],
      "timestamp": "2025-02-05T06:30:49.369535Z"
    },
    {
      "original": "integrate(x**25/(25*x**16 + 25 + x**9/25), x)",
      "requested_difficulty": "easier",
      "variant": "integrate(x**3/(x**2 + 1), x)",
      "reasoning": "From the perspective of a creative mathematician, I noticed a complex denominator in the original. By transforming the denominator into a simpler quadratic form, I can more easily navigate the integral using partial fraction decomposition.",
      "evaluation": "easier",
      "extra_verification": null,
      "transformations_used": [
        "remove logarithmic terms",
        "reduce the degree of a polynomial",
        "remove a complicated term",
        "simplify a trigonometric component",
        "convert a product to a simpler sum"
      ],
      "timestamp": "2025-02-05T06:30:49.676447Z"
    },
    {
      "original": "integrate(x**25/(25*x**16 + 25 + x**9/25), x)",
      "requested_difficulty": "easier",
      "variant": "integrate(x**5/(x**3 + 1), x)",
      "reasoning": "As a student who enjoys rational functions, I want to simplify the expression while keeping it within the realm of rational functions. I will reduce the degree of both the numerator and denominator to achieve a more straightforward integral.",
      "evaluation": "easier",
      "extra_verification": null,
      "transformations_used": [
        "remove logarithmic terms",
        "reduce the degree of a polynomial",
        "remove a complicated term",
        "simplify a trigonometric component",
        "convert a product to a simpler sum"
      ],
      "timestamp": "2025-02-05T06:30:49.232617Z"
    },
    {
      "original": "integrate(x**25/(25*x**16 + 25 + x**9/25), x)",
      "requested_difficulty": "easier",
      "variant": "integrate(exp(x)/(x**2 + 1), x)",
      "reasoning": "As a theoretical physicist, I find the mixture of polynomial and constant terms challenging. I\u2019ll propose an integral involving an exponential function that captures a similar behavior but simplifies the integration process.",
      "evaluation": "easier",
      "extra_verification": null,
      "transformations_used": [
        "remove logarithmic terms",
        "reduce the degree of a polynomial",
        "remove a complicated term",
        "simplify a trigonometric component",
        "convert a product to a simpler sum"
      ],
      "timestamp": "2025-02-05T06:30:49.409947Z"
    },
    {
      "original": "integrate(x**25/(25*x**16 + 25 + x**9/25), x)",
      "requested_difficulty": "easier",
      "variant": "integrate(x**4/(x + 1), x)",
      "reasoning": "As an engineer who appreciates practical approaches, I often look for approximations that can make integration straightforward. A polynomial of lower order allows a quick evaluation while maintaining a semblance of the original structure.",
      "evaluation": "easier",
      "extra_verification": null,
      "transformations_used": [
        "remove logarithmic terms",
        "reduce the degree of a polynomial",
        "remove a complicated term",
        "simplify a trigonometric component",
        "convert a product to a simpler sum"
      ],
      "timestamp": "2025-02-05T06:30:49.852140Z"
    },
    {
      "original": "integrate(x**25/(25*x**16 + 25 + x**9/25), x)",
      "requested_difficulty": "easier",
      "variant": "integrate(x**2/(x + 2), x)",
      "reasoning": "As a number theorist, I enjoy focusing on simple polynomials and their properties. I\u2019ll create an integral using a simple polynomial divided by a basic factor which allows easy application of the Fundamental Theorem of Calculus.",
      "evaluation": "easier",
      "extra_verification": null,
      "transformations_used": [
        "remove logarithmic terms",
        "reduce the degree of a polynomial",
        "remove a complicated term",
        "simplify a trigonometric component",
        "convert a product to a simpler sum"
      ],
      "timestamp": "2025-02-05T06:30:49.233774Z"
    },
    {
      "original": "integrate(x**25/(25*x**16 + 25 + x**9/25), x)",
      "requested_difficulty": "easier",
      "variant": "integrate(sin(x)/(x + 1), x)",
      "reasoning": "Thinking like a creative mathematician, I can also use substitutions to transform the integral into a sine or cosine integral, both of which are simpler and more elegant in a trigonometric form.",
      "evaluation": "easier",
      "extra_verification": null,
      "transformations_used": [
        "remove logarithmic terms",
        "reduce the degree of a polynomial",
        "remove a complicated term",
        "simplify a trigonometric component",
        "convert a product to a simpler sum"
      ],
      "timestamp": "2025-02-05T06:30:49.556818Z"
    },
    {
      "original": "integrate(x**25/(25*x**16 + 25 + x**9/25), x)",
      "requested_difficulty": "easier",
      "variant": "integrate(x**2/(x + 3), x)",
      "reasoning": "As a calculus professor focused on simplification, I see that lowering the degree of the numerator results in a simpler expression. Specifically, a cheaper polynomial can still integrate well and show interesting behavior.",
      "evaluation": "easier",
      "extra_verification": null,
      "transformations_used": [
        "remove logarithmic terms",
        "reduce the degree of a polynomial",
        "remove a complicated term",
        "simplify a trigonometric component",
        "convert a product to a simpler sum"
      ],
      "timestamp": "2025-02-05T06:30:49.271120Z"
    },
    {
      "original": "integrate(x**25/(25*x**16 + 25 + x**9/25), x)",
      "requested_difficulty": "easier",
      "variant": "integrate(x**25/(25*(x**16 + 1) + x**9/25), x)",
      "reasoning": "As a calculus professor, I appreciate recognizing that the integral can benefit from reducing the polynomial degree in the denominator. By factoring out common elements, I can simplify the integrand significantly.",
      "evaluation": "easier",
      "extra_verification": null,
      "transformations_used": [
        "reduce the degree of a polynomial",
        "remove a factor",
        "replace transcendental functions with simpler algebraic ones",
        "simplify composite trigonometric functions",
        "remove nested functions"
      ],
      "timestamp": "2025-02-05T06:30:48.633381Z"
    },
    {
      "original": "integrate(x**25/(25*x**16 + 25 + x**9/25), x)",
      "requested_difficulty": "easier",
      "variant": "integrate(x**25/(x**16 + 1 + x**9/625), x)",
      "reasoning": "As a student who prefers polynomials, I see that the polynomial at hand is complex. By reducing the expression, we can find a more manageable polynomial, making integration straightforward through polynomial long division.",
      "evaluation": "easier",
      "extra_verification": null,
      "transformations_used": [
        "reduce the degree of a polynomial",
        "remove a factor",
        "replace transcendental functions with simpler algebraic ones",
        "simplify composite trigonometric functions",
        "remove nested functions"
      ],
      "timestamp": "2025-02-05T06:30:53.723644Z"
    },
    {
      "original": "integrate(x**25/(25*x**16 + 25 + x**9/25), x)",
      "requested_difficulty": "easier",
      "variant": "integrate(x**25/(25*x**16 + 25 + x**9/25), x)",
      "reasoning": "As an engineer who favors computational approaches, I recognize that numerical methods may simplify evaluating this integral. We'll approximate it by computing its values at specific points.",
      "evaluation": "equivalent",
      "extra_verification": null,
      "transformations_used": [
        "reduce the degree of a polynomial",
        "remove a factor",
        "replace transcendental functions with simpler algebraic ones",
        "simplify composite trigonometric functions",
        "remove nested functions"
      ],
      "timestamp": "2025-02-05T06:30:48.635785Z"
    },
    {
      "original": "integrate(x**25/(25*x**16 + 25 + x**9/25), x)",
      "requested_difficulty": "equivalent",
      "variant": "integrate(x**25 / (x**16 + 1 + x**9 / 625), x)",
      "reasoning": "As a calculus professor, I aim for simplifications. Noticing the common factor of 25 in both the constants and the expression, I can factor it out for elegance.",
      "evaluation": "easier",
      "extra_verification": null,
      "transformations_used": [
        "swap numerator and denominator with reciprocal",
        "factor common terms differently",
        "rewrite the integrand in a different form without changing overall complexity",
        "change coefficient values slightly",
        "alter constant terms"
      ],
      "timestamp": "2025-02-05T06:30:49.739930Z"
    },
    {
      "original": "integrate(x**25/(25*x**16 + 25 + x**9/25), x)",
      "requested_difficulty": "equivalent",
      "variant": "integrate(x**25 / (25x**16 + x**9/25 + 25), x)",
      "reasoning": "As a student who prefers polynomials, I notice I could rewrite the polynomial terms distinctly so that it\u2019s easier to differentiate. I will redistribute terms for clarity.",
      "evaluation": "equivalent",
      "extra_verification": null,
      "transformations_used": [
        "swap numerator and denominator with reciprocal",
        "factor common terms differently",
        "rewrite the integrand in a different form without changing overall complexity",
        "change coefficient values slightly",
        "alter constant terms"
      ],
      "timestamp": "2025-02-05T06:30:51.487349Z"
    },
    {
      "original": "integrate(x**25/(25*x**16 + 25 + x**9/25), x)",
      "requested_difficulty": "equivalent",
      "variant": "integrate(x**25 / (25*(x**16 + 1 + 0.04*x**9)), x)",
      "reasoning": "As an engineer, I tend to look for numerical stability or computational simplifications. I will use a numerical approximation in the denominator for easier computational use without changing the structure much.",
      "evaluation": "easier",
      "extra_verification": null,
      "transformations_used": [
        "swap numerator and denominator with reciprocal",
        "factor common terms differently",
        "rewrite the integrand in a different form without changing overall complexity",
        "change coefficient values slightly",
        "alter constant terms"
      ],
      "timestamp": "2025-02-05T06:30:49.585482Z"
    },
    {
      "original": "integrate(x**25/(25*x**16 + 25 + x**9/25), x)",
      "requested_difficulty": "equivalent",
      "variant": "integrate(25*x**25 / (x**16 + x**9/25 + 1), x)",
      "reasoning": "As a number theorist, I appreciate having integer coefficients. I\u2019ll change the denominator's constant to a numerator while factoring common terms.",
      "evaluation": "easier",
      "extra_verification": null,
      "transformations_used": [
        "swap numerator and denominator with reciprocal",
        "factor common terms differently",
        "rewrite the integrand in a different form without changing overall complexity",
        "change coefficient values slightly",
        "alter constant terms"
      ],
      "timestamp": "2025-02-05T06:30:52.298379Z"
    },
    {
      "original": "integrate(x**25/(25*x**16 + 25 + x**9/25), x)",
      "requested_difficulty": "equivalent",
      "variant": "integrate(x**25 / (25*x**16 + x**9/25 + 0.5), x)",
      "reasoning": "Taking a slightly different combinatorial approach, let\u2019s consider re-indexing from powers of \\( x \\) for clearer interpretation and potential integrable format.",
      "evaluation": "easier",
      "extra_verification": null,
      "transformations_used": [
        "swap numerator and denominator with reciprocal",
        "factor common terms differently",
        "rewrite the integrand in a different form without changing overall complexity",
        "change coefficient values slightly",
        "alter constant terms"
      ],
      "timestamp": "2025-02-05T06:30:49.623561Z"
    },
    {
      "original": "integrate(x**25/(25*x**16 + 25 + x**9/25), x)",
      "requested_difficulty": "equivalent",
      "variant": "integrate(x**25/(x**16 + 1 + x**9/25), x)",
      "reasoning": "As a calculus professor, I appreciate simplifying expressions before integration. Here I can factor 25 out of the denominator for clarity.",
      "evaluation": "easier",
      "extra_verification": null,
      "transformations_used": [
        "distribute terms differently",
        "use trigonometric identities to rewrite expression",
        "swap numerator and denominator with reciprocal",
        "alter constant terms",
        "adjust parameters while keeping the integral equivalent"
      ],
      "timestamp": "2025-02-05T06:30:47.841592Z"
    },
    {
      "original": "integrate(x**25/(25*x**16 + 25 + x**9/25), x)",
      "requested_difficulty": "equivalent",
      "variant": "integrate((25*x**25)/(25**2*x**16 + 25**2 + x**9), x)",
      "reasoning": "As a student focused on polynomials, I see the integral's complexity. I\u2019ll multiply both the numerator and denominator by \\( 25 \\) to eliminate fractions.",
      "evaluation": "equivalent",
      "extra_verification": null,
      "transformations_used": [
        "distribute terms differently",
        "use trigonometric identities to rewrite expression",
        "swap numerator and denominator with reciprocal",
        "alter constant terms",
        "adjust parameters while keeping the integral equivalent"
      ],
      "timestamp": "2025-02-05T06:30:47.810527Z"
    },
    {
      "original": "integrate(x**25/(25*x**16 + 25 + x**9/25), x)",
      "requested_difficulty": "equivalent",
      "variant": "integrate((exp(25*log(x)))/(25*exp(16*log(x)) + 25 + exp((9/25)*log(x))), x)",
      "reasoning": "The theoretical physicist in me wants to connect everything to exponential functions. Let's express \\( x \\) in terms of exponentials.",
      "evaluation": "equivalent",
      "extra_verification": null,
      "transformations_used": [
        "distribute terms differently",
        "use trigonometric identities to rewrite expression",
        "swap numerator and denominator with reciprocal",
        "alter constant terms",
        "adjust parameters while keeping the integral equivalent"
      ],
      "timestamp": "2025-02-05T06:30:48.120728Z"
    },
    {
      "original": "integrate(x**25/(25*x**16 + 25 + x**9/25), x)",
      "requested_difficulty": "equivalent",
      "variant": "integrate(x**25/(5**2*x**16 + 5**2 + x**9/25), x)",
      "reasoning": "As an engineer, I prefer computational forms. I can express \\( 25 \\) in terms of \\( 5^2 \\) which might offer clear mathematical manipulation opportunities.",
      "evaluation": "equivalent",
      "extra_verification": null,
      "transformations_used": [
        "distribute terms differently",
        "use trigonometric identities to rewrite expression",
        "swap numerator and denominator with reciprocal",
        "alter constant terms",
        "adjust parameters while keeping the integral equivalent"
      ],
      "timestamp": "2025-02-05T06:30:47.698123Z"
    },
    {
      "original": "integrate(x**25/(25*x**16 + 25 + x**9/25), x)",
      "requested_difficulty": "equivalent",
      "variant": "integrate((x**25)/(x**16 + 1 + (x**9/25)), x)",
      "reasoning": "From the perspective of a number theorist, I'm fascinated by prime factors and rational transformations. I will adjust the numerator by expressing it in different prime multipliers.",
      "evaluation": "easier",
      "extra_verification": null,
      "transformations_used": [
        "distribute terms differently",
        "use trigonometric identities to rewrite expression",
        "swap numerator and denominator with reciprocal",
        "alter constant terms",
        "adjust parameters while keeping the integral equivalent"
      ],
      "timestamp": "2025-02-05T06:30:47.781252Z"
    },
    {
      "original": "integrate(x**25/(25*x**16 + 25 + x**9/25), x)",
      "requested_difficulty": "equivalent",
      "variant": "integrate(x**25/(25*(x**16 + 1 + (x**9/25))), x)",
      "reasoning": "The calculus professor in me wants to rewrite \\((25 + 1 + (x^{9}/25))/(25^{2})\\) for an even clearer denominator and better clarity.",
      "evaluation": "easier",
      "extra_verification": null,
      "transformations_used": [
        "distribute terms differently",
        "use trigonometric identities to rewrite expression",
        "swap numerator and denominator with reciprocal",
        "alter constant terms",
        "adjust parameters while keeping the integral equivalent"
      ],
      "timestamp": "2025-02-05T06:30:47.816668Z"
    },
    {
      "original": "integrate(x**25/(25*x**16 + 25 + x**9/25), x)",
      "requested_difficulty": "equivalent",
      "variant": "integrate(x**25/(25*(x**16 + 1) + (x**9/25)), x)",
      "reasoning": "As a creative mathematician, I can rewrite the denominator to separate out terms visually, focusing on the relationship of degrees.",
      "evaluation": "easier",
      "extra_verification": null,
      "transformations_used": [
        "distribute terms differently",
        "use trigonometric identities to rewrite expression",
        "swap numerator and denominator with reciprocal",
        "alter constant terms",
        "adjust parameters while keeping the integral equivalent"
      ],
      "timestamp": "2025-02-05T06:30:47.873009Z"
    },
    {
      "original": "integrate(x**25/(25*x**16 + 25 + x**9/25), x)",
      "requested_difficulty": "equivalent",
      "variant": "integrate(x**25/(25*(x**16) + 25 + (x**9/25)), x)",
      "reasoning": "From an engineering viewpoint, I can translate complex terms to a more practical format through numerical approximations. Every term can be handled based on powers of 10 for clarity.",
      "evaluation": "equivalent",
      "extra_verification": null,
      "transformations_used": [
        "distribute terms differently",
        "use trigonometric identities to rewrite expression",
        "swap numerator and denominator with reciprocal",
        "alter constant terms",
        "adjust parameters while keeping the integral equivalent"
      ],
      "timestamp": "2025-02-05T06:30:47.840632Z"
    },
    {
      "original": "integrate(x**25/(25*x**16 + 25 + x**9/25), x)",
      "requested_difficulty": "equivalent",
      "variant": "integrate(x**25/(25*(x**16 + 1 + x**9/625)), x)",
      "reasoning": "As a calculus professor who enjoys simplifications, I notice that I can factor out the common term 25 in the denominator. This simplifies my computation.",
      "evaluation": "easier",
      "extra_verification": null,
      "transformations_used": [
        "distribute terms differently",
        "use alternate but equivalent radical forms",
        "factor common terms differently"
      ],
      "timestamp": "2025-02-05T06:30:53.502307Z"
    },
    {
      "original": "integrate(x**25/(25*x**16 + 25 + x**9/25), x)",
      "requested_difficulty": "equivalent",
      "variant": "integrate(x**25 / (25*x**16 + 25 + (x**9)/(25)), x)",
      "reasoning": "As a student who prefers polynomials, I will express the integrand in a polynomial form, expanding and adjusting to only involve x terms which can help with integration.",
      "evaluation": "equivalent",
      "extra_verification": null,
      "transformations_used": [
        "distribute terms differently",
        "use alternate but equivalent radical forms",
        "factor common terms differently"
      ],
      "timestamp": "2025-02-05T06:30:56.172471Z"
    },
    {
      "original": "integrate(x**25/(25*x**16 + 25 + x**9/25), x)",
      "requested_difficulty": "equivalent",
      "variant": "integrate(x**25 / (x**16 + 1 + x**9/625), x)",
      "reasoning": "In the spirit of a theoretical physicist, I notice the potential for exponential and trigonometric identities and suggest rewriting the integral in terms of fractional powers.",
      "evaluation": "easier",
      "extra_verification": null,
      "transformations_used": [
        "distribute terms differently",
        "use alternate but equivalent radical forms",
        "factor common terms differently"
      ],
      "timestamp": "2025-02-05T06:30:53.375265Z"
    },
    {
      "original": "integrate(x**25/(25*x**16 + 25 + x**9/25), x)",
      "requested_difficulty": "equivalent",
      "variant": "integrate(x**25 / ((25/1)*x**16 + (25/1) + (1/25)*x**9), x)",
      "reasoning": "As a number theorist fascinated by coefficients, I see that expressing constants as fractions can yield interesting insights into partial fraction decomposition.",
      "evaluation": "equivalent",
      "extra_verification": null,
      "transformations_used": [
        "distribute terms differently",
        "use alternate but equivalent radical forms",
        "factor common terms differently"
      ],
      "timestamp": "2025-02-05T06:30:52.999413Z"
    },
    {
      "original": "integrate(x**25/(25*x**16 + 25 + x**9/25), x)",
      "requested_difficulty": "equivalent",
      "variant": "integrate((x**16 * (x**9 + 25)) / (x**16 * (25 + 1)), x)",
      "reasoning": "As a geometry enthusiast, I can factor the numerator and denominator to represent this integral in terms of geometric series which allows for insight into convergence behaviors.",
      "evaluation": "equivalent",
      "extra_verification": null,
      "transformations_used": [
        "distribute terms differently",
        "use alternate but equivalent radical forms",
        "factor common terms differently"
      ],
      "timestamp": "2025-02-05T06:30:53.074830Z"
    },
    {
      "original": "integrate(x**25/(25*x**16 + 25 + x**9/25), x)",
      "requested_difficulty": "equivalent",
      "variant": "integrate(x**25 / (x**16 + (x**9/25 + 25)), x)",
      "reasoning": "I enjoy playing with symmetry and alternative arrangements; thus, rewriting the denominators can aid simplification for integrals involving symmetry.",
      "evaluation": "equivalent",
      "extra_verification": null,
      "transformations_used": [
        "distribute terms differently",
        "use alternate but equivalent radical forms",
        "factor common terms differently"
      ],
      "timestamp": "2025-02-05T06:30:52.963169Z"
    },
    {
      "original": "integrate(x**25/(25*x**16 + 25 + x**9/25), x)",
      "requested_difficulty": "equivalent",
      "variant": "integrate(x**25 / (x**16 + x**9/25 + 25), x)",
      "reasoning": "I like factoring common terms differently, so rewriting the denominator to emphasize roots of unity can provide a new perspective on integration.",
      "evaluation": "easier",
      "extra_verification": null,
      "transformations_used": [
        "distribute terms differently",
        "use alternate but equivalent radical forms",
        "factor common terms differently"
      ],
      "timestamp": "2025-02-05T06:30:53.329406Z"
    }
  ]
]