[
  [
    {
      "original": "integrate(1/(1-sin(x)), (x, -pi/4, pi/4))",
      "requested_difficulty": "easier",
      "variant": "integrate(1/(2 - 2*sin(x/2)**2), x)",
      "reasoning": "As a creative mathematician, I prefer unique substitutions. By rearranging terms and using \\( \\sin(x) = 1 - 2\\sin^2(x/2) \\), I can transform the integrand into a function of \\( \\sin^2(x/2) \\), simplifying the integration process.",
      "evaluation": "easier",
      "extra_verification": null,
      "transformations_used": [
        "convert a product to a simpler sum",
        "eliminate a radical",
        "reduce the degree of a polynomial"
      ],
      "timestamp": "2025-02-05T06:43:51.367704Z"
    },
    {
      "original": "integrate(1/(1-sin(x)), (x, -pi/4, pi/4))",
      "requested_difficulty": "easier",
      "variant": "integrate(1/(1 - sin(1)), x)",
      "reasoning": "As a number theorist, I might consider the properties of sine in rational coefficients. I can explore the integral using known values for trigonometric functions of rational inputs, leading to a set of evaluations instead of a direct integral.",
      "evaluation": "easier",
      "extra_verification": null,
      "transformations_used": [
        "convert a product to a simpler sum",
        "eliminate a radical",
        "reduce the degree of a polynomial"
      ],
      "timestamp": "2025-02-05T06:43:51.408424Z"
    },
    {
      "original": "integrate(1/(1-sin(x)), (x, -pi/4, pi/4))",
      "requested_difficulty": "easier",
      "variant": "integrate(1/(1 - 2*sin(x/2)*cos(x/2)), x)",
      "reasoning": "As a calculus professor, I see that simplifying the denominator can lead to an easier integral. I suggest using the identity sin(x) = 2sin(x/2)cos(x/2) to reframe the integral. This reduces complexity in the denominator.",
      "evaluation": "easier",
      "extra_verification": null,
      "transformations_used": [
        "lower a coefficient",
        "remove a complicated term",
        "reduce the number of terms in the expression",
        "convert a product to a simpler sum",
        "remove a factor"
      ],
      "timestamp": "2025-02-05T06:43:52.210758Z"
    },
    {
      "original": "integrate(1/(1-sin(x)), (x, -pi/4, pi/4))",
      "requested_difficulty": "easier",
      "variant": "integrate(1/(cos^2(x/2)), x)",
      "reasoning": "As a creative mathematician, I find inspiration in trigonometric identities. Using the identity cos(x) = 1 - sin^2(x) allows us to express this integral in terms of cos, potentially simplifying our integration path since it's a more straightforward expression.",
      "evaluation": "easier",
      "extra_verification": null,
      "transformations_used": [
        "lower a coefficient",
        "remove a complicated term",
        "reduce the number of terms in the expression",
        "convert a product to a simpler sum",
        "remove a factor"
      ],
      "timestamp": "2025-02-05T06:43:52.614465Z"
    },
    {
      "original": "integrate(1/(1-sin(x)), (x, -pi/4, pi/4))",
      "requested_difficulty": "easier",
      "variant": "integrate(1/(1 - x), x)",
      "reasoning": "As an engineer, I prefer practical approaches. If we could approximate sin(x) for small values (near 0), we could simplify the integral significantly. We can use sin(x) \u2248 x as x is around 0 in our limits.",
      "evaluation": "easier",
      "extra_verification": null,
      "transformations_used": [
        "lower a coefficient",
        "remove a complicated term",
        "reduce the number of terms in the expression",
        "convert a product to a simpler sum",
        "remove a factor"
      ],
      "timestamp": "2025-02-05T06:43:52.127792Z"
    },
    {
      "original": "integrate(1/(1-sin(x)), (x, -pi/4, pi/4))",
      "requested_difficulty": "equivalent",
      "variant": "integrate(1/(cos(x)**2)/(1 + sin(x)), x)",
      "reasoning": "As a calculus professor, I can simplify the integrand by using the identity \\( 1 - \\sin(x) = \\frac{(1 - \\sin(x))(1 + \\sin(x))}{1 + \\sin(x)} = \\frac{1 - \\sin^2(x)}{1 + \\sin(x)} \\), allowing for potential simplifications.",
      "evaluation": "easier",
      "extra_verification": null,
      "transformations_used": [
        "distribute terms differently",
        "swap numerator and denominator with reciprocal",
        "rearrange the order of terms"
      ],
      "timestamp": "2025-02-05T06:43:58.330371Z"
    },
    {
      "original": "integrate(1/(1-sin(x)), (x, -pi/4, pi/4))",
      "requested_difficulty": "equivalent",
      "variant": "integrate(1/(cos(x/2)**2), x)",
      "reasoning": "The creative mathematician in me sees an opportunity to transform the expression using \\( 1 - \\sin(x) = \\cos^2(x/2) \\). This allows me to rewrite the integral in terms of half-angle formulas, which are often much easier to handle.",
      "evaluation": "easier",
      "extra_verification": null,
      "transformations_used": [
        "distribute terms differently",
        "swap numerator and denominator with reciprocal",
        "rearrange the order of terms"
      ],
      "timestamp": "2025-02-05T06:43:58.398282Z"
    },
    {
      "original": "integrate(1/(1-sin(x)), (x, -pi/4, pi/4))",
      "requested_difficulty": "equivalent",
      "variant": "integrate(1/(1 - (x - x**3/6 + O(x**5))), x)",
      "reasoning": "As a student with a focus on polynomials, I recognize \\( \\sin(x) \\) can be approximated with a Taylor series expansion near zero, transforming the integral into a polynomial form for analysis.",
      "evaluation": "easier",
      "extra_verification": null,
      "transformations_used": [
        "distribute terms differently",
        "swap numerator and denominator with reciprocal",
        "rearrange the order of terms"
      ],
      "timestamp": "2025-02-05T06:43:58.429037Z"
    },
    {
      "original": "integrate(1/(1-sin(x)), (x, -pi/4, pi/4))",
      "requested_difficulty": "equivalent",
      "variant": "integrate(1/t, x)",
      "reasoning": "As a number theorist fascinated by rational functions, I can also consider a substitution \\( t = 1 - \\sin(x) \\) which may yield a rational function dependent solely on \\( t \\) after a change of variables.",
      "evaluation": "easier",
      "extra_verification": null,
      "transformations_used": [
        "distribute terms differently",
        "swap numerator and denominator with reciprocal",
        "rearrange the order of terms"
      ],
      "timestamp": "2025-02-05T06:43:58.415031Z"
    },
    {
      "original": "integrate(1/(1-sin(x)), (x, -pi/4, pi/4))",
      "requested_difficulty": "equivalent",
      "variant": "integrate(1/(1 + sin(-x)), x)",
      "reasoning": "Thinking geometrically, I see the significance of symmetry and might want to reformulate the integral using the property of definite integrals \\( \\int_{a}^{b} f(x) \\, dx = \\int_{-a}^{-b} f(-x) \\, dx \\) while integrating \\( \\frac{1}{1 + \\sin(x)} \\) instead.",
      "evaluation": "equivalent",
      "extra_verification": null,
      "transformations_used": [
        "distribute terms differently",
        "swap numerator and denominator with reciprocal",
        "rearrange the order of terms"
      ],
      "timestamp": "2025-02-05T06:43:58.495580Z"
    },
    {
      "original": "integrate(1/(1-sin(x)), (x, -pi/4, pi/4))",
      "requested_difficulty": "equivalent",
      "variant": "integrate(cos(x)/(cos(x)*(1 - sin(x))), x)",
      "reasoning": "A creative insight could involve multiplying the integral by \\( \\frac{\\cos(x)}{\\cos(x)} \\), leading to a less immediately obvious yet valid use of the chain rule, resulting in a more complex integrand.",
      "evaluation": "easier",
      "extra_verification": null,
      "transformations_used": [
        "distribute terms differently",
        "swap numerator and denominator with reciprocal",
        "rearrange the order of terms"
      ],
      "timestamp": "2025-02-05T06:43:58.291102Z"
    },
    {
      "original": "integrate(1/(1-sin(x)), (x, -pi/4, pi/4))",
      "requested_difficulty": "equivalent",
      "variant": "integrate(1/(1 - (1 - cos(x)^2)), x)",
      "reasoning": "As a calculus professor who loves elegant simplifications, I notice that \\( \\sin(x) = 1 - \\cos^2(x) \\), allowing me to rewrite the integrand in a more manageable form.",
      "evaluation": "easier",
      "extra_verification": null,
      "transformations_used": [
        "use trigonometric identities to rewrite expression",
        "exchange similar functions (e.g., sin to cos)",
        "rearrange the order of terms",
        "rewrite using alternate algebraic forms",
        "factor common terms differently"
      ],
      "timestamp": "2025-02-05T06:43:53.994499Z"
    },
    {
      "original": "integrate(1/(1-sin(x)), (x, -pi/4, pi/4))",
      "requested_difficulty": "equivalent",
      "variant": "integrate(1/(1 - cos(pi/2 - x)), x)",
      "reasoning": "As a creative mathematician enjoying unusual substitutions, I can transform the sine function using a sine-to-cosine substitution since \\( \\sin(x) = \\cos(\\frac{\\pi}{2} - x) \\).",
      "evaluation": "easier",
      "extra_verification": null,
      "transformations_used": [
        "use trigonometric identities to rewrite expression",
        "exchange similar functions (e.g., sin to cos)",
        "rearrange the order of terms",
        "rewrite using alternate algebraic forms",
        "factor common terms differently"
      ],
      "timestamp": "2025-02-05T06:43:53.897571Z"
    },
    {
      "original": "integrate(1/(1-sin(x)), (x, -pi/4, pi/4))",
      "requested_difficulty": "equivalent",
      "variant": "integrate(2/(2 - (1 - cos(x))), x)",
      "reasoning": "As a theoretical physicist, I appreciate using trigonometric identities. Thus, rewriting the integrand using the half-angle formula introduces a clearer geometric interpretation.",
      "evaluation": "easier",
      "extra_verification": null,
      "transformations_used": [
        "use trigonometric identities to rewrite expression",
        "exchange similar functions (e.g., sin to cos)",
        "rearrange the order of terms",
        "rewrite using alternate algebraic forms",
        "factor common terms differently"
      ],
      "timestamp": "2025-02-05T06:43:54.153398Z"
    },
    {
      "original": "integrate(1/(1-sin(x)), (x, -pi/4, pi/4))",
      "requested_difficulty": "equivalent",
      "variant": "integrate((1 + sin(x))/(1 - sin^2(x)), x)",
      "reasoning": "As an engineer focused on practical, computational approaches, I can utilize the identity that \\( 1 - \\sin(x) = (1 - \\sin(x)) \\cdot (1 + \\sin(x))/(1 + \\sin(x)) \\) for simplifying computations.",
      "evaluation": "easier",
      "extra_verification": null,
      "transformations_used": [
        "use trigonometric identities to rewrite expression",
        "exchange similar functions (e.g., sin to cos)",
        "rearrange the order of terms",
        "rewrite using alternate algebraic forms",
        "factor common terms differently"
      ],
      "timestamp": "2025-02-05T06:43:53.894858Z"
    }
  ],
  [
    {
      "original": "integrate(sin(x)**4*cos(x)**4*(cos(x) + sin(x))*(cos(x) - sin(x)), x)",
      "requested_difficulty": "easier",
      "variant": "integrate((1 - cos(x)**2)**2 * (1 - sin(x)**2)**2 * (cos(x) + sin(x)) * (cos(x) - sin(x)), x)",
      "reasoning": "As a calculus professor, I love simplifying expressions. We can reduce the degrees of the sine and cosine functions by using \\( \\sin^2(x) + \\cos^2(x) = 1 \\). Rewriting with lower powers can ease the integration.",
      "evaluation": "easier",
      "extra_verification": null,
      "transformations_used": [
        "reduce the degree of a polynomial",
        "remove a factor",
        "remove nested functions"
      ],
      "timestamp": "2025-02-05T06:43:56.328725Z"
    },
    {
      "original": "integrate(sin(x)**4*cos(x)**4*(cos(x) + sin(x))*(cos(x) - sin(x)), x)",
      "requested_difficulty": "easier",
      "variant": "integrate(sin(x)**4 * cos(x)**4 * (cos(x)**2 - sin(x)**2), x)",
      "reasoning": "A student who prefers working with polynomials, I recognize potential polynomial simplifications. Let's expand the product inside the integral to create a polynomial expression of sine and cosine terms.",
      "evaluation": "easier",
      "extra_verification": null,
      "transformations_used": [
        "reduce the degree of a polynomial",
        "remove a factor",
        "remove nested functions"
      ],
      "timestamp": "2025-02-05T06:43:56.561474Z"
    },
    {
      "original": "integrate(sin(x)**4*cos(x)**4*(cos(x) + sin(x))*(cos(x) - sin(x)), x)",
      "requested_difficulty": "easier",
      "variant": "integrate((1/16) * (1 - cos(2*x))**2 * (1 - sin(2*x)**2) * (cos(2*x) + sin(2*x)), x)",
      "reasoning": "As a theoretical physicist, I often prefer using trigonometric identities. We can utilize the double angle identities, transforming the powers into cosine of double angles.",
      "evaluation": "easier",
      "extra_verification": null,
      "transformations_used": [
        "reduce the degree of a polynomial",
        "remove a factor",
        "remove nested functions"
      ],
      "timestamp": "2025-02-05T06:43:56.581981Z"
    },
    {
      "original": "integrate(sin(x)**4*cos(x)**4*(cos(x) + sin(x))*(cos(x) - sin(x)), x)",
      "requested_difficulty": "easier",
      "variant": "integrate(sin(x)**2 * cos(x)**2 * (cos(x) + sin(x)) * (cos(x) - sin(x)), x)",
      "reasoning": "As an engineer with a focus on practical, computational approaches, I suggest grouping terms to limit the polynomial complexity, focusing on the product of cosine and sine.",
      "evaluation": "easier",
      "extra_verification": null,
      "transformations_used": [
        "reduce the degree of a polynomial",
        "remove a factor",
        "remove nested functions"
      ],
      "timestamp": "2025-02-05T06:43:56.574307Z"
    },
    {
      "original": "integrate(sin(x)**4*cos(x)**4*(cos(x) + sin(x))*(cos(x) - sin(x)), x)",
      "requested_difficulty": "easier",
      "variant": "integrate(sin(x)**2 * cos(x)**2 * (2*cos(x) - 2*sin(x)), x)",
      "reasoning": "As a number theorist enchanted by prime and rational numbers, we could reduce the integral by removing some terms and working directly with rational coefficients rather than complex products.",
      "evaluation": "easier",
      "extra_verification": null,
      "transformations_used": [
        "reduce the degree of a polynomial",
        "remove a factor",
        "remove nested functions"
      ],
      "timestamp": "2025-02-05T06:43:56.485692Z"
    },
    {
      "original": "integrate(sin(x)**4*cos(x)**4*(cos(x) + sin(x))*(cos(x) - sin(x)), x)",
      "requested_difficulty": "easier",
      "variant": "integrate(sin(x)**4 * cos(x)**4 * (cos(x) + sin(x)), x)",
      "reasoning": "A geometry enthusiast thinking in transformations, I notice that we can utilize symmetry to reduce the problem by integrating over half the domain and doubling the result.",
      "evaluation": "easier",
      "extra_verification": null,
      "transformations_used": [
        "reduce the degree of a polynomial",
        "remove a factor",
        "remove nested functions"
      ],
      "timestamp": "2025-02-05T06:43:56.413212Z"
    },
    {
      "original": "integrate(sin(x)**4*cos(x)**4*(cos(x) + sin(x))*(cos(x) - sin(x)), x)",
      "requested_difficulty": "easier",
      "variant": "integrate(sin^2(x) * cos^2(x) * (1 + sin(x) - sin(x)**2), x)",
      "reasoning": "As a calculus professor, I again lean on symmetry in trigonometric functions. The expression can be analyzed in terms of \\( \\sin^2(x) \\) and \\( \\cos^2(x) \\) to lower complexity.",
      "evaluation": "easier",
      "extra_verification": null,
      "transformations_used": [
        "reduce the degree of a polynomial",
        "remove a factor",
        "remove nested functions"
      ],
      "timestamp": "2025-02-05T06:43:56.344385Z"
    },
    {
      "original": "integrate(sin(x)**4*cos(x)**4*(cos(x) + sin(x))*(cos(x) - sin(x)), x)",
      "requested_difficulty": "easier",
      "variant": "integrate(sin^3(x)*cos^3(x)*(cos(x) - sin(x)), x)",
      "reasoning": "As a creative mathematician, I find value in focusing on critical points and even odd functions. Simplifying to odd powers allows us to reduce certain symmetric limits in integration.",
      "evaluation": "easier",
      "extra_verification": null,
      "transformations_used": [
        "reduce the degree of a polynomial",
        "remove a factor",
        "remove nested functions"
      ],
      "timestamp": "2025-02-05T06:43:56.489613Z"
    },
    {
      "original": "integrate(sin(x)**4*cos(x)**4*(cos(x) + sin(x))*(cos(x) - sin(x)), x)",
      "requested_difficulty": "easier",
      "variant": "integrate(sin(x)**4*cos(x)**4*(cos(x)**2 - sin(x)**2), x)",
      "reasoning": "As a calculus professor, I prefer using symmetry and identities. The product \\((\\cos(x) + \\sin(x))(\\cos(x) - \\sin(x))\\) simplifies to \\(\\cos^2(x) - \\sin^2(x)\\). This reduces the complexity of the original integral.",
      "evaluation": "easier",
      "extra_verification": null,
      "transformations_used": [
        "remove a factor",
        "eliminate absolute value terms",
        "remove nested functions",
        "eliminate a radical",
        "lower a coefficient"
      ],
      "timestamp": "2025-02-05T06:43:53.271765Z"
    },
    {
      "original": "integrate(sin(x)**4*cos(x)**4*(cos(x) + sin(x))*(cos(x) - sin(x)), x)",
      "requested_difficulty": "easier",
      "variant": "integrate(cos(x)**4 * sin(x)**4 * (cos(x)**2 - sin(x)**2), x)",
      "reasoning": "As a creative mathematician, I notice that I can pull out the \\(\\cos^4(x)\\) term and work with \\(\\sin^4(x)(\\cos(x)+\\sin(x))(\\cos(x)-\\sin(x))\\) separately. This reduces the integral to a simpler polynomial form.",
      "evaluation": "easier",
      "extra_verification": null,
      "transformations_used": [
        "remove a factor",
        "eliminate absolute value terms",
        "remove nested functions",
        "eliminate a radical",
        "lower a coefficient"
      ],
      "timestamp": "2025-02-05T06:43:53.339796Z"
    },
    {
      "original": "integrate(sin(x)**4*cos(x)**4*(cos(x) + sin(x))*(cos(x) - sin(x)), x)",
      "requested_difficulty": "equivalent",
      "variant": "integrate((sin(2*x)**4 / 16) * (cos(x) + sin(x)) * (cos(x) - sin(x)), x)",
      "reasoning": "As a calculus professor seeking elegant simplifications, I can employ trigonometric identities to express \\(\\sin^4(x)\\) and \\(\\cos^4(x)\\) in terms of powers of \\(\\sin(2x)\\) and \\(\\cos(2x)\\). This approach leverages the double angle formulas to ultimately simplify the expression.",
      "evaluation": "easier",
      "extra_verification": null,
      "transformations_used": [
        "adjust parameters while keeping the integral equivalent",
        "alter constant terms",
        "use trigonometric identities to rewrite expression"
      ],
      "timestamp": "2025-02-05T06:43:50.178746Z"
    },
    {
      "original": "integrate(sin(x)**4*cos(x)**4*(cos(x) + sin(x))*(cos(x) - sin(x)), x)",
      "requested_difficulty": "equivalent",
      "variant": "integrate((1 - cos(2*x))**2 * (1 - sin(2*x)**2) * (cos(x) + sin(x)) * (cos(x) - sin(x)), x)",
      "reasoning": "As a creative mathematician, I will substitute variables using half-angle identities. The transformed variables allow me to manipulate the integral into a more manageable form, while preserving its essence.",
      "evaluation": "easier",
      "extra_verification": null,
      "transformations_used": [
        "adjust parameters while keeping the integral equivalent",
        "alter constant terms",
        "use trigonometric identities to rewrite expression"
      ],
      "timestamp": "2025-02-05T06:43:50.379648Z"
    },
    {
      "original": "integrate(sin(x)**4*cos(x)**4*(cos(x) + sin(x))*(cos(x) - sin(x)), x)",
      "requested_difficulty": "equivalent",
      "variant": "integrate((exp(I*x) - exp(-I*x))**4 * (cos(x) + sin(x)) * (cos(x) - sin(x))/(16), x)",
      "reasoning": "As a theoretical physicist, I like to express functions in forms that highlight their symmetric properties. By using the identities for \\(\\sin\\) and \\(\\cos\\) functions, I can reconfigure the integral into a different but equivalent form involving exponential functions.",
      "evaluation": "equivalent",
      "extra_verification": null,
      "transformations_used": [
        "adjust parameters while keeping the integral equivalent",
        "alter constant terms",
        "use trigonometric identities to rewrite expression"
      ],
      "timestamp": "2025-02-05T06:43:50.946719Z"
    },
    {
      "original": "integrate(sin(x)**4*cos(x)**4*(cos(x) + sin(x))*(cos(x) - sin(x)), x)",
      "requested_difficulty": "equivalent",
      "variant": "integrate(sin(4*x) * cos(4*x) * (cos(x) + sin(x)) * (cos(x) - sin(x)) / 16, x)",
      "reasoning": "As an engineer who leans towards computational methods, I will transform the polynomial form using numerical approximations or properties\u2014this approach maintains a rigorous calculation mode similar to actual engineering practices.",
      "evaluation": "easier",
      "extra_verification": null,
      "transformations_used": [
        "adjust parameters while keeping the integral equivalent",
        "alter constant terms",
        "use trigonometric identities to rewrite expression"
      ],
      "timestamp": "2025-02-05T06:43:50.083383Z"
    },
    {
      "original": "integrate(sin(x)**4*cos(x)**4*(cos(x) + sin(x))*(cos(x) - sin(x)), x)",
      "requested_difficulty": "equivalent",
      "variant": "integrate((tan(x)**4)/(sec(x)**8) * (cos(x) + sin(x)) * (cos(x) - sin(x)), x)",
      "reasoning": "As a geometry enthusiast, I might visualize the integral through transformations on the unit circle. By expressing the integral in terms of tangent and secant, I can maintain the overall complexity while providing a geometric interpretation.",
      "evaluation": "easier",
      "extra_verification": null,
      "transformations_used": [
        "adjust parameters while keeping the integral equivalent",
        "alter constant terms",
        "use trigonometric identities to rewrite expression"
      ],
      "timestamp": "2025-02-05T06:43:50.290352Z"
    },
    {
      "original": "integrate(sin(x)**4*cos(x)**4*(cos(x) + sin(x))*(cos(x) - sin(x)), x)",
      "requested_difficulty": "equivalent",
      "variant": "integrate((sin(x)**2 * cos(x)**2)**2 * (cos(x) + sin(x)) * (cos(x) - sin(x)), x)",
      "reasoning": "Approaching from the perspective of symmetry, I can factor and rearrange the variables in a manner that\u2019s reflective of the original integral but allows for the exploration of integrals involving squares and roots.",
      "evaluation": "easier",
      "extra_verification": null,
      "transformations_used": [
        "adjust parameters while keeping the integral equivalent",
        "alter constant terms",
        "use trigonometric identities to rewrite expression"
      ],
      "timestamp": "2025-02-05T06:43:50.208562Z"
    },
    {
      "original": "integrate(sin(x)**4*cos(x)**4*(cos(x) + sin(x))*(cos(x) - sin(x)), x)",
      "requested_difficulty": "equivalent",
      "variant": "integrate((sin(x)**4 + O(x**6))*(cos(x)**4 + O(x**6))*(cos(x) + sin(x))*(cos(x) - sin(x)), x)",
      "reasoning": "I will approach this integral with the consideration of power series expansions, representing sine and cosine through their Taylor series to explore behavior at specific limits, still maintaining its original complexity.",
      "evaluation": "easier",
      "extra_verification": null,
      "transformations_used": [
        "adjust parameters while keeping the integral equivalent",
        "alter constant terms",
        "use trigonometric identities to rewrite expression"
      ],
      "timestamp": "2025-02-05T06:43:50.086248Z"
    },
    {
      "original": "integrate(sin(x)**4*cos(x)**4*(cos(x) + sin(x))*(cos(x) - sin(x)), x)",
      "requested_difficulty": "equivalent",
      "variant": "integrate(cos(x)**4 * (1 - (1 - cos(x)**2)**2)*(cos(x) + sin(x))*(cos(x) - sin(x)), x)",
      "reasoning": "As an engineer focusing on practical computation, I favor using a compact notation for the powers of sine and cosine. Thus, I will express the powers as \\( \\sin^2(x) \\) and \\( \\cos^2(x) \\) terms and apply the double angle formulas.",
      "evaluation": "easier",
      "extra_verification": null,
      "transformations_used": [
        "substitute equivalent exponential forms",
        "change coefficient values slightly",
        "exchange similar functions (e.g., sin to cos)",
        "use trigonometric identities to rewrite expression",
        "rewrite using alternate algebraic forms"
      ],
      "timestamp": "2025-02-05T06:43:58.529514Z"
    },
    {
      "original": "integrate(sin(x)**4*cos(x)**4*(cos(x) + sin(x))*(cos(x) - sin(x)), x)",
      "requested_difficulty": "equivalent",
      "variant": "integrate(cos(x)**4*sin(x)**4*(sin(x) + cos(x))*(sin(x) - cos(x)), x)",
      "reasoning": "A creative mathematician enjoys symmetry, so I will recognize that \\( \\sin(x) \\) and \\( \\cos(x) \\) can be interchanged without loss of generality and change the structure of the terms.",
      "evaluation": "equivalent",
      "extra_verification": null,
      "transformations_used": [
        "substitute equivalent exponential forms",
        "change coefficient values slightly",
        "exchange similar functions (e.g., sin to cos)",
        "use trigonometric identities to rewrite expression",
        "rewrite using alternate algebraic forms"
      ],
      "timestamp": "2025-02-05T06:43:58.568601Z"
    }
  ],
  [
    {
      "original": "integrate(exp(exp(x)) - exp(exp(x) - x), x)",
      "requested_difficulty": "easier",
      "variant": "integrate(exp(exp(x)), x)",
      "reasoning": "As a calculus professor, I see the original integral involves an exponential composition that is quite complex. I can simplify it by focusing only on the leading term, \\( \\exp(\\exp(x)) \\), which might still provide interesting results without the influence of the other part.",
      "evaluation": "easier",
      "extra_verification": null,
      "transformations_used": [
        "remove a complicated term",
        "simplify composite trigonometric functions",
        "change a function to an easier one",
        "remove logarithmic terms",
        "reduce the number of terms in the expression"
      ],
      "timestamp": "2025-02-05T06:43:48.865279Z"
    },
    {
      "original": "integrate(exp(exp(x)) - exp(exp(x) - x), x)",
      "requested_difficulty": "easier",
      "variant": "integrate(sum(exp(i) * x**i / factorial(i) for i in range(10)), x)",
      "reasoning": "As a student preferring polynomials, I see that I could develop an approximation or series expansion for the exponential functions involved. This will open up the integral to be a power series integral, which is familiar territory.",
      "evaluation": "easier",
      "extra_verification": null,
      "transformations_used": [
        "remove a complicated term",
        "simplify composite trigonometric functions",
        "change a function to an easier one",
        "remove logarithmic terms",
        "reduce the number of terms in the expression"
      ],
      "timestamp": "2025-02-05T06:43:48.705843Z"
    },
    {
      "original": "integrate(exp(exp(x)) - exp(exp(x) - x), x)",
      "requested_difficulty": "easier",
      "variant": "integrate(-exp(exp(x) - x), x)",
      "reasoning": "Emphasizing simplicity as a theoretical physicist, I can reduce the integral by focusing only on the subtraction, as sometimes integrating simpler differences leads to clearer interpretations of the physical meaning.",
      "evaluation": "easier",
      "extra_verification": null,
      "transformations_used": [
        "remove a complicated term",
        "simplify composite trigonometric functions",
        "change a function to an easier one",
        "remove logarithmic terms",
        "reduce the number of terms in the expression"
      ],
      "timestamp": "2025-02-05T06:43:48.797955Z"
    },
    {
      "original": "integrate(exp(exp(x)) - exp(exp(x) - x), x)",
      "requested_difficulty": "easier",
      "variant": "integrate(exp(x), x)",
      "reasoning": "Acting as an engineer, I look for practical computations. Here, I will consider only the linear function and the leading exponential term, assessing their behavior without the additional complexity.",
      "evaluation": "easier",
      "extra_verification": null,
      "transformations_used": [
        "remove a complicated term",
        "simplify composite trigonometric functions",
        "change a function to an easier one",
        "remove logarithmic terms",
        "reduce the number of terms in the expression"
      ],
      "timestamp": "2025-02-05T06:43:48.761596Z"
    },
    {
      "original": "integrate(exp(exp(x)) - exp(exp(x) - x), x)",
      "requested_difficulty": "easier",
      "variant": "integrate(exp(x) - 1, x)",
      "reasoning": "As a number theorist, I find that using rational coefficients can help reveal simpler relationships. I want to use rationalized exponents while removing the complex ones entirely.",
      "evaluation": "easier",
      "extra_verification": null,
      "transformations_used": [
        "remove a complicated term",
        "simplify composite trigonometric functions",
        "change a function to an easier one",
        "remove logarithmic terms",
        "reduce the number of terms in the expression"
      ],
      "timestamp": "2025-02-05T06:43:48.820591Z"
    },
    {
      "original": "integrate(exp(exp(x)) - exp(exp(x) - x), x)",
      "requested_difficulty": "easier",
      "variant": "integrate((exp(exp(x)) - exp(x))/(exp(x)**2), x)",
      "reasoning": "I feel more comfortable with rational functions. Therefore, I can rationalize inside the exponential terms as much as possible, simplifying the task by utilizing basic polynomial-like behavior.",
      "evaluation": "easier",
      "extra_verification": null,
      "transformations_used": [
        "remove a complicated term",
        "simplify composite trigonometric functions",
        "change a function to an easier one",
        "remove logarithmic terms",
        "reduce the number of terms in the expression"
      ],
      "timestamp": "2025-02-05T06:43:48.677014Z"
    },
    {
      "original": "integrate(exp(exp(x)) - exp(exp(x) - x), x)",
      "requested_difficulty": "easier",
      "variant": "integrate(exp(exp(x) - exp(x) + x), x)",
      "reasoning": "As a calculus professor, I appreciate transforming the integrand into simpler exponential forms by factoring out common terms. Additionally, this allows for easier manipulation in the integration process.",
      "evaluation": "easier",
      "extra_verification": null,
      "transformations_used": [
        "simplify a trigonometric component",
        "change a function to an easier one",
        "simplify composite trigonometric functions",
        "eliminate a radical",
        "reduce the number of terms in the expression"
      ],
      "timestamp": "2025-02-05T06:43:50.889768Z"
    },
    {
      "original": "integrate(exp(exp(x)) - exp(exp(x) - x), x)",
      "requested_difficulty": "easier",
      "variant": "integrate(exp(exp(x)) - (1 + exp(x) + exp(2*x)/2), x)",
      "reasoning": "From the perspective of a student who enjoys working with polynomials, I can expand the exponential terms. This presents an opportunity to express the integrand in a polynomial-like structure, making it manageable.",
      "evaluation": "easier",
      "extra_verification": null,
      "transformations_used": [
        "simplify a trigonometric component",
        "change a function to an easier one",
        "simplify composite trigonometric functions",
        "eliminate a radical",
        "reduce the number of terms in the expression"
      ],
      "timestamp": "2025-02-05T06:43:50.832155Z"
    },
    {
      "original": "integrate(exp(exp(x)) - exp(exp(x) - x), x)",
      "requested_difficulty": "easier",
      "variant": "integrate(exp(exp(x)) - exp(exp(x)) * exp(-x), x)",
      "reasoning": "As a theoretical physicist, I prefer working with exponential forms. By rewriting the expression using properties of exponents, I aim to simplify the integrand while still maintaining its complexity.",
      "evaluation": "easier",
      "extra_verification": null,
      "transformations_used": [
        "simplify a trigonometric component",
        "change a function to an easier one",
        "simplify composite trigonometric functions",
        "eliminate a radical",
        "reduce the number of terms in the expression"
      ],
      "timestamp": "2025-02-05T06:43:50.879097Z"
    },
    {
      "original": "integrate(exp(exp(x)) - exp(exp(x) - x), x)",
      "requested_difficulty": "easier",
      "variant": "integrate((1 + exp(x) + exp(2*x)/2) - (1 + exp(x)), x)",
      "reasoning": "As an engineer, I advocate a computational perspective by approximating the exponential functions with a series expansion. This yields a polynomial approximation, making the integral easier to compute.",
      "evaluation": "easier",
      "extra_verification": null,
      "transformations_used": [
        "simplify a trigonometric component",
        "change a function to an easier one",
        "simplify composite trigonometric functions",
        "eliminate a radical",
        "reduce the number of terms in the expression"
      ],
      "timestamp": "2025-02-05T06:43:51.015998Z"
    },
    {
      "original": "integrate(exp(exp(x)) - exp(exp(x) - x), x)",
      "requested_difficulty": "equivalent",
      "variant": "integrate(exp(exp(x)) - (exp(exp(x)) - 1) / (1 - exp(-x)), x)",
      "reasoning": "As a student who enjoys polynomials, I can expand one of the terms while keeping the integrity of the integral intact through polynomial approximation.",
      "evaluation": "easier",
      "extra_verification": null,
      "transformations_used": [
        "swap numerator and denominator with reciprocal",
        "apply algebraic identities that preserve complexity",
        "rearrange the order of terms",
        "distribute terms differently",
        "change variables while maintaining complexity"
      ],
      "timestamp": "2025-02-05T06:43:48.155096Z"
    },
    {
      "original": "integrate(exp(exp(x)) - exp(exp(x) - x), x)",
      "requested_difficulty": "equivalent",
      "variant": "integrate(exp(exp(x + a)) - exp(exp(x + a) - (x + a)), x)",
      "reasoning": "As a person who enjoys distributions, I manipulate the function using a different growth perspective by transforming the variable while focusing on the nature of growth inherent in the exponentials.",
      "evaluation": "equivalent",
      "extra_verification": null,
      "transformations_used": [
        "swap numerator and denominator with reciprocal",
        "apply algebraic identities that preserve complexity",
        "rearrange the order of terms",
        "distribute terms differently",
        "change variables while maintaining complexity"
      ],
      "timestamp": "2025-02-05T06:43:48.364401Z"
    },
    {
      "original": "integrate(exp(exp(x)) - exp(exp(x) - x), x)",
      "requested_difficulty": "equivalent",
      "variant": "integrate(e**(e**x) * (1 - e**(-x)), x)",
      "reasoning": "As a calculus professor, I appreciate the beauty of the integrand's structure. By factoring out \\( e^{e^x} \\), we emphasize the difference in behavior between the two terms.",
      "evaluation": "easier",
      "extra_verification": null,
      "transformations_used": [
        "adjust parameters while keeping the integral equivalent",
        "factor common terms differently",
        "modify an exponent slightly"
      ],
      "timestamp": "2025-02-05T06:43:57.005366Z"
    },
    {
      "original": "integrate(exp(exp(x)) - exp(exp(x) - x), x)",
      "requested_difficulty": "equivalent",
      "variant": "integrate(0.99 * (e**(e**x) - e**(e**x - x)), x)",
      "reasoning": "As an engineer, I favor numerical simplifications that preserve computational integrity. I introduce a small factor to the integral to explore equivalent variations robustly.",
      "evaluation": "easier",
      "extra_verification": null,
      "transformations_used": [
        "adjust parameters while keeping the integral equivalent",
        "factor common terms differently",
        "modify an exponent slightly"
      ],
      "timestamp": "2025-02-05T06:43:57.238763Z"
    },
    {
      "original": "integrate(exp(exp(x)) - exp(exp(x) - x), x)",
      "requested_difficulty": "equivalent",
      "variant": "integrate(exp(e**x) / exp(exp(x - 1)), x)",
      "reasoning": "From a number theoretic perspective, I can transform the additive structure into a multiplicative form by rearranging terms within the exponent. This helps me examine prime behaviors.",
      "evaluation": "easier",
      "extra_verification": null,
      "transformations_used": [
        "adjust parameters while keeping the integral equivalent",
        "factor common terms differently",
        "modify an exponent slightly"
      ],
      "timestamp": "2025-02-05T06:43:57.002725Z"
    },
    {
      "original": "integrate(exp(exp(x)) - exp(exp(x) - x), x)",
      "requested_difficulty": "equivalent",
      "variant": "integrate(exp(exp(x)) * (1 - exp(-exp(x))), x)",
      "reasoning": "While approaching as an algebraist, factoring the inner term differently provides insights into functional transformations that could simplify complex integrations.",
      "evaluation": "easier",
      "extra_verification": null,
      "transformations_used": [
        "adjust parameters while keeping the integral equivalent",
        "factor common terms differently",
        "modify an exponent slightly"
      ],
      "timestamp": "2025-02-05T06:43:57.000145Z"
    },
    {
      "original": "integrate(exp(exp(x)) - exp(exp(x) - x), x)",
      "requested_difficulty": "equivalent",
      "variant": "integrate(exp(exp(x) - log(2)) - exp(exp(x) - log(2) - x), x)",
      "reasoning": "As a polynomial enthusiast, I find it fascinating to explore the relationship between growth rates in the original expressions. By factoring extreme values, I can explore behaviors at limits.",
      "evaluation": "equivalent",
      "extra_verification": null,
      "transformations_used": [
        "adjust parameters while keeping the integral equivalent",
        "factor common terms differently",
        "modify an exponent slightly"
      ],
      "timestamp": "2025-02-05T06:43:56.993602Z"
    }
  ],
  [
    {
      "original": "integrate(sin(4*x)/sin(x), (x, 0, pi/2))",
      "requested_difficulty": "easier",
      "variant": "integrate((4*x - (4**3)/6 * x**3) / (x - (x**3)/6), x)",
      "reasoning": "As a student who loves polynomials, instead of sine, I can use Taylor series expansions around the small angles to express \\(\\sin(4x)\\) and \\(\\sin(x)\\). This polynomial approximation can render the integral more manageable.",
      "evaluation": "easier",
      "extra_verification": null,
      "transformations_used": [
        "simplify composite trigonometric functions",
        "drop a subexpression",
        "eliminate a radical"
      ],
      "timestamp": "2025-02-05T06:43:49.793770Z"
    },
    {
      "original": "integrate(sin(4*x)/sin(x), (x, 0, pi/2))",
      "requested_difficulty": "easier",
      "variant": "integrate((exp(4*I*x) - exp(-4*I*x))/(2*I) / ((exp(I*x) - exp(-I*x))/(2*I)), x)",
      "reasoning": "As a theoretical physicist, I favor using exponential representations of trigonometric functions. Thus, converting \\(\\sin\\) functions to their exponential form can help simplify the integral.",
      "evaluation": "equivalent",
      "extra_verification": null,
      "transformations_used": [
        "simplify composite trigonometric functions",
        "drop a subexpression",
        "eliminate a radical"
      ],
      "timestamp": "2025-02-05T06:43:49.982360Z"
    },
    {
      "original": "integrate(sin(4*x)/sin(x), (x, 0, pi/2))",
      "requested_difficulty": "easier",
      "variant": "integrate(0.66667*sin(4*x), x)",
      "reasoning": "As an engineer who typically seeks practical approaches, I can approximate \\(\\sin(4x)\\) and \\(\\sin(x)\\) using numerical integration over smooth intervals, which simplifies evaluations without pain.",
      "evaluation": "easier",
      "extra_verification": null,
      "transformations_used": [
        "simplify composite trigonometric functions",
        "drop a subexpression",
        "eliminate a radical"
      ],
      "timestamp": "2025-02-05T06:43:49.822919Z"
    },
    {
      "original": "integrate(sin(4*x)/sin(x), (x, 0, pi/2))",
      "requested_difficulty": "easier",
      "variant": "integrate(1 - cos(4*x) / (1 - cos(x)), x)",
      "reasoning": "Viewing the problem as a geometry enthusiast allows me to recognize the relationships in a unit circle context. Considering the integral representation of areas involving sine functions can render a clearer analytical path.",
      "evaluation": "easier",
      "extra_verification": null,
      "transformations_used": [
        "simplify composite trigonometric functions",
        "drop a subexpression",
        "eliminate a radical"
      ],
      "timestamp": "2025-02-05T06:43:50.065538Z"
    },
    {
      "original": "integrate(sin(4*x)/sin(x), (x, 0, pi/2))",
      "requested_difficulty": "easier",
      "variant": "integrate(2*sin(2*x) / (sin(x)), x)",
      "reasoning": "As a creative mathematician, exploring the harmonic nature of the functions lets me combine terms directly and explore common factors. This shared structure can allow easier manipulation.",
      "evaluation": "easier",
      "extra_verification": null,
      "transformations_used": [
        "simplify composite trigonometric functions",
        "drop a subexpression",
        "eliminate a radical"
      ],
      "timestamp": "2025-02-05T06:43:49.875604Z"
    },
    {
      "original": "integrate(sin(4*x)/sin(x), (x, 0, pi/2))",
      "requested_difficulty": "easier",
      "variant": "integrate((exp(1j*4*x) - exp(-1j*4*x))/(exp(1j*x) - exp(-1j*x)), x)",
      "reasoning": "Theoretical physicists often utilize exponential forms for trigonometric integrals. Rewriting the sine functions using Euler's formula can simplify some parts, yet this remains challenging.",
      "evaluation": "equivalent",
      "extra_verification": null,
      "transformations_used": [
        "remove nested functions",
        "lower a coefficient",
        "simplify the denominator"
      ],
      "timestamp": "2025-02-05T06:43:49.898608Z"
    },
    {
      "original": "integrate(sin(4*x)/sin(x), (x, 0, pi/2))",
      "requested_difficulty": "easier",
      "variant": "integrate(sin(x) * sin(3*x) / sin(x), x)",
      "reasoning": "As a number theorist, prime structures intrigue me. So instead of \\(\\sin(4x)\\), I could consider working with a product of prime trigonometric functions, which can still be complex.",
      "evaluation": "easier",
      "extra_verification": null,
      "transformations_used": [
        "remove nested functions",
        "lower a coefficient",
        "simplify the denominator"
      ],
      "timestamp": "2025-02-05T06:43:55.645318Z"
    },
    {
      "original": "integrate(sin(4*x)/sin(x), (x, 0, pi/2))",
      "requested_difficulty": "easier",
      "variant": "integrate(sin(2*x)/sin(x), x)",
      "reasoning": "An engineer focused on computational methods may reduce the coefficient in the integrand while maintaining the sine function, leading to easier integration.",
      "evaluation": "easier",
      "extra_verification": null,
      "transformations_used": [
        "remove nested functions",
        "lower a coefficient",
        "simplify the denominator"
      ],
      "timestamp": "2025-02-05T06:43:49.853026Z"
    },
    {
      "original": "integrate(sin(4*x)/sin(x), (x, 0, pi/2))",
      "requested_difficulty": "easier",
      "variant": "integrate(sin(4*(pi/2 - x))/sin(x), x)",
      "reasoning": "The creative mathematician appreciates unusual substitutions. I propose a change of variables that invokes symmetry in the sine function, making it more approachable but still tricky.",
      "evaluation": "easier",
      "extra_verification": null,
      "transformations_used": [
        "remove nested functions",
        "lower a coefficient",
        "simplify the denominator"
      ],
      "timestamp": "2025-02-05T06:43:49.911844Z"
    },
    {
      "original": "integrate(sin(4*x)/sin(x), (x, 0, pi/2))",
      "requested_difficulty": "easier",
      "variant": "integrate(2sin(2x)*cos(2x)/sin(x), x)",
      "reasoning": "From a student perspective, I opt for polynomials, so I reduce \\(\\sin(4x)\\) into a polynomial form using angle addition formulas, maintaining the challenge.",
      "evaluation": "easier",
      "extra_verification": null,
      "transformations_used": [
        "remove nested functions",
        "lower a coefficient",
        "simplify the denominator"
      ],
      "timestamp": "2025-02-05T06:43:50.807274Z"
    }
  ],
  [
    {
      "original": "integrate(1+sin(x), x)",
      "requested_difficulty": "easier",
      "variant": "integrate(1, x)",
      "reasoning": "As a calculus professor who loves elegant simplifications, I see that we can simplify the expression by rewriting it as two separate integrals. This makes it much clearer to handle.",
      "evaluation": "easier",
      "extra_verification": null,
      "transformations_used": [
        "convert a product to a simpler sum",
        "replace a complex fraction with a simpler one",
        "change a function to an easier one",
        "simplify composite trigonometric functions",
        "reduce the number of terms in the expression"
      ],
      "timestamp": "2025-02-05T06:43:53.139818Z"
    },
    {
      "original": "integrate(1+sin(x), x)",
      "requested_difficulty": "easier",
      "variant": "integrate(1 + (x - x**3/6), x)",
      "reasoning": "From the perspective of a student who prefers polynomials, I can approximate \\( \\sin(x) \\) by using its Taylor series expansion \\( \\sin(x) \\approx x - \\frac{x^3}{6} \\). This will result in a polynomial that can be integrated more easily.",
      "evaluation": "easier",
      "extra_verification": null,
      "transformations_used": [
        "convert a product to a simpler sum",
        "replace a complex fraction with a simpler one",
        "change a function to an easier one",
        "simplify composite trigonometric functions",
        "reduce the number of terms in the expression"
      ],
      "timestamp": "2025-02-05T06:43:53.057260Z"
    },
    {
      "original": "integrate(1+sin(x), x)",
      "requested_difficulty": "easier",
      "variant": "integrate(1 + 2 * sin(x/2) * cos(x/2), x)",
      "reasoning": "Viewing this problem as a theoretical physicist, I find it beneficial to utilize the half-angle identity, which can simplify the work with trigonometric functions.",
      "evaluation": "easier",
      "extra_verification": null,
      "transformations_used": [
        "convert a product to a simpler sum",
        "replace a complex fraction with a simpler one",
        "change a function to an easier one",
        "simplify composite trigonometric functions",
        "reduce the number of terms in the expression"
      ],
      "timestamp": "2025-02-05T06:43:53.683505Z"
    },
    {
      "original": "integrate(1+sin(x), x)",
      "requested_difficulty": "easier",
      "variant": "integrate(1 + 0.5 * (e**(ix) - e**(-ix)), x)",
      "reasoning": "As an engineer who favors practical approaches, I prefer to convert \\( \\sin(x) \\) into a version that oscillates around a simpler pattern, such as using the average properties of trigonometric functions over a cycle.",
      "evaluation": "easier",
      "extra_verification": null,
      "transformations_used": [
        "convert a product to a simpler sum",
        "replace a complex fraction with a simpler one",
        "change a function to an easier one",
        "simplify composite trigonometric functions",
        "reduce the number of terms in the expression"
      ],
      "timestamp": "2025-02-05T06:43:53.158080Z"
    },
    {
      "original": "integrate(1+sin(x), x)",
      "requested_difficulty": "easier",
      "variant": "integrate(1 + sin(2*pi*x), x)",
      "reasoning": "From the standpoint of a number theorist, considering the periodic properties of \\( \\sin(x) \\) might inspire us to break the integral into its periodic components.",
      "evaluation": "easier",
      "extra_verification": null,
      "transformations_used": [
        "convert a product to a simpler sum",
        "replace a complex fraction with a simpler one",
        "change a function to an easier one",
        "simplify composite trigonometric functions",
        "reduce the number of terms in the expression"
      ],
      "timestamp": "2025-02-05T06:43:53.116466Z"
    },
    {
      "original": "integrate(1+sin(x), x)",
      "requested_difficulty": "easier",
      "variant": "integrate(2 - cos(x), x)",
      "reasoning": "As a calculus professor, I recognize that the sine function tends to complicate integrals. By using the identity \\( \\sin(x) = -\\cos(x) + 1 \\), I can create an integral that is structurally simpler.",
      "evaluation": "easier",
      "extra_verification": null,
      "transformations_used": [
        "replace a complex fraction with a simpler one",
        "remove a complicated term",
        "simplify the denominator"
      ],
      "timestamp": "2025-02-05T06:43:51.488029Z"
    },
    {
      "original": "integrate(1+sin(x), x)",
      "requested_difficulty": "easier",
      "variant": "integrate(1 + (sin(x)/1), x)",
      "reasoning": "As a student focused on rational functions, I consider simplifying the integrand by factoring. The expression has no factors that lend themselves to this directly, but representing the sine as a fractional form provides a useful alternative.",
      "evaluation": "equivalent",
      "extra_verification": null,
      "transformations_used": [
        "replace a complex fraction with a simpler one",
        "remove a complicated term",
        "simplify the denominator"
      ],
      "timestamp": "2025-02-05T06:43:52.139866Z"
    },
    {
      "original": "integrate(1+sin(x), x)",
      "requested_difficulty": "easier",
      "variant": "integrate(1 + (x - x**3/6 + x**5/120), x)",
      "reasoning": "As an engineer, I appreciate computational approaches. By recognizing that \\( \\sin(x) \\) oscillates, approximating it with Taylor series about \\( x = 0 \\) could facilitate integration while keeping accuracy.",
      "evaluation": "easier",
      "extra_verification": null,
      "transformations_used": [
        "replace a complex fraction with a simpler one",
        "remove a complicated term",
        "simplify the denominator"
      ],
      "timestamp": "2025-02-05T06:43:51.492112Z"
    },
    {
      "original": "integrate(1+sin(x), x)",
      "requested_difficulty": "easier",
      "variant": "integrate(1 - (e^(ix) - e^(-ix)) / (2i), x)",
      "reasoning": "As a theoretical physicist, I see potential in the complex exponential form of sine. By replacing \\( \\sin(x) \\) using Euler's formula, we can transform the integral simply while maintaining trigonometric properties.",
      "evaluation": "equivalent",
      "extra_verification": null,
      "transformations_used": [
        "replace a complex fraction with a simpler one",
        "remove a complicated term",
        "simplify the denominator"
      ],
      "timestamp": "2025-02-05T06:43:51.593611Z"
    },
    {
      "original": "integrate(1+sin(x), x)",
      "requested_difficulty": "easier",
      "variant": "integrate(2 + sin(x) + 3, x)",
      "reasoning": "As a number theorist enamored with primes, the goal is to introduce a prime incentivized term while still retaining a challenging integral format. Let's add a small modification that includes a linear polynomial.",
      "evaluation": "easier",
      "extra_verification": null,
      "transformations_used": [
        "replace a complex fraction with a simpler one",
        "remove a complicated term",
        "simplify the denominator"
      ],
      "timestamp": "2025-02-05T06:43:51.550125Z"
    },
    {
      "original": "integrate(1+sin(x), x)",
      "requested_difficulty": "equivalent",
      "variant": "integrate(1 + (exp(I * x) - exp(-I * x)) / (2 * I), x)",
      "reasoning": "From a creative math perspective, I can introduce an imaginary component to \\( \\sin(x) \\) to explore complex analysis. This way, it maintains the essence of the sine function.",
      "evaluation": "equivalent",
      "extra_verification": null,
      "transformations_used": [
        "modify an exponent slightly",
        "rewrite the integrand in a different form without changing overall complexity",
        "adjust parameters while keeping the integral equivalent",
        "distribute terms differently",
        "rewrite using alternate algebraic forms"
      ],
      "timestamp": "2025-02-05T06:43:49.016989Z"
    },
    {
      "original": "integrate(1+sin(x), x)",
      "requested_difficulty": "equivalent",
      "variant": "integrate(1 + (exp(I*x) - exp(-I*x)) / (2*I), x)",
      "reasoning": "Viewing from a theoretical physicist\u2019s standpoint, I rewrite the sine function using its exponential form which might be familiar from quantum mechanics as a complex wave function.",
      "evaluation": "equivalent",
      "extra_verification": null,
      "transformations_used": [
        "modify an exponent slightly",
        "rewrite the integrand in a different form without changing overall complexity",
        "adjust parameters while keeping the integral equivalent",
        "distribute terms differently",
        "rewrite using alternate algebraic forms"
      ],
      "timestamp": "2025-02-05T06:43:49.019068Z"
    },
    {
      "original": "integrate(1+sin(x), x)",
      "requested_difficulty": "equivalent",
      "variant": "integrate(1 + 0.5*sin(x) + 0.5*sin(x) + 0.5*sin(x), x)",
      "reasoning": "As an engineer focused on practicality, I express the integral in terms of \\( A + B \\sin(x) \\) and consider the integration of sine's modulation.",
      "evaluation": "equivalent",
      "extra_verification": null,
      "transformations_used": [
        "modify an exponent slightly",
        "rewrite the integrand in a different form without changing overall complexity",
        "adjust parameters while keeping the integral equivalent",
        "distribute terms differently",
        "rewrite using alternate algebraic forms"
      ],
      "timestamp": "2025-02-05T06:43:49.120360Z"
    },
    {
      "original": "integrate(1+sin(x), x)",
      "requested_difficulty": "equivalent",
      "variant": "integrate(2/2 + sin(x/1), x)",
      "reasoning": "As a number theorist fascinated by primes and rational coefficients, I can adjust constants while ensuring the overall balance and maintaining complexity with rational relations.",
      "evaluation": "equivalent",
      "extra_verification": null,
      "transformations_used": [
        "modify an exponent slightly",
        "rewrite the integrand in a different form without changing overall complexity",
        "adjust parameters while keeping the integral equivalent",
        "distribute terms differently",
        "rewrite using alternate algebraic forms"
      ],
      "timestamp": "2025-02-05T06:43:49.041118Z"
    },
    {
      "original": "integrate(1+sin(x), x)",
      "requested_difficulty": "equivalent",
      "variant": "integrate(cos(pi/2 - x) + 1, x)",
      "reasoning": "Embracing geometric transformations, I can visualize \\( \\sin(x) \\) and express the integral in terms of transformations through its amplitude and phase shifts.",
      "evaluation": "equivalent",
      "extra_verification": null,
      "transformations_used": [
        "modify an exponent slightly",
        "rewrite the integrand in a different form without changing overall complexity",
        "adjust parameters while keeping the integral equivalent",
        "distribute terms differently",
        "rewrite using alternate algebraic forms"
      ],
      "timestamp": "2025-02-05T06:43:49.061610Z"
    },
    {
      "original": "integrate(1+sin(x), x)",
      "requested_difficulty": "equivalent",
      "variant": "integrate(2/2 + (1 - cos(2*x))/2, x)",
      "reasoning": "As a creative thinker, I take a different approach by rationalizing the sine function and combining it with constants to form a new integrand.",
      "evaluation": "equivalent",
      "extra_verification": null,
      "transformations_used": [
        "modify an exponent slightly",
        "rewrite the integrand in a different form without changing overall complexity",
        "adjust parameters while keeping the integral equivalent",
        "distribute terms differently",
        "rewrite using alternate algebraic forms"
      ],
      "timestamp": "2025-02-05T06:43:49.161949Z"
    },
    {
      "original": "integrate(1+sin(x), x)",
      "requested_difficulty": "equivalent",
      "variant": "integrate(1 + sin(x) * (1 + 0), x)",
      "reasoning": "Leveraging my affinity towards integrating products, I can distribute the sine function across a composite term, leading to a more complex integral that remains equivalent.",
      "evaluation": "equivalent",
      "extra_verification": null,
      "transformations_used": [
        "modify an exponent slightly",
        "rewrite the integrand in a different form without changing overall complexity",
        "adjust parameters while keeping the integral equivalent",
        "distribute terms differently",
        "rewrite using alternate algebraic forms"
      ],
      "timestamp": "2025-02-05T06:43:49.176356Z"
    },
    {
      "original": "integrate(1+sin(x), x)",
      "requested_difficulty": "equivalent",
      "variant": "integrate(1 + sin(2*x)/2, x)",
      "reasoning": "As a theoretical physicist, I can adapt the integral to harness a sine wave's energy representation by scaling its frequency, thus introducing subtle changes.",
      "evaluation": "easier",
      "extra_verification": null,
      "transformations_used": [
        "modify an exponent slightly",
        "rewrite the integrand in a different form without changing overall complexity",
        "adjust parameters while keeping the integral equivalent",
        "distribute terms differently",
        "rewrite using alternate algebraic forms"
      ],
      "timestamp": "2025-02-05T06:43:49.011301Z"
    },
    {
      "original": "integrate(1+sin(x), x)",
      "requested_difficulty": "equivalent",
      "variant": "integrate(1 + (exp(I*x) - exp(-I*x))/(2*I), x)",
      "reasoning": "As an elegant calculus professor, I prefer to express sine in terms of complex exponentials, which can simplify computations and create elegance in integrals. I use the identity \\( \\sin(x) = \\frac{e^{ix} - e^{-ix}}{2i} \\).",
      "evaluation": "equivalent",
      "extra_verification": null,
      "transformations_used": [
        "substitute equivalent exponential forms",
        "exchange similar functions (e.g., sin to cos)",
        "change variables while maintaining complexity",
        "factor common terms differently",
        "modify an exponent slightly"
      ],
      "timestamp": "2025-02-05T06:43:48.537197Z"
    },
    {
      "original": "integrate(1+sin(x), x)",
      "requested_difficulty": "equivalent",
      "variant": "integrate(1 + cos(x - pi/2), x)",
      "reasoning": "Taking the creative mathematician's perspective, I enjoy making unusual substitutions. By switching \\( \\sin(x) \\) with \\( \\cos(x - \\pi/2) \\), I will still maintain the integral's essence but in a different form.",
      "evaluation": "equivalent",
      "extra_verification": null,
      "transformations_used": [
        "substitute equivalent exponential forms",
        "exchange similar functions (e.g., sin to cos)",
        "change variables while maintaining complexity",
        "factor common terms differently",
        "modify an exponent slightly"
      ],
      "timestamp": "2025-02-05T06:43:49.013626Z"
    }
  ]
]