[
  [],
  [
    {
      "original": "integrate(sin(sqrt(x)), x)",
      "requested_difficulty": "easier",
      "variant": "integrate(exp(I*sqrt(x)) / (2*I) - exp(-I*sqrt(x)) / (2*I), x)",
      "reasoning": "Looking at it from the viewpoint of a theoretical physicist, I can convert our variable back to trigonometric terms and utilize exponential forms to express the sine function, creating an easier path to integration.",
      "evaluation": "equivalent",
      "extra_verification": null,
      "transformations_used": [
        "simplify composite trigonometric functions",
        "reduce the degree of a polynomial",
        "remove a complicated term"
      ],
      "timestamp": "2025-02-05T06:42:40.457352Z"
    },
    {
      "original": "integrate(sin(sqrt(x)), x)",
      "requested_difficulty": "easier",
      "variant": "integrate((1 - (sqrt(x)**2)/6), x)",
      "reasoning": "Considering polynomial and rational functions, I can redefine the integral using a rational approximation of sin(sqrt(x)) leading to a broader, yet still manageable integral.",
      "evaluation": "easier",
      "extra_verification": null,
      "transformations_used": [
        "simplify composite trigonometric functions",
        "reduce the degree of a polynomial",
        "remove a complicated term"
      ],
      "timestamp": "2025-02-05T06:42:40.591374Z"
    },
    {
      "original": "integrate(sin(sqrt(x)), x)",
      "requested_difficulty": "easier",
      "variant": "integrate(0.5 * x - x**3 / 30, x)",
      "reasoning": "The engineer in me loves practical computational methods. I can replace the sine's radical portion with a cubic polynomial approximation around the origin, which keeps the integral reasonably complex but more computable.",
      "evaluation": "easier",
      "extra_verification": null,
      "transformations_used": [
        "lower a coefficient",
        "replace transcendental functions with simpler algebraic ones",
        "eliminate a radical",
        "eliminate absolute value terms",
        "replace a complex fraction with a simpler one"
      ],
      "timestamp": "2025-02-05T06:42:39.427224Z"
    },
    {
      "original": "integrate(sin(sqrt(x)), x)",
      "requested_difficulty": "easier",
      "variant": "integrate(sin(|sqrt(x)|), x)",
      "reasoning": "By converting the integral to include a variable substitution that involves absolute value terms, I am posing a challenge while also creating innate symmetry in the problem.",
      "evaluation": "equivalent",
      "extra_verification": null,
      "transformations_used": [
        "lower a coefficient",
        "replace transcendental functions with simpler algebraic ones",
        "eliminate a radical",
        "eliminate absolute value terms",
        "replace a complex fraction with a simpler one"
      ],
      "timestamp": "2025-02-05T06:42:39.223990Z"
    },
    {
      "original": "integrate(sin(sqrt(x)), x)",
      "requested_difficulty": "equivalent",
      "variant": "integrate((exp(I*sqrt(x)) - exp(-I*sqrt(x))) / (2*I), x)",
      "reasoning": "From a creative mathematician's viewpoint, I'll use the identity \\( \\sin(u) = \\frac{e^{iu} - e^{-iu}}{2i} \\) for some complex transformation. It infuses a bit of creativity into the integral.",
      "evaluation": "equivalent",
      "extra_verification": null,
      "transformations_used": [
        "use trigonometric identities to rewrite expression",
        "rewrite using different logarithmic properties",
        "modify an exponent slightly"
      ],
      "timestamp": "2025-02-05T06:42:48.634872Z"
    },
    {
      "original": "integrate(sin(sqrt(x)), x)",
      "requested_difficulty": "equivalent",
      "variant": "integrate(sqrt(1 - cos(2*sqrt(x))) / 2, x)",
      "reasoning": "Theoretical physicists enjoy using trigonometric identities to transform integrals. I will express the sine function in a different way utilizing the double angle formula.",
      "evaluation": "easier",
      "extra_verification": null,
      "transformations_used": [
        "use trigonometric identities to rewrite expression",
        "rewrite using different logarithmic properties",
        "modify an exponent slightly"
      ],
      "timestamp": "2025-02-05T06:42:43.875484Z"
    },
    {
      "original": "integrate(sin(sqrt(x)), x)",
      "requested_difficulty": "equivalent",
      "variant": "integrate(sin(sqrt(x)), x)",
      "reasoning": "As an engineer, let's turn the sine function back into a series of calculations, focusing on the numerical approximation of this integral by expressing it as a limit.",
      "evaluation": "equivalent",
      "extra_verification": null,
      "transformations_used": [
        "use trigonometric identities to rewrite expression",
        "rewrite using different logarithmic properties",
        "modify an exponent slightly"
      ],
      "timestamp": "2025-02-05T06:42:43.879861Z"
    },
    {
      "original": "integrate(sin(sqrt(x)), x)",
      "requested_difficulty": "equivalent",
      "variant": "integrate(sin(exp(log(sqrt(x)))), x)",
      "reasoning": "Emphasizing exponential forms, I will express the sine function as a combination of exponentials, which may reveal unique properties in the integral through substitution.",
      "evaluation": "equivalent",
      "extra_verification": null,
      "transformations_used": [
        "use trigonometric identities to rewrite expression",
        "rewrite using different logarithmic properties",
        "modify an exponent slightly"
      ],
      "timestamp": "2025-02-05T06:42:43.847229Z"
    }
  ],
  [
    {
      "original": "integrate(exp(x)*(cos(x)**2 + cos(x)*sin(x) - sin(x)**2), x)",
      "requested_difficulty": "easier",
      "variant": "integrate(exp(x)*((1 + cos(2*x))/2 + (1/2)*sin(2*x)), x)",
      "reasoning": "As a calculus professor, I see that simplifying the argument inside the integral could help. The expression \\( \\cos(x)^2 + \\cos(x)\\sin(x) - \\sin(x)^2 \\) can be rearranged using the Pythagorean and product-to-sum identities.",
      "evaluation": "equivalent",
      "extra_verification": null,
      "transformations_used": [
        "remove a factor",
        "remove logarithmic terms",
        "replace a complex fraction with a simpler one",
        "replace transcendental functions with simpler algebraic ones",
        "simplify a trigonometric component"
      ],
      "timestamp": "2025-02-05T06:42:46.993451Z"
    },
    {
      "original": "integrate(exp(x)*(cos(x)**2 + cos(x)*sin(x) - sin(x)**2), x)",
      "requested_difficulty": "easier",
      "variant": "integrate(exp(x) * (exp(I*x)**2 + exp(I*x)*(exp(I*x)-1)/2 - (exp(I*x)-1)^2/4), x)",
      "reasoning": "As a theoretical physicist, I'd like to focus on using exponential forms of sine and cosine. The complex exponentials can significantly simplify the integration process.",
      "evaluation": "equivalent",
      "extra_verification": null,
      "transformations_used": [
        "remove a factor",
        "remove logarithmic terms",
        "replace a complex fraction with a simpler one",
        "replace transcendental functions with simpler algebraic ones",
        "simplify a trigonometric component"
      ],
      "timestamp": "2025-02-05T06:42:47.036776Z"
    },
    {
      "original": "integrate(exp(x)*(cos(x)**2 + cos(x)*sin(x) - sin(x)**2), x)",
      "requested_difficulty": "easier",
      "variant": "integrate(exp(x)*(cos(x)**2 + cos(x)*sin(x) - sin(x)**2), x)",
      "reasoning": "As an engineer, I prefer practical approaches. Using numerical methods could simplify this integral especially given the complexity involved. Let\u2019s find a suitable numerical approximation instead of solving analytically.",
      "evaluation": "equivalent",
      "extra_verification": null,
      "transformations_used": [
        "remove a factor",
        "remove logarithmic terms",
        "replace a complex fraction with a simpler one",
        "replace transcendental functions with simpler algebraic ones",
        "simplify a trigonometric component"
      ],
      "timestamp": "2025-02-05T06:42:46.951512Z"
    },
    {
      "original": "integrate(exp(x)*(cos(x)**2 + cos(x)*sin(x) - sin(x)**2), x)",
      "requested_difficulty": "easier",
      "variant": "integrate(exp(x)*(cos(x + x) + cos(x - x)/2), x)",
      "reasoning": "As a calculus professor once more, we can recognize that the product of \\( \\cos(x) \\) and \\( \\sin(x) \\) can lead us to double angle identities. I'll directly convert the expression into a sum of angles for easier integration.",
      "evaluation": "easier",
      "extra_verification": null,
      "transformations_used": [
        "remove a factor",
        "remove logarithmic terms",
        "replace a complex fraction with a simpler one",
        "replace transcendental functions with simpler algebraic ones",
        "simplify a trigonometric component"
      ],
      "timestamp": "2025-02-05T06:42:47.020045Z"
    },
    {
      "original": "integrate(exp(x)*(cos(x)**2 + cos(x)*sin(x) - sin(x)**2), x)",
      "requested_difficulty": "easier",
      "variant": "integrate(exp(x)*((cos(2*x)/2 + sin(2*x)/4)), x)",
      "reasoning": "As a creative mathematician once more, I could try transforming the integral into a form comparable to known integrals. Let's approach it by using integration by parts or substitution; I'll keep portions that retain the flavor of the original integral.",
      "evaluation": "easier",
      "extra_verification": null,
      "transformations_used": [
        "remove a factor",
        "remove logarithmic terms",
        "replace a complex fraction with a simpler one",
        "replace transcendental functions with simpler algebraic ones",
        "simplify a trigonometric component"
      ],
      "timestamp": "2025-02-05T06:42:46.821141Z"
    },
    {
      "original": "integrate(exp(x)*(cos(x)**2 + cos(x)*sin(x) - sin(x)**2), x)",
      "requested_difficulty": "easier",
      "variant": "integrate(exp(x) * (cos(2*x) + cos(x) * sin(x)), x)",
      "reasoning": "As a calculus professor, I recognize that \\(\\cos^2(x) - \\sin^2(x) = \\cos(2x)\\). By applying this identity, the integrand simplifies significantly.",
      "evaluation": "equivalent",
      "extra_verification": null,
      "transformations_used": [
        "drop a subexpression",
        "convert a product to a simpler sum",
        "reduce an exponent"
      ],
      "timestamp": "2025-02-05T06:42:43.058677Z"
    },
    {
      "original": "integrate(exp(x)*(cos(x)**2 + cos(x)*sin(x) - sin(x)**2), x)",
      "requested_difficulty": "easier",
      "variant": "integrate(exp(x) * (cos^2(x) + cos(x) * sin(x)), x)",
      "reasoning": "As a creative mathematician, I\u2019d drop the \\(-\\sin^2(x)\\) and focus on a simpler combination of the terms to reduce complexity.",
      "evaluation": "easier",
      "extra_verification": null,
      "transformations_used": [
        "drop a subexpression",
        "convert a product to a simpler sum",
        "reduce an exponent"
      ],
      "timestamp": "2025-02-05T06:42:43.217581Z"
    },
    {
      "original": "integrate(exp(x)*(cos(x)**2 + cos(x)*sin(x) - sin(x)**2), x)",
      "requested_difficulty": "easier",
      "variant": "integrate(exp(x) * (0.5 * (exp(2*I*x) + exp(-2*I*x)) + 0.5 * (exp(I*x) - exp(-I*x))), x)",
      "reasoning": "Embracing my inner theoretical physicist, I opt for exponential representation of sine and cosine using Euler's formula, leading to a simpler integral form.",
      "evaluation": "equivalent",
      "extra_verification": null,
      "transformations_used": [
        "drop a subexpression",
        "convert a product to a simpler sum",
        "reduce an exponent"
      ],
      "timestamp": "2025-02-05T06:42:43.299507Z"
    },
    {
      "original": "integrate(exp(x)*(cos(x)**2 + cos(x)*sin(x) - sin(x)**2), x)",
      "requested_difficulty": "easier",
      "variant": "integrate(exp(x) * (0.5 + 0.5 * cos(2*x) + cos(x) * sin(x)), x)",
      "reasoning": "As an engineer, I prefer practical substitutions; thus I will simplify \\(\\cos^2(x)\\) using the identity, reformulating the trigonometric parts for easier calculus.",
      "evaluation": "equivalent",
      "extra_verification": null,
      "transformations_used": [
        "drop a subexpression",
        "convert a product to a simpler sum",
        "reduce an exponent"
      ],
      "timestamp": "2025-02-05T06:42:43.137214Z"
    },
    {
      "original": "integrate(exp(x)*(cos(x)**2 + cos(x)*sin(x) - sin(x)**2), x)",
      "requested_difficulty": "easier",
      "variant": "integrate(exp(x) * (1 + (x/2) - (x^2/6)), x)",
      "reasoning": "As a number theorist, I\u2019ll focus on integer approximations for sine and cosine functions, leading to a simpler rational function in place of complex trig functions.",
      "evaluation": "easier",
      "extra_verification": null,
      "transformations_used": [
        "drop a subexpression",
        "convert a product to a simpler sum",
        "reduce an exponent"
      ],
      "timestamp": "2025-02-05T06:42:43.165094Z"
    },
    {
      "original": "integrate(exp(x)*(cos(x)**2 + cos(x)*sin(x) - sin(x)**2), x)",
      "requested_difficulty": "equivalent",
      "variant": "integrate(exp(x)*(0.5*cos(2*x) + cos(x)*sin(x) + 0.5*sin(2*x)), x)",
      "reasoning": "As a calculus professor, I appreciate the power of identities. Using the cosine double angle formula, I can rewrite \\(\\cos^2(x) - \\sin^2(x)\\) to simplify the expression while maintaining its complexity.",
      "evaluation": "equivalent",
      "extra_verification": null,
      "transformations_used": [
        "rewrite the integrand in a different form without changing overall complexity",
        "exchange similar functions (e.g., sin to cos)",
        "modify an exponent slightly",
        "change coefficient values slightly",
        "change variables while maintaining complexity"
      ],
      "timestamp": "2025-02-05T06:42:43.140998Z"
    },
    {
      "original": "integrate(exp(x)*(cos(x)**2 + cos(x)*sin(x) - sin(x)**2), x)",
      "requested_difficulty": "equivalent",
      "variant": "integrate(exp(x)*(0.5*exp(2*I*x) + 0.5*I*(exp(I*x) - exp(-I*x))), x)",
      "reasoning": "As a theoretical physicist, I enjoy using complex exponentials. I can express the product \\(cos(x)\\) and \\(sin(x)\\) using Euler\u2019s formula to compactly represent the trigonometric terms.",
      "evaluation": "equivalent",
      "extra_verification": null,
      "transformations_used": [
        "rewrite the integrand in a different form without changing overall complexity",
        "exchange similar functions (e.g., sin to cos)",
        "modify an exponent slightly",
        "change coefficient values slightly",
        "change variables while maintaining complexity"
      ],
      "timestamp": "2025-02-05T06:42:43.484864Z"
    },
    {
      "original": "integrate(exp(x)*(cos(x)**2 + cos(x)*sin(x) - sin(x)**2), x)",
      "requested_difficulty": "equivalent",
      "variant": "integrate(exp(x)*((cos(x) + sin(x))*(cos(x) - sin(x))), x)",
      "reasoning": "As a geometry enthusiast, I consider the shape of functions. I can group the trigonometric terms together in a way that highlights their symmetry.",
      "evaluation": "equivalent",
      "extra_verification": null,
      "transformations_used": [
        "rewrite the integrand in a different form without changing overall complexity",
        "exchange similar functions (e.g., sin to cos)",
        "modify an exponent slightly",
        "change coefficient values slightly",
        "change variables while maintaining complexity"
      ],
      "timestamp": "2025-02-05T06:42:43.023226Z"
    },
    {
      "original": "integrate(exp(x)*(cos(x)**2 + cos(x)*sin(x) - sin(x)**2), x)",
      "requested_difficulty": "equivalent",
      "variant": "integrate(exp(x)*(1 - (sin(x)**2) + cos(x)*sin(x) - (1 - cos(x)**2)), x)",
      "reasoning": "As an algebraist, I prefer expressions that maintain polynomial integrity. I\u2019ll treat the trigonometric functions as polynomials via the Pythagorean theorem.",
      "evaluation": "equivalent",
      "extra_verification": null,
      "transformations_used": [
        "rewrite the integrand in a different form without changing overall complexity",
        "exchange similar functions (e.g., sin to cos)",
        "modify an exponent slightly",
        "change coefficient values slightly",
        "change variables while maintaining complexity"
      ],
      "timestamp": "2025-02-05T06:42:43.163765Z"
    },
    {
      "original": "integrate(exp(x)*(cos(x)**2 + cos(x)*sin(x) - sin(x)**2), x)",
      "requested_difficulty": "equivalent",
      "variant": "integrate(exp(x)*(0.5*cos(2*x) + cos(x)*sin(x)), x)",
      "reasoning": "As a calculus professor who adores elegance, I notice that \\( \\cos(x)^2 - \\sin(x)^2 \\) can be rewritten using the double angle identities. This leads to a cleaner integral by converting to \\( \\cos(2x) \\).",
      "evaluation": "equivalent",
      "extra_verification": null,
      "transformations_used": [
        "rewrite using alternate algebraic forms",
        "exchange similar functions (e.g., sin to cos)",
        "use alternate but equivalent radical forms"
      ],
      "timestamp": "2025-02-05T06:42:43.009102Z"
    },
    {
      "original": "integrate(exp(x)*(cos(x)**2 + cos(x)*sin(x) - sin(x)**2), x)",
      "requested_difficulty": "equivalent",
      "variant": "integrate(exp(x)*((-sin(x)**2 + cos(x)**2) + cos(x)*sin(x)), x)",
      "reasoning": "As a number theorist delving into prime numbers, I employ the relationship between cosine and sine with their complementary forms and symmetry to arrive at another variant.",
      "evaluation": "equivalent",
      "extra_verification": null,
      "transformations_used": [
        "rewrite using alternate algebraic forms",
        "exchange similar functions (e.g., sin to cos)",
        "use alternate but equivalent radical forms"
      ],
      "timestamp": "2025-02-05T06:42:42.854544Z"
    },
    {
      "original": "integrate(exp(x)*(cos(x)**2 + cos(x)*sin(x) - sin(x)**2), x)",
      "requested_difficulty": "equivalent",
      "variant": "integrate(exp(x)*(0.5*(cos(x - sin(x)) + cos(x + sin(x)))), x)",
      "reasoning": "A creative mathematician can also consider leveraging products of sine and cosine and using the sum-to-product identities to transform the integral into another equivalent form.",
      "evaluation": "equivalent",
      "extra_verification": null,
      "transformations_used": [
        "rewrite using alternate algebraic forms",
        "exchange similar functions (e.g., sin to cos)",
        "use alternate but equivalent radical forms"
      ],
      "timestamp": "2025-02-05T06:42:42.707596Z"
    },
    {
      "original": "integrate(exp(x)*(cos(x)**2 + cos(x)*sin(x) - sin(x)**2), x)",
      "requested_difficulty": "equivalent",
      "variant": "integrate(exp(x)*(sin(x + pi/2)**2 + sin(x)*cos(x) - cos(x)**2), x)",
      "reasoning": "Transposing the functions into their complementary functions helps provide alternative formulations. I maintain harmony with the trigonometric functions while altering the format.",
      "evaluation": "equivalent",
      "extra_verification": null,
      "transformations_used": [
        "rewrite using alternate algebraic forms",
        "exchange similar functions (e.g., sin to cos)",
        "use alternate but equivalent radical forms"
      ],
      "timestamp": "2025-02-05T06:42:42.756219Z"
    }
  ],
  [
    {
      "original": "integrate(1/(x**2 + (x - 1)**2), x)",
      "requested_difficulty": "easier",
      "variant": "integrate(1/(x**2 + x**2 - 2*x + 1), x)",
      "reasoning": "As a calculus professor who loves elegant simplifications, I notice the term \\( (x - 1)^2 \\) can be expanded, leading to a clearer simplification in the denominator. I simplify it for clarity.",
      "evaluation": "equivalent",
      "extra_verification": null,
      "transformations_used": [
        "remove a complicated term",
        "simplify the denominator",
        "reduce the number of terms in the expression",
        "remove logarithmic terms",
        "reduce the degree of a polynomial"
      ],
      "timestamp": "2025-02-05T06:42:43.707444Z"
    },
    {
      "original": "integrate(1/(x**2 + (x - 1)**2), x)",
      "requested_difficulty": "easier",
      "variant": "integrate(1/(2*x**2 - 2*x + 1), x)",
      "reasoning": "From the perspective of a student who prefers polynomials, I want to rewrite the integral such that it utilizes a polynomial approximation for \\( x^2 + (x-1)^2 \\) around a specific point, like \\( x = 0 \\), thereby reducing complexity.",
      "evaluation": "equivalent",
      "extra_verification": null,
      "transformations_used": [
        "remove a complicated term",
        "simplify the denominator",
        "reduce the number of terms in the expression",
        "remove logarithmic terms",
        "reduce the degree of a polynomial"
      ],
      "timestamp": "2025-02-05T06:42:43.771322Z"
    },
    {
      "original": "integrate(1/(x**2 + (x - 1)**2), x)",
      "requested_difficulty": "easier",
      "variant": "integrate(1/(1 + (x - 1)**2), x)",
      "reasoning": "As a theoretical physicist, I see a trigonometric substitution can yield an easier integral. Though still complex, transforming the expression might open avenues for resolution through sine or cosine functions.",
      "evaluation": "easier",
      "extra_verification": null,
      "transformations_used": [
        "remove a complicated term",
        "simplify the denominator",
        "reduce the number of terms in the expression",
        "remove logarithmic terms",
        "reduce the degree of a polynomial"
      ],
      "timestamp": "2025-02-05T06:42:43.559140Z"
    },
    {
      "original": "integrate(1/(x**2 + (x - 1)**2), x)",
      "requested_difficulty": "easier",
      "variant": "integrate(1/x, x)",
      "reasoning": "As an engineer who favors computational approaches, I propose to use numerical approximations for the integral by integrating a simpler function that approximates the original near a specific interval.",
      "evaluation": "easier",
      "extra_verification": null,
      "transformations_used": [
        "remove a complicated term",
        "simplify the denominator",
        "reduce the number of terms in the expression",
        "remove logarithmic terms",
        "reduce the degree of a polynomial"
      ],
      "timestamp": "2025-02-05T06:42:43.558391Z"
    },
    {
      "original": "integrate(1/(x**2 + (x - 1)**2), x)",
      "requested_difficulty": "easier",
      "variant": "integrate(1/((x + 1)*(x - 1)), x)",
      "reasoning": "In the spirit of number theory, I want to reduce the focus on polynomial properties and consider a rational function variant which could be easier to handle.",
      "evaluation": "easier",
      "extra_verification": null,
      "transformations_used": [
        "remove a complicated term",
        "simplify the denominator",
        "reduce the number of terms in the expression",
        "remove logarithmic terms",
        "reduce the degree of a polynomial"
      ],
      "timestamp": "2025-02-05T06:42:43.819774Z"
    },
    {
      "original": "integrate(1/(x**2 + (x - 1)**2), x)",
      "requested_difficulty": "easier",
      "variant": "integrate(1/(1 + x**2), x)",
      "reasoning": "As a geometry enthusiast, I wish to reframe this integral in terms of geometric transformations. A rational function that represents the shape of a circle could simplify the understanding of this integral.",
      "evaluation": "easier",
      "extra_verification": null,
      "transformations_used": [
        "remove a complicated term",
        "simplify the denominator",
        "reduce the number of terms in the expression",
        "remove logarithmic terms",
        "reduce the degree of a polynomial"
      ],
      "timestamp": "2025-02-05T06:42:43.566706Z"
    },
    {
      "original": "integrate(1/(x**2 + (x - 1)**2), x)",
      "requested_difficulty": "easier",
      "variant": "integrate(1/(1 + x), x)",
      "reasoning": "Considering the strategy of removing complicated terms, I can present this integral by simplifying it to a function that has a clear geometric interpretation, such as a cone or parabola.",
      "evaluation": "easier",
      "extra_verification": null,
      "transformations_used": [
        "remove a complicated term",
        "simplify the denominator",
        "reduce the number of terms in the expression",
        "remove logarithmic terms",
        "reduce the degree of a polynomial"
      ],
      "timestamp": "2025-02-05T06:42:43.661600Z"
    },
    {
      "original": "integrate(1/(x**2 + (x - 1)**2), x)",
      "requested_difficulty": "easier",
      "variant": "integrate(log(x + 1), x)",
      "reasoning": "As an unconventional thinker, focusing on log properties can pave intriguing paths towards integration. Instead, I integrate the shape defined by simpler logarithmic properties without squaring complex terms.",
      "evaluation": "easier",
      "extra_verification": null,
      "transformations_used": [
        "remove a complicated term",
        "simplify the denominator",
        "reduce the number of terms in the expression",
        "remove logarithmic terms",
        "reduce the degree of a polynomial"
      ],
      "timestamp": "2025-02-05T06:42:43.610123Z"
    },
    {
      "original": "integrate(1/(x**2 + (x - 1)**2), x)",
      "requested_difficulty": "easier",
      "variant": "integrate(1/(2*(x - 0.5)**2 + 0.5), x)",
      "reasoning": "As a calculus professor, I appreciate recognizing symmetry in mathematics. I will rewrite the expression by rearranging it slightly to exploit the symmetry for simplifications.",
      "evaluation": "easier",
      "extra_verification": null,
      "transformations_used": [
        "drop a subexpression",
        "eliminate a radical",
        "reduce the degree of a polynomial",
        "reduce an exponent",
        "change a function to an easier one"
      ],
      "timestamp": "2025-02-05T06:42:45.077460Z"
    },
    {
      "original": "integrate(1/(x**2 + (x - 1)**2), x)",
      "requested_difficulty": "easier",
      "variant": "integrate(1/(x**2 + (0.5)**2), x)",
      "reasoning": "As a creative mathematician, I find it useful to treat the quadratic as a sum of squares and utilize trigonometric substitution, which often simplifies such integrals.",
      "evaluation": "easier",
      "extra_verification": null,
      "transformations_used": [
        "drop a subexpression",
        "eliminate a radical",
        "reduce the degree of a polynomial",
        "reduce an exponent",
        "change a function to an easier one"
      ],
      "timestamp": "2025-02-05T06:42:45.052187Z"
    },
    {
      "original": "integrate(1/(x**2 + (x - 1)**2), x)",
      "requested_difficulty": "equivalent",
      "variant": "integrate(1/((x - 1/2)**2 + 1/4), x)",
      "reasoning": "As a student who loves working with polynomials and rational functions, I prefer expressing the denominator explicitly as a polynomial to analyze its behavior.",
      "evaluation": "easier",
      "extra_verification": null,
      "transformations_used": [
        "modify an exponent slightly",
        "rewrite using different logarithmic properties",
        "rearrange the order of terms"
      ],
      "timestamp": "2025-02-05T06:42:40.223792Z"
    },
    {
      "original": "integrate(1/(x**2 + (x - 1)**2), x)",
      "requested_difficulty": "equivalent",
      "variant": "integrate(1/(cos(x - 1)**2 + sin(x - 1)**2), x)",
      "reasoning": "From the perspective of a theoretical physicist, I find it enlightening to use trigonometric forms. Recognizing that the denominator can relate to a tangent function helps bring clarity.",
      "evaluation": "equivalent",
      "extra_verification": null,
      "transformations_used": [
        "modify an exponent slightly",
        "rewrite using different logarithmic properties",
        "rearrange the order of terms"
      ],
      "timestamp": "2025-02-05T06:42:40.208035Z"
    },
    {
      "original": "integrate(1/(x**2 + (x - 1)**2), x)",
      "requested_difficulty": "equivalent",
      "variant": "integrate(1/((x - 1)**2 + x**2), x)",
      "reasoning": "As a number theorist, I like exploring properties of numbers involved. Splitting the integral into parts based on properties can offer interesting insights.",
      "evaluation": "equivalent",
      "extra_verification": null,
      "transformations_used": [
        "modify an exponent slightly",
        "rewrite using different logarithmic properties",
        "rearrange the order of terms"
      ],
      "timestamp": "2025-02-05T06:42:40.232429Z"
    },
    {
      "original": "integrate(1/(x**2 + (x - 1)**2), x)",
      "requested_difficulty": "equivalent",
      "variant": "integrate(1/(x**2 + (x - 1)**2), x)",
      "reasoning": "Viewing this from the lens of geometry, I see this integral as a measure involving distances. The structure of the expression can represent a geometric transformation.",
      "evaluation": "equivalent",
      "extra_verification": null,
      "transformations_used": [
        "modify an exponent slightly",
        "rewrite using different logarithmic properties",
        "rearrange the order of terms"
      ],
      "timestamp": "2025-02-05T06:42:40.233030Z"
    },
    {
      "original": "integrate(1/(x**2 + (x - 1)**2), x)",
      "requested_difficulty": "equivalent",
      "variant": "integrate(1/(exp(2*log(x)) + exp(2*log(x - 1))), x)",
      "reasoning": "From the creative side, I will use a logarithmic approach. Expressing the denominator in a different logarithmic form can transform its appearance.",
      "evaluation": "equivalent",
      "extra_verification": null,
      "transformations_used": [
        "modify an exponent slightly",
        "rewrite using different logarithmic properties",
        "rearrange the order of terms"
      ],
      "timestamp": "2025-02-05T06:42:40.401819Z"
    },
    {
      "original": "integrate(1/(x**2 + (x - 1)**2), x)",
      "requested_difficulty": "equivalent",
      "variant": "integrate(1/(x**2 + (x**2 - 2*x + 1)), x)",
      "reasoning": "As a calculus professor, maintaining elegance through rearrangement is key. I\u2019ll adjust the order and variable arrangement to find other forms.",
      "evaluation": "equivalent",
      "extra_verification": null,
      "transformations_used": [
        "modify an exponent slightly",
        "rewrite using different logarithmic properties",
        "rearrange the order of terms"
      ],
      "timestamp": "2025-02-05T06:42:40.231113Z"
    },
    {
      "original": "integrate(1/(x**2 + (x - 1)**2), x)",
      "requested_difficulty": "equivalent",
      "variant": "integrate(1/(x**2 + (x**2 - 2x + 1)), x)",
      "reasoning": "As a student who enjoys polynomials, I note this function can be approached using a polynomial long division technique or partial fraction decomposition even though that's not apparent initially.",
      "evaluation": "equivalent",
      "extra_verification": null,
      "transformations_used": [
        "use alternate but equivalent radical forms",
        "distribute terms differently",
        "rewrite using different logarithmic properties"
      ],
      "timestamp": "2025-02-05T06:42:41.693770Z"
    },
    {
      "original": "integrate(1/(x**2 + (x - 1)**2), x)",
      "requested_difficulty": "equivalent",
      "variant": "integrate(1/(x**2 + (1 - x)**2), x)",
      "reasoning": "Viewing it as an engineer, I see the importance of rewriting the expression using computational forms. I can factor the denominator for numerical integration.",
      "evaluation": "equivalent",
      "extra_verification": null,
      "transformations_used": [
        "use alternate but equivalent radical forms",
        "distribute terms differently",
        "rewrite using different logarithmic properties"
      ],
      "timestamp": "2025-02-05T06:42:41.699357Z"
    },
    {
      "original": "integrate(1/(x**2 + (x - 1)**2), x)",
      "requested_difficulty": "equivalent",
      "variant": "integrate(1/((x - (0.5 + sqrt(0.5))) * (x - (0.5 - sqrt(0.5)))), x)",
      "reasoning": "As a number theorist, I seek to express terms in terms of their roots. The formula \\(x^2 + (x - 1)^2\\) hints at conjugate pairs which can be helpful for advanced number theory.",
      "evaluation": "easier",
      "extra_verification": null,
      "transformations_used": [
        "use alternate but equivalent radical forms",
        "distribute terms differently",
        "rewrite using different logarithmic properties"
      ],
      "timestamp": "2025-02-05T06:42:41.783854Z"
    },
    {
      "original": "integrate(1/(x**2 + (x - 1)**2), x)",
      "requested_difficulty": "equivalent",
      "variant": "integrate(1/(sqrt(((x-1/2)**2) + (1/2)))**2, x)",
      "reasoning": "The geometry enthusiast in me sees potential in thinking about geometric transformations. We can transform the quadratic into a distance formula which could lead to insightful interpretations.",
      "evaluation": "easier",
      "extra_verification": null,
      "transformations_used": [
        "use alternate but equivalent radical forms",
        "distribute terms differently",
        "rewrite using different logarithmic properties"
      ],
      "timestamp": "2025-02-05T06:42:41.695254Z"
    }
  ],
  [
    {
      "original": "integrate(e**(2*sqrt(x)), x)",
      "requested_difficulty": "easier",
      "variant": "integrate(exp((1/2)*2*sqrt(x)), x)",
      "reasoning": "In number theory, I appreciate ratios and could introduce a rational coefficient in front of the exponent which would help adjust the growth rate of the function and simplify integration.",
      "evaluation": "equivalent",
      "extra_verification": null,
      "transformations_used": [
        "remove nested functions",
        "simplify the denominator",
        "eliminate absolute value terms",
        "lower a coefficient",
        "remove a complicated term"
      ],
      "timestamp": "2025-02-05T06:42:44.148220Z"
    },
    {
      "original": "integrate(e**(2*sqrt(x)), x)",
      "requested_difficulty": "easier",
      "variant": "integrate(log(exp(2*sqrt(x))), x)",
      "reasoning": "From a theoretical angle, we can examine the relationships between exponential and logarithmic forms, transforming the integral into a logarithmic context that is often simpler in computation.",
      "evaluation": "easier",
      "extra_verification": null,
      "transformations_used": [
        "remove nested functions",
        "simplify the denominator",
        "eliminate absolute value terms",
        "lower a coefficient",
        "remove a complicated term"
      ],
      "timestamp": "2025-02-05T06:42:43.701520Z"
    },
    {
      "original": "integrate(e**(2*sqrt(x)), x)",
      "requested_difficulty": "easier",
      "variant": "integrate(1 + (2*sqrt(x)) + (2*sqrt(x))**2/2, x)",
      "reasoning": "From the engineer's perspective, I prefer practical approaches. Simplifying the integrand by approximating the exponential function using its Taylor series expansion near zero allows me to get a polynomial that is much easier to integrate.",
      "evaluation": "easier",
      "extra_verification": null,
      "transformations_used": [
        "remove logarithmic terms",
        "drop a subexpression",
        "reduce an exponent"
      ],
      "timestamp": "2025-02-05T06:42:44.727072Z"
    },
    {
      "original": "integrate(e**(2*sqrt(x)), x)",
      "requested_difficulty": "equivalent",
      "variant": "integrate(1/2*(e**(2*sqrt(x)) + e**(-2*sqrt(x))), x)",
      "reasoning": "In the mindset of a theoretical physicist, I favor trigonometric and exponential forms. By employing Euler's formula, I can express the integrand in terms of sines and cosines while maintaining complexity in structure.",
      "evaluation": "easier",
      "extra_verification": null,
      "transformations_used": [
        "rewrite using alternate algebraic forms",
        "swap numerator and denominator with reciprocal",
        "use trigonometric identities to rewrite expression",
        "change coefficient values slightly",
        "exchange similar functions (e.g., sin to cos)"
      ],
      "timestamp": "2025-02-05T06:42:42.685856Z"
    },
    {
      "original": "integrate(e**(2*sqrt(x)), x)",
      "requested_difficulty": "equivalent",
      "variant": "integrate(e**(2*sqrt(x)), x)",
      "reasoning": "As an engineer who favors practical, computational approaches, using numerical approximation techniques enables me to examine the integral computationally, thus ensuring I can manage complex scenarios with desirable outcomes.",
      "evaluation": "equivalent",
      "extra_verification": null,
      "transformations_used": [
        "rewrite using alternate algebraic forms",
        "swap numerator and denominator with reciprocal",
        "use trigonometric identities to rewrite expression",
        "change coefficient values slightly",
        "exchange similar functions (e.g., sin to cos)"
      ],
      "timestamp": "2025-02-05T06:42:42.327524Z"
    },
    {
      "original": "integrate(e**(2*sqrt(x)), x)",
      "requested_difficulty": "equivalent",
      "variant": "integrate(e**(sqrt(x) + sqrt(x)), x)",
      "reasoning": "As a calculus professor, I appreciate simplifying the exponent. I can use the fact that \\( e^{a+b} = e^a \\cdot e^b \\) to split the integral into a form that emphasizes the square root.",
      "evaluation": "equivalent",
      "extra_verification": null,
      "transformations_used": [
        "rewrite using alternate algebraic forms",
        "distribute terms differently",
        "rewrite the integrand in a different form without changing overall complexity",
        "change coefficient values slightly",
        "adjust parameters while keeping the integral equivalent"
      ],
      "timestamp": "2025-02-05T06:42:47.315336Z"
    },
    {
      "original": "integrate(e**(2*sqrt(x)), x)",
      "requested_difficulty": "equivalent",
      "variant": "integrate(e**(2*sqrt(x) + 0.001), x)",
      "reasoning": "As an engineer, I think in terms of practical approximations. I can consider a slightly altered coefficient within the exponent that retains the complexity.",
      "evaluation": "easier",
      "extra_verification": null,
      "transformations_used": [
        "rewrite using alternate algebraic forms",
        "distribute terms differently",
        "rewrite the integrand in a different form without changing overall complexity",
        "change coefficient values slightly",
        "adjust parameters while keeping the integral equivalent"
      ],
      "timestamp": "2025-02-05T06:42:47.316883Z"
    },
    {
      "original": "integrate(e**(2*sqrt(x)), x)",
      "requested_difficulty": "equivalent",
      "variant": "integrate(e**(2*(1/2)*sqrt(x*4)), x)",
      "reasoning": "A number theorist in me would appreciate characteristics of the coefficients. Expressing the integral in a rational form may yield useful behavior despite being complex.",
      "evaluation": "equivalent",
      "extra_verification": null,
      "transformations_used": [
        "rewrite using alternate algebraic forms",
        "distribute terms differently",
        "rewrite the integrand in a different form without changing overall complexity",
        "change coefficient values slightly",
        "adjust parameters while keeping the integral equivalent"
      ],
      "timestamp": "2025-02-05T06:42:47.405774Z"
    },
    {
      "original": "integrate(e**(2*sqrt(x)), x)",
      "requested_difficulty": "equivalent",
      "variant": "integrate(e**(2*sqrt(2*x/2)), x)",
      "reasoning": "My geometric perspective reminds me of transformation. By scaling the inside of the exponent, we can get another variable form using a different base.",
      "evaluation": "equivalent",
      "extra_verification": null,
      "transformations_used": [
        "rewrite using alternate algebraic forms",
        "distribute terms differently",
        "rewrite the integrand in a different form without changing overall complexity",
        "change coefficient values slightly",
        "adjust parameters while keeping the integral equivalent"
      ],
      "timestamp": "2025-02-05T06:42:47.291539Z"
    },
    {
      "original": "integrate(e**(2*sqrt(x)), x)",
      "requested_difficulty": "equivalent",
      "variant": "integrate(e**(sqrt(x)*sqrt(4)), x)",
      "reasoning": "As an algebra enthusiast, I can notice that integrating \\( e^{2\\sqrt{x}} \\) can be rewritten by scaling the square root differently with perfectly equivalent results.",
      "evaluation": "equivalent",
      "extra_verification": null,
      "transformations_used": [
        "rewrite using alternate algebraic forms",
        "distribute terms differently",
        "rewrite the integrand in a different form without changing overall complexity",
        "change coefficient values slightly",
        "adjust parameters while keeping the integral equivalent"
      ],
      "timestamp": "2025-02-05T06:42:47.434621Z"
    },
    {
      "original": "integrate(e**(2*sqrt(x)), x)",
      "requested_difficulty": "equivalent",
      "variant": "integrate(e**(sqrt(x)/2*4), x)",
      "reasoning": "As a geometric thinker, I envision transformations that reflect in ratios or similar. Adjusting parameters while keeping the integral form intact can yield new insights.",
      "evaluation": "easier",
      "extra_verification": null,
      "transformations_used": [
        "rewrite using alternate algebraic forms",
        "distribute terms differently",
        "rewrite the integrand in a different form without changing overall complexity",
        "change coefficient values slightly",
        "adjust parameters while keeping the integral equivalent"
      ],
      "timestamp": "2025-02-05T06:42:47.764207Z"
    }
  ]
]