[
  [
    {
      "original": "integrate(1/(1+sin(x)), (x, 0, pi/2))",
      "requested_difficulty": "easier",
      "variant": "integrate(1/(1 + 2*sin(x/2)*cos(x/2)), x)",
      "reasoning": "As a calculus professor, I appreciate the power of substitution. We can use the identity \\( \\sin(x) = 2 \\sin\\left(\\frac{x}{2}\\right)\\cos\\left(\\frac{x}{2}\\right) \\) which simplifies the expression in a useful way.",
      "evaluation": "easier",
      "extra_verification": null,
      "transformations_used": [
        "reduce an exponent",
        "replace transcendental functions with simpler algebraic ones",
        "replace a complex fraction with a simpler one"
      ],
      "timestamp": "2025-02-05T06:39:08.265963Z"
    },
    {
      "original": "integrate(1/(1+sin(x)), (x, 0, pi/2))",
      "requested_difficulty": "easier",
      "variant": "integrate(1/(cos(x/2)**2 + sin(x/2)**2), x)",
      "reasoning": "From a theoretical physicist perspective, we can use the identity \\( 1 + \\sin(x) = \\cos^2(x/2) + \\sin^2(x/2) \\) and express our integral in a trigonometric form that is easier to handle.",
      "evaluation": "easier",
      "extra_verification": null,
      "transformations_used": [
        "reduce an exponent",
        "replace transcendental functions with simpler algebraic ones",
        "replace a complex fraction with a simpler one"
      ],
      "timestamp": "2025-02-05T06:39:08.267694Z"
    },
    {
      "original": "integrate(1/(1+sin(x)), (x, 0, pi/2))",
      "requested_difficulty": "easier",
      "variant": "integrate(1/(1 + 0.5*x), x)",
      "reasoning": "Let\u2019s derive the average sine over the interval by using symmetry and periodicity. Denoting this average can lead to polynomial-like integrals resulting in simpler computations.",
      "evaluation": "easier",
      "extra_verification": null,
      "transformations_used": [
        "reduce an exponent",
        "replace transcendental functions with simpler algebraic ones",
        "replace a complex fraction with a simpler one"
      ],
      "timestamp": "2025-02-05T06:39:08.360131Z"
    },
    {
      "original": "integrate(1/(1+sin(x)), (x, 0, pi/2))",
      "requested_difficulty": "easier",
      "variant": "integrate(2 / (1 + cos(x)), x)",
      "reasoning": "As a calculus professor, I appreciate simpler forms. Let's use the identity \\(1 + \\sin(x) = \\cos^2\\left(\\frac{x}{2}\\right)\\) to simplify our integrand.",
      "evaluation": "easier",
      "extra_verification": null,
      "transformations_used": [
        "drop a subexpression",
        "reduce the number of terms in the expression",
        "reduce the degree of a polynomial",
        "replace transcendental functions with simpler algebraic ones",
        "eliminate a radical"
      ],
      "timestamp": "2025-02-05T06:39:14.118433Z"
    },
    {
      "original": "integrate(1/(1+sin(x)), (x, 0, pi/2))",
      "requested_difficulty": "easier",
      "variant": "integrate(1 / ((1 + sin(\u03c0/2 - x)) * (1 + sin(x))), x)",
      "reasoning": "As a number theorist, I find the periodic nature of sine helpful. Let's consider the symmetry in the sine function and integrate over a symmetric interval instead.",
      "evaluation": "equivalent",
      "extra_verification": null,
      "transformations_used": [
        "drop a subexpression",
        "reduce the number of terms in the expression",
        "reduce the degree of a polynomial",
        "replace transcendental functions with simpler algebraic ones",
        "eliminate a radical"
      ],
      "timestamp": "2025-02-05T06:39:12.614181Z"
    },
    {
      "original": "integrate(1/(1+sin(x)), (x, 0, pi/2))",
      "requested_difficulty": "easier",
      "variant": "integrate((1 + sin(x))**(-1), x)",
      "reasoning": "As a geometry enthusiast, I see we can interpret the integral geometrically. Let's represent the integral as the area under a curve simplified through a symmetry transformation.",
      "evaluation": "easier",
      "extra_verification": null,
      "transformations_used": [
        "drop a subexpression",
        "reduce the number of terms in the expression",
        "reduce the degree of a polynomial",
        "replace transcendental functions with simpler algebraic ones",
        "eliminate a radical"
      ],
      "timestamp": "2025-02-05T06:39:12.233674Z"
    },
    {
      "original": "integrate(1/(1+sin(x)), (x, 0, pi/2))",
      "requested_difficulty": "easier",
      "variant": "integrate(1 / (1 + sqrt(1 - cos(x)**2)), x)",
      "reasoning": "From the perspective of a calculus professor focusing on substitutions, transforming the sine function using \\(1 - \\cos^2(x) = \\sin^2(x)\\) can provide a new integrand.",
      "evaluation": "easier",
      "extra_verification": null,
      "transformations_used": [
        "drop a subexpression",
        "reduce the number of terms in the expression",
        "reduce the degree of a polynomial",
        "replace transcendental functions with simpler algebraic ones",
        "eliminate a radical"
      ],
      "timestamp": "2025-02-05T06:39:12.221204Z"
    },
    {
      "original": "integrate(1/(1+sin(x)), (x, 0, pi/2))",
      "requested_difficulty": "easier",
      "variant": "integrate(1/(sqrt(2) * (1/sqrt(2) + sin(x))), x)",
      "reasoning": "As an engineer focused on practicality, I may consider breaking apart the integral into parts, leveraging properties of symmetry around \\(\\pi/4\\) to condense integration complexity.",
      "evaluation": "easier",
      "extra_verification": null,
      "transformations_used": [
        "drop a subexpression",
        "reduce the number of terms in the expression",
        "reduce the degree of a polynomial",
        "replace transcendental functions with simpler algebraic ones",
        "eliminate a radical"
      ],
      "timestamp": "2025-02-05T06:39:12.880703Z"
    }
  ],
  [
    {
      "original": "integrate((2+x)*e**(-x)/x**3, x)",
      "requested_difficulty": "easier",
      "variant": "integrate((2/x**3 + 1/x**2)e**(-x), x)",
      "reasoning": "As a student who loves polynomials, let\u2019s multiply out the expression slightly to reduce the complexity in the denominator while also working out the terms in a polynomial-friendly format.",
      "evaluation": "easier",
      "extra_verification": null,
      "transformations_used": [
        "eliminate a radical",
        "reduce the degree of a polynomial",
        "remove a factor",
        "reduce the number of terms in the expression",
        "reduce an exponent"
      ],
      "timestamp": "2025-02-05T06:39:04.329506Z"
    },
    {
      "original": "integrate((2+x)*e**(-x)/x**3, x)",
      "requested_difficulty": "easier",
      "variant": "integrate((2 + x + x**2/2)e**(-x)/x**3, x)",
      "reasoning": "The theoretical physicist values exponential forms. Let\u2019s express \\((2+x)\\) in terms of its Taylor expansion around a small \\(x\\) value, truncating the series to ease integration.",
      "evaluation": "easier",
      "extra_verification": null,
      "transformations_used": [
        "eliminate a radical",
        "reduce the degree of a polynomial",
        "remove a factor",
        "reduce the number of terms in the expression",
        "reduce an exponent"
      ],
      "timestamp": "2025-02-05T06:39:04.700814Z"
    },
    {
      "original": "integrate((2+x)*e**(-x)/x**3, x)",
      "requested_difficulty": "easier",
      "variant": "integrate(2*e**(-x)/x**3, x)",
      "reasoning": "From a calculus professor's point of view, I can separate the integral into two parts to focus on individual contributions while still preserving the integration's complexity.",
      "evaluation": "easier",
      "extra_verification": null,
      "transformations_used": [
        "eliminate a radical",
        "reduce the degree of a polynomial",
        "remove a factor",
        "reduce the number of terms in the expression",
        "reduce an exponent"
      ],
      "timestamp": "2025-02-05T06:39:04.203095Z"
    },
    {
      "original": "integrate((2+x)*e**(-x)/x**3, x)",
      "requested_difficulty": "easier",
      "variant": "integrate((2 + x)e**(-x)*x**(-3), x)",
      "reasoning": "The theoretical physicist suggests a rescaling of variables that preserves the decay due to the exponential function while allowing a fresh approach that manipulates the degree of polynomial terms.",
      "evaluation": "equivalent",
      "extra_verification": null,
      "transformations_used": [
        "eliminate a radical",
        "reduce the degree of a polynomial",
        "remove a factor",
        "reduce the number of terms in the expression",
        "reduce an exponent"
      ],
      "timestamp": "2025-02-05T06:39:04.323524Z"
    },
    {
      "original": "integrate((2+x)*e**(-x)/x**3, x)",
      "requested_difficulty": "easier",
      "variant": "integrate((2 + x) / (x**2), x)",
      "reasoning": "As a student favoring polynomials, I notice that the representative polynomial can be simplified. Let's remove the complex exponential decay, focusing instead on a polynomial multiplied by a simpler rational factor. This retains complexity but reduces computational challenges.",
      "evaluation": "easier",
      "extra_verification": null,
      "transformations_used": [
        "simplify the denominator",
        "reduce the degree of a polynomial",
        "remove a factor",
        "remove a complicated term",
        "simplify a trigonometric component"
      ],
      "timestamp": "2025-02-05T06:39:01.869755Z"
    },
    {
      "original": "integrate((2+x)*e**(-x)/x**3, x)",
      "requested_difficulty": "easier",
      "variant": "integrate((2 + 5*x) / (x**2), x)",
      "reasoning": "The number theorist in me finds interest in processing only rational-function terms. Thus, by reducing the terms and removing the complexity of the exponentials, we keep the structure yet offer a more manageable form.",
      "evaluation": "easier",
      "extra_verification": null,
      "transformations_used": [
        "simplify the denominator",
        "reduce the degree of a polynomial",
        "remove a factor",
        "remove a complicated term",
        "simplify a trigonometric component"
      ],
      "timestamp": "2025-02-05T06:39:01.867782Z"
    },
    {
      "original": "integrate((2+x)*e**(-x)/x**3, x)",
      "requested_difficulty": "easier",
      "variant": "integrate((1 + x) * exp(-x) / (x**3), x)",
      "reasoning": "Emphasizing geometric interpretations, we can relate the terms to areas under curves broken down by polynomial degree. This will simplify the integration process.",
      "evaluation": "equivalent",
      "extra_verification": null,
      "transformations_used": [
        "simplify the denominator",
        "reduce the degree of a polynomial",
        "remove a factor",
        "remove a complicated term",
        "simplify a trigonometric component"
      ],
      "timestamp": "2025-02-05T06:39:01.892773Z"
    },
    {
      "original": "integrate((2+x)*e**(-x)/x**3, x)",
      "requested_difficulty": "equivalent",
      "variant": "integrate((2/x**3 + 1/x**2)*e**(-x), x)",
      "reasoning": "As a Calculus professor, I\u2019m interested in making the structure more elegant. By factoring out the exponent, we can rewrite the integrand to facilitate better manipulation.",
      "evaluation": "easier",
      "extra_verification": null,
      "transformations_used": [
        "swap numerator and denominator with reciprocal",
        "rearrange the order of terms",
        "substitute equivalent exponential forms",
        "change coefficient values slightly",
        "change variables while maintaining complexity"
      ],
      "timestamp": "2025-02-05T06:39:07.034162Z"
    },
    {
      "original": "integrate((2+x)*e**(-x)/x**3, x)",
      "requested_difficulty": "equivalent",
      "variant": "integrate((2 + x)*e**(-x)/x**3, x)",
      "reasoning": "As a student who prefers polynomials, I will manipulate the original function into a polynomial form with a rational component, emphasizing its algebraic features.",
      "evaluation": "equivalent",
      "extra_verification": null,
      "transformations_used": [
        "swap numerator and denominator with reciprocal",
        "rearrange the order of terms",
        "substitute equivalent exponential forms",
        "change coefficient values slightly",
        "change variables while maintaining complexity"
      ],
      "timestamp": "2025-02-05T06:39:06.589929Z"
    },
    {
      "original": "integrate((2+x)*e**(-x)/x**3, x)",
      "requested_difficulty": "equivalent",
      "variant": "integrate((3 + x)*e**(-x)/3**2, x)",
      "reasoning": "As a number theorist fascinated by prime numbers, I will adjust the values in the polynomial. Using prime coefficients keeps it interesting while maintaining the complexity.",
      "evaluation": "easier",
      "extra_verification": null,
      "transformations_used": [
        "swap numerator and denominator with reciprocal",
        "rearrange the order of terms",
        "substitute equivalent exponential forms",
        "change coefficient values slightly",
        "change variables while maintaining complexity"
      ],
      "timestamp": "2025-02-05T06:39:08.637789Z"
    },
    {
      "original": "integrate((2+x)*e**(-x)/x**3, x)",
      "requested_difficulty": "equivalent",
      "variant": "integrate((2/x**3 + 1/x**2) * e**(-x), x)",
      "reasoning": "As a calculus professor, I appreciate rewriting the integral in a form that emphasizes the power of x and the exponential decay. I can factor out constants and rewrite the remaining part to highlight its decay more clearly.",
      "evaluation": "easier",
      "extra_verification": null,
      "transformations_used": [
        "alter constant terms",
        "factor common terms differently",
        "use alternate but equivalent radical forms"
      ],
      "timestamp": "2025-02-05T06:39:06.812913Z"
    },
    {
      "original": "integrate((2+x)*e**(-x)/x**3, x)",
      "requested_difficulty": "equivalent",
      "variant": "integrate((2 + x) * (1 - x + x**2/2 - x**3/6 + ... )/x**3, x)",
      "reasoning": "As a student interested in polynomials, I see the integral can be expanded in a polynomial form before integration, particularly focusing on the decomposition of the exponential term.",
      "evaluation": "easier",
      "extra_verification": null,
      "transformations_used": [
        "alter constant terms",
        "factor common terms differently",
        "use alternate but equivalent radical forms"
      ],
      "timestamp": "2025-02-05T06:39:06.883393Z"
    },
    {
      "original": "integrate((2+x)*e**(-x)/x**3, x)",
      "requested_difficulty": "equivalent",
      "variant": "integrate((2 + x) * (1 - x + x**2/2)/x**3, x)",
      "reasoning": "As an engineer, I like to make practical adjustments to the components of the integral, such as approximating \\( e^{-x} \\) using Taylor series about a small value or changing constants to simplify computation.",
      "evaluation": "easier",
      "extra_verification": null,
      "transformations_used": [
        "alter constant terms",
        "factor common terms differently",
        "use alternate but equivalent radical forms"
      ],
      "timestamp": "2025-02-05T06:39:07.225494Z"
    },
    {
      "original": "integrate((2+x)*e**(-x)/x**3, x)",
      "requested_difficulty": "equivalent",
      "variant": "integrate((2*2 + 1*x)*e**(-x)/((2*5/5)*x**3), x)",
      "reasoning": "As a number theorist fascinated by primes, I see that the constant in the integrand can be expressed utilizing a product of prime factors to engage with primes and rational factors securely.",
      "evaluation": "equivalent",
      "extra_verification": null,
      "transformations_used": [
        "alter constant terms",
        "factor common terms differently",
        "use alternate but equivalent radical forms"
      ],
      "timestamp": "2025-02-05T06:39:06.777373Z"
    },
    {
      "original": "integrate((2+x)*e**(-x)/x**3, x)",
      "requested_difficulty": "equivalent",
      "variant": "integrate((2 + x)*e**(log(1/x))/x**3, x)",
      "reasoning": "As a theorist, I may appreciate using logarithmic transformations to manipulate the integral, as these frequently simplify complicated expressions in integrands through change of variables.",
      "evaluation": "equivalent",
      "extra_verification": null,
      "transformations_used": [
        "alter constant terms",
        "factor common terms differently",
        "use alternate but equivalent radical forms"
      ],
      "timestamp": "2025-02-05T06:39:06.752427Z"
    }
  ],
  [
    {
      "original": "integrate(x/(1-x**4), x)",
      "requested_difficulty": "easier",
      "variant": "integrate(x / ((1 - x**2) * (1 + x**2)), x)",
      "reasoning": "As a calculus professor, I appreciate the potential for simplification through substitution. Noticing that the denominator can be factored allows for partial fraction decomposition, simplifying the overall integration process.",
      "evaluation": "easier",
      "extra_verification": null,
      "transformations_used": [
        "reduce the degree of a polynomial",
        "change a function to an easier one",
        "replace a complex fraction with a simpler one"
      ],
      "timestamp": "2025-02-05T06:39:08.736493Z"
    },
    {
      "original": "integrate(x/(1-x**4), x)",
      "requested_difficulty": "easier",
      "variant": "integrate(x / (1 - x**4), x)",
      "reasoning": "As an engineer focused on computation, I favor numerical approaches. Thus, I suggest approximating the integral over a specific interval where \\( x \\) yields manageable values, making it easier to handle computationally.",
      "evaluation": "equivalent",
      "extra_verification": null,
      "transformations_used": [
        "reduce the degree of a polynomial",
        "change a function to an easier one",
        "replace a complex fraction with a simpler one"
      ],
      "timestamp": "2025-02-05T06:39:08.570958Z"
    },
    {
      "original": "integrate(x/(1-x**4), x)",
      "requested_difficulty": "easier",
      "variant": "integrate(x/((1-x**2)*(1+x**2)), x)",
      "reasoning": "As a creative mathematician, I enjoy unusual substitutions. I realize that \\( 1 - x^4 \\) can be factored as \\( (1 - x^2)(1 + x^2) \\). I would use partial fractions to simplify the integral.",
      "evaluation": "easier",
      "extra_verification": null,
      "transformations_used": [
        "drop a subexpression",
        "replace a complex fraction with a simpler one",
        "remove a complicated term"
      ],
      "timestamp": "2025-02-05T06:39:12.322642Z"
    },
    {
      "original": "integrate(x/(1-x**4), x)",
      "requested_difficulty": "easier",
      "variant": "integrate((1/x)/(1-1/x**4), x)",
      "reasoning": "As a number theorist, I find that examining the singularities of the integrand can lead to valuable insights. Let's consider modifying the integrand focusing on manageable limits by shifting focus from \\( x \\) to \\( 1/x \\).",
      "evaluation": "equivalent",
      "extra_verification": null,
      "transformations_used": [
        "drop a subexpression",
        "replace a complex fraction with a simpler one",
        "remove a complicated term"
      ],
      "timestamp": "2025-02-05T06:39:12.249435Z"
    },
    {
      "original": "integrate(x/(1-x**4), x)",
      "requested_difficulty": "easier",
      "variant": "integrate(x/(1 - (x**2)**2), x)",
      "reasoning": "Being a geometry enthusiast, I consider the geometric interpretations of rational functions. By transforming \\( x^4 \\) into a simple quadratic form, I can root out symmetry and other geometric properties.",
      "evaluation": "equivalent",
      "extra_verification": null,
      "transformations_used": [
        "drop a subexpression",
        "replace a complex fraction with a simpler one",
        "remove a complicated term"
      ],
      "timestamp": "2025-02-05T06:39:12.346104Z"
    },
    {
      "original": "integrate(x/(1-x**4), x)",
      "requested_difficulty": "easier",
      "variant": "integrate(x/(1 - 0.01*x**4), x)",
      "reasoning": "As an engineer again, I want to make the expression more tractable by approximating \\( 1 - x^4 \\) for small \\( x \\) leading to a linear term which allows for simpler integration rules.",
      "evaluation": "easier",
      "extra_verification": null,
      "transformations_used": [
        "drop a subexpression",
        "replace a complex fraction with a simpler one",
        "remove a complicated term"
      ],
      "timestamp": "2025-02-05T06:39:12.300349Z"
    },
    {
      "original": "integrate(x/(1-x**4), x)",
      "requested_difficulty": "easier",
      "variant": "integrate(x/(1-x**4), x)",
      "reasoning": "As a calculus enthusiast, I would change the limits of integration (e.g., from 0 to 1) which could help reveal simplifications or easier evaluations concerning integrations.",
      "evaluation": "equivalent",
      "extra_verification": null,
      "transformations_used": [
        "drop a subexpression",
        "replace a complex fraction with a simpler one",
        "remove a complicated term"
      ],
      "timestamp": "2025-02-05T06:39:12.315649Z"
    },
    {
      "original": "integrate(x/(1-x**4), x)",
      "requested_difficulty": "equivalent",
      "variant": "integrate(x/(1 - x**4 + 0.1), x)",
      "reasoning": "From the perspective of an engineer, I'll focus on the computational aspects. Incorporating a small constant to the denominator offsets it, which can be practically useful.",
      "evaluation": "easier",
      "extra_verification": null,
      "transformations_used": [
        "change coefficient values slightly",
        "swap numerator and denominator with reciprocal",
        "rearrange the order of terms",
        "factor common terms differently",
        "modify an exponent slightly"
      ],
      "timestamp": "2025-02-05T06:39:03.489010Z"
    },
    {
      "original": "integrate(x/(1-x**4), x)",
      "requested_difficulty": "equivalent",
      "variant": "integrate(x/(x**4 - 1), x)",
      "reasoning": "Looking at this through a theoretical physicist's lens, I\u2019m intrigued by the behavior of the integrand as \\(x\\) approaches the roots of \\(1-x^4 = 0\\). I'll shift terms for insight.",
      "evaluation": "equivalent",
      "extra_verification": null,
      "transformations_used": [
        "change coefficient values slightly",
        "swap numerator and denominator with reciprocal",
        "rearrange the order of terms",
        "factor common terms differently",
        "modify an exponent slightly"
      ],
      "timestamp": "2025-02-05T06:39:03.194879Z"
    },
    {
      "original": "integrate(x/(1-x**4), x)",
      "requested_difficulty": "equivalent",
      "variant": "integrate(x/(1 - x**4 + 0.01*x**4), x)",
      "reasoning": "As an engineer, I find iterating terms useful. I\u2019ll adjust the terms in the denominator slightly by incorporating a perturbation approach.",
      "evaluation": "easier",
      "extra_verification": null,
      "transformations_used": [
        "change coefficient values slightly",
        "swap numerator and denominator with reciprocal",
        "rearrange the order of terms",
        "factor common terms differently",
        "modify an exponent slightly"
      ],
      "timestamp": "2025-02-05T06:39:03.385111Z"
    },
    {
      "original": "integrate(x/(1-x**4), x)",
      "requested_difficulty": "equivalent",
      "variant": "integrate(x/(1-(x**2-1)**2), x)",
      "reasoning": "By modifying the exponent slightly and applying the binomial theorem to rewrite the denominator, I unveil a series expansion that remains sophisticated yet approachable.",
      "evaluation": "easier",
      "extra_verification": null,
      "transformations_used": [
        "modify an exponent slightly",
        "rearrange the order of terms",
        "use trigonometric identities to rewrite expression",
        "rewrite using different logarithmic properties",
        "exchange similar functions (e.g., sin to cos)"
      ],
      "timestamp": "2025-02-05T06:39:04.369955Z"
    }
  ],
  [],
  []
]