[
  [
    {
      "original": "integrate(1/(x*log(x) + 2*x), x)",
      "requested_difficulty": "easier",
      "variant": "integrate(1/(x*(log(x) + 2)), x)",
      "reasoning": "From the perspective of a calculus professor, we can simplify the denominator by factoring out a common term. This way, we focus on a simpler form that will still exhibit interesting behavior.",
      "evaluation": "easier",
      "extra_verification": null,
      "transformations_used": [
        "remove logarithmic terms",
        "convert a product to a simpler sum",
        "eliminate a radical",
        "change a function to an easier one",
        "eliminate absolute value terms"
      ],
      "timestamp": "2025-02-05T06:41:38.213786Z"
    },
    {
      "original": "integrate(1/(x*log(x) + 2*x), x)",
      "requested_difficulty": "easier",
      "variant": "integrate(1/(x*u), x)",
      "reasoning": "As a creative mathematician, I suggest substituting \u2018u = log(x) + 2\u2019, which allows us to express the integral in terms of \u2018u\u2019 and evades the complexities of working with logarithms directly.",
      "evaluation": "easier",
      "extra_verification": null,
      "transformations_used": [
        "remove logarithmic terms",
        "convert a product to a simpler sum",
        "eliminate a radical",
        "change a function to an easier one",
        "eliminate absolute value terms"
      ],
      "timestamp": "2025-02-05T06:41:37.802159Z"
    },
    {
      "original": "integrate(1/(x*log(x) + 2*x), x)",
      "requested_difficulty": "easier",
      "variant": "integrate(1/(x**2 + 2*x), x)",
      "reasoning": "Thinking like a student who works with polynomials, we can focus on a simpler rational form, perhaps using a substitution that replaces the logarithmic expression with a polynomial approach.",
      "evaluation": "easier",
      "extra_verification": null,
      "transformations_used": [
        "remove logarithmic terms",
        "convert a product to a simpler sum",
        "eliminate a radical",
        "change a function to an easier one",
        "eliminate absolute value terms"
      ],
      "timestamp": "2025-02-05T06:41:37.613640Z"
    },
    {
      "original": "integrate(1/(x*log(x) + 2*x), x)",
      "requested_difficulty": "easier",
      "variant": "integrate(1/(x**3 + 1), x)",
      "reasoning": "As an engineer, I prefer practical computations. A simpler integral can focus solely on rational functions, allowing for an easy application of integration techniques related to partial fractions.",
      "evaluation": "easier",
      "extra_verification": null,
      "transformations_used": [
        "remove logarithmic terms",
        "convert a product to a simpler sum",
        "eliminate a radical",
        "change a function to an easier one",
        "eliminate absolute value terms"
      ],
      "timestamp": "2025-02-05T06:41:37.720064Z"
    },
    {
      "original": "integrate(1/(x*log(x) + 2*x), x)",
      "requested_difficulty": "easier",
      "variant": "integrate(1/(x*3 + 1), x)",
      "reasoning": "As a number theorist, I can highlight the interest around prime numbers by shifting the focus to an integrand made from primes such as \u20181/(x*3 + 1)\u2019 to maintain complexity while offering a simpler form.",
      "evaluation": "easier",
      "extra_verification": null,
      "transformations_used": [
        "remove logarithmic terms",
        "convert a product to a simpler sum",
        "eliminate a radical",
        "change a function to an easier one",
        "eliminate absolute value terms"
      ],
      "timestamp": "2025-02-05T06:41:37.629333Z"
    },
    {
      "original": "integrate(1/(x*log(x) + 2*x), x)",
      "requested_difficulty": "easier",
      "variant": "integrate(1/(2*x + 1), x)",
      "reasoning": "From a geometric perspective, I'll introduce a linear transformation to ensure the integral reflects a geometrically simpler line, making evaluation more straightforward without unnecessary complexities.",
      "evaluation": "easier",
      "extra_verification": null,
      "transformations_used": [
        "remove logarithmic terms",
        "convert a product to a simpler sum",
        "eliminate a radical",
        "change a function to an easier one",
        "eliminate absolute value terms"
      ],
      "timestamp": "2025-02-05T06:41:37.521373Z"
    },
    {
      "original": "integrate(1/(x*log(x) + 2*x), x)",
      "requested_difficulty": "easier",
      "variant": "integrate(1/(x*2 + 3), x)",
      "reasoning": "Embracing creativity, I think of using substitution for absolute values. The absolute value can complicate matters, so replacing it with a fixed constant simplifies evaluation without loss of generality.",
      "evaluation": "easier",
      "extra_verification": null,
      "transformations_used": [
        "remove logarithmic terms",
        "convert a product to a simpler sum",
        "eliminate a radical",
        "change a function to an easier one",
        "eliminate absolute value terms"
      ],
      "timestamp": "2025-02-05T06:41:37.608217Z"
    },
    {
      "original": "integrate(1/(x*log(x) + 2*x), x)",
      "requested_difficulty": "easier",
      "variant": "integrate(1/(x**2 + 4), x)",
      "reasoning": "Acknowledging the challenge in integrals with logarithmic components, let\u2019s transform it into a manageable rational function by discarding the logarithmic term altogether.",
      "evaluation": "easier",
      "extra_verification": null,
      "transformations_used": [
        "remove logarithmic terms",
        "convert a product to a simpler sum",
        "eliminate a radical",
        "change a function to an easier one",
        "eliminate absolute value terms"
      ],
      "timestamp": "2025-02-05T06:41:37.676456Z"
    },
    {
      "original": "integrate(1/(x*log(x) + 2*x), x)",
      "requested_difficulty": "easier",
      "variant": "integrate(1/(x*(u)), x)",
      "reasoning": "As a creative mathematician, I propose substituting \\( u = \\log(x) + 2 \\), which transforms the problem into a potentially simpler form while retaining the essence of the original function.",
      "evaluation": "easier",
      "extra_verification": null,
      "transformations_used": [
        "reduce the degree of a polynomial",
        "remove a complicated term",
        "remove logarithmic terms"
      ],
      "timestamp": "2025-02-05T06:41:38.758510Z"
    },
    {
      "original": "integrate(1/(x*log(x) + 2*x), x)",
      "requested_difficulty": "easier",
      "variant": "integrate(1/(2*x), x)",
      "reasoning": "As an engineer, I value practical approaches. By ignoring the logarithmic term to a first approximation (assuming \\( \\log(x) \\) does not dominate for large x), I simplify the integrand substantially.",
      "evaluation": "easier",
      "extra_verification": null,
      "transformations_used": [
        "reduce the degree of a polynomial",
        "remove a complicated term",
        "remove logarithmic terms"
      ],
      "timestamp": "2025-02-05T06:41:38.798967Z"
    },
    {
      "original": "integrate(1/(x*log(x) + 2*x), x)",
      "requested_difficulty": "equivalent",
      "variant": "integrate(exp(-log(x))/(log(x) + 2*x), x)",
      "reasoning": "As a theoretical physicist, I often employ exponential functions in my work. Analyzing the integral under such a guise allows me to think in terms of exponential decay.",
      "evaluation": "easier",
      "extra_verification": null,
      "transformations_used": [
        "rewrite the integrand in a different form without changing overall complexity",
        "change coefficient values slightly",
        "exchange similar functions (e.g., sin to cos)"
      ],
      "timestamp": "2025-02-05T06:41:37.865272Z"
    },
    {
      "original": "integrate(1/(x*log(x) + 2*x), x)",
      "requested_difficulty": "equivalent",
      "variant": "integrate(1/(x*log(x**2) + 2*x), x)",
      "reasoning": "A geometry enthusiast might visualize the integral in terms of area representing a curve based on transformations. I introduce a transformation that shifts the logarithmic axis.",
      "evaluation": "easier",
      "extra_verification": null,
      "transformations_used": [
        "rewrite the integrand in a different form without changing overall complexity",
        "change coefficient values slightly",
        "exchange similar functions (e.g., sin to cos)"
      ],
      "timestamp": "2025-02-05T06:41:37.905013Z"
    },
    {
      "original": "integrate(1/(x*log(x) + 2*x), x)",
      "requested_difficulty": "equivalent",
      "variant": "integrate(1/((1/x)*log(1/x) + 2*(1/x)), x)",
      "reasoning": "As a calculus professor, I appreciate the elegance of symmetry. By noticing that logarithmic transformations can occur with respect to 1/x, I tweak the overall setup.",
      "evaluation": "easier",
      "extra_verification": null,
      "transformations_used": [
        "rewrite the integrand in a different form without changing overall complexity",
        "change coefficient values slightly",
        "exchange similar functions (e.g., sin to cos)"
      ],
      "timestamp": "2025-02-05T06:41:37.946527Z"
    },
    {
      "original": "integrate(1/(x*log(x) + 2*x), x)",
      "requested_difficulty": "equivalent",
      "variant": "integrate(1/(x*(2 + log(3*x))), x)",
      "reasoning": "A theoretical physicist might conceptualize a symmetry that introduces a scaling factor. Altering linearly but maintaining structural coherence shapes our examination differently.",
      "evaluation": "easier",
      "extra_verification": null,
      "transformations_used": [
        "rewrite the integrand in a different form without changing overall complexity",
        "change coefficient values slightly",
        "exchange similar functions (e.g., sin to cos)"
      ],
      "timestamp": "2025-02-05T06:41:37.905779Z"
    },
    {
      "original": "integrate(1/(x*log(x) + 2*x), x)",
      "requested_difficulty": "equivalent",
      "variant": "integrate(1/(x*(log(x)/2 + 1)), x)",
      "reasoning": "As a number theorist, I find prime numbers intriguing. I\u2019ll express the integrand using a rationalization approach, focusing on common logarithmic expressions.",
      "evaluation": "easier",
      "extra_verification": null,
      "transformations_used": [
        "use trigonometric identities to rewrite expression",
        "exchange similar functions (e.g., sin to cos)",
        "swap numerator and denominator with reciprocal"
      ],
      "timestamp": "2025-02-05T06:41:38.953393Z"
    },
    {
      "original": "integrate(1/(x*log(x) + 2*x), x)",
      "requested_difficulty": "equivalent",
      "variant": "integrate(1/x/(log(x) + 2) - 2/(log(x) + 2), x)",
      "reasoning": "From an engineering point of view, let's manipulate the integrand to express it in a way that emphasizes practical computation \u2013 I'll split the fraction to make it manageable.",
      "evaluation": "easier",
      "extra_verification": null,
      "transformations_used": [
        "use trigonometric identities to rewrite expression",
        "exchange similar functions (e.g., sin to cos)",
        "swap numerator and denominator with reciprocal"
      ],
      "timestamp": "2025-02-05T06:41:39.077053Z"
    },
    {
      "original": "integrate(1/(x*log(x) + 2*x), x)",
      "requested_difficulty": "equivalent",
      "variant": "integrate(1/(2*x*(1 + log(x)/2)), x)",
      "reasoning": "As a geometry enthusiast, I will leverage a geometric transformation by relating logarithmic growth to polynomial expressions, reformulating the integrand.",
      "evaluation": "easier",
      "extra_verification": null,
      "transformations_used": [
        "use trigonometric identities to rewrite expression",
        "exchange similar functions (e.g., sin to cos)",
        "swap numerator and denominator with reciprocal"
      ],
      "timestamp": "2025-02-05T06:41:39.197552Z"
    }
  ],
  [
    {
      "original": "integrate(log(1+log(x))/x, x)",
      "requested_difficulty": "easier",
      "variant": "integrate(log(1 + (x - 1) / x) / x, x)",
      "reasoning": "As a calculus professor, I appreciate elegant simplifications. By expanding the logarithm via Taylor series near \\(x = 1\\) in the integrand, we can reduce complexity.",
      "evaluation": "easier",
      "extra_verification": null,
      "transformations_used": [
        "reduce the number of terms in the expression",
        "lower a coefficient",
        "remove nested functions"
      ],
      "timestamp": "2025-02-05T06:41:39.263626Z"
    },
    {
      "original": "integrate(log(1+log(x))/x, x)",
      "requested_difficulty": "easier",
      "variant": "integrate((log(1 + 1) / x), x)",
      "reasoning": "As a student who favors polynomials, I will simplify the logarithm by approximating it to a linear function for \\(x\\) near a particular point, allowing us to avoid the nested structure.",
      "evaluation": "easier",
      "extra_verification": null,
      "transformations_used": [
        "reduce the number of terms in the expression",
        "lower a coefficient",
        "remove nested functions"
      ],
      "timestamp": "2025-02-05T06:41:39.261273Z"
    },
    {
      "original": "integrate(log(1+log(x))/x, x)",
      "requested_difficulty": "easier",
      "variant": "integrate(log(exp(1 + log(x))) / x, x)",
      "reasoning": "Speaking as a theoretical physicist, I will express the logarithmic term using an exponential function, transforming it into an exponential integral, which usually yields more tractable forms.",
      "evaluation": "equivalent",
      "extra_verification": null,
      "transformations_used": [
        "reduce the number of terms in the expression",
        "lower a coefficient",
        "remove nested functions"
      ],
      "timestamp": "2025-02-05T06:41:39.252826Z"
    },
    {
      "original": "integrate(log(1+log(x))/x, x)",
      "requested_difficulty": "easier",
      "variant": "integrate(log(1 + 0.1 * log(x)) / x, x)",
      "reasoning": "Adopting an engineer's practical viewpoint, I will focus on computational approaches to approximate the logarithm using rational coefficients, producing a simpler rational function.",
      "evaluation": "easier",
      "extra_verification": null,
      "transformations_used": [
        "reduce the number of terms in the expression",
        "lower a coefficient",
        "remove nested functions"
      ],
      "timestamp": "2025-02-05T06:41:39.438128Z"
    },
    {
      "original": "integrate(log(1+log(x))/x, x)",
      "requested_difficulty": "easier",
      "variant": "integrate(u/x, x)",
      "reasoning": "As a creative mathematician, I'm intrigued by the unusual substitution of \\( u = \\log(1 + \\log(x)) \\), which captures a more immediate structure for integration. This change avoids the bookkeeping around nested logarithms.",
      "evaluation": "easier",
      "extra_verification": null,
      "transformations_used": [
        "remove nested functions",
        "change a function to an easier one",
        "simplify composite trigonometric functions",
        "simplify a trigonometric component",
        "replace a complex fraction with a simpler one"
      ],
      "timestamp": "2025-02-05T06:41:39.771080Z"
    },
    {
      "original": "integrate(log(1+log(x))/x, x)",
      "requested_difficulty": "easier",
      "variant": "integrate((1 + (log(x))**2/2 + (log(x))**3/6)/x, x)",
      "reasoning": "As a student who is comfortable with polynomials and rational functions, I might want to limit the logarithmic components but retain a product structure. Rewriting the logarithm as a Taylor series or polynomial approximation simplifies my work.",
      "evaluation": "easier",
      "extra_verification": null,
      "transformations_used": [
        "remove nested functions",
        "change a function to an easier one",
        "simplify composite trigonometric functions",
        "simplify a trigonometric component",
        "replace a complex fraction with a simpler one"
      ],
      "timestamp": "2025-02-05T06:41:39.885189Z"
    },
    {
      "original": "integrate(log(1+log(x))/x, x)",
      "requested_difficulty": "easier",
      "variant": "integrate(log(2)/x, x)",
      "reasoning": "As a number theorist fascinated by prime numbers, I can choose to work with \\( \\log(p + 1) \\) for some prime \\( p \\) instead of \\( \\log(1 + \\log(x)) \\). This gives the integral a sense of specific values to operate upon.",
      "evaluation": "easier",
      "extra_verification": null,
      "transformations_used": [
        "remove nested functions",
        "change a function to an easier one",
        "simplify composite trigonometric functions",
        "simplify a trigonometric component",
        "replace a complex fraction with a simpler one"
      ],
      "timestamp": "2025-02-05T06:41:39.900967Z"
    },
    {
      "original": "integrate(log(1+log(x))/x, x)",
      "requested_difficulty": "easier",
      "variant": "integrate((1 + (log(x))**4/24)/x, x)",
      "reasoning": "Following my inclination as a polynomial fan, I can try approximating the nested logarithm with a polynomial. Simplifying this complex expression to a polynomial form allows me to perform straightforward integration.",
      "evaluation": "easier",
      "extra_verification": null,
      "transformations_used": [
        "remove nested functions",
        "change a function to an easier one",
        "simplify composite trigonometric functions",
        "simplify a trigonometric component",
        "replace a complex fraction with a simpler one"
      ],
      "timestamp": "2025-02-05T06:41:39.855634Z"
    },
    {
      "original": "integrate(log(1+log(x))/x, x)",
      "requested_difficulty": "equivalent",
      "variant": "integrate(log(1 + log(exp(x))) / exp(x), x)",
      "reasoning": "As a theoretical physicist fond of trigonometric functions, I will transform the integral using properties of exponentials and relate them to fundamental constants through Euler's identity.",
      "evaluation": "easier",
      "extra_verification": null,
      "transformations_used": [
        "change variables while maintaining complexity",
        "rewrite using different logarithmic properties",
        "rearrange the order of terms"
      ],
      "timestamp": "2025-02-05T06:41:38.524360Z"
    },
    {
      "original": "integrate(log(1+log(x))/x, x)",
      "requested_difficulty": "equivalent",
      "variant": "integrate((log(1) - log(1 + log(x)))/x, x)",
      "reasoning": "As a rational functions aficionado, I'll rewrite the logarithmic function through the identity: \\( \\log(a/b) = \\log(a) - \\log(b) \\). This will yield a new rational-like form.",
      "evaluation": "easier",
      "extra_verification": null,
      "transformations_used": [
        "change variables while maintaining complexity",
        "rewrite using different logarithmic properties",
        "rearrange the order of terms"
      ],
      "timestamp": "2025-02-05T06:41:38.428749Z"
    },
    {
      "original": "integrate(log(1+log(x))/x, x)",
      "requested_difficulty": "equivalent",
      "variant": "integrate((1 + log(x) + log(x)**2/2 + log(x)**3/6)/x, x)",
      "reasoning": "Embracing my inner student, I prefer working with polynomials. I will manipulate the logarithmic expression into a Taylor series expansion around a point, though this adds complexity.",
      "evaluation": "easier",
      "extra_verification": null,
      "transformations_used": [
        "adjust parameters while keeping the integral equivalent",
        "use trigonometric identities to rewrite expression",
        "rearrange the order of terms"
      ],
      "timestamp": "2025-02-05T06:41:38.972844Z"
    },
    {
      "original": "integrate(log(1+log(x))/x, x)",
      "requested_difficulty": "equivalent",
      "variant": "integrate(1/(1 + log(x)) * d(log(x)), x)",
      "reasoning": "Staying with my calculus persona, let\u2019s reverse the order of operation. Instead, I can think about the integral of \\( \\frac{d}{dx}(\\log(1 + \\log(x))) \\): this leads to an interesting variant.",
      "evaluation": "easier",
      "extra_verification": null,
      "transformations_used": [
        "adjust parameters while keeping the integral equivalent",
        "use trigonometric identities to rewrite expression",
        "rearrange the order of terms"
      ],
      "timestamp": "2025-02-05T06:41:39.200301Z"
    }
  ],
  [
    {
      "original": "integrate(x**2015, x)",
      "requested_difficulty": "easier",
      "variant": "integrate(x**5, x)",
      "reasoning": "As a calculus professor, I appreciate the elegance of polynomial integration. Rather than a high exponent, let's work with a lower degree polynomial that retains some complexity without overwhelming integration.",
      "evaluation": "easier",
      "extra_verification": null,
      "transformations_used": [
        "remove logarithmic terms",
        "remove a complicated term",
        "simplify composite trigonometric functions",
        "eliminate a radical",
        "reduce the number of terms in the expression"
      ],
      "timestamp": "2025-02-05T06:41:37.011287Z"
    },
    {
      "original": "integrate(x**2015, x)",
      "requested_difficulty": "easier",
      "variant": "integrate(x**3 + x**2, x)",
      "reasoning": "From a student's perspective, reducing the variables can help focus on the essential form of the polynomial. I will remove some of the terms for clarity but still maintain a reasonable level of difficulty.",
      "evaluation": "easier",
      "extra_verification": null,
      "transformations_used": [
        "remove logarithmic terms",
        "remove a complicated term",
        "simplify composite trigonometric functions",
        "eliminate a radical",
        "reduce the number of terms in the expression"
      ],
      "timestamp": "2025-02-05T06:41:37.661996Z"
    },
    {
      "original": "integrate(x**2015, x)",
      "requested_difficulty": "easier",
      "variant": "integrate((x**4 + 2)/(x + 1), x)",
      "reasoning": "As an engineer, we often deal with rational functions that can approximate polynomials. I'll consider a rational function that retains enough complexity.",
      "evaluation": "easier",
      "extra_verification": null,
      "transformations_used": [
        "remove logarithmic terms",
        "remove a complicated term",
        "simplify composite trigonometric functions",
        "eliminate a radical",
        "reduce the number of terms in the expression"
      ],
      "timestamp": "2025-02-05T06:41:37.143875Z"
    },
    {
      "original": "integrate(x**2015, x)",
      "requested_difficulty": "easier",
      "variant": "integrate(x**17, x)",
      "reasoning": "From a number theorist's viewpoint, working with primes offers depth. I will use a prime number in the exponent to maintain difficulty while shifting focus.",
      "evaluation": "easier",
      "extra_verification": null,
      "transformations_used": [
        "remove logarithmic terms",
        "remove a complicated term",
        "simplify composite trigonometric functions",
        "eliminate a radical",
        "reduce the number of terms in the expression"
      ],
      "timestamp": "2025-02-05T06:41:37.338386Z"
    },
    {
      "original": "integrate(x**2015, x)",
      "requested_difficulty": "easier",
      "variant": "integrate(x**3 + 3*x**2 + 3*x + 1, x)",
      "reasoning": "The geometry enthusiast in me sees beauty in geometric transformations. I can create a variant that simplifies by transforming into a spatial context, using \\(x\\) in terms of a geometric series' terms.",
      "evaluation": "easier",
      "extra_verification": null,
      "transformations_used": [
        "remove logarithmic terms",
        "remove a complicated term",
        "simplify composite trigonometric functions",
        "eliminate a radical",
        "reduce the number of terms in the expression"
      ],
      "timestamp": "2025-02-05T06:41:36.993771Z"
    },
    {
      "original": "integrate(x**2015, x)",
      "requested_difficulty": "easier",
      "variant": "integrate(x**2014, x)",
      "reasoning": "As a calculus professor, I notice that even though the power is high, integrating a simpler polynomial term can help develop intuition about the general formula. Thus, let's remove a factor of \\( x \\) to analyze integration with a lower exponent.",
      "evaluation": "easier",
      "extra_verification": null,
      "transformations_used": [
        "remove a factor",
        "reduce an exponent",
        "drop a subexpression",
        "lower a coefficient",
        "remove nested functions"
      ],
      "timestamp": "2025-02-05T06:41:38.434175Z"
    },
    {
      "original": "integrate(x**2015, x)",
      "requested_difficulty": "easier",
      "variant": "integrate(x**1000, x)",
      "reasoning": "As a student looking for polynomials, I would prefer to work with lower degree terms. Reducing the exponent from 2015 to 1000 maintains a form that challenges me but is recognizable and less daunting.",
      "evaluation": "easier",
      "extra_verification": null,
      "transformations_used": [
        "remove a factor",
        "reduce an exponent",
        "drop a subexpression",
        "lower a coefficient",
        "remove nested functions"
      ],
      "timestamp": "2025-02-05T06:41:38.577286Z"
    },
    {
      "original": "integrate(x**2015, x)",
      "requested_difficulty": "easier",
      "variant": "integrate(2*x**2013, x)",
      "reasoning": "I consider myself an engineer, where practical approaches matter. By reducing the power by a factor of two or introducing constants, I can create a scenario that maintains complexity but simplifies the computability.",
      "evaluation": "easier",
      "extra_verification": null,
      "transformations_used": [
        "remove a factor",
        "reduce an exponent",
        "drop a subexpression",
        "lower a coefficient",
        "remove nested functions"
      ],
      "timestamp": "2025-02-05T06:41:38.393177Z"
    },
    {
      "original": "integrate(x**2015, x)",
      "requested_difficulty": "easier",
      "variant": "integrate(x**2015 - 3, x)",
      "reasoning": "As a number theorist, I find the relationship between prime factors intriguing. Let's remove a prime factor like \\( 3 \\) in a way that leads to an easier prime-based polynomial to integrate without losing too much complexity.",
      "evaluation": "easier",
      "extra_verification": null,
      "transformations_used": [
        "remove a factor",
        "reduce an exponent",
        "drop a subexpression",
        "lower a coefficient",
        "remove nested functions"
      ],
      "timestamp": "2025-02-05T06:41:38.777787Z"
    },
    {
      "original": "integrate(x**2015, x)",
      "requested_difficulty": "easier",
      "variant": "integrate(2*x**2014, x)",
      "reasoning": "I am fascinated by geometry, so I like to think of each polynomial as a function of area under a curve. We'll transform the function by simplifying to \\( 2x^{2014} \\) which resembles a linear geometric transformation to lower order curves.",
      "evaluation": "easier",
      "extra_verification": null,
      "transformations_used": [
        "remove a factor",
        "reduce an exponent",
        "drop a subexpression",
        "lower a coefficient",
        "remove nested functions"
      ],
      "timestamp": "2025-02-05T06:41:38.752625Z"
    },
    {
      "original": "integrate(x**2015, x)",
      "requested_difficulty": "equivalent",
      "variant": "integrate(x**2014 * x, x)",
      "reasoning": "As a calculus professor, I appreciate finding patterns in powers of x. The integral can be rewritten using the identity \\( x^{n} = x^{n-1} \\cdot x \\). Therefore, we'll express \\( x^{2015} \\) in this form and integrate.",
      "evaluation": "equivalent",
      "extra_verification": null,
      "transformations_used": [
        "apply algebraic identities that preserve complexity",
        "rewrite the integrand in a different form without changing overall complexity",
        "change variables while maintaining complexity"
      ],
      "timestamp": "2025-02-05T06:41:39.250704Z"
    },
    {
      "original": "integrate(x**2015, x)",
      "requested_difficulty": "equivalent",
      "variant": "integrate(exp(2015 * log(x)), x)",
      "reasoning": "From the perspective of a theoretical physicist, let's explore the exponential form. We'll rewrite \\( x^{2015} \\) using Euler's formula, which brings out different insights.",
      "evaluation": "equivalent",
      "extra_verification": null,
      "transformations_used": [
        "apply algebraic identities that preserve complexity",
        "rewrite the integrand in a different form without changing overall complexity",
        "change variables while maintaining complexity"
      ],
      "timestamp": "2025-02-05T06:41:38.753478Z"
    },
    {
      "original": "integrate(x**2015, x)",
      "requested_difficulty": "equivalent",
      "variant": "integrate(x**2014 * (x), x)",
      "reasoning": "As an engineer, I prefer a practical approach; instead of computing directly, we can break it down. Let's create a new integral that uses integration by parts multiple times indicating manual computational steps.",
      "evaluation": "easier",
      "extra_verification": null,
      "transformations_used": [
        "apply algebraic identities that preserve complexity",
        "rewrite the integrand in a different form without changing overall complexity",
        "change variables while maintaining complexity"
      ],
      "timestamp": "2025-02-05T06:41:38.670296Z"
    },
    {
      "original": "integrate(x**2015, x)",
      "requested_difficulty": "equivalent",
      "variant": "integrate((x**1007 * x**1008), x)",
      "reasoning": "As a calculus professor who loves simplifications, I can express the \\( x^{2015} \\) integral in terms of a simple polynomial multiplication, emphasizing a balance in form.",
      "evaluation": "equivalent",
      "extra_verification": null,
      "transformations_used": [
        "apply algebraic identities that preserve complexity",
        "rewrite the integrand in a different form without changing overall complexity",
        "change variables while maintaining complexity"
      ],
      "timestamp": "2025-02-05T06:41:38.765315Z"
    },
    {
      "original": "integrate(x**2015, x)",
      "requested_difficulty": "equivalent",
      "variant": "integrate(x**(2015), x)",
      "reasoning": "As a calculus professor, I appreciate the elegance in the notation. One could express the power in terms of a fractional exponent to introduce an interesting perspective on the integral itself.",
      "evaluation": "equivalent",
      "extra_verification": null,
      "transformations_used": [
        "use alternate but equivalent radical forms",
        "distribute terms differently",
        "exchange similar functions (e.g., sin to cos)",
        "use trigonometric identities to rewrite expression",
        "modify an exponent slightly"
      ],
      "timestamp": "2025-02-05T06:41:33.851700Z"
    },
    {
      "original": "integrate(x**2015, x)",
      "requested_difficulty": "equivalent",
      "variant": "integrate(2 * (x**2015), x)",
      "reasoning": "As a student focused on polynomials, I see the integral remaining in polynomial form, but I will multiply through by a constant factor to keep the polynomial structure while making it somewhat different.",
      "evaluation": "equivalent",
      "extra_verification": null,
      "transformations_used": [
        "use alternate but equivalent radical forms",
        "distribute terms differently",
        "exchange similar functions (e.g., sin to cos)",
        "use trigonometric identities to rewrite expression",
        "modify an exponent slightly"
      ],
      "timestamp": "2025-02-05T06:41:33.943836Z"
    },
    {
      "original": "integrate(x**2015, x)",
      "requested_difficulty": "equivalent",
      "variant": "integrate(e**(2015*log(x)), x)",
      "reasoning": "As a theoretical physicist, I might express \\( x^{2015} \\) as \\( (e^{\\ln(x)} )^{2015} \\) and use the properties of exponents to arrive at an alternate integral that retains complexity.",
      "evaluation": "equivalent",
      "extra_verification": null,
      "transformations_used": [
        "use alternate but equivalent radical forms",
        "distribute terms differently",
        "exchange similar functions (e.g., sin to cos)",
        "use trigonometric identities to rewrite expression",
        "modify an exponent slightly"
      ],
      "timestamp": "2025-02-05T06:41:33.910831Z"
    },
    {
      "original": "integrate(x**2015, x)",
      "requested_difficulty": "equivalent",
      "variant": "integrate(3 * x**2015 + 7 * x**2014, x)",
      "reasoning": "An engineer typically values computation. I\u2019ll define the polynomial using coefficients, emphasizing numerical representation while keeping the integral challenging.",
      "evaluation": "easier",
      "extra_verification": null,
      "transformations_used": [
        "use alternate but equivalent radical forms",
        "distribute terms differently",
        "exchange similar functions (e.g., sin to cos)",
        "use trigonometric identities to rewrite expression",
        "modify an exponent slightly"
      ],
      "timestamp": "2025-02-05T06:41:33.959052Z"
    },
    {
      "original": "integrate(x**2015, x)",
      "requested_difficulty": "equivalent",
      "variant": "integrate((2**5 * 5 * 3**3) * x**2015, x)",
      "reasoning": "As a number theorist, I find interest in exploring properties of the resulting expression using prime powers. Hence, I can express the polynomial in terms of prime factors, retaining the complexity.",
      "evaluation": "equivalent",
      "extra_verification": null,
      "transformations_used": [
        "use alternate but equivalent radical forms",
        "distribute terms differently",
        "exchange similar functions (e.g., sin to cos)",
        "use trigonometric identities to rewrite expression",
        "modify an exponent slightly"
      ],
      "timestamp": "2025-02-05T06:41:34.064309Z"
    },
    {
      "original": "integrate(x**2015, x)",
      "requested_difficulty": "equivalent",
      "variant": "integrate(x**(2015) * 1, x)",
      "reasoning": "As a calculus professor, I can apply integration by parts conceptually if I treat \\( x^{2015} \\) as \\( u \\cdot dv \\) without explicitly carrying out the process. This keeps the integral\u2019s complexity intact.",
      "evaluation": "equivalent",
      "extra_verification": null,
      "transformations_used": [
        "use alternate but equivalent radical forms",
        "distribute terms differently",
        "exchange similar functions (e.g., sin to cos)",
        "use trigonometric identities to rewrite expression",
        "modify an exponent slightly"
      ],
      "timestamp": "2025-02-05T06:41:33.906645Z"
    }
  ],
  [],
  [
    {
      "original": "integrate((x + 1)/(x*(x + log(x))), x)",
      "requested_difficulty": "easier",
      "variant": "integrate((x + 1)/(x*(x + 1)), x)",
      "reasoning": "As a calculus professor, I appreciate simplifying fractions. By lowering the coefficient in the numerator and removing the logarithmic function, the integral becomes more approachable.",
      "evaluation": "easier",
      "extra_verification": null,
      "transformations_used": [
        "lower a coefficient",
        "remove a factor",
        "simplify composite trigonometric functions"
      ],
      "timestamp": "2025-02-05T06:41:40.914939Z"
    },
    {
      "original": "integrate((x + 1)/(x*(x + log(x))), x)",
      "requested_difficulty": "easier",
      "variant": "integrate((x + 1)/(x*(x + x/2)), x)",
      "reasoning": "Taking on the role of a creative mathematician, I can use a trigonometric substitution to simplify the structure. Let's transform this integral by introducing a simpler linear function in place of the logarithm.",
      "evaluation": "easier",
      "extra_verification": null,
      "transformations_used": [
        "lower a coefficient",
        "remove a factor",
        "simplify composite trigonometric functions"
      ],
      "timestamp": "2025-02-05T06:41:40.815005Z"
    },
    {
      "original": "integrate((x + 1)/(x*(x + log(x))), x)",
      "requested_difficulty": "easier",
      "variant": "integrate((x + 1)/(x*(x + exp(1))), x)",
      "reasoning": "Adopting the persona of a theoretical physicist, I can adapt the equation to exploit exponential growth, replacing the logarithmic component to maintain a sense of familiarity within an otherwise intricate system.",
      "evaluation": "easier",
      "extra_verification": null,
      "transformations_used": [
        "lower a coefficient",
        "remove a factor",
        "simplify composite trigonometric functions"
      ],
      "timestamp": "2025-02-05T06:41:40.912159Z"
    },
    {
      "original": "integrate((x + 1)/(x*(x + log(x))), x)",
      "requested_difficulty": "easier",
      "variant": "integrate((x + 1)/(x*(x + 2)), x)",
      "reasoning": "Thinking like an engineer, I aim to replace the complex logarithmic term with a constant to facilitate straightforward numerical solutions without losing the essence of the expression.",
      "evaluation": "easier",
      "extra_verification": null,
      "transformations_used": [
        "lower a coefficient",
        "remove a factor",
        "simplify composite trigonometric functions"
      ],
      "timestamp": "2025-02-05T06:41:40.801764Z"
    },
    {
      "original": "integrate((x + 1)/(x*(x + log(x))), x)",
      "requested_difficulty": "easier",
      "variant": "integrate((x + 1)/(x*(x + 3)), x)",
      "reasoning": "As a number theorist, I find fascination in prime coefficients. By changing the structure to have more number-theoretic appeal, I can inspire further investigation while still being challenging.",
      "evaluation": "easier",
      "extra_verification": null,
      "transformations_used": [
        "lower a coefficient",
        "remove a factor",
        "simplify composite trigonometric functions"
      ],
      "timestamp": "2025-02-05T06:41:40.817036Z"
    },
    {
      "original": "integrate((x + 1)/(x*(x + log(x))), x)",
      "requested_difficulty": "easier",
      "variant": "integrate((1)/(x + log(x)), x)",
      "reasoning": "As a calculus professor who loves elegant simplifications, I can transform this into a simple rational function by adjusting the numerator and denominator to cancel common terms.",
      "evaluation": "easier",
      "extra_verification": null,
      "transformations_used": [
        "lower a coefficient",
        "remove a factor",
        "simplify composite trigonometric functions"
      ],
      "timestamp": "2025-02-05T06:41:40.858674Z"
    },
    {
      "original": "integrate((x + 1)/(x*(x + log(x))), x)",
      "requested_difficulty": "easier",
      "variant": "integrate(1/(1/x + log(x)), x)",
      "reasoning": "As a creative mathematician, I aspire to express the integral using differentials. This transformation provides insights while keeping it complex enough to maintain interest.",
      "evaluation": "easier",
      "extra_verification": null,
      "transformations_used": [
        "lower a coefficient",
        "remove a factor",
        "simplify composite trigonometric functions"
      ],
      "timestamp": "2025-02-05T06:41:43.399383Z"
    },
    {
      "original": "integrate((x + 1)/(x*(x + log(x))), x)",
      "requested_difficulty": "easier",
      "variant": "integrate((x + 1)/(x**2), x)",
      "reasoning": "As a number theorist, I tend to gravitate toward terms involving prime factors. By considering the powers of \\(x\\), I can reframe the integral to limit the complexity introduced by the logarithmic function.",
      "evaluation": "easier",
      "extra_verification": null,
      "transformations_used": [
        "replace a complex fraction with a simpler one",
        "remove nested functions",
        "remove a complicated term",
        "reduce the number of terms in the expression",
        "convert a product to a simpler sum"
      ],
      "timestamp": "2025-02-05T06:41:38.474073Z"
    },
    {
      "original": "integrate((x + 1)/(x*(x + log(x))), x)",
      "requested_difficulty": "easier",
      "variant": "integrate(1/x + 1/(x + log(x)), x)",
      "reasoning": "Viewing this through the lens of a geometry enthusiast, I see an opportunity to reframe the original expression in terms of partial fractions, making it easier to visualize the area under the curve related to the integral.",
      "evaluation": "easier",
      "extra_verification": null,
      "transformations_used": [
        "replace a complex fraction with a simpler one",
        "remove nested functions",
        "remove a complicated term",
        "reduce the number of terms in the expression",
        "convert a product to a simpler sum"
      ],
      "timestamp": "2025-02-05T06:41:38.479261Z"
    },
    {
      "original": "integrate((x + 1)/(x*(x + log(x))), x)",
      "requested_difficulty": "easier",
      "variant": "integrate((1 + 1/x)/(x + log(x)), x)",
      "reasoning": "As a calculus professor again, I further recognize the benefit of combining terms. I can group to simplify the fraction without entirely losing core features of the initial integral.",
      "evaluation": "easier",
      "extra_verification": null,
      "transformations_used": [
        "replace a complex fraction with a simpler one",
        "remove nested functions",
        "remove a complicated term",
        "reduce the number of terms in the expression",
        "convert a product to a simpler sum"
      ],
      "timestamp": "2025-02-05T06:41:38.349365Z"
    },
    {
      "original": "integrate((x + 1)/(x*(x + log(x))), x)",
      "requested_difficulty": "equivalent",
      "variant": "integrate(1/x + (1 + log(x))/(x + log(x)), x)",
      "reasoning": "As a calculus professor, I see the potential for simplification via partial fraction decomposition. It maintains the structure but allows for clearer integration.",
      "evaluation": "easier",
      "extra_verification": null,
      "transformations_used": [
        "apply algebraic identities that preserve complexity",
        "modify an exponent slightly",
        "rewrite the integrand in a different form without changing overall complexity"
      ],
      "timestamp": "2025-02-05T06:41:34.823274Z"
    },
    {
      "original": "integrate((x + 1)/(x*(x + log(x))), x)",
      "requested_difficulty": "equivalent",
      "variant": "integrate((x + 1)/(x*(x + log(x))), x)",
      "reasoning": "As an engineer, I prefer computational approaches. Here I'll rewrite the integrand to facilitate numerical integration while retaining the structure.",
      "evaluation": "equivalent",
      "extra_verification": null,
      "transformations_used": [
        "apply algebraic identities that preserve complexity",
        "modify an exponent slightly",
        "rewrite the integrand in a different form without changing overall complexity"
      ],
      "timestamp": "2025-02-05T06:41:34.771987Z"
    },
    {
      "original": "integrate((x + 1)/(x*(x + log(x))), x)",
      "requested_difficulty": "equivalent",
      "variant": "integrate((1/(x + log(x))) + (1/x)/(x + log(x)), x)",
      "reasoning": "From a number theorist's perspective, I notice that logarithmic terms can be treated similarly to rational numbers; thus I express it in terms of rational coefficients.",
      "evaluation": "easier",
      "extra_verification": null,
      "transformations_used": [
        "apply algebraic identities that preserve complexity",
        "modify an exponent slightly",
        "rewrite the integrand in a different form without changing overall complexity"
      ],
      "timestamp": "2025-02-05T06:41:34.712710Z"
    },
    {
      "original": "integrate((x + 1)/(x*(x + log(x))), x)",
      "requested_difficulty": "equivalent",
      "variant": "integrate(((x + 1)/x)/(x + log(x)), x)",
      "reasoning": "As a geometry enthusiast, visualizing transformations helps me reshape the integrand's structure, thus enabling the highlighting of terms.",
      "evaluation": "easier",
      "extra_verification": null,
      "transformations_used": [
        "apply algebraic identities that preserve complexity",
        "modify an exponent slightly",
        "rewrite the integrand in a different form without changing overall complexity"
      ],
      "timestamp": "2025-02-05T06:41:34.826015Z"
    },
    {
      "original": "integrate((x + 1)/(x*(x + log(x))), x)",
      "requested_difficulty": "equivalent",
      "variant": "integrate((x + 1)/(x**2 + x * log(x)), x)",
      "reasoning": "Drawing from engineering logic again, I can derive continuity by factoring different components of the rational function into manageable pieces.",
      "evaluation": "easier",
      "extra_verification": null,
      "transformations_used": [
        "apply algebraic identities that preserve complexity",
        "modify an exponent slightly",
        "rewrite the integrand in a different form without changing overall complexity"
      ],
      "timestamp": "2025-02-05T06:41:34.759334Z"
    },
    {
      "original": "integrate((x + 1)/(x*(x + log(x))), x)",
      "requested_difficulty": "equivalent",
      "variant": "integrate((x/(x + log(x))) + 1/(x*(x + log(x))), x)",
      "reasoning": "As a calculus enthusiast, performing integration by parts on the log term while keeping the rational function unnerving is a unique challenge.",
      "evaluation": "easier",
      "extra_verification": null,
      "transformations_used": [
        "apply algebraic identities that preserve complexity",
        "modify an exponent slightly",
        "rewrite the integrand in a different form without changing overall complexity"
      ],
      "timestamp": "2025-02-05T06:41:34.711265Z"
    },
    {
      "original": "integrate((x + 1)/(x*(x + log(x))), x)",
      "requested_difficulty": "equivalent",
      "variant": "integrate(1/x + log(x)/(x + log(x)), x)",
      "reasoning": "As a calculus professor who loves elegant simplifications, I notice that the integrand can be simplified by separating the fraction into two simpler parts. This allows us to integrate more easily.",
      "evaluation": "easier",
      "extra_verification": null,
      "transformations_used": [
        "rearrange the order of terms",
        "swap numerator and denominator with reciprocal",
        "rewrite the integrand in a different form without changing overall complexity",
        "factor common terms differently",
        "change variables while maintaining complexity"
      ],
      "timestamp": "2025-02-05T06:41:36.557917Z"
    },
    {
      "original": "integrate((x + 1)/(x*(x + log(x))), x)",
      "requested_difficulty": "equivalent",
      "variant": "integrate((x + 1)/(x*(x + exp(log(x)))), x)",
      "reasoning": "As a theoretical physicist who appreciates trigonometric and exponential forms, I can express \\( \\log(x) \\) in terms of exponentials and shift components accordingly to explore possible simplifications.",
      "evaluation": "equivalent",
      "extra_verification": null,
      "transformations_used": [
        "rearrange the order of terms",
        "swap numerator and denominator with reciprocal",
        "rewrite the integrand in a different form without changing overall complexity",
        "factor common terms differently",
        "change variables while maintaining complexity"
      ],
      "timestamp": "2025-02-05T06:41:36.612199Z"
    },
    {
      "original": "integrate((x + 1)/(x*(x + log(x))), x)",
      "requested_difficulty": "equivalent",
      "variant": "integrate(1/(x + log(x)), x)",
      "reasoning": "The engineer in me prefers practical, computational approaches. I will split the integral into two parts, thus making it easier to tackle analytically or numerically.",
      "evaluation": "easier",
      "extra_verification": null,
      "transformations_used": [
        "rearrange the order of terms",
        "swap numerator and denominator with reciprocal",
        "rewrite the integrand in a different form without changing overall complexity",
        "factor common terms differently",
        "change variables while maintaining complexity"
      ],
      "timestamp": "2025-02-05T06:41:36.689309Z"
    },
    {
      "original": "integrate((x + 1)/(x*(x + log(x))), x)",
      "requested_difficulty": "equivalent",
      "variant": "integrate((1 + 1/x)/(1 + log(x)/x), x)",
      "reasoning": "As a number theorist, I'm intrigued by prime numbers and rational coefficients. I change variables to emphasize the coefficients and the function's rational nature.",
      "evaluation": "easier",
      "extra_verification": null,
      "transformations_used": [
        "rearrange the order of terms",
        "swap numerator and denominator with reciprocal",
        "rewrite the integrand in a different form without changing overall complexity",
        "factor common terms differently",
        "change variables while maintaining complexity"
      ],
      "timestamp": "2025-02-05T06:41:37.776891Z"
    }
  ]
]