[
  [
    {
      "original": "integrate(x/(1 - x**4), x)",
      "requested_difficulty": "easier",
      "variant": "integrate(x / ((1 - x**2) * (1 + x**2)), x)",
      "reasoning": "As a calculus professor, I recognize that the expression can be simplified by using partial fraction decomposition. This will allow us to rewrite the integrand in a more manageable form. The polynomial in the denominator can be factored into simpler components that are easier to integrate.",
      "evaluation": "easier",
      "extra_verification": null,
      "transformations_used": [
        "reduce the degree of a polynomial",
        "change a function to an easier one",
        "convert a product to a simpler sum"
      ],
      "timestamp": "2025-02-05T06:51:26.573042Z"
    },
    {
      "original": "integrate(x/(1 - x**4), x)",
      "requested_difficulty": "easier",
      "variant": "integrate(x / (1 - p**4), x)",
      "reasoning": "As a number theorist, I appreciate the beauty of fractions. We can consider rational coefficients which allow for exploring properties of the polynomial in the denominator in different bases.",
      "evaluation": "easier",
      "extra_verification": null,
      "transformations_used": [
        "reduce the degree of a polynomial",
        "change a function to an easier one",
        "convert a product to a simpler sum"
      ],
      "timestamp": "2025-02-05T06:51:26.693996Z"
    },
    {
      "original": "integrate(x/(1 - x**4), x)",
      "requested_difficulty": "easier",
      "variant": "integrate(x / ((1 - (x**2)**2)), x)",
      "reasoning": "As a geometry enthusiast, I reinterpret the integral geometrically, where I consider the area under the curve defined by a transformed function that retains similar traits.",
      "evaluation": "easier",
      "extra_verification": null,
      "transformations_used": [
        "reduce the degree of a polynomial",
        "change a function to an easier one",
        "convert a product to a simpler sum"
      ],
      "timestamp": "2025-02-05T06:51:26.637120Z"
    },
    {
      "original": "integrate(x/(1 - x**4), x)",
      "requested_difficulty": "easier",
      "variant": "integrate(x**3 / (1 - x**4), x)",
      "reasoning": "As a calculus professor, I explore symmetry in the integrand. By using the even function properties, we can form a new integral that capitalizes on symmetry.",
      "evaluation": "easier",
      "extra_verification": null,
      "transformations_used": [
        "reduce the degree of a polynomial",
        "change a function to an easier one",
        "convert a product to a simpler sum"
      ],
      "timestamp": "2025-02-05T06:51:26.928052Z"
    },
    {
      "original": "integrate(x/(1 - x**4), x)",
      "requested_difficulty": "easier",
      "variant": "integrate((a * x) / (1 - x**4), x)",
      "reasoning": "As a creative mathematician, I can introduce a parameter \\( a \\) to the integral, allowing me to possibly generalize or simplify the integral for different values of \\( a \\).",
      "evaluation": "equivalent",
      "extra_verification": null,
      "transformations_used": [
        "reduce the degree of a polynomial",
        "change a function to an easier one",
        "convert a product to a simpler sum"
      ],
      "timestamp": "2025-02-05T06:51:26.662821Z"
    },
    {
      "original": "integrate(x/(1 - x**4), x)",
      "requested_difficulty": "easier",
      "variant": "integrate(x/(1 - (x**2)**2), x)",
      "reasoning": "As a calculus professor, I often see the benefit of partial fraction decomposition to simplify complex fractions. Here, we can rewrite the denominator and factor it for better integration.",
      "evaluation": "equivalent",
      "extra_verification": null,
      "transformations_used": [
        "convert a product to a simpler sum",
        "simplify composite trigonometric functions",
        "remove nested functions",
        "reduce the number of terms in the expression",
        "simplify the denominator"
      ],
      "timestamp": "2025-02-05T06:51:28.996338Z"
    },
    {
      "original": "integrate(x/(1 - x**4), x)",
      "requested_difficulty": "easier",
      "variant": "integrate(x*(1 + x**4 + x**8 + x**12), x)",
      "reasoning": "From an engineering perspective, a practical approach using approximation techniques might be favorable. Here, we can approximate \\(1/(1 - x^4)\\) using a power series expansion.",
      "evaluation": "easier",
      "extra_verification": null,
      "transformations_used": [
        "convert a product to a simpler sum",
        "simplify composite trigonometric functions",
        "remove nested functions",
        "reduce the number of terms in the expression",
        "simplify the denominator"
      ],
      "timestamp": "2025-02-05T06:51:27.753704Z"
    },
    {
      "original": "integrate(x/(1 - x**4), x)",
      "requested_difficulty": "easier",
      "variant": "integrate(x/(1 - x**4 + 0.01), x)",
      "reasoning": "While working with rational functions, I may decide to look at higher powers in the denominator to create a geometric series context. This simplifies the integration process significantly.",
      "evaluation": "easier",
      "extra_verification": null,
      "transformations_used": [
        "convert a product to a simpler sum",
        "simplify composite trigonometric functions",
        "remove nested functions",
        "reduce the number of terms in the expression",
        "simplify the denominator"
      ],
      "timestamp": "2025-02-05T06:51:27.707483Z"
    },
    {
      "original": "integrate(x/(1 - x**4), x)",
      "requested_difficulty": "easier",
      "variant": "integrate(x/((1 - x**2)*(1 + x**2)), x)",
      "reasoning": "As a calculus professor, I often enjoy manipulating exponents. Expressing \\(1 - x^4\\) as \\((1 - x^2)(1 + x^2)\\) opens a straightforward path for partial fractions.",
      "evaluation": "easier",
      "extra_verification": null,
      "transformations_used": [
        "convert a product to a simpler sum",
        "simplify composite trigonometric functions",
        "remove nested functions",
        "reduce the number of terms in the expression",
        "simplify the denominator"
      ],
      "timestamp": "2025-02-05T06:51:27.717063Z"
    },
    {
      "original": "integrate(x/(1 - x**4), x)",
      "requested_difficulty": "equivalent",
      "variant": "integrate(x/(1 - x**4), x)",
      "reasoning": "As a calculus professor, I admire elegant transformations. By observing the integrand, I can factor the denominator to use partial fraction decomposition. This makes the integral more approachable while retaining its original form.",
      "evaluation": "equivalent",
      "extra_verification": null,
      "transformations_used": [
        "use alternate but equivalent radical forms",
        "swap numerator and denominator with reciprocal",
        "change variables while maintaining complexity",
        "alter constant terms",
        "substitute equivalent exponential forms"
      ],
      "timestamp": "2025-02-05T06:51:32.262561Z"
    },
    {
      "original": "integrate(x/(1 - x**4), x)",
      "requested_difficulty": "equivalent",
      "variant": "integrate(x*exp(-log(1 - x**4)), x)",
      "reasoning": "Utilizing my persona as an algebraist, I'd explore exponential forms. I can express the integrand with an exponential function to maintain its complexity while expanding its analytic properties.",
      "evaluation": "equivalent",
      "extra_verification": null,
      "transformations_used": [
        "use alternate but equivalent radical forms",
        "swap numerator and denominator with reciprocal",
        "change variables while maintaining complexity",
        "alter constant terms",
        "substitute equivalent exponential forms"
      ],
      "timestamp": "2025-02-05T06:51:28.232166Z"
    },
    {
      "original": "integrate(x/(1 - x**4), x)",
      "requested_difficulty": "equivalent",
      "variant": "integrate((1 - x**4)**(-1) * x, x)",
      "reasoning": "In the spirit of geometry, I want to consider the symmetry of \\(1 - x^4\\) and express the integral in terms of a geometric transformation focused on symmetry about the y-axis.",
      "evaluation": "equivalent",
      "extra_verification": null,
      "transformations_used": [
        "factor common terms differently",
        "rearrange the order of terms",
        "rewrite the integrand in a different form without changing overall complexity"
      ],
      "timestamp": "2025-02-05T06:51:21.176371Z"
    }
  ],
  [
    {
      "original": "integrate(cos(x)*cot(x), x)",
      "requested_difficulty": "easier",
      "variant": "integrate(cos(x)*cos(x)/sin(x), x)",
      "reasoning": "As a calculus professor, I appreciate the power of substitution in simplifying integrals. By rewriting cot(x) in terms of sine and cosine, we can transform the integral into a more manageable form.",
      "evaluation": "equivalent",
      "extra_verification": null,
      "transformations_used": [
        "convert a product to a simpler sum",
        "replace a complex fraction with a simpler one",
        "simplify composite trigonometric functions"
      ],
      "timestamp": "2025-02-05T06:51:29.539635Z"
    },
    {
      "original": "integrate(cos(x)*cot(x), x)",
      "requested_difficulty": "easier",
      "variant": "integrate(cos(x)/tan(x), x)",
      "reasoning": "From the perspective of a creative mathematician, we can leverage the identity cot(x) = 1/tan(x) and rephrase our integral into a sum by converting the product into another familiar function. This may illuminate integral behavior.",
      "evaluation": "equivalent",
      "extra_verification": null,
      "transformations_used": [
        "convert a product to a simpler sum",
        "replace a complex fraction with a simpler one",
        "simplify composite trigonometric functions"
      ],
      "timestamp": "2025-02-05T06:51:29.649317Z"
    },
    {
      "original": "integrate(cos(x)*cot(x), x)",
      "requested_difficulty": "easier",
      "variant": "integrate(sin(x)/sin(x)**2, x)",
      "reasoning": "As a student focused on polynomials and rational functions, I see the potential of using trigonometric identities to rewrite cot(x) as a fraction that could simplify our algebraic manipulations.",
      "evaluation": "easier",
      "extra_verification": null,
      "transformations_used": [
        "convert a product to a simpler sum",
        "replace a complex fraction with a simpler one",
        "simplify composite trigonometric functions"
      ],
      "timestamp": "2025-02-05T06:51:32.265277Z"
    },
    {
      "original": "integrate(cos(x)*cot(x), x)",
      "requested_difficulty": "easier",
      "variant": "integrate(cos(x)/(1-sin(x)**2), x)",
      "reasoning": "Through the lens of a number theorist, I notice that cot(x) often leads to interesting relations with function roots. By manipulating the integral's form using simple trigonometric identities and rational aspects, we can explore its structure.",
      "evaluation": "easier",
      "extra_verification": null,
      "transformations_used": [
        "convert a product to a simpler sum",
        "replace a complex fraction with a simpler one",
        "simplify composite trigonometric functions"
      ],
      "timestamp": "2025-02-05T06:51:29.670632Z"
    },
    {
      "original": "integrate(cos(x)*cot(x), x)",
      "requested_difficulty": "easier",
      "variant": "integrate(sin(x), x)",
      "reasoning": "As a calculus instructor, I understand the utility of integrating by parts, so I can create a variant that uses integration by parts as a means of substitution, revealing a more manageable integral.",
      "evaluation": "easier",
      "extra_verification": null,
      "transformations_used": [
        "convert a product to a simpler sum",
        "replace a complex fraction with a simpler one",
        "simplify composite trigonometric functions"
      ],
      "timestamp": "2025-02-05T06:51:30.074280Z"
    },
    {
      "original": "integrate(cos(x)*cot(x), x)",
      "requested_difficulty": "easier",
      "variant": "integrate(cos(x)**2/sin(x), x)",
      "reasoning": "As a calculus professor, I find that transforming the product into a more manageable form often helps. Noticing that \\( \\cot(x) = \\frac{\\cos(x)}{\\sin(x)} \\), I rewrite the integral to separate the variables, focusing on the reciprocal of sine.",
      "evaluation": "easier",
      "extra_verification": null,
      "transformations_used": [
        "convert a product to a simpler sum",
        "eliminate a radical",
        "eliminate absolute value terms"
      ],
      "timestamp": "2025-02-05T06:51:29.564793Z"
    },
    {
      "original": "integrate(cos(x)*cot(x), x)",
      "requested_difficulty": "easier",
      "variant": "integrate(1/sin(x), x)",
      "reasoning": "As a student who prefers working with polynomials and rational functions, I recognize that \\( \\cot(x) \\) can be expressed in terms of a polynomial in \\( \\sin(x) \\) and \\( \\cos(x) \\). Hence, if I rearrange things, I can work with simpler rational expressions.",
      "evaluation": "easier",
      "extra_verification": null,
      "transformations_used": [
        "convert a product to a simpler sum",
        "eliminate a radical",
        "eliminate absolute value terms"
      ],
      "timestamp": "2025-02-05T06:51:26.962804Z"
    },
    {
      "original": "integrate(cos(x)*cot(x), x)",
      "requested_difficulty": "easier",
      "variant": "integrate(cos(x) * cot(x + pi), x)",
      "reasoning": "As a number theorist fascinated by prime numbers, I prefer looking at properties of periodic functions. By recognizing that cotangent and cosine are linked through periodic identities, I can analyze their behavior over one period.",
      "evaluation": "equivalent",
      "extra_verification": null,
      "transformations_used": [
        "convert a product to a simpler sum",
        "eliminate a radical",
        "eliminate absolute value terms"
      ],
      "timestamp": "2025-02-05T06:51:27.034243Z"
    },
    {
      "original": "integrate(cos(x)*cot(x), x)",
      "requested_difficulty": "easier",
      "variant": "integrate(1/tan(x), x)",
      "reasoning": "Viewing it through the geometrical lens, I can think of the integral's components in terms of a triangle. Specifically, given a right triangle, I could interpret cotangent and use the Pythagorean identity to transform the integral into basic trigonometric ratios.",
      "evaluation": "equivalent",
      "extra_verification": null,
      "transformations_used": [
        "convert a product to a simpler sum",
        "eliminate a radical",
        "eliminate absolute value terms"
      ],
      "timestamp": "2025-02-05T06:51:27.102623Z"
    },
    {
      "original": "integrate(cos(x)*cot(x), x)",
      "requested_difficulty": "easier",
      "variant": "integrate(cos(x)/(sin(x)), x)",
      "reasoning": "As a creative mathematician, I also notice that by converting to a more symmetrical expression, such as using co-function identities, I might simplify things. Here, expressing cotangent as cosecant's complementary function offers insight.",
      "evaluation": "equivalent",
      "extra_verification": null,
      "transformations_used": [
        "convert a product to a simpler sum",
        "eliminate a radical",
        "eliminate absolute value terms"
      ],
      "timestamp": "2025-02-05T06:51:27.093096Z"
    },
    {
      "original": "integrate(cos(x)*cot(x), x)",
      "requested_difficulty": "equivalent",
      "variant": "integrate(cos(x)**2 / sin(x), x)",
      "reasoning": "As a calculus professor, I notice that \\(\\cot(x)\\) can be expressed as \\(\\frac{\\cos(x)}{\\sin(x)}\\). Thus, I can rewrite the integrand in an alternative form involving squared terms to maintain complexity.",
      "evaluation": "easier",
      "extra_verification": null,
      "transformations_used": [
        "alter constant terms",
        "change coefficient values slightly",
        "distribute terms differently",
        "rearrange the order of terms",
        "apply algebraic identities that preserve complexity"
      ],
      "timestamp": "2025-02-05T06:51:25.414743Z"
    },
    {
      "original": "integrate(cos(x)*cot(x), x)",
      "requested_difficulty": "equivalent",
      "variant": "integrate(differentiate(sin(x)), x)",
      "reasoning": "As an engineer, I want to evaluate the expression using a more practical form. By applying the product rule fundamentally, I can formulate it as a derivative that can be resolved easily without losing complexity.",
      "evaluation": "easier",
      "extra_verification": null,
      "transformations_used": [
        "alter constant terms",
        "change coefficient values slightly",
        "distribute terms differently",
        "rearrange the order of terms",
        "apply algebraic identities that preserve complexity"
      ],
      "timestamp": "2025-02-05T06:51:29.747009Z"
    },
    {
      "original": "integrate(cos(x)*cot(x), x)",
      "requested_difficulty": "equivalent",
      "variant": "integrate(0.5*cos(x)*cot(x), x)",
      "reasoning": "From a number theorist's perspective, instead of trigonometric identities, I'll modify constants slightly using rational coefficients while keeping the original structure.",
      "evaluation": "easier",
      "extra_verification": null,
      "transformations_used": [
        "alter constant terms",
        "change coefficient values slightly",
        "distribute terms differently",
        "rearrange the order of terms",
        "apply algebraic identities that preserve complexity"
      ],
      "timestamp": "2025-02-05T06:51:26.418913Z"
    },
    {
      "original": "integrate(cos(x)*cot(x), x)",
      "requested_difficulty": "equivalent",
      "variant": "integrate(sin(x)/tan(x), x)",
      "reasoning": "Using a geometric perspective, I transform the integrand through trigonometric identities, focusing on sine and cosine relationships to express it in terms of tangent.",
      "evaluation": "equivalent",
      "extra_verification": null,
      "transformations_used": [
        "alter constant terms",
        "change coefficient values slightly",
        "distribute terms differently",
        "rearrange the order of terms",
        "apply algebraic identities that preserve complexity"
      ],
      "timestamp": "2025-02-05T06:51:25.505968Z"
    },
    {
      "original": "integrate(cos(x)*cot(x), x)",
      "requested_difficulty": "equivalent",
      "variant": "integrate(cos(x)*(1/sin(x)), x)",
      "reasoning": "As a student favoring polynomial manipulation, I will represent the cotangent in a polynomial form to merge it with cosine and explore the integral as polynomials instead.",
      "evaluation": "equivalent",
      "extra_verification": null,
      "transformations_used": [
        "alter constant terms",
        "change coefficient values slightly",
        "distribute terms differently",
        "rearrange the order of terms",
        "apply algebraic identities that preserve complexity"
      ],
      "timestamp": "2025-02-05T06:51:25.413212Z"
    },
    {
      "original": "integrate(cos(x)*cot(x), x)",
      "requested_difficulty": "equivalent",
      "variant": "integrate(cos(x) * (1/cos(x) - sin(x)), x)",
      "reasoning": "Approaching from a combinatorial viewpoint, I'll sum elements that appear in the integral sequence and treat it as a series or product, adding a layer of complexity.",
      "evaluation": "easier",
      "extra_verification": null,
      "transformations_used": [
        "alter constant terms",
        "change coefficient values slightly",
        "distribute terms differently",
        "rearrange the order of terms",
        "apply algebraic identities that preserve complexity"
      ],
      "timestamp": "2025-02-05T06:51:25.396358Z"
    },
    {
      "original": "integrate(cos(x)*cot(x), x)",
      "requested_difficulty": "equivalent",
      "variant": "integrate(cot(x) * cos(pi/2 - x), x)",
      "reasoning": "Lastly, as someone interested in symmetries, I will utilize an odd function property and rearrange it to emphasize the relationship between the sine and cosine components via their symmetries.",
      "evaluation": "equivalent",
      "extra_verification": null,
      "transformations_used": [
        "alter constant terms",
        "change coefficient values slightly",
        "distribute terms differently",
        "rearrange the order of terms",
        "apply algebraic identities that preserve complexity"
      ],
      "timestamp": "2025-02-05T06:51:25.639030Z"
    },
    {
      "original": "integrate(cos(x)*cot(x), x)",
      "requested_difficulty": "equivalent",
      "variant": "integrate(cos(x) * (1/sin(x)), x)",
      "reasoning": "As an engineer focused on computations, I found that breaking down the integral using integration by parts leads to manageable components, revealing an interesting cyclic process within the integral.",
      "evaluation": "equivalent",
      "extra_verification": null,
      "transformations_used": [
        "rearrange the order of terms",
        "factor common terms differently",
        "change coefficient values slightly"
      ],
      "timestamp": "2025-02-05T06:51:25.823633Z"
    },
    {
      "original": "integrate(cos(x)*cot(x), x)",
      "requested_difficulty": "equivalent",
      "variant": "integrate(cos(x + pi/4) / sin(x + pi/4), x)",
      "reasoning": "As a geometry enthusiast, I'll consider the transformation properties related to angle addition, interpreting the cosine and cotangent through geometric identities to reframe the integral's representation.",
      "evaluation": "equivalent",
      "extra_verification": null,
      "transformations_used": [
        "rearrange the order of terms",
        "factor common terms differently",
        "change coefficient values slightly"
      ],
      "timestamp": "2025-02-05T06:51:25.848483Z"
    },
    {
      "original": "integrate(cos(x)*cot(x), x)",
      "requested_difficulty": "equivalent",
      "variant": "integrate(cos(x) / tan(x), x)",
      "reasoning": "Thinking like a theoretical physicist, I use identities involving tangent. By writing \\( \\cot(x) = \\frac{1}{\\tan(x)} \\), I create an implicit structure that reflects the integral\u2019s behavior at limits.",
      "evaluation": "equivalent",
      "extra_verification": null,
      "transformations_used": [
        "rearrange the order of terms",
        "factor common terms differently",
        "change coefficient values slightly"
      ],
      "timestamp": "2025-02-05T06:51:25.805584Z"
    }
  ],
  [
    {
      "original": "integrate(x/(x**4+4), x)",
      "requested_difficulty": "easier",
      "variant": "integrate(x/(x**4 + 4), x)",
      "reasoning": "As a calculus professor, I appreciate symmetry in expressions. Noticing that \\( x^4 + 4 \\) can be seen as \\( x^4 + 2^2 \\), I can use a simpler form by factoring the expression and reducing the domain of integration.",
      "evaluation": "equivalent",
      "extra_verification": null,
      "transformations_used": [
        "reduce the number of terms in the expression",
        "replace a complex fraction with a simpler one",
        "simplify composite trigonometric functions",
        "simplify a trigonometric component",
        "reduce the degree of a polynomial"
      ],
      "timestamp": "2025-02-05T06:51:26.861689Z"
    },
    {
      "original": "integrate(x/(x**4+4), x)",
      "requested_difficulty": "easier",
      "variant": "integrate(x/((x**2 - 2*x + 2)*(x**2 + 2*x + 2)), x)",
      "reasoning": "As a number theorist, I focus on prime factorization. I can analyze \\( x^4 + 4 \\) in terms of its factors, \\( (x^2 - 2x + 2)(x^2 + 2x + 2) \\), which might simplify integration techniques.",
      "evaluation": "equivalent",
      "extra_verification": null,
      "transformations_used": [
        "reduce the number of terms in the expression",
        "replace a complex fraction with a simpler one",
        "simplify composite trigonometric functions",
        "simplify a trigonometric component",
        "reduce the degree of a polynomial"
      ],
      "timestamp": "2025-02-05T06:51:26.875662Z"
    },
    {
      "original": "integrate(x/(x**4+4), x)",
      "requested_difficulty": "easier",
      "variant": "integrate(x**2/(x**4 + 4) - x/(x**4 + 4), x)",
      "reasoning": "As an engineer once more, I may consider integration by parts. I can separate the integral in a strategic manner; thus, it becomes easier when I isolate components to handle.",
      "evaluation": "easier",
      "extra_verification": null,
      "transformations_used": [
        "reduce the number of terms in the expression",
        "replace a complex fraction with a simpler one",
        "simplify composite trigonometric functions",
        "simplify a trigonometric component",
        "reduce the degree of a polynomial"
      ],
      "timestamp": "2025-02-05T06:51:27.184814Z"
    },
    {
      "original": "integrate(x/(x**4+4), x)",
      "requested_difficulty": "easier",
      "variant": "integrate(x / (x**4 + 4), x)",
      "reasoning": "As a calculus professor, I appreciate symmetry and simplification. By noticing \\( x^4 + 4 \\) can be factored into a sum of squares, this may lead to a simpler approach using trigonometric identities.",
      "evaluation": "equivalent",
      "extra_verification": null,
      "transformations_used": [
        "lower a coefficient",
        "convert a product to a simpler sum",
        "eliminate a radical",
        "reduce the degree of a polynomial",
        "simplify a trigonometric component"
      ],
      "timestamp": "2025-02-05T06:51:37.475208Z"
    },
    {
      "original": "integrate(x/(x**4+4), x)",
      "requested_difficulty": "easier",
      "variant": "integrate(x / ((x**2 + 2)**2), x)",
      "reasoning": "As a creative mathematician, I enjoy substituting with simpler factors. By replacing \\( x^4 + 4 \\) with \\( (x^2 + 2)^2 \\), the integral becomes manageable since we lower the degree.",
      "evaluation": "easier",
      "extra_verification": null,
      "transformations_used": [
        "lower a coefficient",
        "convert a product to a simpler sum",
        "eliminate a radical",
        "reduce the degree of a polynomial",
        "simplify a trigonometric component"
      ],
      "timestamp": "2025-02-05T06:51:37.441379Z"
    },
    {
      "original": "integrate(x/(x**4+4), x)",
      "requested_difficulty": "easier",
      "variant": "integrate(x / exp(2*log(x**2 + 2)), x)",
      "reasoning": "A theoretical physicist might view this integral through exponential forms. Expressing the denominator using \\( e^{2\\ln(x^2 + 2)} \\) could make it tractable for a substitution approach.",
      "evaluation": "equivalent",
      "extra_verification": null,
      "transformations_used": [
        "lower a coefficient",
        "convert a product to a simpler sum",
        "eliminate a radical",
        "reduce the degree of a polynomial",
        "simplify a trigonometric component"
      ],
      "timestamp": "2025-02-05T06:51:37.413210Z"
    },
    {
      "original": "integrate(x/(x**4+4), x)",
      "requested_difficulty": "easier",
      "variant": "integrate(x / (x**4 + 2*x**2 + 2), x)",
      "reasoning": "From a number theorist\u2019s perspective, focusing on prime factorization of \\( 4 \\) allows for evaluating at rational coefficients. I can create simpler structure by equating to a lesser prime factorization form.",
      "evaluation": "easier",
      "extra_verification": null,
      "transformations_used": [
        "lower a coefficient",
        "convert a product to a simpler sum",
        "eliminate a radical",
        "reduce the degree of a polynomial",
        "simplify a trigonometric component"
      ],
      "timestamp": "2025-02-05T06:51:37.481005Z"
    },
    {
      "original": "integrate(x/(x**4+4), x)",
      "requested_difficulty": "easier",
      "variant": "integrate(sqrt(x**2) / (x**4 + 4), x)",
      "reasoning": "A geometry enthusiast would benefit from considering transformations. By substituting \\( x^2 \\) which helps in visualizing the transformations that maintain the shape of the function.",
      "evaluation": "equivalent",
      "extra_verification": null,
      "transformations_used": [
        "lower a coefficient",
        "convert a product to a simpler sum",
        "eliminate a radical",
        "reduce the degree of a polynomial",
        "simplify a trigonometric component"
      ],
      "timestamp": "2025-02-05T06:51:37.553456Z"
    },
    {
      "original": "integrate(x/(x**4+4), x)",
      "requested_difficulty": "easier",
      "variant": "integrate(x / (x**4 + 4*x**2 + 4 - 4*x**2), x)",
      "reasoning": "As a creative mathematician, I can consider the symmetrical properties of functions and suggest transforming the argument to possibly reveal hidden paths to simplification.",
      "evaluation": "equivalent",
      "extra_verification": null,
      "transformations_used": [
        "lower a coefficient",
        "convert a product to a simpler sum",
        "eliminate a radical",
        "reduce the degree of a polynomial",
        "simplify a trigonometric component"
      ],
      "timestamp": "2025-02-05T06:51:37.564950Z"
    },
    {
      "original": "integrate(x/(x**4+4), x)",
      "requested_difficulty": "equivalent",
      "variant": "integrate(x/(x**4 + (2)**2), x)",
      "reasoning": "From the perspective of a student focused on polynomials, I will express the denominator \\( x^4 + 4 \\) as a sum of squares \\( (x^2)^2 + (2)^2 \\) and enhance the integrand by introducing polynomial factors, making it more manageable.",
      "evaluation": "equivalent",
      "extra_verification": null,
      "transformations_used": [
        "use trigonometric identities to rewrite expression",
        "apply algebraic identities that preserve complexity",
        "rewrite using different logarithmic properties",
        "exchange similar functions (e.g., sin to cos)",
        "modify an exponent slightly"
      ],
      "timestamp": "2025-02-05T06:51:21.908831Z"
    },
    {
      "original": "integrate(x/(x**4+4), x)",
      "requested_difficulty": "equivalent",
      "variant": "integrate(x/(x**4 + 2**2), x)",
      "reasoning": "As a number theorist fascinated by prime factors, I can express the integrand in terms of prime factor constants, replacing 4 with \\( 2^2 \\) and forming rational expansions that stay true to the essence but alter structure.",
      "evaluation": "easier",
      "extra_verification": null,
      "transformations_used": [
        "use trigonometric identities to rewrite expression",
        "apply algebraic identities that preserve complexity",
        "rewrite using different logarithmic properties",
        "exchange similar functions (e.g., sin to cos)",
        "modify an exponent slightly"
      ],
      "timestamp": "2025-02-05T06:51:22.060374Z"
    },
    {
      "original": "integrate(x/(x**4+4), x)",
      "requested_difficulty": "equivalent",
      "variant": "integrate(x/(x**2 + 2) - (2/(x**2 + 2)), x)",
      "reasoning": "As a student who prefers working with polynomials, I might want to explore polynomial division or partial fractions. Thus, I recognize that we can decompose the integrand into distinct fractions that allow easier integration.",
      "evaluation": "easier",
      "extra_verification": null,
      "transformations_used": [
        "adjust parameters while keeping the integral equivalent",
        "apply algebraic identities that preserve complexity",
        "swap numerator and denominator with reciprocal",
        "modify an exponent slightly",
        "substitute equivalent exponential forms"
      ],
      "timestamp": "2025-02-05T06:51:22.632417Z"
    },
    {
      "original": "integrate(x/(x**4+4), x)",
      "requested_difficulty": "equivalent",
      "variant": "integrate((1/2)/(x**4 + 2*2), x)",
      "reasoning": "From a number theorist perspective, I am intrigued by teasing apart the properties of the coefficients. This leads me to view the integral as involving prime relationships or divisibility by primes, so I will express it with a focus on factors.",
      "evaluation": "equivalent",
      "extra_verification": null,
      "transformations_used": [
        "adjust parameters while keeping the integral equivalent",
        "apply algebraic identities that preserve complexity",
        "swap numerator and denominator with reciprocal",
        "modify an exponent slightly",
        "substitute equivalent exponential forms"
      ],
      "timestamp": "2025-02-05T06:51:21.529994Z"
    },
    {
      "original": "integrate(x/(x**4+4), x)",
      "requested_difficulty": "equivalent",
      "variant": "integrate((x + 2) / ((x**4 + 4)(x + 2)), x)",
      "reasoning": "Being a geometry enthusiast, I consider the behavior of the function in terms of geometric transformations. Thus, I will express the integral in relation to its symmetry properties or similar shapes that may share integrative insights.",
      "evaluation": "equivalent",
      "extra_verification": null,
      "transformations_used": [
        "adjust parameters while keeping the integral equivalent",
        "apply algebraic identities that preserve complexity",
        "swap numerator and denominator with reciprocal",
        "modify an exponent slightly",
        "substitute equivalent exponential forms"
      ],
      "timestamp": "2025-02-05T06:51:21.446863Z"
    }
  ],
  [
    {
      "original": "integrate(x/sqrt(x**2-2), x)",
      "requested_difficulty": "easier",
      "variant": "integrate(x/sqrt((x**2-2)/(x**2)), x)",
      "reasoning": "As a student fond of polynomials and rational functions, I will rewrite the integrand by utilizing polynomial long division methods to split terms in a way that simplifies integration.",
      "evaluation": "easier",
      "extra_verification": null,
      "transformations_used": [
        "change a function to an easier one",
        "remove logarithmic terms",
        "reduce the number of terms in the expression"
      ],
      "timestamp": "2025-02-05T06:51:24.705443Z"
    },
    {
      "original": "integrate(x/sqrt(x**2-2), x)",
      "requested_difficulty": "easier",
      "variant": "integrate(x/(1+0.5*(x**2-2)), x)",
      "reasoning": "Approaching this as an engineer, I will simplify the integral by mechanically breaking it down using numerical approximation methods or series expansions, focusing on practical methods to tackle the integral.",
      "evaluation": "easier",
      "extra_verification": null,
      "transformations_used": [
        "change a function to an easier one",
        "remove logarithmic terms",
        "reduce the number of terms in the expression"
      ],
      "timestamp": "2025-02-05T06:51:24.680779Z"
    },
    {
      "original": "integrate(x/sqrt(x**2-2), x)",
      "requested_difficulty": "easier",
      "variant": "integrate(x/(x**2 - 2 + 1), x)",
      "reasoning": "Taking the imaginative approach of a creative mathematician, I manipulate the integrands into fractional forms that reduce the complexity of integration while retaining key characteristics of the original function.",
      "evaluation": "easier",
      "extra_verification": null,
      "transformations_used": [
        "change a function to an easier one",
        "remove logarithmic terms",
        "reduce the number of terms in the expression"
      ],
      "timestamp": "2025-02-05T06:51:24.626343Z"
    },
    {
      "original": "integrate(x/sqrt(x**2-2), x)",
      "requested_difficulty": "easier",
      "variant": "integrate(x/sqrt(x**2-2), x)",
      "reasoning": "As a calculus professor, I appreciate the elegance of symmetry in calculus. By simplifying the structure, I can use the symmetry of the integrand, focusing on the function's behavior. I can factor out constants to reduce complexity.",
      "evaluation": "equivalent",
      "extra_verification": null,
      "transformations_used": [
        "remove a complicated term",
        "reduce an exponent",
        "remove nested functions"
      ],
      "timestamp": "2025-02-05T06:51:25.742326Z"
    },
    {
      "original": "integrate(x/sqrt(x**2-2), x)",
      "requested_difficulty": "easier",
      "variant": "integrate(x/sqrt(x**2), x)",
      "reasoning": "From the perspective of a student who loves polynomials, I see that by simplifying the integrand into polynomial terms, I can break down the expression. By rationalizing denominators, I can transform it into a more manageable polynomial form.",
      "evaluation": "easier",
      "extra_verification": null,
      "transformations_used": [
        "remove a complicated term",
        "reduce an exponent",
        "remove nested functions"
      ],
      "timestamp": "2025-02-05T06:51:25.569342Z"
    },
    {
      "original": "integrate(x/sqrt(x**2-2), x)",
      "requested_difficulty": "easier",
      "variant": "integrate(x*(1 - (1/4)*(2/x**2)), x)",
      "reasoning": "From an engineering perspective, I value practical applications. I can approximate \\( \\sqrt{x^2 - 2} \\) using a Taylor expansion around a point that avoids complexities, yielding a simpler polynomial form which can be integrated easily.",
      "evaluation": "easier",
      "extra_verification": null,
      "transformations_used": [
        "remove a complicated term",
        "reduce an exponent",
        "remove nested functions"
      ],
      "timestamp": "2025-02-05T06:51:25.713021Z"
    },
    {
      "original": "integrate(x/sqrt(x**2-2), x)",
      "requested_difficulty": "easier",
      "variant": "integrate((x**2 - 2)/((x**2 - 2)**(3/2)), x)",
      "reasoning": "As a number theorist, I'm interested in rational coefficients. By manipulating the integrand to use more rational functions, I will create an integral that still retains its challenge yet takes advantage of rational techniques.",
      "evaluation": "easier",
      "extra_verification": null,
      "transformations_used": [
        "remove a complicated term",
        "reduce an exponent",
        "remove nested functions"
      ],
      "timestamp": "2025-02-05T06:51:25.705590Z"
    },
    {
      "original": "integrate(x/sqrt(x**2-2), x)",
      "requested_difficulty": "easier",
      "variant": "integrate(x/(x + 1), x)",
      "reasoning": "Taking on the role of a student who enjoys polynomial manipulation, I notice that pulling the radical out can simplify the structure. Expressing the denominator with roots makes polynomial integration more accessible.",
      "evaluation": "easier",
      "extra_verification": null,
      "transformations_used": [
        "remove a complicated term",
        "reduce an exponent",
        "remove nested functions"
      ],
      "timestamp": "2025-02-05T06:51:25.869736Z"
    },
    {
      "original": "integrate(x/sqrt(x**2-2), x)",
      "requested_difficulty": "equivalent",
      "variant": "integrate(x/sqrt((x - sqrt(2))*(x + sqrt(2))), x)",
      "reasoning": "As a creative mathematician, I enjoy transforming expressions in unusual ways. I can manipulate the integrand using the identity \\( \\sqrt{x^2 - 2} = \\sqrt{(x - \\sqrt{2})(x + \\sqrt{2})} \\) to yield a more intriguing form.",
      "evaluation": "equivalent",
      "extra_verification": null,
      "transformations_used": [
        "exchange similar functions (e.g., sin to cos)",
        "use trigonometric identities to rewrite expression",
        "rearrange the order of terms",
        "alter constant terms",
        "adjust parameters while keeping the integral equivalent"
      ],
      "timestamp": "2025-02-05T06:51:22.362013Z"
    },
    {
      "original": "integrate(x/sqrt(x**2-2), x)",
      "requested_difficulty": "equivalent",
      "variant": "integrate(1/sqrt(1 - 2/x**2), x)",
      "reasoning": "As a student favoring polynomials, I like to rationalize the denominator using polynomial long division. This modification will give me a more polynomial-style integrand that retains the complexity.",
      "evaluation": "easier",
      "extra_verification": null,
      "transformations_used": [
        "exchange similar functions (e.g., sin to cos)",
        "use trigonometric identities to rewrite expression",
        "rearrange the order of terms",
        "alter constant terms",
        "adjust parameters while keeping the integral equivalent"
      ],
      "timestamp": "2025-02-05T06:51:22.407674Z"
    },
    {
      "original": "integrate(x/sqrt(x**2-2), x)",
      "requested_difficulty": "equivalent",
      "variant": "integrate(x/sqrt(x**2 - sqrt(2)**2), x)",
      "reasoning": "As an engineer, I recommend a computational approach. I can rewrite \\( \\sqrt{x^2 - 2} \\) in terms of numerical coefficients to highlight its computational properties. This maintains complexity while opening the door to numerical integration foundations.",
      "evaluation": "equivalent",
      "extra_verification": null,
      "transformations_used": [
        "exchange similar functions (e.g., sin to cos)",
        "use trigonometric identities to rewrite expression",
        "rearrange the order of terms",
        "alter constant terms",
        "adjust parameters while keeping the integral equivalent"
      ],
      "timestamp": "2025-02-05T06:51:22.556054Z"
    },
    {
      "original": "integrate(x/sqrt(x**2-2), x)",
      "requested_difficulty": "equivalent",
      "variant": "integrate((x)*((x**2 - 2)**(-1/2)), x)",
      "reasoning": "As a number theorist, I want to explore characteristics of the integrand. Let\u2019s manipulate with roots by expressing \\( \\sqrt{x^2 - 2} \\) in terms of rational coefficients which leads back to a polynomial semblance.",
      "evaluation": "equivalent",
      "extra_verification": null,
      "transformations_used": [
        "exchange similar functions (e.g., sin to cos)",
        "use trigonometric identities to rewrite expression",
        "rearrange the order of terms",
        "alter constant terms",
        "adjust parameters while keeping the integral equivalent"
      ],
      "timestamp": "2025-02-05T06:51:22.780084Z"
    },
    {
      "original": "integrate(x/sqrt(x**2-2), x)",
      "requested_difficulty": "equivalent",
      "variant": "integrate((x/sqrt(x**2 - 2)), x)",
      "reasoning": "As a calculus professor eager for alternative forms, I can switch the perspective by factoring out constants and reformulating the simplification, allowing for maintaining the integral's core while adjusting components creatively.",
      "evaluation": "equivalent",
      "extra_verification": null,
      "transformations_used": [
        "exchange similar functions (e.g., sin to cos)",
        "use trigonometric identities to rewrite expression",
        "rearrange the order of terms",
        "alter constant terms",
        "adjust parameters while keeping the integral equivalent"
      ],
      "timestamp": "2025-02-05T06:51:22.343905Z"
    },
    {
      "original": "integrate(x/sqrt(x**2-2), x)",
      "requested_difficulty": "equivalent",
      "variant": "integrate(1/2 * sqrt(x**2 - 2), x)",
      "reasoning": "As a calculus professor focusing on elegance, I can perform a substitution to simplify the integrand elegantly. Letting \\( u = x^2 - 2 \\) transforms the integral into a simpler form.",
      "evaluation": "easier",
      "extra_verification": null,
      "transformations_used": [
        "exchange similar functions (e.g., sin to cos)",
        "alter constant terms",
        "rearrange the order of terms",
        "adjust parameters while keeping the integral equivalent",
        "distribute terms differently"
      ],
      "timestamp": "2025-02-05T06:51:26.215746Z"
    },
    {
      "original": "integrate(x/sqrt(x**2-2), x)",
      "requested_difficulty": "equivalent",
      "variant": "integrate(x/sqrt(2*(x**2/2 - 1)), x)",
      "reasoning": "As a student favoring polynomials, I notice that I can express the integral in terms of a rational function by factoring out constants and rearranging terms inside the square root.",
      "evaluation": "equivalent",
      "extra_verification": null,
      "transformations_used": [
        "exchange similar functions (e.g., sin to cos)",
        "alter constant terms",
        "rearrange the order of terms",
        "adjust parameters while keeping the integral equivalent",
        "distribute terms differently"
      ],
      "timestamp": "2025-02-05T06:51:25.981445Z"
    },
    {
      "original": "integrate(x/sqrt(x**2-2), x)",
      "requested_difficulty": "equivalent",
      "variant": "integrate(x * exp(0.5 * log(x**2 - 2)), x)",
      "reasoning": "Viewing it as a theoretical physicist, I prefer expressing the integrand in terms of exponential functions. Using the identity \\( e^{\\ln(x^2-2)/2} \\), I can create an equivalently complex integral.",
      "evaluation": "equivalent",
      "extra_verification": null,
      "transformations_used": [
        "exchange similar functions (e.g., sin to cos)",
        "alter constant terms",
        "rearrange the order of terms",
        "adjust parameters while keeping the integral equivalent",
        "distribute terms differently"
      ],
      "timestamp": "2025-02-05T06:51:25.988281Z"
    },
    {
      "original": "integrate(x/sqrt(x**2-2), x)",
      "requested_difficulty": "equivalent",
      "variant": "integrate(x * (1/sqrt(x**2 - 2)), x)",
      "reasoning": "As an engineer, I will focus on maintaining a computationally efficient form while still allowing for difficult integration. I can distribute the square root to make the integral appear more complex.",
      "evaluation": "equivalent",
      "extra_verification": null,
      "transformations_used": [
        "exchange similar functions (e.g., sin to cos)",
        "alter constant terms",
        "rearrange the order of terms",
        "adjust parameters while keeping the integral equivalent",
        "distribute terms differently"
      ],
      "timestamp": "2025-02-05T06:51:25.920717Z"
    },
    {
      "original": "integrate(x/sqrt(x**2-2), x)",
      "requested_difficulty": "equivalent",
      "variant": "integrate((3/3) * x / sqrt(x**2 - 2), x)",
      "reasoning": "As a number theorist, I enjoy examining the integral through the lens of rational coefficients. By introducing a suitable rational multiple, I can maintain the integral's difficulty while altering its appearance.",
      "evaluation": "equivalent",
      "extra_verification": null,
      "transformations_used": [
        "exchange similar functions (e.g., sin to cos)",
        "alter constant terms",
        "rearrange the order of terms",
        "adjust parameters while keeping the integral equivalent",
        "distribute terms differently"
      ],
      "timestamp": "2025-02-05T06:51:26.191616Z"
    }
  ],
  [
    {
      "original": "integrate(sinh(x)/(cosh(x) - sinh(x)), x)",
      "requested_difficulty": "easier",
      "variant": "integrate(sinh(x)/(exp(-x)), x)",
      "reasoning": "As a calculus professor, I see that the integral can be simplified by utilizing hyperbolic identities. By rewriting the denominator using \\( \\cosh(x) - \\sinh(x) = e^{-x} \\), we can better manipulate the integrand.",
      "evaluation": "easier",
      "extra_verification": null,
      "transformations_used": [
        "remove a complicated term",
        "change a function to an easier one",
        "remove logarithmic terms",
        "convert a product to a simpler sum",
        "drop a subexpression"
      ],
      "timestamp": "2025-02-05T06:51:24.534416Z"
    },
    {
      "original": "integrate(sinh(x)/(cosh(x) - sinh(x)), x)",
      "requested_difficulty": "easier",
      "variant": "integrate((x^2 - 1)/(x^2 + 1 - (x^2 - 1)), x)",
      "reasoning": "As a student who enjoys polynomials, I will express the integrand in terms of polynomial approximations, which are often easier to manipulate and integrate.",
      "evaluation": "easier",
      "extra_verification": null,
      "transformations_used": [
        "remove a complicated term",
        "change a function to an easier one",
        "remove logarithmic terms",
        "convert a product to a simpler sum",
        "drop a subexpression"
      ],
      "timestamp": "2025-02-05T06:51:24.582774Z"
    },
    {
      "original": "integrate(sinh(x)/(cosh(x) - sinh(x)), x)",
      "requested_difficulty": "easier",
      "variant": "integrate(x - x^3/6, x)",
      "reasoning": "As an engineer, I approach this integral computationally. By approximating \\( \\sinh(x) \\) with Taylor series and simplifying additional terms accordingly, I aim to create a more computationally friendly integrand.",
      "evaluation": "easier",
      "extra_verification": null,
      "transformations_used": [
        "remove a complicated term",
        "change a function to an easier one",
        "remove logarithmic terms",
        "convert a product to a simpler sum",
        "drop a subexpression"
      ],
      "timestamp": "2025-02-05T06:51:24.665458Z"
    },
    {
      "original": "integrate(sinh(x)/(cosh(x) - sinh(x)), x)",
      "requested_difficulty": "easier",
      "variant": "integrate((e^x - e^-x)/(e^x + e^-x - (e^x - e^-x)), x)",
      "reasoning": "As a number theorist, I find interest in rational functions. By rewriting \\( \\sinh(x) \\) and \\( \\cosh(x) \\) in terms of rational functions, we can create a new integral that\u2019s still relatable to number theory.",
      "evaluation": "equivalent",
      "extra_verification": null,
      "transformations_used": [
        "remove a complicated term",
        "change a function to an easier one",
        "remove logarithmic terms",
        "convert a product to a simpler sum",
        "drop a subexpression"
      ],
      "timestamp": "2025-02-05T06:51:24.506340Z"
    },
    {
      "original": "integrate(sinh(x)/(cosh(x) - sinh(x)), x)",
      "requested_difficulty": "easier",
      "variant": "integrate(sinh(x)/(cosh(x)) - sinh(x) / (cosh(x) - sinh(x)), x)",
      "reasoning": "Emphasizing simplicity, as a creative mathematician, I can also break the quotient to separate parts that are easier to integrate. This allows me to work with manageable sums that remain interesting.",
      "evaluation": "easier",
      "extra_verification": null,
      "transformations_used": [
        "remove a complicated term",
        "change a function to an easier one",
        "remove logarithmic terms",
        "convert a product to a simpler sum",
        "drop a subexpression"
      ],
      "timestamp": "2025-02-05T06:51:24.544868Z"
    },
    {
      "original": "integrate(sinh(x)/(cosh(x) - sinh(x)), x)",
      "requested_difficulty": "easier",
      "variant": "integrate(sinh(x)/(1 - tanh(x)), x)",
      "reasoning": "As a geometry enthusiast, using a transformation preserves the integrand's underlying structure while aligning it with basic integral forms. By converting to a new variable for symmetry, the expression remains entangled yet manageable.",
      "evaluation": "easier",
      "extra_verification": null,
      "transformations_used": [
        "remove a complicated term",
        "change a function to an easier one",
        "remove logarithmic terms",
        "convert a product to a simpler sum",
        "drop a subexpression"
      ],
      "timestamp": "2025-02-05T06:51:24.571942Z"
    },
    {
      "original": "integrate(sinh(x)/(cosh(x) - sinh(x)), x)",
      "requested_difficulty": "easier",
      "variant": "integrate((x + x^3/6)/(1 - (x^2)/2), x)",
      "reasoning": "As a calculus professor, I want to remove the limiting complexity of hyperbolic functions. By expanding \\( \\cosh(x) \\) and \\( \\sinh(x) \\) in their series forms, I create a simpler polynomial that retains depth.",
      "evaluation": "easier",
      "extra_verification": null,
      "transformations_used": [
        "remove a complicated term",
        "change a function to an easier one",
        "remove logarithmic terms",
        "convert a product to a simpler sum",
        "drop a subexpression"
      ],
      "timestamp": "2025-02-05T06:51:24.760061Z"
    },
    {
      "original": "integrate(sinh(x)/(cosh(x) - sinh(x)), x)",
      "requested_difficulty": "easier",
      "variant": "integrate((exp(x) - exp(-x))/((exp(x) + exp(-x))/2 - (exp(x) - exp(-x))/2), x)",
      "reasoning": "Embracing my creativity, I will use the identity \\( \\sinh(x) = \\frac{e^{x} - e^{-x}}{2} \\) and transform the whole integral into an exponential form, which often makes integration straightforward.",
      "evaluation": "equivalent",
      "extra_verification": null,
      "transformations_used": [
        "reduce the number of terms in the expression",
        "simplify a trigonometric component",
        "lower a coefficient"
      ],
      "timestamp": "2025-02-05T06:51:30.050157Z"
    },
    {
      "original": "integrate(sinh(x)/(cosh(x) - sinh(x)), x)",
      "requested_difficulty": "easier",
      "variant": "integrate(sinh(x)/(1 - sinh(x)), x)",
      "reasoning": "From an engineering perspective, let us simplify the expression by factoring and focusing on a specific range. I'll look at bounds to potentially convert into a simple polynomial form for practical integration.",
      "evaluation": "easier",
      "extra_verification": null,
      "transformations_used": [
        "reduce the number of terms in the expression",
        "simplify a trigonometric component",
        "lower a coefficient"
      ],
      "timestamp": "2025-02-05T06:51:22.756522Z"
    },
    {
      "original": "integrate(sinh(x)/(cosh(x) - sinh(x)), x)",
      "requested_difficulty": "easier",
      "variant": "integrate((2*sinh(x)/(2*cosh(x) - 2*sinh(x))), x)",
      "reasoning": "As a number theorist fascinated by rational coefficients, I will represent the hyperbolic functions in terms of rational expressions and look for opportunities to simplify. This approach brings out polynomial characteristics.",
      "evaluation": "equivalent",
      "extra_verification": null,
      "transformations_used": [
        "reduce the number of terms in the expression",
        "simplify a trigonometric component",
        "lower a coefficient"
      ],
      "timestamp": "2025-02-05T06:51:22.749791Z"
    },
    {
      "original": "integrate(sinh(x)/(cosh(x) - sinh(x)), x)",
      "requested_difficulty": "equivalent",
      "variant": "integrate(exp(x)/((exp(x) + exp(-x)) - (exp(x) - exp(-x))), x)",
      "reasoning": "As a calculus professor who loves elegant simplifications, I notice the relationship between hyperbolic functions and their exponential definitions. I can rewrite the integral by substituting the hyperbolic definitions using exponentials.",
      "evaluation": "equivalent",
      "extra_verification": null,
      "transformations_used": [
        "rewrite using alternate algebraic forms",
        "rewrite using different logarithmic properties",
        "modify an exponent slightly"
      ],
      "timestamp": "2025-02-05T06:51:28.363780Z"
    },
    {
      "original": "integrate(sinh(x)/(cosh(x) - sinh(x)), x)",
      "requested_difficulty": "equivalent",
      "variant": "integrate(sinh(x)/(1/2*(exp(x) + exp(-x)) - 1/2*(exp(x) - exp(-x))), x)",
      "reasoning": "Embracing the perspective of a creative mathematician, I see a potential in using the identity for hyperbolic functions that might simplify the expression in the denominator. I will express \\( \\cosh(x) \\) in its polynomial form.",
      "evaluation": "easier",
      "extra_verification": null,
      "transformations_used": [
        "rewrite using alternate algebraic forms",
        "rewrite using different logarithmic properties",
        "modify an exponent slightly"
      ],
      "timestamp": "2025-02-05T06:51:28.251459Z"
    },
    {
      "original": "integrate(sinh(x)/(cosh(x) - sinh(x)), x)",
      "requested_difficulty": "equivalent",
      "variant": "integrate(exp(x) / (exp(x) + exp(-x) - (exp(x) - exp(-x))), x)",
      "reasoning": "As a calculus professor who loves elegant simplifications, I will use the definition of hyperbolic functions. This will lead to a more compact form of the integral.",
      "evaluation": "equivalent",
      "extra_verification": null,
      "transformations_used": [
        "rewrite using different logarithmic properties",
        "exchange similar functions (e.g., sin to cos)",
        "rewrite using alternate algebraic forms"
      ],
      "timestamp": "2025-02-05T06:51:28.015060Z"
    },
    {
      "original": "integrate(sinh(x)/(cosh(x) - sinh(x)), x)",
      "requested_difficulty": "equivalent",
      "variant": "integrate(sinh(x) / (u), x)",
      "reasoning": "As a creative mathematician, I enjoy looking for unusual substitutions. Substituting \\(u = cosh(x) - sinh(x)\\) can lead to an insightful transformation.",
      "evaluation": "easier",
      "extra_verification": null,
      "transformations_used": [
        "rewrite using different logarithmic properties",
        "exchange similar functions (e.g., sin to cos)",
        "rewrite using alternate algebraic forms"
      ],
      "timestamp": "2025-02-05T06:51:21.560615Z"
    },
    {
      "original": "integrate(sinh(x)/(cosh(x) - sinh(x)), x)",
      "requested_difficulty": "equivalent",
      "variant": "integrate(1/(1 - exp(-x)), x)",
      "reasoning": "As a student who prefers polynomials and rational functions, I would attempt to express the integrand as a rational function by simplifying it.",
      "evaluation": "easier",
      "extra_verification": null,
      "transformations_used": [
        "rewrite using different logarithmic properties",
        "exchange similar functions (e.g., sin to cos)",
        "rewrite using alternate algebraic forms"
      ],
      "timestamp": "2025-02-05T06:51:21.698577Z"
    },
    {
      "original": "integrate(sinh(x)/(cosh(x) - sinh(x)), x)",
      "requested_difficulty": "equivalent",
      "variant": "integrate((exp(x) - exp(-x)) / ((exp(x) + exp(-x)) - (exp(x) - exp(-x))), x)",
      "reasoning": "A theoretical physicist often utilizes exponential forms. Here, I will rewrite sinh and cosh with their exponential definitions to clarify their interaction.",
      "evaluation": "equivalent",
      "extra_verification": null,
      "transformations_used": [
        "rewrite using different logarithmic properties",
        "exchange similar functions (e.g., sin to cos)",
        "rewrite using alternate algebraic forms"
      ],
      "timestamp": "2025-02-05T06:51:21.636126Z"
    },
    {
      "original": "integrate(sinh(x)/(cosh(x) - sinh(x)), x)",
      "requested_difficulty": "equivalent",
      "variant": "integrate((2 * sinh(x/2) * cosh(x/2)) / (2 * cosh(x/2)^2 - 2 * sinh(x/2)^2), x)",
      "reasoning": "As a creative mathematician, I can express the integrand using alternative identities for sinh and cosh to appeal to symmetry.",
      "evaluation": "equivalent",
      "extra_verification": null,
      "transformations_used": [
        "rewrite using different logarithmic properties",
        "exchange similar functions (e.g., sin to cos)",
        "rewrite using alternate algebraic forms"
      ],
      "timestamp": "2025-02-05T06:51:21.680426Z"
    },
    {
      "original": "integrate(sinh(x)/(cosh(x) - sinh(x)), x)",
      "requested_difficulty": "equivalent",
      "variant": "integrate(differentiate(log(cosh(x) - sinh(x))), x)",
      "reasoning": "Viewing this through a theoretical physicist's lens, I will try to express the integrand in terms of the derivative of a known function to explore the integral's deeper properties.",
      "evaluation": "easier",
      "extra_verification": null,
      "transformations_used": [
        "rewrite using different logarithmic properties",
        "exchange similar functions (e.g., sin to cos)",
        "rewrite using alternate algebraic forms"
      ],
      "timestamp": "2025-02-05T06:51:21.696791Z"
    }
  ]
]