[
  [
    {
      "original": "integrate(exp(exp(x)) - exp(exp(x) - x), x)",
      "requested_difficulty": "easier",
      "variant": "integrate(exp(exp(x)) - exp(exp(x) - x), x)",
      "reasoning": "As a calculus professor, I appreciate simplifying complex exponentials. We can replace \\( \\exp(x) \\) with \\( e^x \\) for clarity, and realize that \\( \\exp(exp(x) - x) = e^{e^x - x} \\) can be approximated near zero for a more manageable expression.",
      "evaluation": "equivalent",
      "extra_verification": null,
      "transformations_used": [
        "replace transcendental functions with simpler algebraic ones",
        "change a function to an easier one",
        "reduce the number of terms in the expression",
        "lower a coefficient",
        "remove logarithmic terms"
      ],
      "timestamp": "2025-02-05T06:28:21.195290Z"
    },
    {
      "original": "integrate(exp(exp(x)) - exp(exp(x) - x), x)",
      "requested_difficulty": "easier",
      "variant": "integrate((1 + exp(x) + exp(exp(x))/2) - (1 + exp(x - x)/2), x)",
      "reasoning": "Viewing this as a student who enjoys polynomials, I notice that \\( exp(exp(x)) \\) grows quickly. Therefore, I will consider using Taylor series expansions for small values of \\( x \\) to simplify the integrand.",
      "evaluation": "easier",
      "extra_verification": null,
      "transformations_used": [
        "replace transcendental functions with simpler algebraic ones",
        "change a function to an easier one",
        "reduce the number of terms in the expression",
        "lower a coefficient",
        "remove logarithmic terms"
      ],
      "timestamp": "2025-02-05T06:28:21.102363Z"
    },
    {
      "original": "integrate(exp(exp(x)) - exp(exp(x) - x), x)",
      "requested_difficulty": "easier",
      "variant": "integrate(exp(k) - exp(k - x), x)",
      "reasoning": "As a number theorist, I find intrigue in integer approximations. Therefore, I\u2019ll reformulate \\( \\exp(x) \\) as its integer approximation \\( k \\) for some value in the given range.",
      "evaluation": "easier",
      "extra_verification": null,
      "transformations_used": [
        "replace transcendental functions with simpler algebraic ones",
        "change a function to an easier one",
        "reduce the number of terms in the expression",
        "lower a coefficient",
        "remove logarithmic terms"
      ],
      "timestamp": "2025-02-05T06:28:21.070201Z"
    },
    {
      "original": "integrate(exp(exp(x)) - exp(exp(x) - x), x)",
      "requested_difficulty": "easier",
      "variant": "integrate((exp(0) - exp(-x)), x)",
      "reasoning": "Thinking geometrically, I want to evaluate the area under curves without concerns for transcendental complexities. I can redefine this integral using area between simpler curves, possibly even linear approximations.",
      "evaluation": "easier",
      "extra_verification": null,
      "transformations_used": [
        "replace transcendental functions with simpler algebraic ones",
        "change a function to an easier one",
        "reduce the number of terms in the expression",
        "lower a coefficient",
        "remove logarithmic terms"
      ],
      "timestamp": "2025-02-05T06:28:20.980720Z"
    },
    {
      "original": "integrate(exp(exp(x)) - exp(exp(x) - x), x)",
      "requested_difficulty": "easier",
      "variant": "integrate(1 + exp(x), x)",
      "reasoning": "As a calculus professor, let's ease the expression further. Given the symmetric nature of \\( exp \\), we can expand \\( exp(exp(x)) \\) to just linear terms giving more manageable expansions.",
      "evaluation": "easier",
      "extra_verification": null,
      "transformations_used": [
        "replace transcendental functions with simpler algebraic ones",
        "change a function to an easier one",
        "reduce the number of terms in the expression",
        "lower a coefficient",
        "remove logarithmic terms"
      ],
      "timestamp": "2025-02-05T06:28:21.119767Z"
    },
    {
      "original": "integrate(exp(exp(x)) - exp(exp(x) - x), x)",
      "requested_difficulty": "easier",
      "variant": "integrate( (exp(exp(x)) + exp(exp(x) - x)) / 2, x)",
      "reasoning": "As a creative mathematician, I see that reducing complexity could mean averaging. Let's combine the two exponential terms into one average term.",
      "evaluation": "easier",
      "extra_verification": null,
      "transformations_used": [
        "replace transcendental functions with simpler algebraic ones",
        "change a function to an easier one",
        "reduce the number of terms in the expression",
        "lower a coefficient",
        "remove logarithmic terms"
      ],
      "timestamp": "2025-02-05T06:28:21.445877Z"
    },
    {
      "original": "integrate(exp(exp(x)) - exp(exp(x) - x), x)",
      "requested_difficulty": "easier",
      "variant": "integrate(exp(exp(x)) - 1, x)",
      "reasoning": "Viewing it from an engineer's perspective, we can also express the difference directly in terms of finite differences or small perturbations to the simpler function:",
      "evaluation": "easier",
      "extra_verification": null,
      "transformations_used": [
        "replace transcendental functions with simpler algebraic ones",
        "change a function to an easier one",
        "reduce the number of terms in the expression",
        "lower a coefficient",
        "remove logarithmic terms"
      ],
      "timestamp": "2025-02-05T06:28:20.964811Z"
    },
    {
      "original": "integrate(exp(exp(x)) - exp(exp(x) - x), x)",
      "requested_difficulty": "easier",
      "variant": "integrate(exp(exp(x)) - exp(exp(x)) * exp(-x), x)",
      "reasoning": "As a calculus professor, I appreciate elegant simplifications. The expression \\( exp(exp(x)) - exp(exp(x) - x) \\) can be simplified using properties of exponentials and logarithms before integrating.",
      "evaluation": "easier",
      "extra_verification": null,
      "transformations_used": [
        "convert a product to a simpler sum",
        "drop a subexpression",
        "reduce the number of terms in the expression"
      ],
      "timestamp": "2025-02-05T06:28:20.569306Z"
    },
    {
      "original": "integrate(exp(exp(x)) - exp(exp(x) - x), x)",
      "requested_difficulty": "easier",
      "variant": "integrate(exp(exp(x)), x)",
      "reasoning": "From an engineering perspective, I prefer practical computational approaches. I will simplify the expression by dropping certain terms that contribute little to the result for a practical estimate.",
      "evaluation": "easier",
      "extra_verification": null,
      "transformations_used": [
        "convert a product to a simpler sum",
        "drop a subexpression",
        "reduce the number of terms in the expression"
      ],
      "timestamp": "2025-02-05T06:28:21.308136Z"
    },
    {
      "original": "integrate(exp(exp(x)) - exp(exp(x) - x), x)",
      "requested_difficulty": "easier",
      "variant": "integrate((1 + x + x**2 / 2) - (1 + x - x**2 / 2), x)",
      "reasoning": "As a number theorist, the focus on numerical properties can lead to a simpler polynomial approximation of the exponential functions, which might provide clearer insights.",
      "evaluation": "easier",
      "extra_verification": null,
      "transformations_used": [
        "convert a product to a simpler sum",
        "drop a subexpression",
        "reduce the number of terms in the expression"
      ],
      "timestamp": "2025-02-05T06:28:20.710633Z"
    },
    {
      "original": "integrate(exp(exp(x)) - exp(exp(x) - x), x)",
      "requested_difficulty": "easier",
      "variant": "integrate(exp(exp(x)) * (1 - exp(-x)), x)",
      "reasoning": "As a creative mathematician, I see an opportunity to factor out common terms within the integral before proceeding. This can lead to a more straightforward integration procedure.",
      "evaluation": "easier",
      "extra_verification": null,
      "transformations_used": [
        "convert a product to a simpler sum",
        "drop a subexpression",
        "reduce the number of terms in the expression"
      ],
      "timestamp": "2025-02-05T06:28:20.930353Z"
    },
    {
      "original": "integrate(exp(exp(x)) - exp(exp(x) - x), x)",
      "requested_difficulty": "easier",
      "variant": "integrate((4 + x) / (1 + x**2), x)",
      "reasoning": "As a student focused on rational functions, I might propose approximating the exponentials with rational functions that can be integrated more easily, turning the original problem into something more accessible.",
      "evaluation": "easier",
      "extra_verification": null,
      "transformations_used": [
        "convert a product to a simpler sum",
        "drop a subexpression",
        "reduce the number of terms in the expression"
      ],
      "timestamp": "2025-02-05T06:28:20.704271Z"
    },
    {
      "original": "integrate(exp(exp(x)) - exp(exp(x) - x), x)",
      "requested_difficulty": "easier",
      "variant": "integrate(exp(exp(x) - x), x)",
      "reasoning": "As a calculus professor, I appreciate elegant simplifications. I notice that the expression inside the integral can potentially be simplified. By observing that the term exp(exp(x)) might have properties that could allow for substitution, I can aim for a clearer representation.",
      "evaluation": "easier",
      "extra_verification": null,
      "transformations_used": [
        "convert a product to a simpler sum",
        "simplify a trigonometric component",
        "remove a factor"
      ],
      "timestamp": "2025-02-05T06:28:20.488731Z"
    },
    {
      "original": "integrate(exp(exp(x)) - exp(exp(x) - x), x)",
      "requested_difficulty": "easier",
      "variant": "integrate(exp(x) * (exp(x) - 1), x)",
      "reasoning": "As a student who enjoys working with polynomials, I observe that while the original expression maintains a complex form involving exponentials, evaluating an integral of the difference of such exponentials can lead to simpler forms when expanded.",
      "evaluation": "easier",
      "extra_verification": null,
      "transformations_used": [
        "convert a product to a simpler sum",
        "simplify a trigonometric component",
        "remove a factor"
      ],
      "timestamp": "2025-02-05T06:28:20.454827Z"
    },
    {
      "original": "integrate(exp(exp(x)) - exp(exp(x) - x), x)",
      "requested_difficulty": "easier",
      "variant": "integrate(0.5 * exp(exp(x)), x)",
      "reasoning": "As a creative thinker, I'll consider integrating simple components first and analyze how they combine. Focusing on half the terms may lead to easier evaluation.",
      "evaluation": "easier",
      "extra_verification": null,
      "transformations_used": [
        "convert a product to a simpler sum",
        "simplify a trigonometric component",
        "remove a factor"
      ],
      "timestamp": "2025-02-05T06:28:20.455651Z"
    },
    {
      "original": "integrate(exp(exp(x)) - exp(exp(x) - x), x)",
      "requested_difficulty": "easier",
      "variant": "integrate(x**2/2 - (x**2/2 - x**3/6), x)",
      "reasoning": "The student familiar with polynomials seeks an integration that focuses on simpler polynomial-like terms rather than exponentials. I can look at approximating or truncating exp(x) to a polynomial form.",
      "evaluation": "easier",
      "extra_verification": null,
      "transformations_used": [
        "reduce the degree of a polynomial",
        "remove logarithmic terms",
        "remove nested functions",
        "drop a subexpression",
        "simplify a trigonometric component"
      ],
      "timestamp": "2025-02-05T06:28:17.114683Z"
    },
    {
      "original": "integrate(exp(exp(x)) - exp(exp(x) - x), x)",
      "requested_difficulty": "easier",
      "variant": "integrate(sin(x) - cos(x), x)",
      "reasoning": "As a theoretical physicist, I appreciate trigonometric transformations. I can use trig identities to relate the exponentials to sinusoidal forms, simplifying the integration process.",
      "evaluation": "easier",
      "extra_verification": null,
      "transformations_used": [
        "reduce the degree of a polynomial",
        "remove logarithmic terms",
        "remove nested functions",
        "drop a subexpression",
        "simplify a trigonometric component"
      ],
      "timestamp": "2025-02-05T06:28:16.705088Z"
    },
    {
      "original": "integrate(exp(exp(x)) - exp(exp(x) - x), x)",
      "requested_difficulty": "easier",
      "variant": "integrate(1 - 1, x)",
      "reasoning": "As an engineer who values computational efficiency, I will look for a practical, numerical approach, reducing the complexity inherently. I'll change the integral to simple constants instead of the exponentials.",
      "evaluation": "easier",
      "extra_verification": null,
      "transformations_used": [
        "reduce the degree of a polynomial",
        "remove logarithmic terms",
        "remove nested functions",
        "drop a subexpression",
        "simplify a trigonometric component"
      ],
      "timestamp": "2025-02-05T06:28:16.801678Z"
    },
    {
      "original": "integrate(exp(exp(x)) - exp(exp(x) - x), x)",
      "requested_difficulty": "easier",
      "variant": "integrate(1 + x + x**2/2 - (1 + x + (x-1)**2/2), x)",
      "reasoning": "As a number theorist, I would focus on integer forms or coefficients. I can approximate exp(exp(x)) using small integer factors, leading to a general polynomial approximation.",
      "evaluation": "easier",
      "extra_verification": null,
      "transformations_used": [
        "reduce the degree of a polynomial",
        "remove logarithmic terms",
        "remove nested functions",
        "drop a subexpression",
        "simplify a trigonometric component"
      ],
      "timestamp": "2025-02-05T06:28:16.810784Z"
    },
    {
      "original": "integrate(exp(exp(x)) - exp(exp(x) - x), x)",
      "requested_difficulty": "easier",
      "variant": "integrate(x**2/2 - x**2/2, x)",
      "reasoning": "From a geometric perspective, I'll interpret the expression in terms of areas under curves, transforming exponentials into base forms of geometric shapes. Simplifying down to basic geometric areas can help.",
      "evaluation": "easier",
      "extra_verification": null,
      "transformations_used": [
        "reduce the degree of a polynomial",
        "remove logarithmic terms",
        "remove nested functions",
        "drop a subexpression",
        "simplify a trigonometric component"
      ],
      "timestamp": "2025-02-05T06:28:16.835767Z"
    },
    {
      "original": "integrate(exp(exp(x)) - exp(exp(x) - x), x)",
      "requested_difficulty": "equivalent",
      "variant": "integrate((1 + exp(x) + exp(2*x) / 2 - (1 + exp(x) + exp(2*x - x) / 2)), x)",
      "reasoning": "As a student focused on polynomials and rational functions, I can interpret the exponential terms in terms of basic forms and substitute them with their series expansions, analyzing their convergence.",
      "evaluation": "easier",
      "extra_verification": null,
      "transformations_used": [
        "rearrange the order of terms",
        "rewrite using different logarithmic properties",
        "adjust parameters while keeping the integral equivalent",
        "rewrite using alternate algebraic forms",
        "change coefficient values slightly"
      ],
      "timestamp": "2025-02-05T06:28:21.504662Z"
    },
    {
      "original": "integrate(exp(exp(x)) - exp(exp(x) - x), x)",
      "requested_difficulty": "equivalent",
      "variant": "integrate(exp(exp(x)) - exp(exp(x))*exp(-x), x)",
      "reasoning": "As a theoretical physicist, I prefer expressing terms in trigonometric forms. Although this integral is primarily exponential, I can relate changes in the representation logarithmically.",
      "evaluation": "easier",
      "extra_verification": null,
      "transformations_used": [
        "rearrange the order of terms",
        "rewrite using different logarithmic properties",
        "adjust parameters while keeping the integral equivalent",
        "rewrite using alternate algebraic forms",
        "change coefficient values slightly"
      ],
      "timestamp": "2025-02-05T06:28:21.502460Z"
    },
    {
      "original": "integrate(exp(exp(x)) - exp(exp(x) - x), x)",
      "requested_difficulty": "equivalent",
      "variant": "integrate(exp(exp(1*x)) - exp(exp(1*x) - 1*x), x)",
      "reasoning": "As a number theorist fascinated with the manipulation of exponentials, I note that slight alterations in the coefficients yield equivalent forms while keeping integrals of exponential nature.",
      "evaluation": "equivalent",
      "extra_verification": null,
      "transformations_used": [
        "rearrange the order of terms",
        "rewrite using different logarithmic properties",
        "adjust parameters while keeping the integral equivalent",
        "rewrite using alternate algebraic forms",
        "change coefficient values slightly"
      ],
      "timestamp": "2025-02-05T06:28:21.713549Z"
    },
    {
      "original": "integrate(exp(exp(x)) - exp(exp(x) - x), x)",
      "requested_difficulty": "equivalent",
      "variant": "integrate((e**(e**x) - e**(e**x) / e**(x)), x)",
      "reasoning": "As a geometry enthusiast, I tend to represent functions in a spatial context. Understanding the transformation properties of the integrand can yield equivalent mathematical interpretations.",
      "evaluation": "easier",
      "extra_verification": null,
      "transformations_used": [
        "rearrange the order of terms",
        "rewrite using different logarithmic properties",
        "adjust parameters while keeping the integral equivalent",
        "rewrite using alternate algebraic forms",
        "change coefficient values slightly"
      ],
      "timestamp": "2025-02-05T06:28:21.285279Z"
    },
    {
      "original": "integrate(exp(exp(x)) - exp(exp(x) - x), x)",
      "requested_difficulty": "equivalent",
      "variant": "integrate(e**(e**x) * (1 - e**(-x)), x)",
      "reasoning": "As a calculus professor, I appreciate simplifying the expression by factoring out common terms from the integrand. Here, \\( e^{e^x} \\) can be factored out and we observe the simpler integrals involved.",
      "evaluation": "easier",
      "extra_verification": null,
      "transformations_used": [
        "substitute equivalent exponential forms",
        "alter constant terms",
        "change coefficient values slightly",
        "modify an exponent slightly",
        "exchange similar functions (e.g., sin to cos)"
      ],
      "timestamp": "2025-02-05T06:28:22.154004Z"
    },
    {
      "original": "integrate(exp(exp(x)) - exp(exp(x) - x), x)",
      "requested_difficulty": "equivalent",
      "variant": "integrate((1 + e**x + e**(2*x) / 2) - (1 + e**(e**x - x)), x)",
      "reasoning": "As a student focused on polynomials and rational functions, I'll attempt to express the integrand using polynomial approximations for exponentials. For large \\( x \\), I'll simplify \\( e^{e^x} \\) and \\( e^{e^x - x} \\) with their Taylor expansions.",
      "evaluation": "easier",
      "extra_verification": null,
      "transformations_used": [
        "substitute equivalent exponential forms",
        "alter constant terms",
        "change coefficient values slightly",
        "modify an exponent slightly",
        "exchange similar functions (e.g., sin to cos)"
      ],
      "timestamp": "2025-02-05T06:28:22.115050Z"
    },
    {
      "original": "integrate(exp(exp(x)) - exp(exp(x) - x), x)",
      "requested_difficulty": "equivalent",
      "variant": "integrate(cos(e**x) + I*sin(e**x) - (cos(e**x - x) + I*sin(e**x - x)), x)",
      "reasoning": "As a theoretical physicist, I'm keen on using trigonometric forms where I can. I can utilize the Euler's formula on some exponential components here.",
      "evaluation": "equivalent",
      "extra_verification": null,
      "transformations_used": [
        "substitute equivalent exponential forms",
        "alter constant terms",
        "change coefficient values slightly",
        "modify an exponent slightly",
        "exchange similar functions (e.g., sin to cos)"
      ],
      "timestamp": "2025-02-05T06:28:22.186904Z"
    },
    {
      "original": "integrate(exp(exp(x)) - exp(exp(x) - x), x)",
      "requested_difficulty": "equivalent",
      "variant": "integrate(e**(e**x) - e**(e**x) * e**(-x), x)",
      "reasoning": "As an engineer, I prefer focusing on the computational efficiency of evaluating integrals. I will rewrite the expressions in a more straightforward manner, particularly looking at their handling in numerical methods.",
      "evaluation": "easier",
      "extra_verification": null,
      "transformations_used": [
        "substitute equivalent exponential forms",
        "alter constant terms",
        "change coefficient values slightly",
        "modify an exponent slightly",
        "exchange similar functions (e.g., sin to cos)"
      ],
      "timestamp": "2025-02-05T06:28:22.210039Z"
    },
    {
      "original": "integrate(exp(exp(x)) - exp(exp(x) - x), x)",
      "requested_difficulty": "equivalent",
      "variant": "integrate(e**(e**(x + 0.01)) - e**(e**(x + 0.01) - (x + 0.01)), x)",
      "reasoning": "From a number theorist's perspective, exploring the prime characteristics of \\( e \\) and rational behaviors in constants is intriguing. I will express the constants with different shifts to observe their behaviors.",
      "evaluation": "equivalent",
      "extra_verification": null,
      "transformations_used": [
        "substitute equivalent exponential forms",
        "alter constant terms",
        "change coefficient values slightly",
        "modify an exponent slightly",
        "exchange similar functions (e.g., sin to cos)"
      ],
      "timestamp": "2025-02-05T06:28:22.273689Z"
    },
    {
      "original": "integrate(exp(exp(x)) - exp(exp(x) - x), x)",
      "requested_difficulty": "equivalent",
      "variant": "integrate(exp(exp(x + pi/2)) - exp(exp(x + pi/2) - (x + pi/2)), x)",
      "reasoning": "As a geometry enthusiast, I consider the integrand in terms of its graphical transformations. Shifting \\( x \\) can derive new integrals that capture rotational aspects.",
      "evaluation": "equivalent",
      "extra_verification": null,
      "transformations_used": [
        "substitute equivalent exponential forms",
        "alter constant terms",
        "change coefficient values slightly",
        "modify an exponent slightly",
        "exchange similar functions (e.g., sin to cos)"
      ],
      "timestamp": "2025-02-05T06:28:22.214304Z"
    },
    {
      "original": "integrate(exp(exp(x)) - exp(exp(x) - x), x)",
      "requested_difficulty": "equivalent",
      "variant": "integrate(e**(e**x)*e**x, x)",
      "reasoning": "As a calculus professor again, I'll explore using integration by parts based on the components of \\( e^{e^x} \\) and handle this directly, flowing through the parts efficiently.",
      "evaluation": "easier",
      "extra_verification": null,
      "transformations_used": [
        "substitute equivalent exponential forms",
        "alter constant terms",
        "change coefficient values slightly",
        "modify an exponent slightly",
        "exchange similar functions (e.g., sin to cos)"
      ],
      "timestamp": "2025-02-05T06:28:22.117627Z"
    },
    {
      "original": "integrate(exp(exp(x)) - exp(exp(x) - x), x)",
      "requested_difficulty": "equivalent",
      "variant": "integrate(exp(e**x) * (1 - exp(-x)), x)",
      "reasoning": "As a calculus professor who enjoys elegant simplifications, I notice that both terms in the integral can be rewritten in terms of simpler exponential forms. By factoring out \\( e^{e^x} \\), the expression can become more manageable.",
      "evaluation": "easier",
      "extra_verification": null,
      "transformations_used": [
        "change variables while maintaining complexity",
        "rearrange the order of terms",
        "exchange similar functions (e.g., sin to cos)",
        "modify an exponent slightly",
        "substitute equivalent exponential forms"
      ],
      "timestamp": "2025-02-05T06:28:22.185297Z"
    },
    {
      "original": "integrate(exp(exp(x)) - exp(exp(x) - x), x)",
      "requested_difficulty": "equivalent",
      "variant": "integrate(exp(e**x) - exp(e**x) * exp(-x), x)",
      "reasoning": "As a theoretical physicist, I want to explore the relationship between the exponents. By doing some algebraic manipulation with the exponential terms, I can turn the integral into a form that emphasizes the underlying structure.",
      "evaluation": "easier",
      "extra_verification": null,
      "transformations_used": [
        "change variables while maintaining complexity",
        "rearrange the order of terms",
        "exchange similar functions (e.g., sin to cos)",
        "modify an exponent slightly",
        "substitute equivalent exponential forms"
      ],
      "timestamp": "2025-02-05T06:28:22.229224Z"
    },
    {
      "original": "integrate(exp(exp(x)) - exp(exp(x) - x), x)",
      "requested_difficulty": "equivalent",
      "variant": "integrate(exp(e**x) - exp(e**(x - e**x)), x)",
      "reasoning": "A number theorist in me appreciates the elegance found in the coefficients of exponentials. I can reframe the integral slightly by pairing terms to emphasize that they share a commonality in their exponent forms.",
      "evaluation": "equivalent",
      "extra_verification": null,
      "transformations_used": [
        "change variables while maintaining complexity",
        "rearrange the order of terms",
        "exchange similar functions (e.g., sin to cos)",
        "modify an exponent slightly",
        "substitute equivalent exponential forms"
      ],
      "timestamp": "2025-02-05T06:28:22.321903Z"
    },
    {
      "original": "integrate(exp(exp(x)) - exp(exp(x) - x), x)",
      "requested_difficulty": "equivalent",
      "variant": "integrate(exp(e**x) - exp(e**(x - x)), x)",
      "reasoning": "As a geometry enthusiast, I can interpret exponential growth geometrically. I will express the integral by placing one term inversely relative to another, revealing more about their relative growth behaviors.",
      "evaluation": "easier",
      "extra_verification": null,
      "transformations_used": [
        "change variables while maintaining complexity",
        "rearrange the order of terms",
        "exchange similar functions (e.g., sin to cos)",
        "modify an exponent slightly",
        "substitute equivalent exponential forms"
      ],
      "timestamp": "2025-02-05T06:28:22.201696Z"
    },
    {
      "original": "integrate(exp(exp(x)) - exp(exp(x) - x), x)",
      "requested_difficulty": "equivalent",
      "variant": "integrate(exp(e**x) - exp(log(exp(x) * 1/e**x)), x)",
      "reasoning": "In my role as a creative mathematician, I might make use of a logarithmic substitution to reformulate the integrand, possibly revealing a deep symmetry.",
      "evaluation": "equivalent",
      "extra_verification": null,
      "transformations_used": [
        "change variables while maintaining complexity",
        "rearrange the order of terms",
        "exchange similar functions (e.g., sin to cos)",
        "modify an exponent slightly",
        "substitute equivalent exponential forms"
      ],
      "timestamp": "2025-02-05T06:28:22.433902Z"
    },
    {
      "original": "integrate(exp(exp(x)) - exp(exp(x) - x), x)",
      "requested_difficulty": "equivalent",
      "variant": "integrate(exp(e**x) - exp(e**x - x), x)",
      "reasoning": "As a calculus professor, I enjoy exploring limits of growth. I could express the difference in terms of derivatives of the exponentials, enhancing the integral\u2019s structure.",
      "evaluation": "easier",
      "extra_verification": null,
      "transformations_used": [
        "change variables while maintaining complexity",
        "rearrange the order of terms",
        "exchange similar functions (e.g., sin to cos)",
        "modify an exponent slightly",
        "substitute equivalent exponential forms"
      ],
      "timestamp": "2025-02-05T06:28:22.338201Z"
    }
  ]
]