[
  [
    {
      "original": "integrate(arcsin(3*x**(1/3)), x)",
      "requested_difficulty": "easier",
      "variant": "integrate((pi/2 - acos(3*x**(1/3))), x)",
      "reasoning": "Theoretical physicists often enjoy manipulating expressions into forms that are easier to handle. Let\u2019s consider using the identity \\( \\arcsin(x) = \\frac{\\pi}{2} - \\arccos(x) \\) which might provide different integration paths.",
      "variant_response": null,
      "verification_passed": null,
      "evaluation": "equivalent",
      "transformations_used": [
        "reduce the degree of a polynomial",
        "simplify the denominator",
        "reduce the number of terms in the expression"
      ],
      "solution": null,
      "evaluations": {},
      "timestamp": "2025-02-10T03:09:57.337045Z"
    },
    {
      "original": "integrate(arcsin(3*x**(1/3)), x)",
      "requested_difficulty": "easier",
      "variant": "integrate(arcsin(3*(x**(1/3))), x)",
      "reasoning": "As a number theorist, I focus on rational coefficients and prime-related problems. I will transform \\( 3 \\) into its factored prime form to encourage simpler polynomial interactions before integration.",
      "variant_response": null,
      "verification_passed": null,
      "evaluation": "easier",
      "transformations_used": [
        "reduce the degree of a polynomial",
        "simplify the denominator",
        "reduce the number of terms in the expression"
      ],
      "solution": null,
      "evaluations": {},
      "timestamp": "2025-02-10T03:09:57.314628Z"
    },
    {
      "original": "integrate(arcsin(3*x**(1/3)), x)",
      "requested_difficulty": "easier",
      "variant": "integrate((3*x**(1/3)) - ((3*x**(1/3))**3)/6 + ((3*x**(1/3))**5)/120, x)",
      "reasoning": "A student who favors working with polynomials might simplify the integration by expanding arcsine via its Taylor series around 0 to derive a polynomial that could be easier to integrate.",
      "variant_response": null,
      "verification_passed": null,
      "evaluation": "easier",
      "transformations_used": [
        "reduce the degree of a polynomial",
        "simplify the denominator",
        "reduce the number of terms in the expression"
      ],
      "solution": null,
      "evaluations": {},
      "timestamp": "2025-02-10T03:09:57.271967Z"
    },
    {
      "original": "integrate(arcsin(3*x**(1/3)), x)",
      "requested_difficulty": "easier",
      "variant": "integrate(3*x**(1/3) - (3*x**(1/3))**3/6, x)",
      "reasoning": "As a creative mathematician, I will consider rational approximations of arcsine to make the integral more straightforward while maintaining the essence of the integrand for easy computing.",
      "variant_response": null,
      "verification_passed": null,
      "evaluation": "easier",
      "transformations_used": [
        "reduce the degree of a polynomial",
        "simplify the denominator",
        "reduce the number of terms in the expression"
      ],
      "solution": null,
      "evaluations": {},
      "timestamp": "2025-02-10T03:09:57.275388Z"
    },
    {
      "original": "integrate(arcsin(3*x**(1/3)), x)",
      "requested_difficulty": "easier",
      "variant": "integrate(arcsin(3*rational(x**(1/3))), x)",
      "reasoning": "A number theorist might utilize the property of periodicity in arcsine functions and redefine the integral limits based on rationality to evaluate over integers where \\( x \\) is taken to be rational.",
      "variant_response": null,
      "verification_passed": null,
      "evaluation": "easier",
      "transformations_used": [
        "reduce the degree of a polynomial",
        "simplify the denominator",
        "reduce the number of terms in the expression"
      ],
      "solution": null,
      "evaluations": {},
      "timestamp": "2025-02-10T03:09:57.273660Z"
    },
    {
      "original": "integrate(arcsin(3*x**(1/3)), x)",
      "requested_difficulty": "easier",
      "variant": "integrate(3*x**(1/3), x)",
      "reasoning": "As an engineer, I find direct numerical approaches preferable. I can approximate arcsin's behavior near zero, thus turning the integral into a simpler polynomial approximation for small values of x.",
      "variant_response": null,
      "verification_passed": null,
      "evaluation": "easier",
      "transformations_used": [
        "remove nested functions",
        "eliminate a radical",
        "convert a product to a simpler sum"
      ],
      "solution": null,
      "evaluations": {},
      "timestamp": "2025-02-10T03:09:57.331238Z"
    },
    {
      "original": "integrate(arcsin(3*x**(1/3)), x)",
      "requested_difficulty": "easier",
      "variant": "integrate(3*x, x)",
      "reasoning": "Looking at primes and simplicity, as a number theorist, I can focus on special values of this function. Let's consider limiting the variable range and rewriting arcsin as a polynomial or Taylor series approximation.",
      "variant_response": null,
      "verification_passed": null,
      "evaluation": "easier",
      "transformations_used": [
        "remove nested functions",
        "eliminate a radical",
        "convert a product to a simpler sum"
      ],
      "solution": null,
      "evaluations": {},
      "timestamp": "2025-02-10T03:09:57.372661Z"
    },
    {
      "original": "integrate(arcsin(3*x**(1/3)), x)",
      "requested_difficulty": "equivalent",
      "variant": "integrate(pi/2 - arccos(3*x**(1/3)), x)",
      "reasoning": "As a creative mathematician, I can rewrite the integrand using the identity \\( \\arcsin(z) = \\frac{\\pi}{2} - \\arccos(z) \\). Thus, I can focus on integrating \\( \\arccos(3x^{1/3}) \\).",
      "variant_response": null,
      "verification_passed": null,
      "evaluation": "equivalent",
      "transformations_used": [
        "change a function to a different one",
        "use trigonometric identities to rewrite expression",
        "change variables while maintaining complexity"
      ],
      "solution": null,
      "evaluations": {},
      "timestamp": "2025-02-10T03:09:56.240080Z"
    },
    {
      "original": "integrate(arcsin(3*x**(1/3)), x)",
      "requested_difficulty": "equivalent",
      "variant": "integrate(arcsin(3*x**(1/3)) * (3/27) * (9/27), x)",
      "reasoning": "As a student who enjoys polynomials, I can simplify the situation by noting that the derivative of \\( \\arcsin(z) \\) leads to rational functions. I'll represent the \\( 3x^{1/3} \\) in polynomial form and apply polynomial long division.",
      "variant_response": null,
      "verification_passed": null,
      "evaluation": "easier",
      "transformations_used": [
        "change a function to a different one",
        "use trigonometric identities to rewrite expression",
        "change variables while maintaining complexity"
      ],
      "solution": null,
      "evaluations": {},
      "timestamp": "2025-02-10T03:09:55.715976Z"
    },
    {
      "original": "integrate(arcsin(3*x**(1/3)), x)",
      "requested_difficulty": "equivalent",
      "variant": "integrate(arcsin(3*x**(1/3)), x)",
      "reasoning": "Viewing this from a theoretical physicist\u2019s perspective, I can introduce an exponential transformation using \\( z = 3x^{1/3} \\), leading to integrals that might involve exponentials.",
      "variant_response": null,
      "verification_passed": null,
      "evaluation": "equivalent",
      "transformations_used": [
        "change a function to a different one",
        "use trigonometric identities to rewrite expression",
        "change variables while maintaining complexity"
      ],
      "solution": null,
      "evaluations": {},
      "timestamp": "2025-02-10T03:09:55.731316Z"
    },
    {
      "original": "integrate(arcsin(3*x**(1/3)), x)",
      "requested_difficulty": "equivalent",
      "variant": "integrate(asin(3*x**(1/3)), x)",
      "reasoning": "As a geometry enthusiast, I would express \\( \\arcsin(z) \\) in terms of a triangle where \\( z = 3x^{1/3} \\), facilitating interpretation through geometric transformations and relations.",
      "variant_response": null,
      "verification_passed": null,
      "evaluation": "equivalent",
      "transformations_used": [
        "change a function to a different one",
        "use trigonometric identities to rewrite expression",
        "change variables while maintaining complexity"
      ],
      "solution": null,
      "evaluations": {},
      "timestamp": "2025-02-10T03:09:55.685444Z"
    },
    {
      "original": "integrate(arcsin(3*x**(1/3)), x)",
      "requested_difficulty": "equivalent",
      "variant": "integrate((3*x**(1/3)) + ((3*x**(1/3))**3)/6 + O(x**(5/3)), x)",
      "reasoning": "As a student who prefers polynomials, I can expand the arcsin function using its Taylor series around 0 for small values, creating a series integral form.",
      "variant_response": null,
      "verification_passed": null,
      "evaluation": "easier",
      "transformations_used": [
        "distribute terms differently",
        "adjust parameters while keeping the integral equivalent",
        "use trigonometric identities to rewrite expression"
      ],
      "solution": null,
      "evaluations": {},
      "timestamp": "2025-02-10T03:09:57.072800Z"
    },
    {
      "original": "integrate(arcsin(3*x**(1/3)), x)",
      "requested_difficulty": "equivalent",
      "variant": "integrate((1/2)*log((1 + 3*x**(1/3)) / (1 - 3*x**(1/3))), x)",
      "reasoning": "From a theoretical physicist's view, I recognize arcsin's relation to complex exponentials and can transform this into a complex integral form, providing insight into imaginary solutions.",
      "variant_response": null,
      "verification_passed": null,
      "evaluation": "easier",
      "transformations_used": [
        "distribute terms differently",
        "adjust parameters while keeping the integral equivalent",
        "use trigonometric identities to rewrite expression"
      ],
      "solution": null,
      "evaluations": {},
      "timestamp": "2025-02-10T03:09:56.993453Z"
    },
    {
      "original": "integrate(arcsin(3*x**(1/3)), x)",
      "requested_difficulty": "equivalent",
      "variant": "integrate(arcsin(19*x**(1/3)/19), x)",
      "reasoning": "As a number theorist, I find joy in prime coefficients. Introducing a prime coefficient and factored constant gives an equivalent integral, enhancing its structure.",
      "variant_response": null,
      "verification_passed": null,
      "evaluation": "equivalent",
      "transformations_used": [
        "distribute terms differently",
        "adjust parameters while keeping the integral equivalent",
        "use trigonometric identities to rewrite expression"
      ],
      "solution": null,
      "evaluations": {},
      "timestamp": "2025-02-10T03:09:56.859009Z"
    }
  ],
  [
    {
      "original": "integrate(2025/(2023*2024), x)",
      "requested_difficulty": "easier",
      "variant": "integrate(2025 / (2023 * 2024), x)",
      "reasoning": "As a calculus professor, I see that the integrand simplifies to a constant. Therefore, we can simplify the integral immediately to a form that is very straightforward.",
      "variant_response": null,
      "verification_passed": null,
      "evaluation": "equivalent",
      "transformations_used": [
        "eliminate absolute value terms",
        "remove a complicated term",
        "change a function to an easier one",
        "simplify composite trigonometric functions",
        "reduce an exponent"
      ],
      "solution": null,
      "evaluations": {},
      "timestamp": "2025-02-10T03:09:55.500133Z"
    },
    {
      "original": "integrate(2025/(2023*2024), x)",
      "requested_difficulty": "easier",
      "variant": "integrate(1, x)",
      "reasoning": "As a creative mathematician, let's put the constant \\( \\frac{2025}{2023 \\cdot 2024} \\) into a new function to emphasize its simplicity as a linear function.",
      "variant_response": null,
      "verification_passed": null,
      "evaluation": "easier",
      "transformations_used": [
        "eliminate absolute value terms",
        "remove a complicated term",
        "change a function to an easier one",
        "simplify composite trigonometric functions",
        "reduce an exponent"
      ],
      "solution": null,
      "evaluations": {},
      "timestamp": "2025-02-10T03:09:54.901623Z"
    },
    {
      "original": "integrate(2025/(2023*2024), x)",
      "requested_difficulty": "easier",
      "variant": "integrate(2025/2023/2024, x)",
      "reasoning": "As a creative mathematician, I appreciate unusual substitutions. Recognizing that the integrand can be treated as a constant fraction makes the integration simpler.",
      "variant_response": null,
      "verification_passed": null,
      "evaluation": "equivalent",
      "transformations_used": [
        "eliminate absolute value terms",
        "reduce the degree of a polynomial",
        "remove nested functions"
      ],
      "solution": null,
      "evaluations": {},
      "timestamp": "2025-02-10T03:09:52.579685Z"
    },
    {
      "original": "integrate(2025/(2023*2024), x)",
      "requested_difficulty": "easier",
      "variant": "integrate(exp(0), x)",
      "reasoning": "As a theoretical physicist, I favor exponential forms. Since I can recognize constants as special cases of exponential functions, I express the integrand this way.",
      "variant_response": null,
      "verification_passed": null,
      "evaluation": "easier",
      "transformations_used": [
        "eliminate absolute value terms",
        "reduce the degree of a polynomial",
        "remove nested functions"
      ],
      "solution": null,
      "evaluations": {},
      "timestamp": "2025-02-10T03:09:52.809101Z"
    },
    {
      "original": "integrate(2025/(2023*2024), x)",
      "requested_difficulty": "equivalent",
      "variant": "integrate(c, x)",
      "reasoning": "As a creative mathematician, I will break down the constant fraction into a simplified form first. The expression \\( \\frac{2025}{2023 \\cdot 2024} \\) can be left as it is, but I will denote \\( c = 2025/(2023 \\cdot 2024) \\) to emphasize it as a constant and use \\( c \\) in the integral.",
      "variant_response": null,
      "verification_passed": null,
      "evaluation": "easier",
      "transformations_used": [
        "use alternate but equivalent radical forms",
        "rearrange the order of terms",
        "distribute terms differently"
      ],
      "solution": null,
      "evaluations": {},
      "timestamp": "2025-02-10T03:09:53.015096Z"
    },
    {
      "original": "integrate(2025/(2023*2024), x)",
      "requested_difficulty": "equivalent",
      "variant": "integrate(2025 / (2023 * 2024) * x**0, x)",
      "reasoning": "As a student who prefers polynomials, I recognize this integral as a constant. I express it in a polynomial format explicitly, showcasing that any constant is also a polynomial of degree 0.",
      "variant_response": null,
      "verification_passed": null,
      "evaluation": "equivalent",
      "transformations_used": [
        "use alternate but equivalent radical forms",
        "rearrange the order of terms",
        "distribute terms differently"
      ],
      "solution": null,
      "evaluations": {},
      "timestamp": "2025-02-10T03:09:53.052159Z"
    },
    {
      "original": "integrate(2025/(2023*2024), x)",
      "requested_difficulty": "equivalent",
      "variant": "integrate((2025 * sin(0) + 2025 * cos(0)) / (2023 * 2024), x)",
      "reasoning": "Theoretical physicists appreciate trigonometric forms, so I will represent the constant using trigonometric identities. For practical purposes, I express \\( 2025 \\) as \\( 2025 \\cdot \\sin(0) + 2025 \\cdot \\cos(0) \\) although it might seem trivial.",
      "variant_response": null,
      "verification_passed": null,
      "evaluation": "equivalent",
      "transformations_used": [
        "use alternate but equivalent radical forms",
        "rearrange the order of terms",
        "distribute terms differently"
      ],
      "solution": null,
      "evaluations": {},
      "timestamp": "2025-02-10T03:09:53.049566Z"
    },
    {
      "original": "integrate(2025/(2023*2024), x)",
      "requested_difficulty": "equivalent",
      "variant": "integrate((2025 / 2023) / 2024, x)",
      "reasoning": "As an engineer, I prefer practical expressions. I will factor the constant fraction as \\( \\frac{2025}{2023} \\cdot \\frac{1}{2024} \\) and express this integral as two multiplications of constants which, upon integration, yield results expressed in a mechanical approach.",
      "variant_response": null,
      "verification_passed": null,
      "evaluation": "equivalent",
      "transformations_used": [
        "use alternate but equivalent radical forms",
        "rearrange the order of terms",
        "distribute terms differently"
      ],
      "solution": null,
      "evaluations": {},
      "timestamp": "2025-02-10T03:09:52.949394Z"
    },
    {
      "original": "integrate(2025/(2023*2024), x)",
      "requested_difficulty": "equivalent",
      "variant": "integrate((45**2) / (2023 * 2024), x)",
      "reasoning": "Focusing on number theory, I see that \\( 2025 \\) can be expressed as \\( 45^2 \\) and \\( 2023 \\cdot 2024 \\) can be left as is. Although it brings no significant change, it demonstrates a different structural perspective.",
      "variant_response": null,
      "verification_passed": null,
      "evaluation": "equivalent",
      "transformations_used": [
        "use alternate but equivalent radical forms",
        "rearrange the order of terms",
        "distribute terms differently"
      ],
      "solution": null,
      "evaluations": {},
      "timestamp": "2025-02-10T03:09:52.968663Z"
    },
    {
      "original": "integrate(2025/(2023*2024), x)",
      "requested_difficulty": "equivalent",
      "variant": "integrate(2025/(2023 * 2024) * 1, x)",
      "reasoning": "From the perspective of simplifying integrands, I notice that this fraction has no variables. Thus, showcasing it as an integral of sum by rewriting the integrand as constant times the integral of 1.",
      "variant_response": null,
      "verification_passed": null,
      "evaluation": "equivalent",
      "transformations_used": [
        "use alternate but equivalent radical forms",
        "rearrange the order of terms",
        "distribute terms differently"
      ],
      "solution": null,
      "evaluations": {},
      "timestamp": "2025-02-10T03:09:53.042199Z"
    },
    {
      "original": "integrate(2025/(2023*2024), x)",
      "requested_difficulty": "equivalent",
      "variant": "integrate((3**4 * 5^2) / (2023 * 2024), x)",
      "reasoning": "As a number theorist, I would prefer to express it in terms of its prime factorization. Here, while not necessary, it shows that it's a product of primes explicitly.",
      "variant_response": null,
      "verification_passed": null,
      "evaluation": "equivalent",
      "transformations_used": [
        "use alternate but equivalent radical forms",
        "rearrange the order of terms",
        "distribute terms differently"
      ],
      "solution": null,
      "evaluations": {},
      "timestamp": "2025-02-10T03:09:53.006330Z"
    },
    {
      "original": "integrate(2025/(2023*2024), x)",
      "requested_difficulty": "equivalent",
      "variant": "integrate(k, x)",
      "reasoning": "Looking to merge my ideas with polynomial structures, I will incorporate a substitution for clarity, letting \\( k = 2025/(2023 \\cdot 2024) \\).",
      "variant_response": null,
      "verification_passed": null,
      "evaluation": "equivalent",
      "transformations_used": [
        "use alternate but equivalent radical forms",
        "rearrange the order of terms",
        "distribute terms differently"
      ],
      "solution": null,
      "evaluations": {},
      "timestamp": "2025-02-10T03:09:53.076671Z"
    },
    {
      "original": "integrate(2025/(2023*2024), x)",
      "requested_difficulty": "equivalent",
      "variant": "integrate(2025/(2023*2024), x)",
      "reasoning": "As a calculus professor, I appreciate the elegance of constants. This integral can simply be viewed as a constant multiplied by \\( x \\), which allows for an immediate evaluation.",
      "variant_response": null,
      "verification_passed": null,
      "evaluation": "equivalent",
      "transformations_used": [
        "rewrite using different logarithmic properties",
        "rearrange the order of terms",
        "change a function to an easier one",
        "use alternate but equivalent radical forms",
        "rewrite the integrand in a different form without changing overall complexity"
      ],
      "solution": null,
      "evaluations": {},
      "timestamp": "2025-02-10T03:09:58.752757Z"
    },
    {
      "original": "integrate(2025/(2023*2024), x)",
      "requested_difficulty": "equivalent",
      "variant": "integrate(0.999999999  * 2025, x)",
      "reasoning": "A creative mathematician loves substituting equivalent forms. I can rewrite the integrand to simplify the constant.",
      "variant_response": null,
      "verification_passed": null,
      "evaluation": "easier",
      "transformations_used": [
        "rewrite using different logarithmic properties",
        "rearrange the order of terms",
        "change a function to an easier one",
        "use alternate but equivalent radical forms",
        "rewrite the integrand in a different form without changing overall complexity"
      ],
      "solution": null,
      "evaluations": {},
      "timestamp": "2025-02-10T03:09:57.791678Z"
    }
  ],
  [
    {
      "original": "integrate(1/(1+tan(x)**2017), (x, 0, pi/2))",
      "requested_difficulty": "easier",
      "variant": "integrate(1/(1+cot(x)**2017), x)",
      "reasoning": "As a calculus professor, I appreciate how symmetry can simplify problems. I can use the identity with \\( \\tan(x) \\) to transform the integral into one involving \\( \\cot(x) \\). By using \\( t = \\frac{\\pi}{2} - x \\), we have \\( \\tan(t) = \\cot(x) \\), which leads to the integral being symmetric about \\( \\frac{\\pi}{4} \\).",
      "variant_response": null,
      "verification_passed": null,
      "evaluation": "equivalent",
      "transformations_used": [
        "reduce the number of terms in the expression",
        "simplify composite trigonometric functions",
        "remove logarithmic terms",
        "replace transcendental functions with simpler algebraic ones",
        "lower a coefficient"
      ],
      "solution": null,
      "evaluations": {},
      "timestamp": "2025-02-10T03:09:54.677603Z"
    }
  ],
  [],
  [
    {
      "original": "integrate((sinh(x) + cosh(x))**11, x)",
      "requested_difficulty": "easier",
      "variant": "integrate(exp(x)**11, x)",
      "reasoning": "As a calculus professor, I love simplifying expressions! Since sinh(x) + cosh(x) = e^x, we can express the integral much more simply.",
      "variant_response": null,
      "verification_passed": null,
      "evaluation": "easier",
      "transformations_used": [
        "remove nested functions",
        "remove a factor",
        "reduce the degree of a polynomial"
      ],
      "solution": null,
      "evaluations": {},
      "timestamp": "2025-02-10T03:10:09.747336Z"
    },
    {
      "original": "integrate((sinh(x) + cosh(x))**11, x)",
      "requested_difficulty": "easier",
      "variant": "integrate((exp(x) - exp(-x))/2 + (exp(x) + exp(-x))/2)**11, x)",
      "reasoning": "As a creative mathematician, I like to express hyperbolic functions in exponential form. We can use the definitions of sinh and cosh.",
      "variant_response": null,
      "verification_passed": null,
      "evaluation": "equivalent",
      "transformations_used": [
        "remove nested functions",
        "remove a factor",
        "reduce the degree of a polynomial"
      ],
      "solution": null,
      "evaluations": {},
      "timestamp": "2025-02-10T03:10:09.683686Z"
    },
    {
      "original": "integrate((sinh(x) + cosh(x))**11, x)",
      "requested_difficulty": "easier",
      "variant": "integrate(sinh(x)**11, x)",
      "reasoning": "As a student who likes working with polynomials, I will consider just the first term of the integral, which is simpler to integrate.",
      "variant_response": null,
      "verification_passed": null,
      "evaluation": "easier",
      "transformations_used": [
        "remove nested functions",
        "remove a factor",
        "reduce the degree of a polynomial"
      ],
      "solution": null,
      "evaluations": {},
      "timestamp": "2025-02-10T03:10:09.781703Z"
    },
    {
      "original": "integrate((sinh(x) + cosh(x))**11, x)",
      "requested_difficulty": "easier",
      "variant": "integrate((sinh(x) + cosh(x))**2, x)",
      "reasoning": "As a theoretical physicist, I find trigonometric identities insightful. Here, since sinh(x) and cosh(x) are related to the unit circle in hyperbolic functions, I'll use a lower power.",
      "variant_response": null,
      "verification_passed": null,
      "evaluation": "easier",
      "transformations_used": [
        "remove nested functions",
        "remove a factor",
        "reduce the degree of a polynomial"
      ],
      "solution": null,
      "evaluations": {},
      "timestamp": "2025-02-10T03:10:09.833317Z"
    },
    {
      "original": "integrate((sinh(x) + cosh(x))**11, x)",
      "requested_difficulty": "easier",
      "variant": "integrate((sinh(x) + cosh(x))**5, x)",
      "reasoning": "As an engineer, I'd prefer practical methods and simplifications. Let's estimate power reductions to make the integral manageable.",
      "variant_response": null,
      "verification_passed": null,
      "evaluation": "easier",
      "transformations_used": [
        "remove nested functions",
        "remove a factor",
        "reduce the degree of a polynomial"
      ],
      "solution": null,
      "evaluations": {},
      "timestamp": "2025-02-10T03:10:09.655911Z"
    },
    {
      "original": "integrate((sinh(x) + cosh(x))**11, x)",
      "requested_difficulty": "easier",
      "variant": "integrate((sinh(x) + cosh(x))**3, x)",
      "reasoning": "As a number theorist, I find it fascinating to reduce complexity. Why not integrate a simpler polynomial of the combined functions?",
      "variant_response": null,
      "verification_passed": null,
      "evaluation": "easier",
      "transformations_used": [
        "remove nested functions",
        "remove a factor",
        "reduce the degree of a polynomial"
      ],
      "solution": null,
      "evaluations": {},
      "timestamp": "2025-02-10T03:10:09.852049Z"
    },
    {
      "original": "integrate((sinh(x) + cosh(x))**11, x)",
      "requested_difficulty": "easier",
      "variant": "integrate(sinh(x), x)",
      "reasoning": "As a calculus professor, I would suggest breaking down complex polynomials. Let's decompose back to a linear expression.",
      "variant_response": null,
      "verification_passed": null,
      "evaluation": "easier",
      "transformations_used": [
        "remove nested functions",
        "remove a factor",
        "reduce the degree of a polynomial"
      ],
      "solution": null,
      "evaluations": {},
      "timestamp": "2025-02-10T03:10:09.836555Z"
    },
    {
      "original": "integrate((sinh(x) + cosh(x))**11, x)",
      "requested_difficulty": "easier",
      "variant": "integrate(1, x)",
      "reasoning": "As a student who prefers rational functions, I will simplify the function by dividing it by e^x, which converts it into a more manageable rational function.",
      "variant_response": null,
      "verification_passed": null,
      "evaluation": "easier",
      "transformations_used": [
        "remove nested functions",
        "remove a factor",
        "reduce the degree of a polynomial"
      ],
      "solution": null,
      "evaluations": {},
      "timestamp": "2025-02-10T03:10:09.809913Z"
    },
    {
      "original": "integrate((sinh(x) + cosh(x))**11, x)",
      "requested_difficulty": "easier",
      "variant": "integrate(u**11, x)",
      "reasoning": "As a creative mathematician, let's change variables to make this integral more approachable. We'll use u = sinh(x) + cosh(x), which is easy as it becomes e^x.",
      "variant_response": null,
      "verification_passed": null,
      "evaluation": "easier",
      "transformations_used": [
        "remove nested functions",
        "remove a factor",
        "reduce the degree of a polynomial"
      ],
      "solution": null,
      "evaluations": {},
      "timestamp": "2025-02-10T03:10:09.712744Z"
    },
    {
      "original": "integrate((sinh(x) + cosh(x))**11, x)",
      "requested_difficulty": "easier",
      "variant": "integrate((sinh(x) + cosh(x))**11, x)",
      "reasoning": "As an engineer, I prefer computational approaches. I will use numerical integration for simpler values or approximations in practical applications. I can approximate the integral using the trapezoidal rule.",
      "variant_response": null,
      "verification_passed": null,
      "evaluation": "equivalent",
      "transformations_used": [
        "replace a complex fraction with a simpler one",
        "eliminate a radical",
        "drop a subexpression"
      ],
      "solution": null,
      "evaluations": {},
      "timestamp": "2025-02-10T03:09:52.209084Z"
    },
    {
      "original": "integrate((sinh(x) + cosh(x))**11, x)",
      "requested_difficulty": "equivalent",
      "variant": "integrate((exp(x))**11, x)",
      "reasoning": "Embracing a creative mathematician's mindset, I notice that \\(\\sinh(x) + \\cosh(x) = e^x\\). Thus, I can simplify the problem significantly by using this exponential identity.",
      "variant_response": null,
      "verification_passed": null,
      "evaluation": "easier",
      "transformations_used": [
        "rewrite the integrand in a different form without changing overall complexity",
        "rearrange the order of terms",
        "apply algebraic identities that preserve complexity",
        "factor common terms differently",
        "use alternate but equivalent radical forms"
      ],
      "solution": null,
      "evaluations": {},
      "timestamp": "2025-02-10T03:09:53.088446Z"
    },
    {
      "original": "integrate((sinh(x) + cosh(x))**11, x)",
      "requested_difficulty": "equivalent",
      "variant": "integrate(((exp(x) - exp(-x))/2 + (exp(x) + exp(-x))/2)**11, x)",
      "reasoning": "From the perspective of a theoretical physicist, I see the potential in treating hyperbolic functions as parts of exponential functions. I can express both \\(\\sinh\\) and \\(\\cosh\\) in terms of \\(e^x\\) and \\(e^{-x}\\).",
      "variant_response": null,
      "verification_passed": null,
      "evaluation": "equivalent",
      "transformations_used": [
        "rewrite the integrand in a different form without changing overall complexity",
        "rearrange the order of terms",
        "apply algebraic identities that preserve complexity",
        "factor common terms differently",
        "use alternate but equivalent radical forms"
      ],
      "solution": null,
      "evaluations": {},
      "timestamp": "2025-02-10T03:09:53.896842Z"
    },
    {
      "original": "integrate((sinh(x) + cosh(x))**11, x)",
      "requested_difficulty": "equivalent",
      "variant": "integrate((2*cosh(x))**11, x)",
      "reasoning": "A geometry enthusiast like myself thinks about the symmetry and transformation of the functions \\(\\sinh\\) and \\(\\cosh\\). I can use the identity that relates these functions to circular functions, thus providing a different form.",
      "variant_response": null,
      "verification_passed": null,
      "evaluation": "easier",
      "transformations_used": [
        "rewrite the integrand in a different form without changing overall complexity",
        "rearrange the order of terms",
        "apply algebraic identities that preserve complexity",
        "factor common terms differently",
        "use alternate but equivalent radical forms"
      ],
      "solution": null,
      "evaluations": {},
      "timestamp": "2025-02-10T03:09:53.144663Z"
    },
    {
      "original": "integrate((sinh(x) + cosh(x))**11, x)",
      "requested_difficulty": "equivalent",
      "variant": "integrate((u)**11 * derivative(u, x)",
      "reasoning": "As a mathematician who enjoys unusual substitutions, I can consider the derivative of \\((\\sinh(x) + \\cosh(x))\\) and utilize \\(u\\)-substitution effectively.",
      "variant_response": null,
      "verification_passed": null,
      "evaluation": "easier",
      "transformations_used": [
        "rewrite the integrand in a different form without changing overall complexity",
        "rearrange the order of terms",
        "apply algebraic identities that preserve complexity",
        "factor common terms differently",
        "use alternate but equivalent radical forms"
      ],
      "solution": null,
      "evaluations": {},
      "timestamp": "2025-02-10T03:09:53.114898Z"
    },
    {
      "original": "integrate((sinh(x) + cosh(x))**11, x)",
      "requested_difficulty": "equivalent",
      "variant": "integrate((sinh(x) + cosh(x))**10 * (differential(sinh(x) + cosh(x), x)",
      "reasoning": "A calculus professor might also appreciate transforming the integral through integration by parts. I can view \\((sinh(x) + cosh(x))^{11}\\) as a product of functions leading to a beautiful integration by parts scenario.",
      "variant_response": null,
      "verification_passed": null,
      "evaluation": "easier",
      "transformations_used": [
        "rewrite the integrand in a different form without changing overall complexity",
        "rearrange the order of terms",
        "apply algebraic identities that preserve complexity",
        "factor common terms differently",
        "use alternate but equivalent radical forms"
      ],
      "solution": null,
      "evaluations": {},
      "timestamp": "2025-02-10T03:09:54.813529Z"
    },
    {
      "original": "integrate((sinh(x) + cosh(x))**11, x)",
      "requested_difficulty": "equivalent",
      "variant": "integrate((1/2 * (exp(x) - exp(-x)) + 1/2 * (exp(x) + exp(-x)))**11, x)",
      "reasoning": "As a creative mathematician, I like to explore unusual substitutions. By expressing hyperbolic functions in terms of exponential functions and using their properties, I can rewrite the integrand as a sum of exponentials.",
      "variant_response": null,
      "verification_passed": null,
      "evaluation": "equivalent",
      "transformations_used": [
        "swap numerator and denominator with reciprocal",
        "alter constant terms",
        "use trigonometric identities to rewrite expression",
        "rewrite using different logarithmic properties",
        "rewrite the integrand in a different form without changing overall complexity"
      ],
      "solution": null,
      "evaluations": {},
      "timestamp": "2025-02-10T03:09:57.327336Z"
    },
    {
      "original": "integrate((sinh(x) + cosh(x))**11, x)",
      "requested_difficulty": "equivalent",
      "variant": "integrate((sinh(x) + cosh(x))**11 / 1, x)",
      "reasoning": "As a number theorist, I focus on rational coefficients. I can explore the polynomial terms in the hyperbolic functions and express the integrand with rational coefficients for consistency.",
      "variant_response": null,
      "verification_passed": null,
      "evaluation": "equivalent",
      "transformations_used": [
        "swap numerator and denominator with reciprocal",
        "alter constant terms",
        "use trigonometric identities to rewrite expression",
        "rewrite using different logarithmic properties",
        "rewrite the integrand in a different form without changing overall complexity"
      ],
      "solution": null,
      "evaluations": {},
      "timestamp": "2025-02-10T03:09:52.032417Z"
    },
    {
      "original": "integrate((sinh(x) + cosh(x))**11, x)",
      "requested_difficulty": "equivalent",
      "variant": "integrate((sinh(x) + cosh(x))\n\n**11, x)",
      "reasoning": "As a geometry enthusiast, I think in terms of transformations. The hyperbolic functions indicate a transformation related to the unit hyperbola, leading to a geometric interpretation of the function's growth.",
      "variant_response": null,
      "verification_passed": null,
      "evaluation": "easier",
      "transformations_used": [
        "swap numerator and denominator with reciprocal",
        "alter constant terms",
        "use trigonometric identities to rewrite expression",
        "rewrite using different logarithmic properties",
        "rewrite the integrand in a different form without changing overall complexity"
      ],
      "solution": null,
      "evaluations": {},
      "timestamp": "2025-02-10T03:09:52.569318Z"
    }
  ],
  [
    {
      "original": "integrate(r*x + q*x + sqrt(x), (x, 0, 2))",
      "requested_difficulty": "equivalent",
      "variant": "integrate((r + q)*x + sqrt(x), x)",
      "reasoning": "As a calculus professor who loves elegant simplifications, I see that r*x + q*x can be combined into a single linear expression. This allows for a more straightforward integrand.",
      "variant_response": null,
      "verification_passed": null,
      "evaluation": "easier",
      "transformations_used": [
        "change a function to a different one",
        "change variables while maintaining complexity",
        "use alternate but equivalent radical forms",
        "rewrite using different logarithmic properties",
        "use trigonometric identities to rewrite expression"
      ],
      "solution": null,
      "evaluations": {},
      "timestamp": "2025-02-10T03:09:55.417844Z"
    },
    {
      "original": "integrate(r*x + q*x + sqrt(x), (x, 0, 2))",
      "requested_difficulty": "equivalent",
      "variant": "integrate((r*x + q*x + x**(1/2)), x)",
      "reasoning": "As a creative mathematician who enjoys unusual substitutions, I can rewrite sqrt(x) in terms of x^(1/2). This perspective shifts the focus on the exponents and highlights polynomial properties.",
      "variant_response": null,
      "verification_passed": null,
      "evaluation": "easier",
      "transformations_used": [
        "change a function to a different one",
        "change variables while maintaining complexity",
        "use alternate but equivalent radical forms",
        "rewrite using different logarithmic properties",
        "use trigonometric identities to rewrite expression"
      ],
      "solution": null,
      "evaluations": {},
      "timestamp": "2025-02-10T03:09:55.393081Z"
    },
    {
      "original": "integrate(r*x + q*x + sqrt(x), (x, 0, 2))",
      "requested_difficulty": "equivalent",
      "variant": "integrate((r*x + q*x + (x**(1/2))**1), x)",
      "reasoning": "Viewing this as a student focused on polynomials and rational functions, I recognize I can represent sqrt(x) as a rational function by squaring it, while considering the roots.",
      "variant_response": null,
      "verification_passed": null,
      "evaluation": "easier",
      "transformations_used": [
        "change a function to a different one",
        "change variables while maintaining complexity",
        "use alternate but equivalent radical forms",
        "rewrite using different logarithmic properties",
        "use trigonometric identities to rewrite expression"
      ],
      "solution": null,
      "evaluations": {},
      "timestamp": "2025-02-10T03:09:55.718449Z"
    },
    {
      "original": "integrate(r*x + q*x + sqrt(x), (x, 0, 2))",
      "requested_difficulty": "equivalent",
      "variant": "integrate((p1*x + p2*x + sqrt(x)), x)",
      "reasoning": "From the standpoint of a number theorist fascinated by prime numbers, I can express the constants r and q as prime numbers and examine the behavior of the integral under such conditions.",
      "variant_response": null,
      "verification_passed": null,
      "evaluation": "easier",
      "transformations_used": [
        "change a function to a different one",
        "change variables while maintaining complexity",
        "use alternate but equivalent radical forms",
        "rewrite using different logarithmic properties",
        "use trigonometric identities to rewrite expression"
      ],
      "solution": null,
      "evaluations": {},
      "timestamp": "2025-02-10T03:09:55.524162Z"
    },
    {
      "original": "integrate(r*x + q*x + sqrt(x), (x, 0, 2))",
      "requested_difficulty": "equivalent",
      "variant": "integrate((r*x + q*x + exp(0.5*log(x))), x)",
      "reasoning": "As a logarithm-loving thinker, I can express the square root using the logarithm properties that relate to exponentials. This introduces a logarithmic perspective on the radical.",
      "variant_response": null,
      "verification_passed": null,
      "evaluation": "easier",
      "transformations_used": [
        "change a function to a different one",
        "change variables while maintaining complexity",
        "use alternate but equivalent radical forms",
        "rewrite using different logarithmic properties",
        "use trigonometric identities to rewrite expression"
      ],
      "solution": null,
      "evaluations": {},
      "timestamp": "2025-02-10T03:09:55.526350Z"
    },
    {
      "original": "integrate(r*x + q*x + sqrt(x), (x, 0, 2))",
      "requested_difficulty": "equivalent",
      "variant": "integrate((r + q)*x + sqrt(x**2), x)",
      "reasoning": "Finally, as a number theorist, I find that the structure can be explored through a sum that incorporates harmonic forms, representing rates of accumulation.",
      "variant_response": null,
      "verification_passed": null,
      "evaluation": "easier",
      "transformations_used": [
        "change a function to a different one",
        "change variables while maintaining complexity",
        "use alternate but equivalent radical forms",
        "rewrite using different logarithmic properties",
        "use trigonometric identities to rewrite expression"
      ],
      "solution": null,
      "evaluations": {},
      "timestamp": "2025-02-10T03:09:55.490126Z"
    }
  ],
  [
    {
      "original": "integrate(tanh(x)*exp(x), x)",
      "requested_difficulty": "easier",
      "variant": "integrate(sinh(x)/cosh(x) * exp(x), x)",
      "reasoning": "As a calculus professor who loves elegant simplifications, I notice that \\( \\tanh(x) \\) can be expressed as a quotient of hyperbolic functions. This can lead to a separation of variables that simplifies the integration process.",
      "variant_response": null,
      "verification_passed": null,
      "evaluation": "equivalent",
      "transformations_used": [
        "eliminate a radical",
        "simplify the denominator",
        "convert a product to a simpler sum"
      ],
      "solution": null,
      "evaluations": {},
      "timestamp": "2025-02-10T03:09:52.445579Z"
    },
    {
      "original": "integrate(tanh(x)*exp(x), x)",
      "requested_difficulty": "easier",
      "variant": "integrate((exp(x) - exp(-x)) / (exp(x) + exp(-x)) * exp(x), x)",
      "reasoning": "As a student who prefers working with polynomials and rational functions, recognizing \\( \\tanh(x) = \\frac{e^x - e^{-x}}{e^x + e^{-x}} \\) leads me to reformulate the integrand in polynomial terms, which are easier to handle.",
      "variant_response": null,
      "verification_passed": null,
      "evaluation": "equivalent",
      "transformations_used": [
        "eliminate a radical",
        "simplify the denominator",
        "convert a product to a simpler sum"
      ],
      "solution": null,
      "evaluations": {},
      "timestamp": "2025-02-10T03:09:52.399953Z"
    },
    {
      "original": "integrate(tanh(x)*exp(x), x)",
      "requested_difficulty": "easier",
      "variant": "integrate(1 / cosh(x) * exp(x), x)",
      "reasoning": "As a geometry enthusiast thinking in terms of geometric transformations, I can consider the area under the curve of \\( \\tanh(x) \\) and \\( e^x \\) geometrically, thus redefining the problem in terms of transformations.",
      "variant_response": null,
      "verification_passed": null,
      "evaluation": "easier",
      "transformations_used": [
        "eliminate a radical",
        "simplify the denominator",
        "convert a product to a simpler sum"
      ],
      "solution": null,
      "evaluations": {},
      "timestamp": "2025-02-10T03:09:52.444607Z"
    },
    {
      "original": "integrate(tanh(x)*exp(x), x)",
      "requested_difficulty": "easier",
      "variant": "integrate(tanh(x), x)",
      "reasoning": "As an engineer, I can break this down into simpler, computable parts by using known results for each function, recognizing that both \\( \\tanh(x) \\) and \\( e^x \\) can be approximated in different contexts.",
      "variant_response": null,
      "verification_passed": null,
      "evaluation": "easier",
      "transformations_used": [
        "eliminate a radical",
        "simplify the denominator",
        "convert a product to a simpler sum"
      ],
      "solution": null,
      "evaluations": {},
      "timestamp": "2025-02-10T03:09:52.424442Z"
    },
    {
      "original": "integrate(tanh(x)*exp(x), x)",
      "requested_difficulty": "easier",
      "variant": "integrate((e^x - e^(-x))/(e^(2*x) + 1), x)",
      "reasoning": "As a creative mathematician, I think we can simplify things by considering a modified integrand, focusing on the derivative of the exponent instead of the whole term. We can relate \\( \\tanh(x) \\) to \\( e^{2x} \\) to reduce complexity in the manipulation.",
      "variant_response": null,
      "verification_passed": null,
      "evaluation": "equivalent",
      "transformations_used": [
        "drop a subexpression",
        "replace a complex fraction with a simpler one",
        "reduce an exponent"
      ],
      "solution": null,
      "evaluations": {},
      "timestamp": "2025-02-10T03:09:54.860418Z"
    },
    {
      "original": "integrate(tanh(x)*exp(x), x)",
      "requested_difficulty": "easier",
      "variant": "integrate((e^x - e^(-x))/(e^(2*x)), x)",
      "reasoning": "As a theoretical physicist, I note that hyperbolic functions have exponential forms. Let's express \\( \\tanh(x) \\) in exponential terms directly and see if that simplifies integration.",
      "variant_response": null,
      "verification_passed": null,
      "evaluation": "equivalent",
      "transformations_used": [
        "drop a subexpression",
        "replace a complex fraction with a simpler one",
        "reduce an exponent"
      ],
      "solution": null,
      "evaluations": {},
      "timestamp": "2025-02-10T03:09:55.149770Z"
    },
    {
      "original": "integrate(tanh(x)*exp(x), x)",
      "requested_difficulty": "easier",
      "variant": "integrate(x*exp(x), x)",
      "reasoning": "As an engineer who favors practical computational approaches, let me focus on approximating \\( \\tanh(x) \\) around zero as \\( x \\) for small values and calculate its integral over that interval.",
      "variant_response": null,
      "verification_passed": null,
      "evaluation": "easier",
      "transformations_used": [
        "drop a subexpression",
        "replace a complex fraction with a simpler one",
        "reduce an exponent"
      ],
      "solution": null,
      "evaluations": {},
      "timestamp": "2025-02-10T03:09:55.131686Z"
    },
    {
      "original": "integrate(tanh(x)*exp(x), x)",
      "requested_difficulty": "easier",
      "variant": "integrate(tanh(x) + exp(-x), x)",
      "reasoning": "As a geometry enthusiast, I consider transformations that reflect the behavior of the function. In particular, if we notice symmetry, we can segment the integral.",
      "variant_response": null,
      "verification_passed": null,
      "evaluation": "easier",
      "transformations_used": [
        "drop a subexpression",
        "replace a complex fraction with a simpler one",
        "reduce an exponent"
      ],
      "solution": null,
      "evaluations": {},
      "timestamp": "2025-02-10T03:09:54.999311Z"
    },
    {
      "original": "integrate(tanh(x)*exp(x), x)",
      "requested_difficulty": "easier",
      "variant": "integrate(x * exp(x), x)",
      "reasoning": "As a theoretical physicist, I can recognize that \\( \\tanh(x) \\) can be approximated by \\( x \\) for small values which simplifies the problem greatly. I will use this intuitive substitution.",
      "variant_response": null,
      "verification_passed": null,
      "evaluation": "easier",
      "transformations_used": [
        "drop a subexpression",
        "replace a complex fraction with a simpler one",
        "reduce an exponent"
      ],
      "solution": null,
      "evaluations": {},
      "timestamp": "2025-02-10T03:09:54.918571Z"
    },
    {
      "original": "integrate(tanh(x)*exp(x), x)",
      "requested_difficulty": "equivalent",
      "variant": "integrate(tanh(x) * exp(x), x)",
      "reasoning": "As a calculus professor, I love to simplify integrals by recognizing that the product of tanh(x) and exp(x) can be expressed in terms of hyperbolic functions. This insight leads us to a more elegant form.",
      "variant_response": null,
      "verification_passed": null,
      "evaluation": "equivalent",
      "transformations_used": [
        "alter constant terms",
        "rearrange the order of terms",
        "swap numerator and denominator with reciprocal"
      ],
      "solution": null,
      "evaluations": {},
      "timestamp": "2025-02-10T03:09:54.256064Z"
    },
    {
      "original": "integrate(tanh(x)*exp(x), x)",
      "requested_difficulty": "equivalent",
      "variant": "integrate(sinh(x)/(cosh(x)) * exp(x), x)",
      "reasoning": "As a creative mathematician, I enjoy playing around with substitutions. Here, I utilize the relationship tanh(x) = sinh(x)/cosh(x) and incorporate this into the integral to explore an alternative representation.",
      "variant_response": null,
      "verification_passed": null,
      "evaluation": "equivalent",
      "transformations_used": [
        "alter constant terms",
        "rearrange the order of terms",
        "swap numerator and denominator with reciprocal"
      ],
      "solution": null,
      "evaluations": {},
      "timestamp": "2025-02-10T03:09:54.093097Z"
    },
    {
      "original": "integrate(tanh(x)*exp(x), x)",
      "requested_difficulty": "equivalent",
      "variant": "integrate((exp(x) - exp(-x))/(exp(x) + exp(-x)) * exp(x), x)",
      "reasoning": "From the perspective of a student focusing on polynomial and rational functions, I see tanh(x) as a function with potential series expansions. Using Taylor expansions simplifies the integral while remaining focused on rational approximations around x=0.",
      "variant_response": null,
      "verification_passed": null,
      "evaluation": "equivalent",
      "transformations_used": [
        "alter constant terms",
        "rearrange the order of terms",
        "swap numerator and denominator with reciprocal"
      ],
      "solution": null,
      "evaluations": {},
      "timestamp": "2025-02-10T03:09:54.154452Z"
    },
    {
      "original": "integrate(tanh(x)*exp(x), x)",
      "requested_difficulty": "equivalent",
      "variant": "integrate(tanh(log(exp(x))) * exp(x), x)",
      "reasoning": "As a theoretical physicist, I often manipulate expressions into trigonometric or exponential forms. Here, the integral can be viewed with the substitution exp(x) = e^u, and adjusting the differential accordingly can aid in solving it.",
      "variant_response": null,
      "verification_passed": null,
      "evaluation": "easier",
      "transformations_used": [
        "alter constant terms",
        "rearrange the order of terms",
        "swap numerator and denominator with reciprocal"
      ],
      "solution": null,
      "evaluations": {},
      "timestamp": "2025-02-10T03:09:54.194186Z"
    },
    {
      "original": "integrate(tanh(x)*exp(x), x)",
      "requested_difficulty": "equivalent",
      "variant": "integrate((sinh(x) * exp(x))/cosh(x), x)",
      "reasoning": "As a number theorist, I find interesting relationships in involving algebraic identities with odd/even functions. Since tanh(x) is an odd function and exponentials are even, I can formulate the integral in terms of their combined identities.",
      "variant_response": null,
      "verification_passed": null,
      "evaluation": "equivalent",
      "transformations_used": [
        "alter constant terms",
        "rearrange the order of terms",
        "swap numerator and denominator with reciprocal"
      ],
      "solution": null,
      "evaluations": {},
      "timestamp": "2025-02-10T03:09:54.123123Z"
    },
    {
      "original": "integrate(tanh(x)*exp(x), x)",
      "requested_difficulty": "equivalent",
      "variant": "integrate(sinh(x) * exp(x) / cosh(x), x)",
      "reasoning": "Positioned as a geometry enthusiast, I would visualize the functions involved in the integral and observe any geometric transformations. The integral can be rephrased to emphasize areas and slopes related to hyperbolic forms.",
      "variant_response": null,
      "verification_passed": null,
      "evaluation": "equivalent",
      "transformations_used": [
        "alter constant terms",
        "rearrange the order of terms",
        "swap numerator and denominator with reciprocal"
      ],
      "solution": null,
      "evaluations": {},
      "timestamp": "2025-02-10T03:09:54.472476Z"
    },
    {
      "original": "integrate(tanh(x)*exp(x), x)",
      "requested_difficulty": "equivalent",
      "variant": "integrate(exp(x)/(exp(x) + exp(-x)), x)",
      "reasoning": "I approach this as a student who enjoys exploring relationships among functions. I can express tanh in terms of exponential components and factor them in a different fashion to highlight the behavior of the integral.",
      "variant_response": null,
      "verification_passed": null,
      "evaluation": "equivalent",
      "transformations_used": [
        "alter constant terms",
        "rearrange the order of terms",
        "swap numerator and denominator with reciprocal"
      ],
      "solution": null,
      "evaluations": {},
      "timestamp": "2025-02-10T03:09:54.058447Z"
    },
    {
      "original": "integrate(tanh(x)*exp(x), x)",
      "requested_difficulty": "equivalent",
      "variant": "integrate(differentiate(exp(x))/(1 - exp(-2*x)), x)",
      "reasoning": "As a calculus professor, I would appreciate examining the interrelation of derivatives and integrals. This leads us to express tanh(x) in terms of its derivative forms and simplifying the integral accordingly.",
      "variant_response": null,
      "verification_passed": null,
      "evaluation": "easier",
      "transformations_used": [
        "alter constant terms",
        "rearrange the order of terms",
        "swap numerator and denominator with reciprocal"
      ],
      "solution": null,
      "evaluations": {},
      "timestamp": "2025-02-10T03:09:54.112506Z"
    },
    {
      "original": "integrate(tanh(x)*exp(x), x)",
      "requested_difficulty": "equivalent",
      "variant": "integrate(log(exp(x) - exp(-x)) - log(exp(x) + exp(-x)), x)",
      "reasoning": "By employing logarithmic properties, I can rewrite \\(\\tanh(x)\\) in terms of logarithms which provides a different route to evaluate the integral while preserving the complexity.",
      "variant_response": null,
      "verification_passed": null,
      "evaluation": "equivalent",
      "transformations_used": [
        "exchange similar functions (e.g., sin to cos)",
        "change variables while maintaining complexity",
        "rewrite using alternate algebraic forms",
        "rewrite using different logarithmic properties",
        "apply algebraic identities that preserve complexity"
      ],
      "solution": null,
      "evaluations": {},
      "timestamp": "2025-02-10T03:09:52.081462Z"
    },
    {
      "original": "integrate(tanh(x)*exp(x), x)",
      "requested_difficulty": "equivalent",
      "variant": "integrate(differentiate(tanh(x) * exp(x), x)",
      "reasoning": "Returning to my calculus professor hat, I can explore the derivative to transform the integral into a more relatable form that may be easier to integrate directly.",
      "variant_response": null,
      "verification_passed": null,
      "evaluation": "easier",
      "transformations_used": [
        "exchange similar functions (e.g., sin to cos)",
        "change variables while maintaining complexity",
        "rewrite using alternate algebraic forms",
        "rewrite using different logarithmic properties",
        "apply algebraic identities that preserve complexity"
      ],
      "solution": null,
      "evaluations": {},
      "timestamp": "2025-02-10T03:09:53.748252Z"
    }
  ],
  [
    {
      "original": "integrate((2*e**(x**2)/(x+1))*cos(x) - (e**(x**2)+x)*sin(x), x)",
      "requested_difficulty": "easier",
      "variant": "integrate(2*e**(x**2)/(x+1)*cos(x), x)",
      "reasoning": "As a calculus professor who loves elegant simplifications, I notice the complexity of the terms involving \\( e^{x^2} \\) and trigonometric functions. By focusing on just the cosine part and simplifying the integral, we can ignore the sine component for a simpler variant.",
      "variant_response": null,
      "verification_passed": null,
      "evaluation": "easier",
      "transformations_used": [
        "drop a subexpression",
        "replace a complex fraction with a simpler one",
        "remove a complicated term",
        "reduce the degree of a polynomial",
        "lower a coefficient"
      ],
      "solution": null,
      "evaluations": {},
      "timestamp": "2025-02-10T03:09:53.628145Z"
    },
    {
      "original": "integrate((2*e**(x**2)/(x+1))*cos(x) - (e**(x**2)+x)*sin(x), x)",
      "requested_difficulty": "easier",
      "variant": "integrate(2*e**(x**2)/(x+1), x)",
      "reasoning": "From a student\u2019s perspective, I've realized polynomials can be easier to manipulate. I can drop the complicated trigonometric functions altogether, leading to just an exponential integral.",
      "variant_response": null,
      "verification_passed": null,
      "evaluation": "easier",
      "transformations_used": [
        "drop a subexpression",
        "replace a complex fraction with a simpler one",
        "remove a complicated term",
        "reduce the degree of a polynomial",
        "lower a coefficient"
      ],
      "solution": null,
      "evaluations": {},
      "timestamp": "2025-02-10T03:09:51.980680Z"
    },
    {
      "original": "integrate((2*e**(x**2)/(x+1))*cos(x) - (e**(x**2)+x)*sin(x), x)",
      "requested_difficulty": "easier",
      "variant": "integrate(2*e**(x**2)/(x+1)*x, x)",
      "reasoning": "The creative mathematician in me sees that sine and cosine might complicate things unnecessarily. If I introduce a simpler function, let\u2019s say focus on \\( x \\) alone, the integral remains manageable.",
      "variant_response": null,
      "verification_passed": null,
      "evaluation": "easier",
      "transformations_used": [
        "drop a subexpression",
        "replace a complex fraction with a simpler one",
        "remove a complicated term",
        "reduce the degree of a polynomial",
        "lower a coefficient"
      ],
      "solution": null,
      "evaluations": {},
      "timestamp": "2025-02-10T03:09:52.176328Z"
    },
    {
      "original": "integrate((2*e**(x**2)/(x+1))*cos(x) - (e**(x**2)+x)*sin(x), x)",
      "requested_difficulty": "easier",
      "variant": "integrate((1-x)*sin(x), x)",
      "reasoning": "Focusing as a number theorist, I\u2019m intrigued to explore how avoiding exponential terms entirely might be beneficial. Thus, I can consider an integral using \\( sin(x) \\) with constant coefficients.",
      "variant_response": null,
      "verification_passed": null,
      "evaluation": "easier",
      "transformations_used": [
        "drop a subexpression",
        "replace a complex fraction with a simpler one",
        "remove a complicated term",
        "reduce the degree of a polynomial",
        "lower a coefficient"
      ],
      "solution": null,
      "evaluations": {},
      "timestamp": "2025-02-10T03:09:52.119599Z"
    },
    {
      "original": "integrate((2*e**(x**2)/(x+1))*cos(x) - (e**(x**2)+x)*sin(x), x)",
      "requested_difficulty": "easier",
      "variant": "integrate(cos(x), x)",
      "reasoning": "In my geometric mindset, simplifications often come from considering average behaviors, so I'll eliminate the complex exponential part and focus on a basic trigonometric function.",
      "variant_response": null,
      "verification_passed": null,
      "evaluation": "easier",
      "transformations_used": [
        "drop a subexpression",
        "replace a complex fraction with a simpler one",
        "remove a complicated term",
        "reduce the degree of a polynomial",
        "lower a coefficient"
      ],
      "solution": null,
      "evaluations": {},
      "timestamp": "2025-02-10T03:09:52.020691Z"
    },
    {
      "original": "integrate((2*e**(x**2)/(x+1))*cos(x) - (e**(x**2)+x)*sin(x), x)",
      "requested_difficulty": "easier",
      "variant": "integrate((1/(x+1))*sin(x), x)",
      "reasoning": "Taking a more computational stance, I would prefer to reduce the integral to a more manageable rational function. Thus, let's simplify by dropping the terms that complicate the integration through Euler's relations.",
      "variant_response": null,
      "verification_passed": null,
      "evaluation": "easier",
      "transformations_used": [
        "drop a subexpression",
        "replace a complex fraction with a simpler one",
        "remove a complicated term",
        "reduce the degree of a polynomial",
        "lower a coefficient"
      ],
      "solution": null,
      "evaluations": {},
      "timestamp": "2025-02-10T03:09:52.042901Z"
    },
    {
      "original": "integrate((2*e**(x**2)/(x+1))*cos(x) - (e**(x**2)+x)*sin(x), x)",
      "requested_difficulty": "easier",
      "variant": "integrate((2*(1+x)*cos(x))/(x+1), x)",
      "reasoning": "From the point of view of a calculus professor interested in polynomial approximations, I can express the exponent in its Taylor series and only consider the first term for a simple polynomial.",
      "variant_response": null,
      "verification_passed": null,
      "evaluation": "easier",
      "transformations_used": [
        "drop a subexpression",
        "replace a complex fraction with a simpler one",
        "remove a complicated term",
        "reduce the degree of a polynomial",
        "lower a coefficient"
      ],
      "solution": null,
      "evaluations": {},
      "timestamp": "2025-02-10T03:09:52.064603Z"
    },
    {
      "original": "integrate((2*e**(x**2)/(x+1))*cos(x) - (e**(x**2)+x)*sin(x), x)",
      "requested_difficulty": "easier",
      "variant": "integrate(sin(x), x)",
      "reasoning": "Emphasizing pure trigonometric terms without cumbersome polynomial functions, as a geometrically inclined mathematician, I\u2019ll take a straightforward integral involving only a periodic function.",
      "variant_response": null,
      "verification_passed": null,
      "evaluation": "easier",
      "transformations_used": [
        "drop a subexpression",
        "replace a complex fraction with a simpler one",
        "remove a complicated term",
        "reduce the degree of a polynomial",
        "lower a coefficient"
      ],
      "solution": null,
      "evaluations": {},
      "timestamp": "2025-02-10T03:09:52.174881Z"
    },
    {
      "original": "integrate((2*e**(x**2)/(x+1))*cos(x) - (e**(x**2)+x)*sin(x), x)",
      "requested_difficulty": "easier",
      "variant": "integrate((2*1/(x+1))*cos(x) - (1+x)*sin(x), x)",
      "reasoning": "As a calculus professor, I appreciate the power of simplification. I notice that the \\( \\frac{2e^{x^2}}{x+1} \\) has the \\( x+1 \\) term in the denominator, which complicates handling the expression. Instead, I can just focus on a simplified cosine component with \\( e^{x^2} \\) being replaced by its lower-order approximation \\( 1 \\) which can reduce the complexity significantly.",
      "variant_response": null,
      "verification_passed": null,
      "evaluation": "easier",
      "transformations_used": [
        "drop a subexpression",
        "simplify composite trigonometric functions",
        "change a function to an easier one",
        "simplify a trigonometric component",
        "replace transcendental functions with simpler algebraic ones"
      ],
      "solution": null,
      "evaluations": {},
      "timestamp": "2025-02-10T03:09:53.364471Z"
    },
    {
      "original": "integrate((2*e**(x**2)/(x+1))*cos(x) - (e**(x**2)+x)*sin(x), x)",
      "requested_difficulty": "easier",
      "variant": "integrate((2*1/(x+1))*cos(x) - (x+1)*sin(x), x)",
      "reasoning": "As a number theorist, I focus on simplifying expressions down to their integer components. In this case, I can replace the exponential transformation with an integer form which can help reduce the complexities involved.",
      "variant_response": null,
      "verification_passed": null,
      "evaluation": "easier",
      "transformations_used": [
        "drop a subexpression",
        "simplify composite trigonometric functions",
        "change a function to an easier one",
        "simplify a trigonometric component",
        "replace transcendental functions with simpler algebraic ones"
      ],
      "solution": null,
      "evaluations": {},
      "timestamp": "2025-02-10T03:09:53.248337Z"
    },
    {
      "original": "integrate((2*e**(x**2)/(x+1))*cos(x) - (e**(x**2)+x)*sin(x), x)",
      "requested_difficulty": "equivalent",
      "variant": "integrate(e**(x**2) * (2 * cos(x) / (x + 1) - sin(x) - x * sin(x)), x)",
      "reasoning": "As a calculus professor who loves elegant simplifications, I notice that the integral term can be factored into a form that emphasizes the exponential function more clearly.",
      "variant_response": null,
      "verification_passed": null,
      "evaluation": "equivalent",
      "transformations_used": [
        "rearrange the order of terms",
        "rewrite using alternate algebraic forms",
        "change coefficient values slightly",
        "change a function to a different one",
        "change variables while maintaining complexity"
      ],
      "solution": null,
      "evaluations": {},
      "timestamp": "2025-02-10T03:09:55.043240Z"
    },
    {
      "original": "integrate((2*e**(x**2)/(x+1))*cos(x) - (e**(x**2)+x)*sin(x), x)",
      "requested_difficulty": "equivalent",
      "variant": "integrate((2 * e**(x**2) / (x + 1)) * (1 - x**2 / 2 + O(x**4)) - (e**(x**2) + x) * (x - x**3 / 6 + O(x**5)), x)",
      "reasoning": "As a creative mathematician, I enjoy introducing unusual substitutions. Here I will replace \\( \\sin(x) \\) and \\( \\cos(x) \\) using their Taylor series expansions around \\( x = 0 \\).",
      "variant_response": null,
      "verification_passed": null,
      "evaluation": "easier",
      "transformations_used": [
        "rearrange the order of terms",
        "rewrite using alternate algebraic forms",
        "change coefficient values slightly",
        "change a function to a different one",
        "change variables while maintaining complexity"
      ],
      "solution": null,
      "evaluations": {},
      "timestamp": "2025-02-10T03:09:55.099401Z"
    },
    {
      "original": "integrate((2*e**(x**2)/(x+1))*cos(x) - (e**(x**2)+x)*sin(x), x)",
      "requested_difficulty": "equivalent",
      "variant": "integrate(2 * e**(x**2) * cos(x) / (x + 1) - (e**(x**2) + x) * sin(x), x)",
      "reasoning": "As an engineer who favors practical approaches, I will take advantage of computational identities to expand the integral in a form that is easier to evaluate numerically.",
      "variant_response": null,
      "verification_passed": null,
      "evaluation": "equivalent",
      "transformations_used": [
        "rearrange the order of terms",
        "rewrite using alternate algebraic forms",
        "change coefficient values slightly",
        "change a function to a different one",
        "change variables while maintaining complexity"
      ],
      "solution": null,
      "evaluations": {},
      "timestamp": "2025-02-10T03:09:55.152581Z"
    },
    {
      "original": "integrate((2*e**(x**2)/(x+1))*cos(x) - (e**(x**2)+x)*sin(x), x)",
      "requested_difficulty": "equivalent",
      "variant": "integrate(2 * e**(x**2) * cos(x)/(x + 1), x)",
      "reasoning": "As a student, I recognize that splitting the terms can simplify integration via parts, thus separating the terms makes it easier to analyze.",
      "variant_response": null,
      "verification_passed": null,
      "evaluation": "easier",
      "transformations_used": [
        "rearrange the order of terms",
        "rewrite using alternate algebraic forms",
        "change coefficient values slightly",
        "change a function to a different one",
        "change variables while maintaining complexity"
      ],
      "solution": null,
      "evaluations": {},
      "timestamp": "2025-02-10T03:09:55.434854Z"
    },
    {
      "original": "integrate((2*e**(x**2)/(x+1))*cos(x) - (e**(x**2)+x)*sin(x), x)",
      "requested_difficulty": "equivalent",
      "variant": "integrate(-2 * e**(x**2) * cos(x)/(x + 1) + (e**(x**2) + x) * sin(x), x)",
      "reasoning": "As a creative mathematician, I may look at switching the integrand's signs and find equivalent forms through symmetry arguments about the sine and cosine functions.",
      "variant_response": null,
      "verification_passed": null,
      "evaluation": "equivalent",
      "transformations_used": [
        "rearrange the order of terms",
        "rewrite using alternate algebraic forms",
        "change coefficient values slightly",
        "change a function to a different one",
        "change variables while maintaining complexity"
      ],
      "solution": null,
      "evaluations": {},
      "timestamp": "2025-02-10T03:09:55.283053Z"
    },
    {
      "original": "integrate((2*e**(x**2)/(x+1))*cos(x) - (e**(x**2)+x)*sin(x), x)",
      "requested_difficulty": "equivalent",
      "variant": "integrate((e**(x**2)/(x+1))*(2*cos(x) - (e**(x**2)+x)*sin(x)), x)",
      "reasoning": "As a theoretical physicist, I prefer working with trigonometric and exponential forms. I can manipulate the product of sine and cosine by applying the angle addition formulas.",
      "variant_response": null,
      "verification_passed": null,
      "evaluation": "easier",
      "transformations_used": [
        "use trigonometric identities to rewrite expression",
        "change a function to an easier one",
        "swap numerator and denominator with reciprocal",
        "change coefficient values slightly",
        "change a function to a different one"
      ],
      "solution": null,
      "evaluations": {},
      "timestamp": "2025-02-10T03:09:58.624561Z"
    },
    {
      "original": "integrate((2*e**(x**2)/(x+1))*cos(x) - (e**(x**2)+x)*sin(x), x)",
      "requested_difficulty": "equivalent",
      "variant": "integrate((2*e**(x**2)/(x**2 + 2x + 1))*cos(x) - (e**(x**2)+(x**2 + 1))*sin(x), x)",
      "reasoning": "As a geometry enthusiast, I visualize this expression geometrically by considering transformations in the plane and changes in symmetry might give us a simpler route.",
      "variant_response": null,
      "verification_passed": null,
      "evaluation": "equivalent",
      "transformations_used": [
        "use trigonometric identities to rewrite expression",
        "change a function to an easier one",
        "swap numerator and denominator with reciprocal",
        "change coefficient values slightly",
        "change a function to a different one"
      ],
      "solution": null,
      "evaluations": {},
      "timestamp": "2025-02-10T03:09:58.758587Z"
    },
    {
      "original": "integrate((2*e**(x**2)/(x+1))*cos(x) - (e**(x**2)+x)*sin(x), x)",
      "requested_difficulty": "equivalent",
      "variant": "integrate((2*e**((-x)**2)/((-x)+1))*cos(-x) - (e**((-x)**2) - x)*sin(-x), x)",
      "reasoning": "Considering a transformation that emphasizes symmetry, I can explore \\(x \\to -x\\) which might help in noticing equal contributions in the integral.",
      "variant_response": null,
      "verification_passed": null,
      "evaluation": "equivalent",
      "transformations_used": [
        "use trigonometric identities to rewrite expression",
        "change a function to an easier one",
        "swap numerator and denominator with reciprocal",
        "change coefficient values slightly",
        "change a function to a different one"
      ],
      "solution": null,
      "evaluations": {},
      "timestamp": "2025-02-10T03:09:58.673980Z"
    }
  ],
  [
    {
      "original": "integrate(sqrt(2*x/(x + 1))/(2 - x**2), x)",
      "requested_difficulty": "easier",
      "variant": "integrate(sqrt(x/(x + 1))/(2 - x**2), x)",
      "reasoning": "As a calculus professor, I find simplifying expressions elegantly appealing. By reducing the coefficients, we can consider integrating a simpler version of the integral with a constant factor.",
      "variant_response": null,
      "verification_passed": null,
      "evaluation": "easier",
      "transformations_used": [
        "lower a coefficient",
        "simplify the denominator",
        "change a function to an easier one",
        "drop a subexpression",
        "convert a product to a simpler sum"
      ],
      "solution": null,
      "evaluations": {},
      "timestamp": "2025-02-10T03:09:49.694226Z"
    },
    {
      "original": "integrate(sqrt(2*x/(x + 1))/(2 - x**2), x)",
      "requested_difficulty": "easier",
      "variant": "integrate((x/(x + 1))/(2 - x**2), x)",
      "reasoning": "From the perspective of a creative mathematician, I'll replace the square root function with a simpler function that maintains the core idea \u2014 let's substitute a quadratic polynomial in place of the square root.",
      "variant_response": null,
      "verification_passed": null,
      "evaluation": "easier",
      "transformations_used": [
        "lower a coefficient",
        "simplify the denominator",
        "change a function to an easier one",
        "drop a subexpression",
        "convert a product to a simpler sum"
      ],
      "solution": null,
      "evaluations": {},
      "timestamp": "2025-02-10T03:09:49.672713Z"
    },
    {
      "original": "integrate(sqrt(2*x/(x + 1))/(2 - x**2), x)",
      "requested_difficulty": "easier",
      "variant": "integrate(x/(x + 1)/(2 - x**2), x)",
      "reasoning": "As a student of polynomials and rational functions, transforming the integrand to a polynomial form makes it more familiar and manageable.",
      "variant_response": null,
      "verification_passed": null,
      "evaluation": "easier",
      "transformations_used": [
        "lower a coefficient",
        "simplify the denominator",
        "change a function to an easier one",
        "drop a subexpression",
        "convert a product to a simpler sum"
      ],
      "solution": null,
      "evaluations": {},
      "timestamp": "2025-02-10T03:09:49.697396Z"
    },
    {
      "original": "integrate(sqrt(2*x/(x + 1))/(2 - x**2), x)",
      "requested_difficulty": "easier",
      "variant": "integrate(1/(2 - x**2), x)",
      "reasoning": "An engineer focuses on practical computation. I might drop the complex square root and analyze the simpler fraction instead to keep our work straightforward.",
      "variant_response": null,
      "verification_passed": null,
      "evaluation": "easier",
      "transformations_used": [
        "lower a coefficient",
        "simplify the denominator",
        "change a function to an easier one",
        "drop a subexpression",
        "convert a product to a simpler sum"
      ],
      "solution": null,
      "evaluations": {},
      "timestamp": "2025-02-10T03:09:49.626984Z"
    },
    {
      "original": "integrate(sqrt(2*x/(x + 1))/(2 - x**2), x)",
      "requested_difficulty": "easier",
      "variant": "integrate(sqrt(2)/(2 - x**2), x)",
      "reasoning": "As a number theorist, I am intrigued by prime numbers. Reducing the complexity by adjusting the variables could make this integral align more closely with prime behaviors.",
      "variant_response": null,
      "verification_passed": null,
      "evaluation": "easier",
      "transformations_used": [
        "lower a coefficient",
        "simplify the denominator",
        "change a function to an easier one",
        "drop a subexpression",
        "convert a product to a simpler sum"
      ],
      "solution": null,
      "evaluations": {},
      "timestamp": "2025-02-10T03:09:50.043379Z"
    },
    {
      "original": "integrate(sqrt(2*x/(x + 1))/(2 - x**2), x)",
      "requested_difficulty": "easier",
      "variant": "integrate(1/(2 - x), x)",
      "reasoning": "A calculus professor would recommend using a simpler function entirely rather than square roots, let's use a rational function to replace the complex square root with an easier polynomial rationale.",
      "variant_response": null,
      "verification_passed": null,
      "evaluation": "easier",
      "transformations_used": [
        "lower a coefficient",
        "simplify the denominator",
        "change a function to an easier one",
        "drop a subexpression",
        "convert a product to a simpler sum"
      ],
      "solution": null,
      "evaluations": {},
      "timestamp": "2025-02-10T03:09:49.743665Z"
    },
    {
      "original": "integrate(sqrt(2*x/(x + 1))/(2 - x**2), x)",
      "requested_difficulty": "easier",
      "variant": "integrate(sqrt(2)/(2 - 1), x)",
      "reasoning": "Adopting the engineer perspective again, we can make the denominator simpler by adjusting the terms slightly, allowing for much easier integration.",
      "variant_response": null,
      "verification_passed": null,
      "evaluation": "easier",
      "transformations_used": [
        "lower a coefficient",
        "simplify the denominator",
        "change a function to an easier one",
        "drop a subexpression",
        "convert a product to a simpler sum"
      ],
      "solution": null,
      "evaluations": {},
      "timestamp": "2025-02-10T03:09:49.695656Z"
    },
    {
      "original": "integrate(sqrt(2*x/(x + 1))/(2 - x**2), x)",
      "requested_difficulty": "easier",
      "variant": "integrate(sqrt(2*x)/(2 - x**2), x)",
      "reasoning": "As a student who enjoys polynomials, simplifying the function can help. By observing that for small values of \\( x \\), we can approximate the integral by dropping the higher-order terms of the denominator.",
      "variant_response": null,
      "verification_passed": null,
      "evaluation": "easier",
      "transformations_used": [
        "remove a complicated term",
        "lower a coefficient",
        "drop a subexpression",
        "eliminate a radical",
        "remove a factor"
      ],
      "solution": null,
      "evaluations": {},
      "timestamp": "2025-02-10T03:09:53.348131Z"
    },
    {
      "original": "integrate(sqrt(2*x/(x + 1))/(2 - x**2), x)",
      "requested_difficulty": "easier",
      "variant": "integrate(sqrt(2*x + 2)/(2 - x**2), x)",
      "reasoning": "The geometry enthusiast in me thinks of transformations. I'll apply a simple linear transformation to the variable and restrict the limits accordingly, simplifying the evaluation process.",
      "variant_response": null,
      "verification_passed": null,
      "evaluation": "easier",
      "transformations_used": [
        "remove a complicated term",
        "lower a coefficient",
        "drop a subexpression",
        "eliminate a radical",
        "remove a factor"
      ],
      "solution": null,
      "evaluations": {},
      "timestamp": "2025-02-10T03:09:53.303103Z"
    },
    {
      "original": "integrate(sqrt(2*x/(x + 1))/(2 - x**2), x)",
      "requested_difficulty": "easier",
      "variant": "integrate(2*x/(x + 1), x)",
      "reasoning": "I appreciate expressing the integral in a standard polynomial form. Thus, I can create a function that doesn't have the complicated term of the square root.",
      "variant_response": null,
      "verification_passed": null,
      "evaluation": "easier",
      "transformations_used": [
        "remove a complicated term",
        "lower a coefficient",
        "drop a subexpression",
        "eliminate a radical",
        "remove a factor"
      ],
      "solution": null,
      "evaluations": {},
      "timestamp": "2025-02-10T03:09:53.646203Z"
    },
    {
      "original": "integrate(sqrt(2*x/(x + 1))/(2 - x**2), x)",
      "requested_difficulty": "equivalent",
      "variant": "integrate(sqrt(2) * sqrt(x/(x + 1)) / (2 - x**2), x)",
      "reasoning": "As a calculus professor, I appreciate elegant simplifications. We can simplify the integrand by expressing the square root in a more manageable form. This alternative showcases the square root's structure in a clearer light.",
      "variant_response": null,
      "verification_passed": null,
      "evaluation": "easier",
      "transformations_used": [
        "change variables while maintaining complexity",
        "change a function to an easier one",
        "use alternate but equivalent radical forms"
      ],
      "solution": null,
      "evaluations": {},
      "timestamp": "2025-02-10T03:09:53.484563Z"
    },
    {
      "original": "integrate(sqrt(2*x/(x + 1))/(2 - x**2), x)",
      "requested_difficulty": "equivalent",
      "variant": "integrate(sqrt(2*x/(x + 1))/(2 - x^2), x)",
      "reasoning": "As an engineer, I would note that using partial fraction decomposition on the denominator could provide more manageable components to integrate separately.",
      "variant_response": null,
      "verification_passed": null,
      "evaluation": "equivalent",
      "transformations_used": [
        "change variables while maintaining complexity",
        "change a function to an easier one",
        "use alternate but equivalent radical forms"
      ],
      "solution": null,
      "evaluations": {},
      "timestamp": "2025-02-10T03:09:53.503920Z"
    },
    {
      "original": "integrate(sqrt(2*x/(x + 1))/(2 - x**2), x)",
      "requested_difficulty": "equivalent",
      "variant": "integrate( (2*x/(x + 1))**(1/2) / (2 - x**2), x)",
      "reasoning": "As a theoretical physicist, I naturally want to cast the integral in terms of exponential functions. Here, we'll express the square root as an exponent: \\( \\sqrt{z} = z^{1/2} \\).",
      "variant_response": null,
      "verification_passed": null,
      "evaluation": "easier",
      "transformations_used": [
        "substitute equivalent exponential forms",
        "apply algebraic identities that preserve complexity",
        "rewrite using different logarithmic properties",
        "change variables while maintaining complexity",
        "change a function to an easier one"
      ],
      "solution": null,
      "evaluations": {},
      "timestamp": "2025-02-10T03:09:57.893732Z"
    },
    {
      "original": "integrate(sqrt(2*x/(x + 1))/(2 - x**2), x)",
      "requested_difficulty": "equivalent",
      "variant": "integrate( (A / (2 - x)) + (B/(2 + x)), x)",
      "reasoning": "The engineer in me will break the integral down into partial fractions for easier integration. This could lead to an equivalent form that is more conducive to direct evaluation.",
      "variant_response": null,
      "verification_passed": null,
      "evaluation": "easier",
      "transformations_used": [
        "substitute equivalent exponential forms",
        "apply algebraic identities that preserve complexity",
        "rewrite using different logarithmic properties",
        "change variables while maintaining complexity",
        "change a function to an easier one"
      ],
      "solution": null,
      "evaluations": {},
      "timestamp": "2025-02-10T03:09:58.027342Z"
    }
  ],
  [
    {
      "original": "integrate(sqrt(x*sqrt(x*sqrt(x))), x)",
      "requested_difficulty": "easier",
      "variant": "integrate(x**(5/8), x)",
      "reasoning": "As a calculus professor, I appreciate elegant simplifications. The inner nesting of square roots can be expressed as a single power. This makes it straightforward to integrate.",
      "variant_response": null,
      "verification_passed": null,
      "evaluation": "easier",
      "transformations_used": [
        "simplify the denominator",
        "change a function to an easier one",
        "eliminate absolute value terms"
      ],
      "solution": null,
      "evaluations": {},
      "timestamp": "2025-02-10T03:09:54.504239Z"
    },
    {
      "original": "integrate(sqrt(x*sqrt(x*sqrt(x))), x)",
      "requested_difficulty": "easier",
      "variant": "integrate(x**(3/4), x)",
      "reasoning": "As a calculus professor, I appreciate elegant simplifications. The original integral has nested square roots that complicate the integration process. I will remove the nested square roots by rewriting the integrand to make it simpler. Specifically, I can express it as \\(x^{3/4}\\).",
      "variant_response": null,
      "verification_passed": null,
      "evaluation": "easier",
      "transformations_used": [
        "remove nested functions",
        "lower a coefficient",
        "remove logarithmic terms",
        "simplify composite trigonometric functions",
        "change a function to an easier one"
      ],
      "solution": null,
      "evaluations": {},
      "timestamp": "2025-02-10T03:10:04.086298Z"
    },
    {
      "original": "integrate(sqrt(x*sqrt(x*sqrt(x))), x)",
      "requested_difficulty": "equivalent",
      "variant": "integrate(x^(3/4), x)",
      "reasoning": "As a calculus professor focused on simplifications, I can express the nested square roots using rational exponents. Simplifying the expression allows us to work with a polynomial we can integrate more easily.",
      "variant_response": null,
      "verification_passed": null,
      "evaluation": "easier",
      "transformations_used": [
        "change variables while maintaining complexity",
        "apply algebraic identities that preserve complexity",
        "change coefficient values slightly",
        "adjust parameters while keeping the integral equivalent",
        "change a function to an easier one"
      ],
      "solution": null,
      "evaluations": {},
      "timestamp": "2025-02-10T03:10:01.073190Z"
    },
    {
      "original": "integrate(sqrt(x*sqrt(x*sqrt(x))), x)",
      "requested_difficulty": "equivalent",
      "variant": "integrate((x**(1/2)) * (x**(3/8)), x)",
      "reasoning": "As a theoretical physicist, I can interpret this integral in terms of exponential functions. The square root can be expressed in an equivalent exponential form to highlight its structure.",
      "variant_response": null,
      "verification_passed": null,
      "evaluation": "easier",
      "transformations_used": [
        "change variables while maintaining complexity",
        "apply algebraic identities that preserve complexity",
        "change coefficient values slightly",
        "adjust parameters while keeping the integral equivalent",
        "change a function to an easier one"
      ],
      "solution": null,
      "evaluations": {},
      "timestamp": "2025-02-10T03:10:06.561657Z"
    },
    {
      "original": "integrate(sqrt(x*sqrt(x*sqrt(x))), x)",
      "requested_difficulty": "equivalent",
      "variant": "integrate((x**(1/2) * (x**(1/4)))**2, x)",
      "reasoning": "The engineer in me prefers practicality and computational methods. I\u2019ll convert the integrand into a more friendly numerical expression, approximating it around certain values to help visualize the integration process.",
      "variant_response": null,
      "verification_passed": null,
      "evaluation": "easier",
      "transformations_used": [
        "change variables while maintaining complexity",
        "apply algebraic identities that preserve complexity",
        "change coefficient values slightly",
        "adjust parameters while keeping the integral equivalent",
        "change a function to an easier one"
      ],
      "solution": null,
      "evaluations": {},
      "timestamp": "2025-02-10T03:10:01.013089Z"
    },
    {
      "original": "integrate(sqrt(x*sqrt(x*sqrt(x))), x)",
      "requested_difficulty": "equivalent",
      "variant": "integrate(x**(3/4 + 1/20), x)",
      "reasoning": "The number theorist in me enjoys exploring primes and rational coefficients, so I can express the integrand using rational expressions with small changes to coefficients. For example, adjusting the exponent slightly can yield an equivalent form.",
      "variant_response": null,
      "verification_passed": null,
      "evaluation": "easier",
      "transformations_used": [
        "change variables while maintaining complexity",
        "apply algebraic identities that preserve complexity",
        "change coefficient values slightly",
        "adjust parameters while keeping the integral equivalent",
        "change a function to an easier one"
      ],
      "solution": null,
      "evaluations": {},
      "timestamp": "2025-02-10T03:10:01.190429Z"
    },
    {
      "original": "integrate(sqrt(x*sqrt(x*sqrt(x))), x)",
      "requested_difficulty": "equivalent",
      "variant": "integrate((x**(1/4))**3, x)",
      "reasoning": "The geometry enthusiast might view the expression as a geometric transformation that can be simplified. By treating it as a function of the area under a curve, we can transform the integral.",
      "variant_response": null,
      "verification_passed": null,
      "evaluation": "equivalent",
      "transformations_used": [
        "change variables while maintaining complexity",
        "apply algebraic identities that preserve complexity",
        "change coefficient values slightly",
        "adjust parameters while keeping the integral equivalent",
        "change a function to an easier one"
      ],
      "solution": null,
      "evaluations": {},
      "timestamp": "2025-02-10T03:10:01.065907Z"
    },
    {
      "original": "integrate(sqrt(x*sqrt(x*sqrt(x))), x)",
      "requested_difficulty": "equivalent",
      "variant": "integrate((sqrt(x)*(x**(1/4))), x)",
      "reasoning": "Returning to a simplifier's approach, I can tackle the expression by multiplying and dividing by a suitable function, leading to an equivalent representation that remains complex but maintains integrity.",
      "variant_response": null,
      "verification_passed": null,
      "evaluation": "easier",
      "transformations_used": [
        "change variables while maintaining complexity",
        "apply algebraic identities that preserve complexity",
        "change coefficient values slightly",
        "adjust parameters while keeping the integral equivalent",
        "change a function to an easier one"
      ],
      "solution": null,
      "evaluations": {},
      "timestamp": "2025-02-10T03:10:01.043951Z"
    },
    {
      "original": "integrate(sqrt(x*sqrt(x*sqrt(x))), x)",
      "requested_difficulty": "equivalent",
      "variant": "integrate((x**(1/4))**(1/4 * 3), x)",
      "reasoning": "Lastly, as an enthusiast of transformations, I can take a step back and express the nested structure in terms of an iterative function, maintaining complexity while altering presentation.",
      "variant_response": null,
      "verification_passed": null,
      "evaluation": "easier",
      "transformations_used": [
        "change variables while maintaining complexity",
        "apply algebraic identities that preserve complexity",
        "change coefficient values slightly",
        "adjust parameters while keeping the integral equivalent",
        "change a function to an easier one"
      ],
      "solution": null,
      "evaluations": {},
      "timestamp": "2025-02-10T03:10:01.107314Z"
    },
    {
      "original": "integrate(sqrt(x*sqrt(x*sqrt(x))), x)",
      "requested_difficulty": "equivalent",
      "variant": "integrate(sqrt(x) * sqrt(x**(3/2)), x)",
      "reasoning": "As a creative mathematician, I enjoy expressing the nested radicals differently. Writing the nested square roots enables a sequence of transformations.",
      "variant_response": null,
      "verification_passed": null,
      "evaluation": "easier",
      "transformations_used": [
        "exchange similar functions (e.g., sin to cos)",
        "rewrite the integrand in a different form without changing overall complexity",
        "rearrange the order of terms"
      ],
      "solution": null,
      "evaluations": {},
      "timestamp": "2025-02-10T03:09:50.537828Z"
    },
    {
      "original": "integrate(sqrt(x*sqrt(x*sqrt(x))), x)",
      "requested_difficulty": "equivalent",
      "variant": "integrate((x**(1/2) * (x**(1/2))**(3/2)), x)",
      "reasoning": "A theoretical physicist enjoys representations that may lead to exponential forms. Here, I express the square roots with powers to prepare for potential substitutions.",
      "variant_response": null,
      "verification_passed": null,
      "evaluation": "equivalent",
      "transformations_used": [
        "exchange similar functions (e.g., sin to cos)",
        "rewrite the integrand in a different form without changing overall complexity",
        "rearrange the order of terms"
      ],
      "solution": null,
      "evaluations": {},
      "timestamp": "2025-02-10T03:09:50.711030Z"
    },
    {
      "original": "integrate(sqrt(x*sqrt(x*sqrt(x))), x)",
      "requested_difficulty": "equivalent",
      "variant": "integrate((x**(1/2))**(7/4), x)",
      "reasoning": "As an engineer, my focus is on computations. I realize that breaking down the powers into simpler steps can facilitate numerical evaluations.",
      "variant_response": null,
      "verification_passed": null,
      "evaluation": "easier",
      "transformations_used": [
        "exchange similar functions (e.g., sin to cos)",
        "rewrite the integrand in a different form without changing overall complexity",
        "rearrange the order of terms"
      ],
      "solution": null,
      "evaluations": {},
      "timestamp": "2025-02-10T03:09:50.614123Z"
    }
  ]
]