[
  [
    {
      "original": "integrate((arctan(x)/(1-x**2) + arctanh(x)/(1+x**2)), x)",
      "requested_difficulty": "easier",
      "variant": "integrate((x - x**3/3)/(1 - x**2) + (x + x**3/3)/(1 + x**2), x)",
      "reasoning": "As a calculus professor looking for elegant simplifications, we can replace the arctan and arctanh with their Taylor series expansions around \\(x=0\\) which make the integral more manageable.",
      "evaluation": "easier",
      "extra_verification": null,
      "transformations_used": [
        "eliminate a radical",
        "remove logarithmic terms",
        "reduce the degree of a polynomial",
        "lower a coefficient",
        "change a function to an easier one"
      ],
      "timestamp": "2025-02-05T06:49:32.499390Z"
    },
    {
      "original": "integrate((arctan(x)/(1-x**2) + arctanh(x)/(1+x**2)), x)",
      "requested_difficulty": "easier",
      "variant": "integrate((x - (x**3)/3)/(1-x**2) + (x + (x**3)/3)/(1+x**2), x)",
      "reasoning": "The student who enjoys polynomials might consider approximating arctan and arctanh with polynomials, allowing us to work with more straightforward terms.",
      "evaluation": "easier",
      "extra_verification": null,
      "transformations_used": [
        "eliminate a radical",
        "remove logarithmic terms",
        "reduce the degree of a polynomial",
        "lower a coefficient",
        "change a function to an easier one"
      ],
      "timestamp": "2025-02-05T06:49:32.580810Z"
    },
    {
      "original": "integrate((arctan(x)/(1-x**2) + arctanh(x)/(1+x**2)), x)",
      "requested_difficulty": "easier",
      "variant": "integrate((log(1+x**2) - log(1-x**2))/(1-x**2), x)",
      "reasoning": "The theoretical physicist suggests expressing the integrand involving hyperbolic functions in terms of exponential forms, which can unfold into simpler integrals.",
      "evaluation": "equivalent",
      "extra_verification": null,
      "transformations_used": [
        "eliminate a radical",
        "remove logarithmic terms",
        "reduce the degree of a polynomial",
        "lower a coefficient",
        "change a function to an easier one"
      ],
      "timestamp": "2025-02-05T06:49:32.551027Z"
    },
    {
      "original": "integrate((arctan(x)/(1-x**2) + arctanh(x)/(1+x**2)), x)",
      "requested_difficulty": "easier",
      "variant": "integrate((x/(1 - x**2) + x/(1 + x**2)), x)",
      "reasoning": "The engineer prefers a computational approach. Let\u2019s modify the functions by using numerical approximations or limiting behavior, avoiding logarithmic complexity.",
      "evaluation": "easier",
      "extra_verification": null,
      "transformations_used": [
        "eliminate a radical",
        "remove logarithmic terms",
        "reduce the degree of a polynomial",
        "lower a coefficient",
        "change a function to an easier one"
      ],
      "timestamp": "2025-02-05T06:49:32.856802Z"
    },
    {
      "original": "integrate((arctan(x)/(1-x**2) + arctanh(x)/(1+x**2)), x)",
      "requested_difficulty": "easier",
      "variant": "integrate((arctan(x)/(1 - x) - arctan(x)/(1 + x)), x)",
      "reasoning": "The number theorist finds it interesting how primes relate to the denominator. Factoring will simplify the integral while reducing the degree of polynomials effectively.",
      "evaluation": "easier",
      "extra_verification": null,
      "transformations_used": [
        "eliminate a radical",
        "remove logarithmic terms",
        "reduce the degree of a polynomial",
        "lower a coefficient",
        "change a function to an easier one"
      ],
      "timestamp": "2025-02-05T06:49:32.750056Z"
    },
    {
      "original": "integrate((arctan(x)/(1-x**2) + arctanh(x)/(1+x**2)), x)",
      "requested_difficulty": "easier",
      "variant": "integrate((arctan(x)/(x**2 - 1) + arctanh(x)/(x**2 + 1)), x)",
      "reasoning": "The creative mathematician considers using calculus of residues by focusing specifically on their poles and simplifying the integral accordingly.",
      "evaluation": "equivalent",
      "extra_verification": null,
      "transformations_used": [
        "eliminate a radical",
        "remove logarithmic terms",
        "reduce the degree of a polynomial",
        "lower a coefficient",
        "change a function to an easier one"
      ],
      "timestamp": "2025-02-05T06:49:32.593681Z"
    },
    {
      "original": "integrate((arctan(x)/(1-x**2) + arctanh(x)/(1+x**2)), x)",
      "requested_difficulty": "easier",
      "variant": "integrate(1/(1+x**2)*(arctan(x) + arctanh(x)), x)",
      "reasoning": "The student who favors rational functions sees a chance to rewrite the ambitious combination as a sum of simpler rational functions, which allows gradual integration.",
      "evaluation": "easier",
      "extra_verification": null,
      "transformations_used": [
        "eliminate a radical",
        "remove logarithmic terms",
        "reduce the degree of a polynomial",
        "lower a coefficient",
        "change a function to an easier one"
      ],
      "timestamp": "2025-02-05T06:49:32.553625Z"
    },
    {
      "original": "integrate((arctan(x)/(1-x**2) + arctanh(x)/(1+x**2)), x)",
      "requested_difficulty": "easier",
      "variant": "integrate((1/(1+x**2))/(1 - x**2) + (1/(1-x**2))/(1 + x**2), x)",
      "reasoning": "The calculus professor identified that the derivative of arctan and arctanh might help us break down the integral more intuitively, changing to their respective forms.",
      "evaluation": "easier",
      "extra_verification": null,
      "transformations_used": [
        "eliminate a radical",
        "remove logarithmic terms",
        "reduce the degree of a polynomial",
        "lower a coefficient",
        "change a function to an easier one"
      ],
      "timestamp": "2025-02-05T06:49:33.020617Z"
    },
    {
      "original": "integrate((arctan(x)/(1-x**2) + arctanh(x)/(1+x**2)), x)",
      "requested_difficulty": "easier",
      "variant": "integrate(arctan(x)/(1-x**2), x)",
      "reasoning": "As a calculus professor focused on simplifications, I suggest removing the arctanh term which complicates things significantly.",
      "evaluation": "easier",
      "extra_verification": null,
      "transformations_used": [
        "remove a complicated term",
        "remove logarithmic terms",
        "remove nested functions"
      ],
      "timestamp": "2025-02-05T06:49:43.847363Z"
    },
    {
      "original": "integrate((arctan(x)/(1-x**2) + arctanh(x)/(1+x**2)), x)",
      "requested_difficulty": "easier",
      "variant": "integrate(arctan(x)/(1-x**2) + (1/2)*log((1+x)/(1-x))/(1+x**2), x)",
      "reasoning": "A creative mathematician would focus on simpler substitutions, so I\u2019ll replace arctanh with its equivalent fraction to streamline calculations.",
      "evaluation": "easier",
      "extra_verification": null,
      "transformations_used": [
        "remove a complicated term",
        "remove logarithmic terms",
        "remove nested functions"
      ],
      "timestamp": "2025-02-05T06:49:44.145626Z"
    },
    {
      "original": "integrate((arctan(x)/(1-x**2) + arctanh(x)/(1+x**2)), x)",
      "requested_difficulty": "equivalent",
      "variant": "integrate(diff(arctan(x), x)",
      "reasoning": "As a student who favors polynomials, I will try to factor both \\( arctan \\) and \\( arctanh \\) into polynomial-like expressions via differentiation and integration identities\u2014this keeps complexity while simplifying the expressions slightly.",
      "evaluation": "easier",
      "extra_verification": null,
      "transformations_used": [
        "rewrite the integrand in a different form without changing overall complexity",
        "apply algebraic identities that preserve complexity",
        "alter constant terms",
        "rewrite using alternate algebraic forms",
        "substitute equivalent exponential forms"
      ],
      "timestamp": "2025-02-05T06:49:36.394607Z"
    },
    {
      "original": "integrate((arctan(x)/(1-x**2) + arctanh(x)/(1+x**2)), x)",
      "requested_difficulty": "equivalent",
      "variant": "integrate((x/(1+x**2) / (1-x**2) + (x/(2-x**2))/(1+x**2)), x)",
      "reasoning": "As a calculative engineer, I prefer working with rational approximations. I will represent the arctangent and arctanh as fraction polynomials which are approximations of the original functions.",
      "evaluation": "easier",
      "extra_verification": null,
      "transformations_used": [
        "rewrite the integrand in a different form without changing overall complexity",
        "apply algebraic identities that preserve complexity",
        "alter constant terms",
        "rewrite using alternate algebraic forms",
        "substitute equivalent exponential forms"
      ],
      "timestamp": "2025-02-05T06:49:30.734870Z"
    },
    {
      "original": "integrate((arctan(x)/(1-x**2) + arctanh(x)/(1+x**2)), x)",
      "requested_difficulty": "equivalent",
      "variant": "integrate((1/2) * (arctan(x) + arctanh(x))/(1 - x**2), x)",
      "reasoning": "Embracing geometry, I can represent arctan and arctanh using geometric interpretations, linking them to areas in specific geometric configurations to derive a new form of the integral.",
      "evaluation": "easier",
      "extra_verification": null,
      "transformations_used": [
        "rearrange the order of terms",
        "rewrite using alternate algebraic forms",
        "adjust parameters while keeping the integral equivalent"
      ],
      "timestamp": "2025-02-05T06:49:46.059323Z"
    },
    {
      "original": "integrate((arctan(x)/(1-x**2) + arctanh(x)/(1+x**2)), x)",
      "requested_difficulty": "equivalent",
      "variant": "integrate((arctan(x)/(1 - x**2) + arctanh(-x)/(1 + (-x)**2)), x)",
      "reasoning": "As a theoretical physicist, I want to use even and odd functions more effectively. I will break apart the components into even and odd parts to create a new, yet equivalent integral.",
      "evaluation": "equivalent",
      "extra_verification": null,
      "transformations_used": [
        "rearrange the order of terms",
        "rewrite using alternate algebraic forms",
        "adjust parameters while keeping the integral equivalent"
      ],
      "timestamp": "2025-02-05T06:49:46.078386Z"
    }
  ],
  [
    {
      "original": "integrate(1-e**(-x), x)",
      "requested_difficulty": "easier",
      "variant": "integrate(1, x)",
      "reasoning": "As a calculus professor who loves elegant simplifications, I can prefer to rewrite the expression in a more manageable form by separating the integral into two parts. This exposes the structure more clearly.",
      "evaluation": "easier",
      "extra_verification": null,
      "transformations_used": [
        "eliminate a radical",
        "convert a product to a simpler sum",
        "remove nested functions",
        "remove a complicated term",
        "reduce the degree of a polynomial"
      ],
      "timestamp": "2025-02-05T06:49:31.052728Z"
    },
    {
      "original": "integrate(1-e**(-x), x)",
      "requested_difficulty": "easier",
      "variant": "integrate(1 - (1 - x + x**2/2), x)",
      "reasoning": "As a student who prefers working with polynomials, I can approximate the exponential function with a polynomial up to a certain degree which simplifies computation yet retains some complexity.",
      "evaluation": "easier",
      "extra_verification": null,
      "transformations_used": [
        "eliminate a radical",
        "convert a product to a simpler sum",
        "remove nested functions",
        "remove a complicated term",
        "reduce the degree of a polynomial"
      ],
      "timestamp": "2025-02-05T06:49:30.894108Z"
    },
    {
      "original": "integrate(1-e**(-x), x)",
      "requested_difficulty": "easier",
      "variant": "integrate(1 - (1/(1 + x)), x)",
      "reasoning": "Theoretical physicists often switch between coordinate systems or forms that make calculations simpler. Here, I can use the identity for \\( e^{-x} \\) and convert this into a form that utilizes standard integrals.",
      "evaluation": "easier",
      "extra_verification": null,
      "transformations_used": [
        "eliminate a radical",
        "convert a product to a simpler sum",
        "remove nested functions",
        "remove a complicated term",
        "reduce the degree of a polynomial"
      ],
      "timestamp": "2025-02-05T06:49:30.936336Z"
    },
    {
      "original": "integrate(1-e**(-x), x)",
      "requested_difficulty": "easier",
      "variant": "integrate(1 - exp(-(x/10)), x)",
      "reasoning": "As an engineer focused on computational efficiency, I might consider breaking down the integral into simple numerical values. Thus, I use discrete approximations.",
      "evaluation": "easier",
      "extra_verification": null,
      "transformations_used": [
        "eliminate a radical",
        "convert a product to a simpler sum",
        "remove nested functions",
        "remove a complicated term",
        "reduce the degree of a polynomial"
      ],
      "timestamp": "2025-02-05T06:49:31.678393Z"
    },
    {
      "original": "integrate(1-e**(-x), x)",
      "requested_difficulty": "easier",
      "variant": "integrate(1 - (1 - x/2 + x**2/12), x)",
      "reasoning": "As a number theorist fascinated by rational coefficients, I can express the exponential term in terms of rational approximations, thus creating a variant that is numerically interesting.",
      "evaluation": "easier",
      "extra_verification": null,
      "transformations_used": [
        "eliminate a radical",
        "convert a product to a simpler sum",
        "remove nested functions",
        "remove a complicated term",
        "reduce the degree of a polynomial"
      ],
      "timestamp": "2025-02-05T06:49:30.939418Z"
    },
    {
      "original": "integrate(1-e**(-x), x)",
      "requested_difficulty": "easier",
      "variant": "integrate(1 - (1 - x + x^2/2 - x^3/6), x)",
      "reasoning": "From the perspective of a student who favors polynomials, I can replace the exponential function with a finite-degree polynomial approximation, allowing easier integration.",
      "evaluation": "easier",
      "extra_verification": null,
      "transformations_used": [
        "drop a subexpression",
        "simplify a trigonometric component",
        "remove logarithmic terms",
        "remove nested functions",
        "change a function to an easier one"
      ],
      "timestamp": "2025-02-05T06:49:25.091456Z"
    },
    {
      "original": "integrate(1-e**(-x), x)",
      "requested_difficulty": "easier",
      "variant": "integrate(1-e**(-2*x), x)",
      "reasoning": "As a theoretical physicist, I like to work with exponential functions and their properties. We can analyze the simpler form with a definite integral from 0 to a constant to manage complexity.",
      "evaluation": "easier",
      "extra_verification": null,
      "transformations_used": [
        "drop a subexpression",
        "simplify a trigonometric component",
        "remove logarithmic terms",
        "remove nested functions",
        "change a function to an easier one"
      ],
      "timestamp": "2025-02-05T06:49:25.170229Z"
    },
    {
      "original": "integrate(1-e**(-x), x)",
      "requested_difficulty": "easier",
      "variant": "integrate(1-(1 if x < 1 else e**(-x)), x)",
      "reasoning": "Speaking as an engineer, I focus on computational methods. Let\u2019s use a piecewise function around the exponential decay, allowing for easier numerical evaluations.",
      "evaluation": "easier",
      "extra_verification": null,
      "transformations_used": [
        "drop a subexpression",
        "simplify a trigonometric component",
        "remove logarithmic terms",
        "remove nested functions",
        "change a function to an easier one"
      ],
      "timestamp": "2025-02-05T06:49:25.226379Z"
    },
    {
      "original": "integrate(1-e**(-x), x)",
      "requested_difficulty": "easier",
      "variant": "integrate(1 - (1/2)*e**(-x), x)",
      "reasoning": "A number theorist often appreciates rational coefficients. I can work with simpler coefficients and constants to manage the integral\u2019s complexity by focusing on rational approximations.",
      "evaluation": "easier",
      "extra_verification": null,
      "transformations_used": [
        "drop a subexpression",
        "simplify a trigonometric component",
        "remove logarithmic terms",
        "remove nested functions",
        "change a function to an easier one"
      ],
      "timestamp": "2025-02-05T06:49:25.168839Z"
    },
    {
      "original": "integrate(1-e**(-x), x)",
      "requested_difficulty": "easier",
      "variant": "integrate((1-x), x)",
      "reasoning": "As a geometry enthusiast, I think of area under curves. By altering the integrand into a linear-like expression, we can better visualize and compute this area.",
      "evaluation": "easier",
      "extra_verification": null,
      "transformations_used": [
        "drop a subexpression",
        "simplify a trigonometric component",
        "remove logarithmic terms",
        "remove nested functions",
        "change a function to an easier one"
      ],
      "timestamp": "2025-02-05T06:49:25.157219Z"
    },
    {
      "original": "integrate(1-e**(-x), x)",
      "requested_difficulty": "equivalent",
      "variant": "integrate(1 - e**(-2*x), x)",
      "reasoning": "As a calculus professor, I appreciate elegant simplifications. By adjusting the coefficient of the exponential term, I can introduce a parameter that still maintains overall equivalence.",
      "evaluation": "easier",
      "extra_verification": null,
      "transformations_used": [
        "change coefficient values slightly",
        "use alternate but equivalent radical forms",
        "distribute terms differently",
        "exchange similar functions (e.g., sin to cos)",
        "rewrite using alternate algebraic forms"
      ],
      "timestamp": "2025-02-05T06:49:31.501626Z"
    },
    {
      "original": "integrate(1-e**(-x), x)",
      "requested_difficulty": "equivalent",
      "variant": "integrate(1 - 0.5 * e**(-x), x)",
      "reasoning": "As an engineer focusing on practical, computational approaches, I'll introduce a practical variable change that simplifies numeric evaluation while retaining full equivalence.",
      "evaluation": "easier",
      "extra_verification": null,
      "transformations_used": [
        "change coefficient values slightly",
        "use alternate but equivalent radical forms",
        "distribute terms differently",
        "exchange similar functions (e.g., sin to cos)",
        "rewrite using alternate algebraic forms"
      ],
      "timestamp": "2025-02-05T06:49:31.503933Z"
    },
    {
      "original": "integrate(1-e**(-x), x)",
      "requested_difficulty": "equivalent",
      "variant": "integrate(1 - 1/3 * e**(-3*x), x)",
      "reasoning": "The number theorist in me loves rational coefficients. I'll introduce a rational scaling of the \\( e^{-x} \\) term while keeping the rest intact.",
      "evaluation": "easier",
      "extra_verification": null,
      "transformations_used": [
        "change coefficient values slightly",
        "use alternate but equivalent radical forms",
        "distribute terms differently",
        "exchange similar functions (e.g., sin to cos)",
        "rewrite using alternate algebraic forms"
      ],
      "timestamp": "2025-02-05T06:49:31.597985Z"
    },
    {
      "original": "integrate(1-e**(-x), x)",
      "requested_difficulty": "equivalent",
      "variant": "integrate(1 - (1/(1 + e**(-x))), x)",
      "reasoning": "Embracing a geometry enthusiast's perspective, I want to relate the integral to geometric shapes. The area interpretation leads me to treat linear terms as constants over transformations.",
      "evaluation": "easier",
      "extra_verification": null,
      "transformations_used": [
        "change coefficient values slightly",
        "use alternate but equivalent radical forms",
        "distribute terms differently",
        "exchange similar functions (e.g., sin to cos)",
        "rewrite using alternate algebraic forms"
      ],
      "timestamp": "2025-02-05T06:49:31.559723Z"
    },
    {
      "original": "integrate(1-e**(-x), x)",
      "requested_difficulty": "equivalent",
      "variant": "integrate(1 - (e**(-x)/e**(-x)), x)",
      "reasoning": "A calculus professor would note that we can factor or distribute terms to create a different perspective on the same integral expression, allowing for a change in complexity.",
      "evaluation": "equivalent",
      "extra_verification": null,
      "transformations_used": [
        "change coefficient values slightly",
        "use alternate but equivalent radical forms",
        "distribute terms differently",
        "exchange similar functions (e.g., sin to cos)",
        "rewrite using alternate algebraic forms"
      ],
      "timestamp": "2025-02-05T06:49:31.815548Z"
    },
    {
      "original": "integrate(1-e**(-x), x)",
      "requested_difficulty": "equivalent",
      "variant": "integrate((1 - e**(-x) + e**(-x)), x)",
      "reasoning": "As a creative mathematician, I can express the integral by distributing and rearranging terms creatively while maintaining their relationships, fostering new insights during evaluation.",
      "evaluation": "equivalent",
      "extra_verification": null,
      "transformations_used": [
        "change coefficient values slightly",
        "use alternate but equivalent radical forms",
        "distribute terms differently",
        "exchange similar functions (e.g., sin to cos)",
        "rewrite using alternate algebraic forms"
      ],
      "timestamp": "2025-02-05T06:49:31.537236Z"
    },
    {
      "original": "integrate(1-e**(-x), x)",
      "requested_difficulty": "equivalent",
      "variant": "integrate(1 - (e**(-x)) * 1, x)",
      "reasoning": "As a calculus professor, I appreciate the beauty of subtle transformations. Here, I will factor out 1 from the expression to highlight the exponential decay in a different way.",
      "evaluation": "equivalent",
      "extra_verification": null,
      "transformations_used": [
        "change coefficient values slightly",
        "use alternate but equivalent radical forms",
        "factor common terms differently"
      ],
      "timestamp": "2025-02-05T06:49:29.263581Z"
    },
    {
      "original": "integrate(1-e**(-x), x)",
      "requested_difficulty": "equivalent",
      "variant": "integrate(2 - 2*e**(-x), x)",
      "reasoning": "As a number theorist fascinated by primes, I will alter coefficients slightly. For example, I can multiply the entire integrand by a small prime like 2 while maintaining its structure.",
      "evaluation": "equivalent",
      "extra_verification": null,
      "transformations_used": [
        "change coefficient values slightly",
        "use alternate but equivalent radical forms",
        "factor common terms differently"
      ],
      "timestamp": "2025-02-05T06:49:29.016309Z"
    },
    {
      "original": "integrate(1-e**(-x), x)",
      "requested_difficulty": "equivalent",
      "variant": "integrate(1 - e**(-2*x)/2, x)",
      "reasoning": "As a geometry enthusiast, I focus on transformations. Here, I see that the shift in the function\u2019s range can be illustrated by scaling the variable \\( x \\) in the argument of the exponential.",
      "evaluation": "easier",
      "extra_verification": null,
      "transformations_used": [
        "change coefficient values slightly",
        "use alternate but equivalent radical forms",
        "factor common terms differently"
      ],
      "timestamp": "2025-02-05T06:49:28.846946Z"
    },
    {
      "original": "integrate(1-e**(-x), x)",
      "requested_difficulty": "equivalent",
      "variant": "integrate((1) * (1 - e**(-x)), x)",
      "reasoning": "As a calculus professor, I also enjoy the power of integration by parts. Let\u2019s split the integral into a product to explore its nuances.",
      "evaluation": "equivalent",
      "extra_verification": null,
      "transformations_used": [
        "change coefficient values slightly",
        "use alternate but equivalent radical forms",
        "factor common terms differently"
      ],
      "timestamp": "2025-02-05T06:49:29.079252Z"
    }
  ],
  [
    {
      "original": "integrate((2*x**3 - 1)/(x*(x**3+1)), x)",
      "requested_difficulty": "easier",
      "variant": "integrate((2*x**3 - 1)/(x*(x**3 + 1)), x)",
      "reasoning": "As a calculus professor, I consider simplifying the expression. By breaking the fraction into partial fractions, I can explore simpler components to integrate.",
      "evaluation": "equivalent",
      "extra_verification": null,
      "transformations_used": [
        "remove logarithmic terms",
        "simplify the denominator",
        "simplify a trigonometric component"
      ],
      "timestamp": "2025-02-05T06:49:28.815180Z"
    },
    {
      "original": "integrate((2*x**3 - 1)/(x*(x**3+1)), x)",
      "requested_difficulty": "easier",
      "variant": "integrate((2*x**3 - 1)/(x**4 + x), x)",
      "reasoning": "As a student favoring polynomials, I can manipulate the powers involved. Rewriting the integral after expanding and simplifying can help in managing it more fruitfully.",
      "evaluation": "easier",
      "extra_verification": null,
      "transformations_used": [
        "remove logarithmic terms",
        "simplify the denominator",
        "simplify a trigonometric component"
      ],
      "timestamp": "2025-02-05T06:49:28.929483Z"
    },
    {
      "original": "integrate((2*x**3 - 1)/(x*(x**3+1)), x)",
      "requested_difficulty": "easier",
      "variant": "integrate((2*x*(x**2 - (1/2)))/(x**2 + 1), x)",
      "reasoning": "The engineer in me sees potential in computational approaches. Reducing the polynomial degree can ease the computational burden while still keeping the core challenge intact.",
      "evaluation": "easier",
      "extra_verification": null,
      "transformations_used": [
        "remove logarithmic terms",
        "simplify the denominator",
        "simplify a trigonometric component"
      ],
      "timestamp": "2025-02-05T06:49:28.849776Z"
    },
    {
      "original": "integrate((2*x**3 - 1)/(x*(x**3+1)), x)",
      "requested_difficulty": "easier",
      "variant": "integrate((2*x - 1/x)/(x + 1/x), x)",
      "reasoning": "A number theorist would look more judiciously at the factors of the denominator, focusing on rational coefficients. This perspective leads me to explore integrating a simpler rational expression.",
      "evaluation": "easier",
      "extra_verification": null,
      "transformations_used": [
        "remove logarithmic terms",
        "simplify the denominator",
        "simplify a trigonometric component"
      ],
      "timestamp": "2025-02-05T06:49:28.976007Z"
    },
    {
      "original": "integrate((2*x**3 - 1)/(x*(x**3+1)), x)",
      "requested_difficulty": "easier",
      "variant": "integrate((2*(x**3 - 1))/(x*(x + 1)**2), x)",
      "reasoning": "As a geometry enthusiast, I can think geometrically and consider a geometric interpretation of the integrals. This helps motivate a change of variable that visualizes the areas involved.",
      "evaluation": "easier",
      "extra_verification": null,
      "transformations_used": [
        "remove logarithmic terms",
        "simplify the denominator",
        "simplify a trigonometric component"
      ],
      "timestamp": "2025-02-05T06:49:28.800615Z"
    },
    {
      "original": "integrate((2*x**3 - 1)/(x*(x**3+1)), x)",
      "requested_difficulty": "easier",
      "variant": "integrate((2*(x**2) - 1)/(x**2*(x+1)**2), x)",
      "reasoning": "A calculative persona would recognize the presence of square terms in the denominator; restructuring it to a form more amenable for completing the square simplifies the integration.",
      "evaluation": "easier",
      "extra_verification": null,
      "transformations_used": [
        "remove logarithmic terms",
        "simplify the denominator",
        "simplify a trigonometric component"
      ],
      "timestamp": "2025-02-05T06:49:28.924690Z"
    },
    {
      "original": "integrate((2*x**3 - 1)/(x*(x**3+1)), x)",
      "requested_difficulty": "easier",
      "variant": "integrate((2*(x - 1/2))/(x*(x + 1)), x)",
      "reasoning": "As a creative mathematician again, I spot that we can implore symmetry in the system with transformations of rational functions involving simple roots to highlight simpler structures.",
      "evaluation": "easier",
      "extra_verification": null,
      "transformations_used": [
        "remove logarithmic terms",
        "simplify the denominator",
        "simplify a trigonometric component"
      ],
      "timestamp": "2025-02-05T06:49:28.801802Z"
    },
    {
      "original": "integrate((2*x**3 - 1)/(x*(x**3+1)), x)",
      "requested_difficulty": "easier",
      "variant": "integrate(2*x**2 - 2/(x**3+1), x)",
      "reasoning": "As a calculus professor who loves elegant simplifications, I see an opportunity to perform polynomial long division on the original expression to simplify it before integrating. This can yield a simpler integral.",
      "evaluation": "easier",
      "extra_verification": null,
      "transformations_used": [
        "reduce the number of terms in the expression",
        "reduce the degree of a polynomial",
        "simplify the denominator"
      ],
      "timestamp": "2025-02-05T06:49:29.670196Z"
    },
    {
      "original": "integrate((2*x**3 - 1)/(x*(x**3+1)), x)",
      "requested_difficulty": "easier",
      "variant": "integrate((2*(x**2) - (1/x))/(x**2 + 1), x)",
      "reasoning": "Viewing it as a student focused on working with simpler polynomials, I can factor out simpler terms and rewrite the numerator to reduce its degree.",
      "evaluation": "easier",
      "extra_verification": null,
      "transformations_used": [
        "reduce the number of terms in the expression",
        "reduce the degree of a polynomial",
        "simplify the denominator"
      ],
      "timestamp": "2025-02-05T06:49:28.933291Z"
    },
    {
      "original": "integrate((2*x**3 - 1)/(x*(x**3+1)), x)",
      "requested_difficulty": "easier",
      "variant": "integrate(x*(2*x**2 - (1/x**3)), x)",
      "reasoning": "The engineer in me prefers numerical analysis. Using numerical methods by approximating the integral around common points can help assess the function's behavior without delving deeply into algebra.",
      "evaluation": "equivalent",
      "extra_verification": null,
      "transformations_used": [
        "reduce the number of terms in the expression",
        "reduce the degree of a polynomial",
        "simplify the denominator"
      ],
      "timestamp": "2025-02-05T06:49:29.137096Z"
    },
    {
      "original": "integrate((2*x**3 - 1)/(x*(x**3+1)), x)",
      "requested_difficulty": "equivalent",
      "variant": "integrate(2*x**2/(x**3 + 1) - 1/(x**3 + 1), x)",
      "reasoning": "As a calculus professor who appreciates elegant simplifications, I will first use polynomial long division to simplify the integrand. The first term in the division gives a cleaner expression, which can be simpler to integrate.",
      "evaluation": "easier",
      "extra_verification": null,
      "transformations_used": [
        "substitute equivalent exponential forms",
        "apply algebraic identities that preserve complexity",
        "change variables while maintaining complexity"
      ],
      "timestamp": "2025-02-05T06:49:32.216230Z"
    },
    {
      "original": "integrate((2*x**3 - 1)/(x*(x**3+1)), x)",
      "requested_difficulty": "equivalent",
      "variant": "integrate((2*x - 1)*(x**2 + x + 1)/(x*(x**3 + 1)), x)",
      "reasoning": "As a student who enjoys working with polynomials, I can factor the numerator as \\(2x^3 - 1 = (2x - 1)(x^2 + x + 1)\\) and observe how the roots influence the integral, giving me a polynomial-focused expression.",
      "evaluation": "easier",
      "extra_verification": null,
      "transformations_used": [
        "substitute equivalent exponential forms",
        "apply algebraic identities that preserve complexity",
        "change variables while maintaining complexity"
      ],
      "timestamp": "2025-02-05T06:49:32.211833Z"
    },
    {
      "original": "integrate((2*x**3 - 1)/(x*(x**3+1)), x)",
      "requested_difficulty": "equivalent",
      "variant": "integrate((2*(1/x)**3 - 1)/(1/(x*(1/x**3 + 1))), x)",
      "reasoning": "As a geometry enthusiast, I will focus on the geometric transformations associated with rational functions. Thus, I will convert \\(x\\) by reflecting it about roots for an insightful view of the integrand.",
      "evaluation": "equivalent",
      "extra_verification": null,
      "transformations_used": [
        "substitute equivalent exponential forms",
        "apply algebraic identities that preserve complexity",
        "change variables while maintaining complexity"
      ],
      "timestamp": "2025-02-05T06:49:32.306367Z"
    },
    {
      "original": "integrate((2*x**3 - 1)/(x*(x**3+1)), x)",
      "requested_difficulty": "equivalent",
      "variant": "integrate((2*x**3 - 1)/(x*((x + 1)*(x**2 - x + 1))), x)",
      "reasoning": "The engineer favors practical approaches. I will factor the denominator \\(x^3 + 1\\) into a product of linear factors and handle the integral via partial fractions to determine the proper construction of the function.",
      "evaluation": "equivalent",
      "extra_verification": null,
      "transformations_used": [
        "substitute equivalent exponential forms",
        "apply algebraic identities that preserve complexity",
        "change variables while maintaining complexity"
      ],
      "timestamp": "2025-02-05T06:49:32.197267Z"
    },
    {
      "original": "integrate((2*x**3 - 1)/(x*(x**3+1)), x)",
      "requested_difficulty": "equivalent",
      "variant": "integrate((A/x + (Bx + C)/(x**3 + 1)), x)",
      "reasoning": "As a calculus professor, I love to use partial fraction decomposition to simplify integrals and analyze the behavior of the function. It helps to rewrite the integrand in a more manageable form.",
      "evaluation": "easier",
      "extra_verification": null,
      "transformations_used": [
        "exchange similar functions (e.g., sin to cos)",
        "substitute equivalent exponential forms",
        "alter constant terms"
      ],
      "timestamp": "2025-02-05T06:49:26.113130Z"
    },
    {
      "original": "integrate((2*x**3 - 1)/(x*(x**3+1)), x)",
      "requested_difficulty": "equivalent",
      "variant": "integrate(((2*x**3)/(x*(x**3 + 1))) - (1/(x*(x**3 + 1))), x)",
      "reasoning": "Embracing the spirit of creative mathematics, I see that I can rearrange the numerator to reveal interesting patterns and cancellations. Factoring allows us greater insight into the components.",
      "evaluation": "easier",
      "extra_verification": null,
      "transformations_used": [
        "exchange similar functions (e.g., sin to cos)",
        "substitute equivalent exponential forms",
        "alter constant terms"
      ],
      "timestamp": "2025-02-05T06:49:26.463034Z"
    },
    {
      "original": "integrate((2*x**3 - 1)/(x*(x**3+1)), x)",
      "requested_difficulty": "equivalent",
      "variant": "integrate(((2*x**4 - x)/(x**2*(x**3 + 1))), x)",
      "reasoning": "As a student enamored with polynomials, I recognize that I can express the numerator in terms of simpler polynomial functions, retaining the complexity of the integral while disguising it a bit.",
      "evaluation": "equivalent",
      "extra_verification": null,
      "transformations_used": [
        "exchange similar functions (e.g., sin to cos)",
        "substitute equivalent exponential forms",
        "alter constant terms"
      ],
      "timestamp": "2025-02-05T06:49:26.122592Z"
    },
    {
      "original": "integrate((2*x**3 - 1)/(x*(x**3+1)), x)",
      "requested_difficulty": "equivalent",
      "variant": "integrate((2*x**3 - 1)/(x*((x**3) + 1)), x)",
      "reasoning": "I enjoy geometric transformations, and rewriting the expression in terms of shifts and scalings often reveals deeper connections. Thus, I can rewrite components based on half-angle identities.",
      "evaluation": "equivalent",
      "extra_verification": null,
      "transformations_used": [
        "exchange similar functions (e.g., sin to cos)",
        "substitute equivalent exponential forms",
        "alter constant terms"
      ],
      "timestamp": "2025-02-05T06:49:26.148576Z"
    }
  ],
  [
    {
      "original": "integrate(1/(x**2 - 2*x + 3), x)",
      "requested_difficulty": "easier",
      "variant": "integrate(1/((x - 1)**2 + 2), x)",
      "reasoning": "As a calculus professor, I prefer to complete the square in the denominator. This will lead to a simpler form that can be integrated using arctangent functions.",
      "evaluation": "equivalent",
      "extra_verification": null,
      "transformations_used": [
        "convert a product to a simpler sum",
        "drop a subexpression",
        "eliminate absolute value terms"
      ],
      "timestamp": "2025-02-05T06:49:40.932765Z"
    },
    {
      "original": "integrate(1/(x**2 - 2*x + 3), x)",
      "requested_difficulty": "easier",
      "variant": "integrate(1/(x**2 - 2*x + 3), x)",
      "reasoning": "As a student focusing on polynomials, I notice that the quadratic can be simplified using partial fraction decomposition if we introduce a linear factor.",
      "evaluation": "equivalent",
      "extra_verification": null,
      "transformations_used": [
        "convert a product to a simpler sum",
        "drop a subexpression",
        "eliminate absolute value terms"
      ],
      "timestamp": "2025-02-05T06:49:41.086416Z"
    },
    {
      "original": "integrate(1/(x**2 - 2*x + 3), x)",
      "requested_difficulty": "easier",
      "variant": "integrate(exp(-((x-1)**2)/2)/sqrt(2*pi), x)",
      "reasoning": "As a theoretical physicist, I can express the integrand in terms of exponential functions, exploiting the relationship between exponentials and complex numbers.",
      "evaluation": "easier",
      "extra_verification": null,
      "transformations_used": [
        "convert a product to a simpler sum",
        "drop a subexpression",
        "eliminate absolute value terms"
      ],
      "timestamp": "2025-02-05T06:49:41.047628Z"
    },
    {
      "original": "integrate(1/(x**2 - 2*x + 3), x)",
      "requested_difficulty": "easier",
      "variant": "integrate(1/(x**2 + 3), x)",
      "reasoning": "As a number theorist, I am fascinated by the manipulation of rational coefficients. I can modify the expression to involve simpler constants.",
      "evaluation": "easier",
      "extra_verification": null,
      "transformations_used": [
        "convert a product to a simpler sum",
        "drop a subexpression",
        "eliminate absolute value terms"
      ],
      "timestamp": "2025-02-05T06:49:40.964569Z"
    },
    {
      "original": "integrate(1/(x**2 - 2*x + 3), x)",
      "requested_difficulty": "easier",
      "variant": "integrate(1/(x**2 - 2*x + 1 + 2), x)",
      "reasoning": "As a creative mathematician, I can remove constants intelligently while recognizing symmetry, leading to an expression that is still challenging.",
      "evaluation": "equivalent",
      "extra_verification": null,
      "transformations_used": [
        "convert a product to a simpler sum",
        "drop a subexpression",
        "eliminate absolute value terms"
      ],
      "timestamp": "2025-02-05T06:49:41.064477Z"
    },
    {
      "original": "integrate(1/(x**2 - 2*x + 3), x)",
      "requested_difficulty": "easier",
      "variant": "integrate(1/(2*(1 - (x - 1)**2)/2 + 2), x)",
      "reasoning": "As a calculus professor focused on elegance, I would rewrite the integral using trigonometric identities to express it in a more manageable form.",
      "evaluation": "easier",
      "extra_verification": null,
      "transformations_used": [
        "convert a product to a simpler sum",
        "drop a subexpression",
        "eliminate absolute value terms"
      ],
      "timestamp": "2025-02-05T06:49:40.879519Z"
    },
    {
      "original": "integrate(1/(x**2 - 2*x + 3), x)",
      "requested_difficulty": "easier",
      "variant": "integrate(1/((x-1)**2 + 2), x)",
      "reasoning": "Finally, as an engineer, I will revert to ordinary polynomial roots and shift the variable to find exact or numeric roots instead of focusing on the quadratic.",
      "evaluation": "equivalent",
      "extra_verification": null,
      "transformations_used": [
        "convert a product to a simpler sum",
        "drop a subexpression",
        "eliminate absolute value terms"
      ],
      "timestamp": "2025-02-05T06:49:40.982027Z"
    },
    {
      "original": "integrate(1/(x**2 - 2*x + 3), x)",
      "requested_difficulty": "easier",
      "variant": "integrate(0.5/(x**2 - 2*x + 3), x)",
      "reasoning": "As an engineer, I prefer expressions that yield numerical solutions easily. I will reduce terms and scale down coefficients to make approximations simpler.",
      "evaluation": "easier",
      "extra_verification": null,
      "transformations_used": [
        "simplify the denominator",
        "change a function to an easier one",
        "replace a complex fraction with a simpler one",
        "reduce the number of terms in the expression",
        "lower a coefficient"
      ],
      "timestamp": "2025-02-05T06:49:26.978509Z"
    },
    {
      "original": "integrate(1/(x**2 - 2*x + 3), x)",
      "requested_difficulty": "easier",
      "variant": "integrate(1/(x**2 - 2*x + 2), x)",
      "reasoning": "As a number theorist, I find interesting insights in rational coefficients. I will change the constants to simpler integers while keeping the characteristics of the integral intact.",
      "evaluation": "easier",
      "extra_verification": null,
      "transformations_used": [
        "simplify the denominator",
        "change a function to an easier one",
        "replace a complex fraction with a simpler one",
        "reduce the number of terms in the expression",
        "lower a coefficient"
      ],
      "timestamp": "2025-02-05T06:49:27.294695Z"
    },
    {
      "original": "integrate(1/(x**2 - 2*x + 3), x)",
      "requested_difficulty": "easier",
      "variant": "integrate(1/((x - 1)**2 + 1), x)",
      "reasoning": "A geometry enthusiast appreciates transformations. By substituting with geometric interpretations, such as adding a certain constant to facilitate circular forms, I transform the expression.",
      "evaluation": "easier",
      "extra_verification": null,
      "transformations_used": [
        "simplify the denominator",
        "change a function to an easier one",
        "replace a complex fraction with a simpler one",
        "reduce the number of terms in the expression",
        "lower a coefficient"
      ],
      "timestamp": "2025-02-05T06:49:26.998050Z"
    },
    {
      "original": "integrate(1/(x**2 - 2*x + 3), x)",
      "requested_difficulty": "equivalent",
      "variant": "integrate(1/(2 * (1 + (x - 1)**2 / 2)), x)",
      "reasoning": "As a theoretical physicist who enjoys exponential forms, I can relate this integral to trigonometric forms by letting \\( x - 1 = \\sqrt{2} \\tan(\\theta) \\). This transforms the integral into an expression in terms of \\(\\sec^2(\\theta)\\).",
      "evaluation": "easier",
      "extra_verification": null,
      "transformations_used": [
        "rewrite using different logarithmic properties",
        "exchange similar functions (e.g., sin to cos)",
        "rewrite the integrand in a different form without changing overall complexity",
        "adjust parameters while keeping the integral equivalent",
        "use alternate but equivalent radical forms"
      ],
      "timestamp": "2025-02-05T06:49:31.071834Z"
    },
    {
      "original": "integrate(1/(x**2 - 2*x + 3), x)",
      "requested_difficulty": "equivalent",
      "variant": "integrate(1/(1 + (x - 1)**2 / 2), x)",
      "reasoning": "As an engineer focused on practical computational approaches, I would suggest using the integral\u2019s structure to present it in a form that is conducive to numerical methods. This way, we can have a simple factorization that is computationally viable.",
      "evaluation": "easier",
      "extra_verification": null,
      "transformations_used": [
        "rewrite using different logarithmic properties",
        "exchange similar functions (e.g., sin to cos)",
        "rewrite the integrand in a different form without changing overall complexity",
        "adjust parameters while keeping the integral equivalent",
        "use alternate but equivalent radical forms"
      ],
      "timestamp": "2025-02-05T06:49:31.228526Z"
    },
    {
      "original": "integrate(1/(x**2 - 2*x + 3), x)",
      "requested_difficulty": "equivalent",
      "variant": "integrate(1/(2 + (x**2 - 2*x + 1)), x)",
      "reasoning": "As a number theorist fascinated by prime numbers, I will look at the structure of the constants in the integral. I can bring in factors of 2 to explore the form in an alternative mathematical way.",
      "evaluation": "easier",
      "extra_verification": null,
      "transformations_used": [
        "rewrite using different logarithmic properties",
        "exchange similar functions (e.g., sin to cos)",
        "rewrite the integrand in a different form without changing overall complexity",
        "adjust parameters while keeping the integral equivalent",
        "use alternate but equivalent radical forms"
      ],
      "timestamp": "2025-02-05T06:49:31.058488Z"
    },
    {
      "original": "integrate(1/(x**2 - 2*x + 3), x)",
      "requested_difficulty": "equivalent",
      "variant": "integrate(1/(sqrt((x - 1)**2 + 2**2)), x)",
      "reasoning": "As a geometry enthusiast thinking in terms of geometric transformations, I see the original integrand can be interpreted as a distance in space. Changing the base reflects the distance from the point (1,0).",
      "evaluation": "easier",
      "extra_verification": null,
      "transformations_used": [
        "rewrite using different logarithmic properties",
        "exchange similar functions (e.g., sin to cos)",
        "rewrite the integrand in a different form without changing overall complexity",
        "adjust parameters while keeping the integral equivalent",
        "use alternate but equivalent radical forms"
      ],
      "timestamp": "2025-02-05T06:49:31.564290Z"
    },
    {
      "original": "integrate(1/(x**2 - 2*x + 3), x)",
      "requested_difficulty": "equivalent",
      "variant": "integrate((1/2)*4/(x**2 - 2*x + 3), x)",
      "reasoning": "As a student who prefers working with polynomials, I\u2019ll utilize the method of partial fractions, treating the denominator as a sum of squares and constants, offering a polynomial perspective.",
      "evaluation": "equivalent",
      "extra_verification": null,
      "transformations_used": [
        "rewrite using different logarithmic properties",
        "exchange similar functions (e.g., sin to cos)",
        "rewrite the integrand in a different form without changing overall complexity",
        "adjust parameters while keeping the integral equivalent",
        "use alternate but equivalent radical forms"
      ],
      "timestamp": "2025-02-05T06:49:31.172824Z"
    },
    {
      "original": "integrate(1/(x**2 - 2*x + 3), x)",
      "requested_difficulty": "equivalent",
      "variant": "integrate(1/(1 + ((x - 1)/sqrt(2))**2), x)",
      "reasoning": "Adopting the persona of a calculus professor, I see that we can manipulate the integrand further to group constants and create a form involving inverse trigonometric functions.",
      "evaluation": "easier",
      "extra_verification": null,
      "transformations_used": [
        "rewrite using different logarithmic properties",
        "exchange similar functions (e.g., sin to cos)",
        "rewrite the integrand in a different form without changing overall complexity",
        "adjust parameters while keeping the integral equivalent",
        "use alternate but equivalent radical forms"
      ],
      "timestamp": "2025-02-05T06:49:31.067850Z"
    },
    {
      "original": "integrate(1/(x**2 - 2*x + 3), x)",
      "requested_difficulty": "equivalent",
      "variant": "integrate(1/(1 + ((x-1)**2)/2), x)",
      "reasoning": "As a student focusing on polynomials and rational functions, I want to rewrite the integrand a bit differently by using polynomial long division or partial fraction decomposition if applicable. Even though there is no decomposition here, we can express it as \\(1/(1 + ((x-1)^2)/2)\\).",
      "evaluation": "easier",
      "extra_verification": null,
      "transformations_used": [
        "rewrite the integrand in a different form without changing overall complexity",
        "swap numerator and denominator with reciprocal",
        "apply algebraic identities that preserve complexity",
        "rearrange the order of terms",
        "rewrite using different logarithmic properties"
      ],
      "timestamp": "2025-02-05T06:49:27.728684Z"
    },
    {
      "original": "integrate(1/(x**2 - 2*x + 3), x)",
      "requested_difficulty": "equivalent",
      "variant": "integrate(1/(2 + x^2 - 2x), x)",
      "reasoning": "As the engineer focusing on practical approaches, I identify that rational function can be rewritten, maintaining its complexity by rationalizing the denominator directly.",
      "evaluation": "equivalent",
      "extra_verification": null,
      "transformations_used": [
        "rewrite the integrand in a different form without changing overall complexity",
        "swap numerator and denominator with reciprocal",
        "apply algebraic identities that preserve complexity",
        "rearrange the order of terms",
        "rewrite using different logarithmic properties"
      ],
      "timestamp": "2025-02-05T06:49:27.889445Z"
    },
    {
      "original": "integrate(1/(x**2 - 2*x + 3), x)",
      "requested_difficulty": "equivalent",
      "variant": "integrate(1/((x-1 + sqrt(2))(x-1 - sqrt(2))), x)",
      "reasoning": "From the number theorist point of view, I consider the polynomial in terms of transformations involving its roots, translating it into a form of rational coefficients.",
      "evaluation": "equivalent",
      "extra_verification": null,
      "transformations_used": [
        "rewrite the integrand in a different form without changing overall complexity",
        "swap numerator and denominator with reciprocal",
        "apply algebraic identities that preserve complexity",
        "rearrange the order of terms",
        "rewrite using different logarithmic properties"
      ],
      "timestamp": "2025-02-05T06:49:27.932562Z"
    },
    {
      "original": "integrate(1/(x**2 - 2*x + 3), x)",
      "requested_difficulty": "equivalent",
      "variant": "integrate(1/(x^2 - 2*x + 3), x)",
      "reasoning": "By reordering the terms in the denominator, while keeping its quadratic nature, I retain the overall complexity of the integral, exposing different algebraic relationships.",
      "evaluation": "equivalent",
      "extra_verification": null,
      "transformations_used": [
        "rewrite the integrand in a different form without changing overall complexity",
        "swap numerator and denominator with reciprocal",
        "apply algebraic identities that preserve complexity",
        "rearrange the order of terms",
        "rewrite using different logarithmic properties"
      ],
      "timestamp": "2025-02-05T06:49:27.819760Z"
    }
  ],
  [
    {
      "original": "integrate(1/(tan(x)**(sqrt(2020)) + 1), x)",
      "requested_difficulty": "easier",
      "variant": "integrate(1/(tan(x)**2 + 1), x)",
      "reasoning": "From a calculus professor's perspective, I enjoy finding patterns that make integration easier. By dropping the radical for simplicity and substituting \\( \\tan(x) \\approx x \\) for small \\( x \\), we can simplify the expression.",
      "evaluation": "easier",
      "extra_verification": null,
      "transformations_used": [
        "drop a subexpression",
        "remove a complicated term",
        "change a function to an easier one",
        "remove a factor",
        "eliminate a radical"
      ],
      "timestamp": "2025-02-05T06:49:28.069774Z"
    },
    {
      "original": "integrate(1/(tan(x)**(sqrt(2020)) + 1), x)",
      "requested_difficulty": "easier",
      "variant": "integrate(1/(x**2 + 1), x)",
      "reasoning": "As a student focused on polynomials, I am intrigued by polynomial-like behavior. Instead of dealing with \\( \\tan(x) \\), let's replace it with a simpler polynomial approximation for small angles.",
      "evaluation": "easier",
      "extra_verification": null,
      "transformations_used": [
        "drop a subexpression",
        "remove a complicated term",
        "change a function to an easier one",
        "remove a factor",
        "eliminate a radical"
      ],
      "timestamp": "2025-02-05T06:49:28.364010Z"
    },
    {
      "original": "integrate(1/(tan(x)**(sqrt(2020)) + 1), x)",
      "requested_difficulty": "easier",
      "variant": "integrate(1/(sec(x)**2 + 1), x)",
      "reasoning": "A theoretical physicist enjoys using trigonometric forms. I can drop the radical and use \\( \\sec^2(x) \\) instead of \\( tan(x) \\) to simplify the integral.",
      "evaluation": "easier",
      "extra_verification": null,
      "transformations_used": [
        "drop a subexpression",
        "remove a complicated term",
        "change a function to an easier one",
        "remove a factor",
        "eliminate a radical"
      ],
      "timestamp": "2025-02-05T06:49:27.954197Z"
    },
    {
      "original": "integrate(1/(tan(x)**(sqrt(2020)) + 1), x)",
      "requested_difficulty": "easier",
      "variant": "integrate(cos(x)/(sin(x)**(sqrt(2020)) + cos(x)), x)",
      "reasoning": "As a number theorist fascinated by rational coefficients, I can utilize the identity \\( tan(x) = \\frac{\\sin(x)}{\\cos(x)} \\) and focus only on rational trigonometric functions to make it simpler.",
      "evaluation": "equivalent",
      "extra_verification": null,
      "transformations_used": [
        "drop a subexpression",
        "remove a complicated term",
        "change a function to an easier one",
        "remove a factor",
        "eliminate a radical"
      ],
      "timestamp": "2025-02-05T06:49:28.110821Z"
    },
    {
      "original": "integrate(1/(tan(x)**(sqrt(2020)) + 1), x)",
      "requested_difficulty": "easier",
      "variant": "integrate(1/(sin(x)**2/(cos(x)**2) + 1), x)",
      "reasoning": "As a geometric enthusiast, I think about transformations that retain structure yet simplify computation. I transform \\( \\tan(x) \\) using \\( t = \\tan(x) \\) and express it as a function of an angle.",
      "evaluation": "easier",
      "extra_verification": null,
      "transformations_used": [
        "drop a subexpression",
        "remove a complicated term",
        "change a function to an easier one",
        "remove a factor",
        "eliminate a radical"
      ],
      "timestamp": "2025-02-05T06:49:28.127618Z"
    },
    {
      "original": "integrate(1/(tan(x)**(sqrt(2020)) + 1), x)",
      "requested_difficulty": "easier",
      "variant": "integrate(1/(tan(x) + 1), x)",
      "reasoning": "Emphasizing elegant simplifications as a calculus professor, I can leverage the reduction of \\( tan(x) \\) to its leading order term and drop the radical to focus on the primary behavior.",
      "evaluation": "easier",
      "extra_verification": null,
      "transformations_used": [
        "drop a subexpression",
        "remove a complicated term",
        "change a function to an easier one",
        "remove a factor",
        "eliminate a radical"
      ],
      "timestamp": "2025-02-05T06:49:28.394733Z"
    },
    {
      "original": "integrate(1/(tan(x)**(sqrt(2020)) + 1), x)",
      "requested_difficulty": "easier",
      "variant": "integrate(1/(cot(x)**2 + 1), x)",
      "reasoning": "As a creative mathematician, sometimes visualizing the integral transformation can help simplify things. Instead of \\( tan(x) \\), I use the cotangent which leads to easier limits.",
      "evaluation": "easier",
      "extra_verification": null,
      "transformations_used": [
        "drop a subexpression",
        "remove a complicated term",
        "change a function to an easier one",
        "remove a factor",
        "eliminate a radical"
      ],
      "timestamp": "2025-02-05T06:49:28.050942Z"
    },
    {
      "original": "integrate(1/(tan(x)**(sqrt(2020)) + 1), x)",
      "requested_difficulty": "easier",
      "variant": "integrate(1/(tan(x)**(2) + 1), x)",
      "reasoning": "As a calculus professor, I appreciate elegant simplifications, so let's consider reducing the exponent for the tangent function for a clearer path to integration.",
      "evaluation": "easier",
      "extra_verification": null,
      "transformations_used": [
        "remove a factor",
        "drop a subexpression",
        "reduce the degree of a polynomial"
      ],
      "timestamp": "2025-02-05T06:49:33.796456Z"
    },
    {
      "original": "integrate(1/(tan(x)**(sqrt(2020)) + 1), x)",
      "requested_difficulty": "easier",
      "variant": "integrate(1/(sin(x)**2/(cos(x)**2)**(sqrt(2020)) + 1), x)",
      "reasoning": "As a student focusing on polynomials, I prefer working with rational expressions. Let's express \\(\\tan(x)\\) in terms of sine and cosine, potentially simplifying the polynomial structure.",
      "evaluation": "equivalent",
      "extra_verification": null,
      "transformations_used": [
        "remove a factor",
        "drop a subexpression",
        "reduce the degree of a polynomial"
      ],
      "timestamp": "2025-02-05T06:49:34.249826Z"
    },
    {
      "original": "integrate(1/(tan(x)**(sqrt(2020)) + 1), x)",
      "requested_difficulty": "easier",
      "variant": "integrate(1/(sin(x)**(sqrt(2020)) * cos(x)**(-sqrt(2020)) + 1), x)",
      "reasoning": "Theoretical physicists often thrive on trigonometric identities. By using the identity for \\( \\tan(x) \\) in terms of other trigonometric functions, I can rewrite the integral more conveniently.",
      "evaluation": "equivalent",
      "extra_verification": null,
      "transformations_used": [
        "remove a factor",
        "drop a subexpression",
        "reduce the degree of a polynomial"
      ],
      "timestamp": "2025-02-05T06:49:33.016040Z"
    },
    {
      "original": "integrate(1/(tan(x)**(sqrt(2020)) + 1), x)",
      "requested_difficulty": "equivalent",
      "variant": "integrate(1/(tan(x)**(sqrt(2020)) + tan(x)**0), x)",
      "reasoning": "As a student who enjoys polynomials, I might want to express the integrand in terms of a polynomial function of \\(\\tan(x)\\) to explore its properties and engage with polynomial long division.",
      "evaluation": "easier",
      "extra_verification": null,
      "transformations_used": [
        "rearrange the order of terms",
        "alter constant terms",
        "modify an exponent slightly"
      ],
      "timestamp": "2025-02-05T06:49:29.056628Z"
    },
    {
      "original": "integrate(1/(tan(x)**(sqrt(2020)) + 1), x)",
      "requested_difficulty": "equivalent",
      "variant": "integrate(1/(exp(log(tan(x))**(sqrt(2020})) + 1), x)",
      "reasoning": "Imagining myself as a theoretical physicist, I enjoy working with exponential forms. I can rewrite the integrand with a transformation using the exponential of the tangent function, leading to an interesting and challenging integral.",
      "evaluation": "equivalent",
      "extra_verification": null,
      "transformations_used": [
        "rearrange the order of terms",
        "alter constant terms",
        "modify an exponent slightly"
      ],
      "timestamp": "2025-02-05T06:49:28.429520Z"
    },
    {
      "original": "integrate(1/(tan(x)**(sqrt(2020)) + 1), x)",
      "requested_difficulty": "equivalent",
      "variant": "integrate(1/(tan(x)**(2020/100) + 1), x)",
      "reasoning": "As a number theorist, I find prime numbers and rational coefficients fascinating. Thus, I adjust the exponent to a rational form close to the original, keeping the challenge intact.",
      "evaluation": "easier",
      "extra_verification": null,
      "transformations_used": [
        "rearrange the order of terms",
        "alter constant terms",
        "modify an exponent slightly"
      ],
      "timestamp": "2025-02-05T06:49:28.559018Z"
    },
    {
      "original": "integrate(1/(tan(x)**(sqrt(2020)) + 1), x)",
      "requested_difficulty": "equivalent",
      "variant": "integrate(1/(tan(pi/2 - x)**(sqrt(2020)) + 1), x)",
      "reasoning": "As a geometry enthusiast, I think in terms of transformations. Thus, I apply a geometric perspective by rewriting the argument of the tangent function as a reflected angle, creating an equivalent integral.",
      "evaluation": "equivalent",
      "extra_verification": null,
      "transformations_used": [
        "rearrange the order of terms",
        "alter constant terms",
        "modify an exponent slightly"
      ],
      "timestamp": "2025-02-05T06:49:28.426857Z"
    },
    {
      "original": "integrate(1/(tan(x)**(sqrt(2020)) + 1), x)",
      "requested_difficulty": "equivalent",
      "variant": "integrate(1/(tan(x + pi/4)**(sqrt(2020)) + 1), x)",
      "reasoning": "Viewing this integral as a physicist, I can transform the argument of the tangential function by adding a constant, allowing for further exploration of periodic properties.",
      "evaluation": "easier",
      "extra_verification": null,
      "transformations_used": [
        "rearrange the order of terms",
        "alter constant terms",
        "modify an exponent slightly"
      ],
      "timestamp": "2025-02-05T06:49:28.371445Z"
    },
    {
      "original": "integrate(1/(tan(x)**(sqrt(2020)) + 1), x)",
      "requested_difficulty": "equivalent",
      "variant": "integrate(1/(cot(x)**(sqrt(2020)) + 1), x)",
      "reasoning": "As a theoretical mathematician, I can consider the dual nature of trigonometric functions and thus switch tan to cotangent for an equivalent expression.",
      "evaluation": "equivalent",
      "extra_verification": null,
      "transformations_used": [
        "rearrange the order of terms",
        "alter constant terms",
        "modify an exponent slightly"
      ],
      "timestamp": "2025-02-05T06:49:28.439387Z"
    },
    {
      "original": "integrate(1/(tan(x)**(sqrt(2020)) + 1), x)",
      "requested_difficulty": "equivalent",
      "variant": "integrate(1/(sin(x)**(sqrt(2020)) / cos(x)**(sqrt(2020)) + 1), x)",
      "reasoning": "As a creative mathematician, I enjoy substituting expressions to express the same integral in a different form. Using the identity tan(x) = sin(x)/cos(x) provides an alternative viewpoint while enhancing complexity.",
      "evaluation": "equivalent",
      "extra_verification": null,
      "transformations_used": [
        "change coefficient values slightly",
        "alter constant terms",
        "use alternate but equivalent radical forms",
        "adjust parameters while keeping the integral equivalent",
        "factor common terms differently"
      ],
      "timestamp": "2025-02-05T06:49:25.881488Z"
    },
    {
      "original": "integrate(1/(tan(x)**(sqrt(2020)) + 1), x)",
      "requested_difficulty": "equivalent",
      "variant": "integrate(1/(tan(pi - x)**(sqrt(2020)) + 1), x)",
      "reasoning": "As a geometry enthusiast, I find transformations appealing. Applying a geometric transformation through symmetry (such as x -> pi - x) offers an innovative angle to evaluate.",
      "evaluation": "equivalent",
      "extra_verification": null,
      "transformations_used": [
        "change coefficient values slightly",
        "alter constant terms",
        "use alternate but equivalent radical forms",
        "adjust parameters while keeping the integral equivalent",
        "factor common terms differently"
      ],
      "timestamp": "2025-02-05T06:49:25.937016Z"
    },
    {
      "original": "integrate(1/(tan(x)**(sqrt(2020)) + 1), x)",
      "requested_difficulty": "equivalent",
      "variant": "integrate(1/(1/tan(x)**(sqrt(2020)) + 1), x)",
      "reasoning": "Adopting a practical approach as an engineer, I reformulate the integral into an expression that emphasizes a reciprocal function, which still encapsulates the innate complexity.",
      "evaluation": "easier",
      "extra_verification": null,
      "transformations_used": [
        "change coefficient values slightly",
        "alter constant terms",
        "use alternate but equivalent radical forms",
        "adjust parameters while keeping the integral equivalent",
        "factor common terms differently"
      ],
      "timestamp": "2025-02-05T06:49:25.903968Z"
    }
  ]
]