[
  [
    {
      "original": "integrate(x**3*e**(-x**2), (x, 0, oo))",
      "requested_difficulty": "easier",
      "variant": "integrate(x**2*e**(-x**2), x)",
      "reasoning": "As a calculus professor, I appreciate simplifying integrals. We can replace \\( x^3 \\) with a lower degree polynomial to make the integration process easier while observing the behavior at infinity.",
      "variant_response": null,
      "verification_passed": null,
      "evaluation": "easier",
      "transformations_used": [
        "lower a coefficient",
        "reduce the number of terms in the expression",
        "eliminate absolute value terms"
      ],
      "solution": null,
      "evaluations": {},
      "timestamp": "2025-02-10T03:14:42.887292Z"
    },
    {
      "original": "integrate(x**3*e**(-x**2), (x, 0, oo))",
      "requested_difficulty": "easier",
      "variant": "integrate(x*e**(-x**2), x)",
      "reasoning": "As a student favoring polynomials, I\u2019ll focus on a polynomial term with a smaller exponent. Reducing \\( x \\) from 3 to 1 simplifies the integral significantly.",
      "variant_response": null,
      "verification_passed": null,
      "evaluation": "easier",
      "transformations_used": [
        "lower a coefficient",
        "reduce the number of terms in the expression",
        "eliminate absolute value terms"
      ],
      "solution": null,
      "evaluations": {},
      "timestamp": "2025-02-10T03:14:42.860452Z"
    },
    {
      "original": "integrate(x**3*e**(-x**2), (x, 0, oo))",
      "requested_difficulty": "easier",
      "variant": "integrate(e**(-x), x)",
      "reasoning": "As an engineer, I prefer using more straightforward forms in computation. Let\u2019s simplify to a single exponential function which captures the decay nicely and is easier to handle.",
      "variant_response": null,
      "verification_passed": null,
      "evaluation": "easier",
      "transformations_used": [
        "lower a coefficient",
        "reduce the number of terms in the expression",
        "eliminate absolute value terms"
      ],
      "solution": null,
      "evaluations": {},
      "timestamp": "2025-02-10T03:14:42.832395Z"
    },
    {
      "original": "integrate(x**3*e**(-x**2), (x, 0, oo))",
      "requested_difficulty": "easier",
      "variant": "integrate(x*e**(-x), x)",
      "reasoning": "As a number theorist, I\u2019m intrigued by primes. By lowering the exponent on \\( x \\) to 1, we can maintain a polynomial form and facilitate easier analysis without losing the essence of convergence.",
      "variant_response": null,
      "verification_passed": null,
      "evaluation": "easier",
      "transformations_used": [
        "lower a coefficient",
        "reduce the number of terms in the expression",
        "eliminate absolute value terms"
      ],
      "solution": null,
      "evaluations": {},
      "timestamp": "2025-02-10T03:14:42.996147Z"
    },
    {
      "original": "integrate(x**3*e**(-x**2), (x, 0, oo))",
      "requested_difficulty": "easier",
      "variant": "integrate(x**2*e**(-x**2/2), x)",
      "reasoning": "As a geometry enthusiast, I can leverage symmetry by recognizing the even nature of the integrand. Removing extra degrees of \\( x \\) allows us to focus on simpler transformations.",
      "variant_response": null,
      "verification_passed": null,
      "evaluation": "easier",
      "transformations_used": [
        "lower a coefficient",
        "reduce the number of terms in the expression",
        "eliminate absolute value terms"
      ],
      "solution": null,
      "evaluations": {},
      "timestamp": "2025-02-10T03:14:42.844781Z"
    },
    {
      "original": "integrate(x**3*e**(-x**2), (x, 0, oo))",
      "requested_difficulty": "easier",
      "variant": "integrate((x**3/3)*e**(-x**2), x)",
      "reasoning": "As a creative substitute user, let's change the function into a simpler form by dividing the polynomial by a factor, making integration easier and cleaner.",
      "variant_response": null,
      "verification_passed": null,
      "evaluation": "easier",
      "transformations_used": [
        "lower a coefficient",
        "reduce the number of terms in the expression",
        "eliminate absolute value terms"
      ],
      "solution": null,
      "evaluations": {},
      "timestamp": "2025-02-10T03:14:42.986698Z"
    },
    {
      "original": "integrate(x**3*e**(-x**2), (x, 0, oo))",
      "requested_difficulty": "easier",
      "variant": "integrate(x**2*e**(-x), x)",
      "reasoning": "As a calculus professor focused on the Gaussian integral, let's transition the base of the polynomial to match a standard Gaussian form.",
      "variant_response": null,
      "verification_passed": null,
      "evaluation": "easier",
      "transformations_used": [
        "lower a coefficient",
        "reduce the number of terms in the expression",
        "eliminate absolute value terms"
      ],
      "solution": null,
      "evaluations": {},
      "timestamp": "2025-02-10T03:14:43.032659Z"
    },
    {
      "original": "integrate(x**3*e**(-x**2), (x, 0, oo))",
      "requested_difficulty": "easier",
      "variant": "integrate(e**(-5*x), x)",
      "reasoning": "As an engineer, practical applications often require simple forms. By considering just the integral of \\( e^{-x} \\) without any polynomial multiplicative, we analyze easy decay.",
      "variant_response": null,
      "verification_passed": null,
      "evaluation": "easier",
      "transformations_used": [
        "lower a coefficient",
        "reduce the number of terms in the expression",
        "eliminate absolute value terms"
      ],
      "solution": null,
      "evaluations": {},
      "timestamp": "2025-02-10T03:14:43.027918Z"
    },
    {
      "original": "integrate(x**3*e**(-x**2), (x, 0, oo))",
      "requested_difficulty": "easier",
      "variant": "integrate(x**3*exp(-x**2), x)",
      "reasoning": "As a calculus professor, I appreciate the power of substitution. By letting \\( u = x^2 \\), our integrand becomes a simpler polynomial in terms of \\( u \\) instead of \\( x \\).",
      "variant_response": null,
      "verification_passed": null,
      "evaluation": "easier",
      "transformations_used": [
        "eliminate absolute value terms",
        "eliminate a radical",
        "reduce the number of terms in the expression"
      ],
      "solution": null,
      "evaluations": {},
      "timestamp": "2025-02-10T03:14:41.999441Z"
    },
    {
      "original": "integrate(x**3*e**(-x**2), (x, 0, oo))",
      "requested_difficulty": "easier",
      "variant": "integrate(x**3 * exp(-x**2), x)",
      "reasoning": "I approach problems from a computational perspective, so I aim to compute a specific approximation using numerical integration techniques or specialized functions available in computational tools.",
      "variant_response": null,
      "verification_passed": null,
      "evaluation": "easier",
      "transformations_used": [
        "eliminate absolute value terms",
        "eliminate a radical",
        "reduce the number of terms in the expression"
      ],
      "solution": null,
      "evaluations": {},
      "timestamp": "2025-02-10T03:14:42.413492Z"
    }
  ],
  [
    {
      "original": "integrate(sum(x**(2*n-1012), (n, 0, 2024)), x)",
      "requested_difficulty": "easier",
      "variant": "integrate(x**(2*2024-1012), x)",
      "reasoning": "As a creative mathematician, I'll consider expressing the summation differently. Instead, I can focus on the highest and lowest powers in the range directly.",
      "variant_response": null,
      "verification_passed": null,
      "evaluation": "easier",
      "transformations_used": [
        "replace transcendental functions with simpler algebraic ones",
        "simplify a trigonometric component",
        "reduce the number of terms in the expression",
        "lower a coefficient",
        "remove a complicated term"
      ],
      "solution": null,
      "evaluations": {},
      "timestamp": "2025-02-10T03:14:53.570942Z"
    },
    {
      "original": "integrate(sum(x**(2*n-1012), (n, 0, 2024)), x)",
      "requested_difficulty": "easier",
      "variant": "integrate(x**(-1012) * 2 * 2024, x)",
      "reasoning": "As an engineer, I will remove the sum by taking the average term, making a direct integral with a single term simpler.",
      "variant_response": null,
      "verification_passed": null,
      "evaluation": "easier",
      "transformations_used": [
        "replace transcendental functions with simpler algebraic ones",
        "simplify a trigonometric component",
        "reduce the number of terms in the expression",
        "lower a coefficient",
        "remove a complicated term"
      ],
      "solution": null,
      "evaluations": {},
      "timestamp": "2025-02-10T03:14:53.707013Z"
    },
    {
      "original": "integrate(sum(x**(2*n-1012), (n, 0, 2024)), x)",
      "requested_difficulty": "easier",
      "variant": "integrate(x**2 + x**3, x)",
      "reasoning": "As a student who enjoys working with polynomials, I realize we can drastically reduce the number of terms to integrate simply by focusing on important intervals. I\u2019ll just consider a few representative powers, specifically squares and cubes, since large powers dominate.",
      "variant_response": null,
      "verification_passed": null,
      "evaluation": "easier",
      "transformations_used": [
        "convert a product to a simpler sum",
        "remove a complicated term",
        "replace transcendental functions with simpler algebraic ones"
      ],
      "solution": null,
      "evaluations": {},
      "timestamp": "2025-02-10T03:14:42.712645Z"
    },
    {
      "original": "integrate(sum(x**(2*n-1012), (n, 0, 2024)), x)",
      "requested_difficulty": "easier",
      "variant": "integrate(x**2 + x**4, x)",
      "reasoning": "From a theoretical physicist's perspective, we often analyze behavior near zero and infinity. Here, we can replace the polynomial with a simpler polynomial that illustrates important properties without going too high in powers.",
      "variant_response": null,
      "verification_passed": null,
      "evaluation": "easier",
      "transformations_used": [
        "convert a product to a simpler sum",
        "remove a complicated term",
        "replace transcendental functions with simpler algebraic ones"
      ],
      "solution": null,
      "evaluations": {},
      "timestamp": "2025-02-10T03:14:42.597266Z"
    },
    {
      "original": "integrate(sum(x**(2*n-1012), (n, 0, 2024)), x)",
      "requested_difficulty": "easier",
      "variant": "integrate(x**2 + x**4 + x**6, x)",
      "reasoning": "As a geometry enthusiast, I think in terms of geometric representations. The sum of powers can be visualized as areas of rectangles. I'll simplify the polynomial to represent basic geometric areas.",
      "variant_response": null,
      "verification_passed": null,
      "evaluation": "easier",
      "transformations_used": [
        "convert a product to a simpler sum",
        "remove a complicated term",
        "replace transcendental functions with simpler algebraic ones"
      ],
      "solution": null,
      "evaluations": {},
      "timestamp": "2025-02-10T03:14:42.675982Z"
    },
    {
      "original": "integrate(sum(x**(2*n-1012), (n, 0, 2024)), x)",
      "requested_difficulty": "easier",
      "variant": "integrate(x + x**2 + x**3, x)",
      "reasoning": "Adopting the perspective of an engineer focused on applications, I will limit my integration to manageable lower-degree terms to facilitate numeric approximation in real-world scenarios.",
      "variant_response": null,
      "verification_passed": null,
      "evaluation": "easier",
      "transformations_used": [
        "convert a product to a simpler sum",
        "remove a complicated term",
        "replace transcendental functions with simpler algebraic ones"
      ],
      "solution": null,
      "evaluations": {},
      "timestamp": "2025-02-10T03:14:42.677201Z"
    },
    {
      "original": "integrate(sum(x**(2*n-1012), (n, 0, 2024)), x)",
      "requested_difficulty": "equivalent",
      "variant": "integrate(x**(2*0 - 1012) + x**(2*1 - 1012) + ... + x**(2*2024 - 1012), x)",
      "reasoning": "As a student who prefers working with polynomials, I observe the sum represents a polynomial expansion, and can rewrite the summation in a more concrete polynomial form using the binomial theorem.",
      "variant_response": null,
      "verification_passed": null,
      "evaluation": "easier",
      "transformations_used": [
        "rewrite using different logarithmic properties",
        "rewrite the integrand in a different form without changing overall complexity",
        "rearrange the order of terms"
      ],
      "solution": null,
      "evaluations": {},
      "timestamp": "2025-02-10T03:14:54.909723Z"
    },
    {
      "original": "integrate(sum(x**(2*n-1012), (n, 0, 2024)), x)",
      "requested_difficulty": "equivalent",
      "variant": "integrate(x**(2*2024 - 1012) + ... + x**(-1012), x)",
      "reasoning": "As a student who prefers polynomials, I notice the given sum is a polynomial of degree \\( 1036 \\). I can compute it outright using explicit bounds on \\( n \\).",
      "variant_response": null,
      "verification_passed": null,
      "evaluation": "easier",
      "transformations_used": [
        "substitute equivalent exponential forms",
        "rearrange the order of terms",
        "change a function to an easier one"
      ],
      "solution": null,
      "evaluations": {},
      "timestamp": "2025-02-10T03:14:45.872416Z"
    }
  ],
  [
    {
      "original": "integrate((x**7-1)*log(x), (x, 0, 1))",
      "requested_difficulty": "equivalent",
      "variant": "integrate((log(x) * (x**8 / 8 - x)), x)",
      "reasoning": "As a calculus professor, I appreciate the power of integration by parts. We can use the identity for integration by parts, taking \\( u = \\log(x) \\) and \\( dv = (x^7 - 1)dx \\). This yields a more structured form of the integral.",
      "variant_response": null,
      "verification_passed": null,
      "evaluation": "easier",
      "transformations_used": [
        "use trigonometric identities to rewrite expression",
        "rewrite using different logarithmic properties",
        "exchange similar functions (e.g., sin to cos)"
      ],
      "solution": null,
      "evaluations": {},
      "timestamp": "2025-02-10T03:14:43.892101Z"
    }
  ],
  [
    {
      "original": "integrate(x**2015, x)",
      "requested_difficulty": "easier",
      "variant": "integrate(x**10, x)",
      "reasoning": "As a calculus professor, I appreciate powers of \\( x \\) due to their straightforward integration. Let's reduce the exponent for simplicity.",
      "variant_response": null,
      "verification_passed": null,
      "evaluation": "easier",
      "transformations_used": [
        "eliminate a radical",
        "drop a subexpression",
        "change a function to an easier one",
        "reduce an exponent",
        "remove logarithmic terms"
      ],
      "solution": null,
      "evaluations": {},
      "timestamp": "2025-02-10T03:14:39.110407Z"
    },
    {
      "original": "integrate(x**2015, x)",
      "requested_difficulty": "easier",
      "variant": "integrate(x, x)",
      "reasoning": "As a creative mathematician, I can substitute a simpler polynomial that captures the essence of high-degree functions. I will use a linear function instead.",
      "variant_response": null,
      "verification_passed": null,
      "evaluation": "easier",
      "transformations_used": [
        "eliminate a radical",
        "drop a subexpression",
        "change a function to an easier one",
        "reduce an exponent",
        "remove logarithmic terms"
      ],
      "solution": null,
      "evaluations": {},
      "timestamp": "2025-02-10T03:14:39.255383Z"
    },
    {
      "original": "integrate(x**2015, x)",
      "requested_difficulty": "easier",
      "variant": "integrate(x**3, x)",
      "reasoning": "As a student who prefers working with polynomials, I can simplify this to a lower degree polynomial for easier computation. I will adopt a cubic polynomial.",
      "variant_response": null,
      "verification_passed": null,
      "evaluation": "easier",
      "transformations_used": [
        "eliminate a radical",
        "drop a subexpression",
        "change a function to an easier one",
        "reduce an exponent",
        "remove logarithmic terms"
      ],
      "solution": null,
      "evaluations": {},
      "timestamp": "2025-02-10T03:14:39.187752Z"
    },
    {
      "original": "integrate(x**2015, x)",
      "requested_difficulty": "easier",
      "variant": "integrate(exp(x), x)",
      "reasoning": "As a theoretical physicist, I favor exponential forms for their simplicity and utility. I can consider \\( e^{k \\cdot x} \\) which provides an exponential approach with a small exponent.",
      "variant_response": null,
      "verification_passed": null,
      "evaluation": "easier",
      "transformations_used": [
        "eliminate a radical",
        "drop a subexpression",
        "change a function to an easier one",
        "reduce an exponent",
        "remove logarithmic terms"
      ],
      "solution": null,
      "evaluations": {},
      "timestamp": "2025-02-10T03:14:39.132889Z"
    },
    {
      "original": "integrate(x**2015, x)",
      "requested_difficulty": "easier",
      "variant": "integrate(x**2, x)",
      "reasoning": "As an engineer, I often work with practical forms. Let's simplify the problem by integrating a quadratic function instead, which is commonly encountered in applications.",
      "variant_response": null,
      "verification_passed": null,
      "evaluation": "easier",
      "transformations_used": [
        "eliminate a radical",
        "drop a subexpression",
        "change a function to an easier one",
        "reduce an exponent",
        "remove logarithmic terms"
      ],
      "solution": null,
      "evaluations": {},
      "timestamp": "2025-02-10T03:14:39.403205Z"
    },
    {
      "original": "integrate(x**2015, x)",
      "requested_difficulty": "easier",
      "variant": "integrate(x**5, x)",
      "reasoning": "From the point of view of a number theorist, I like integers and simplicity. Let's substitute a simple integer function like \\( x^5 \\), which is much more manageable.",
      "variant_response": null,
      "verification_passed": null,
      "evaluation": "easier",
      "transformations_used": [
        "eliminate a radical",
        "drop a subexpression",
        "change a function to an easier one",
        "reduce an exponent",
        "remove logarithmic terms"
      ],
      "solution": null,
      "evaluations": {},
      "timestamp": "2025-02-10T03:14:39.134113Z"
    },
    {
      "original": "integrate(x**2015, x)",
      "requested_difficulty": "easier",
      "variant": "integrate(x**4, x)",
      "reasoning": "I\u2019m a calculus enthusiast who loves symmetry! I can reduce the exponent to an even easier function, such as a quadratic, which integrates smoothly.",
      "variant_response": null,
      "verification_passed": null,
      "evaluation": "easier",
      "transformations_used": [
        "eliminate a radical",
        "drop a subexpression",
        "change a function to an easier one",
        "reduce an exponent",
        "remove logarithmic terms"
      ],
      "solution": null,
      "evaluations": {},
      "timestamp": "2025-02-10T03:14:39.198235Z"
    },
    {
      "original": "integrate(x**2015, x)",
      "requested_difficulty": "easier",
      "variant": "integrate(5, x)",
      "reasoning": "As a practical engineer, I recognize that using constants simplifies the integrations significantly. Thus, I may choose an easier constant function, such as \\( 5 \\).",
      "variant_response": null,
      "verification_passed": null,
      "evaluation": "easier",
      "transformations_used": [
        "eliminate a radical",
        "drop a subexpression",
        "change a function to an easier one",
        "reduce an exponent",
        "remove logarithmic terms"
      ],
      "solution": null,
      "evaluations": {},
      "timestamp": "2025-02-10T03:14:39.174699Z"
    },
    {
      "original": "integrate(x**2015, x)",
      "requested_difficulty": "easier",
      "variant": "integrate(x/1, x)",
      "reasoning": "As a student who prefers working with rational functions, I can express the polynomial in terms of fractions, making integration simpler by working with lower degrees.",
      "variant_response": null,
      "verification_passed": null,
      "evaluation": "easier",
      "transformations_used": [
        "remove logarithmic terms",
        "remove nested functions",
        "change a function to an easier one",
        "drop a subexpression",
        "simplify a trigonometric component"
      ],
      "solution": null,
      "evaluations": {},
      "timestamp": "2025-02-10T03:14:39.193096Z"
    },
    {
      "original": "integrate(x**2015, x)",
      "requested_difficulty": "easier",
      "variant": "integrate(exp(log(x**4)), x)",
      "reasoning": "From the perspective of a theoretical physicist, I seek an alternative function that still reflects power relationships but can be visualized differently, like using a simpler exponential form.",
      "variant_response": null,
      "verification_passed": null,
      "evaluation": "easier",
      "transformations_used": [
        "remove logarithmic terms",
        "remove nested functions",
        "change a function to an easier one",
        "drop a subexpression",
        "simplify a trigonometric component"
      ],
      "solution": null,
      "evaluations": {},
      "timestamp": "2025-02-10T03:14:39.260711Z"
    },
    {
      "original": "integrate(x**2015, x)",
      "requested_difficulty": "equivalent",
      "variant": "integrate(0.5 * x**2015, x)",
      "reasoning": "As a calculus professor, I appreciate the elegance of integrals. I can simplify the expression slightly by changing the exponent to emphasize its similarity to other integrals with adjusted coefficients.",
      "variant_response": null,
      "verification_passed": null,
      "evaluation": "easier",
      "transformations_used": [
        "alter constant terms",
        "substitute equivalent exponential forms",
        "distribute terms differently",
        "change coefficient values slightly",
        "exchange similar functions (e.g., sin to cos)"
      ],
      "solution": null,
      "evaluations": {},
      "timestamp": "2025-02-10T03:14:52.047039Z"
    },
    {
      "original": "integrate(x**2015, x)",
      "requested_difficulty": "equivalent",
      "variant": "integrate((x + 1)**2015 - 2015*2015*x**2014, x)",
      "reasoning": "As a creative mathematician, I can substitute the variable for a different expression, such as introducing a small offset that maintains equivalence but leads to a different integrand.",
      "variant_response": null,
      "verification_passed": null,
      "evaluation": "easier",
      "transformations_used": [
        "alter constant terms",
        "substitute equivalent exponential forms",
        "distribute terms differently",
        "change coefficient values slightly",
        "exchange similar functions (e.g., sin to cos)"
      ],
      "solution": null,
      "evaluations": {},
      "timestamp": "2025-02-10T03:14:52.095497Z"
    },
    {
      "original": "integrate(x**2015, x)",
      "requested_difficulty": "equivalent",
      "variant": "integrate(3*x**2015 - 2*x**2015 + 0, x)",
      "reasoning": "As a polynomial-loving student, I\u2019ll express the integrand as a series expansion of a polynomial that retains the leading term's influence.",
      "variant_response": null,
      "verification_passed": null,
      "evaluation": "equivalent",
      "transformations_used": [
        "alter constant terms",
        "substitute equivalent exponential forms",
        "distribute terms differently",
        "change coefficient values slightly",
        "exchange similar functions (e.g., sin to cos)"
      ],
      "solution": null,
      "evaluations": {},
      "timestamp": "2025-02-10T03:14:52.108026Z"
    },
    {
      "original": "integrate(x**2015, x)",
      "requested_difficulty": "equivalent",
      "variant": "integrate((sin(x))**0 * x**2015, x)",
      "reasoning": "A theoretical physicist loves using trigonometric functions. I can express the polynomial in terms of a trigonometric function with an appropriate transformation.",
      "variant_response": null,
      "verification_passed": null,
      "evaluation": "equivalent",
      "transformations_used": [
        "alter constant terms",
        "substitute equivalent exponential forms",
        "distribute terms differently",
        "change coefficient values slightly",
        "exchange similar functions (e.g., sin to cos)"
      ],
      "solution": null,
      "evaluations": {},
      "timestamp": "2025-02-10T03:14:52.212169Z"
    },
    {
      "original": "integrate(x**2015, x)",
      "requested_difficulty": "equivalent",
      "variant": "integrate(1 * x**2015, x)",
      "reasoning": "An engineer would appreciate practical modifications. I\u2019ll multiply the polynomial by 1, to keep it the same yet express it in a different layout.",
      "variant_response": null,
      "verification_passed": null,
      "evaluation": "equivalent",
      "transformations_used": [
        "alter constant terms",
        "substitute equivalent exponential forms",
        "distribute terms differently",
        "change coefficient values slightly",
        "exchange similar functions (e.g., sin to cos)"
      ],
      "solution": null,
      "evaluations": {},
      "timestamp": "2025-02-10T03:14:51.991231Z"
    },
    {
      "original": "integrate(x**2015, x)",
      "requested_difficulty": "equivalent",
      "variant": "integrate(17 * x**2015, x)",
      "reasoning": "As a number theorist fascinated by primes, I can introduce a prime coefficient while maintaining the identity of the integral.",
      "variant_response": null,
      "verification_passed": null,
      "evaluation": "easier",
      "transformations_used": [
        "alter constant terms",
        "substitute equivalent exponential forms",
        "distribute terms differently",
        "change coefficient values slightly",
        "exchange similar functions (e.g., sin to cos)"
      ],
      "solution": null,
      "evaluations": {},
      "timestamp": "2025-02-10T03:14:52.020603Z"
    },
    {
      "original": "integrate(x**2015, x)",
      "requested_difficulty": "equivalent",
      "variant": "integrate(x**2015 + x**2015 * 0, x)",
      "reasoning": "As a geometry enthusiast, I\u2019ll consider the geometric interpretation of the area under a curve and reflect the integrand through a transformation.",
      "variant_response": null,
      "verification_passed": null,
      "evaluation": "equivalent",
      "transformations_used": [
        "alter constant terms",
        "substitute equivalent exponential forms",
        "distribute terms differently",
        "change coefficient values slightly",
        "exchange similar functions (e.g., sin to cos)"
      ],
      "solution": null,
      "evaluations": {},
      "timestamp": "2025-02-10T03:14:52.061482Z"
    },
    {
      "original": "integrate(x**2015, x)",
      "requested_difficulty": "equivalent",
      "variant": "integrate(x**2014 * x, x)",
      "reasoning": "Emphasizing the polynomial properties, I can factor out a common term to showcase the polynomial's nature while keeping its integral form intact.",
      "variant_response": null,
      "verification_passed": null,
      "evaluation": "equivalent",
      "transformations_used": [
        "alter constant terms",
        "substitute equivalent exponential forms",
        "distribute terms differently",
        "change coefficient values slightly",
        "exchange similar functions (e.g., sin to cos)"
      ],
      "solution": null,
      "evaluations": {},
      "timestamp": "2025-02-10T03:14:52.145858Z"
    },
    {
      "original": "integrate(x**2015, x)",
      "requested_difficulty": "equivalent",
      "variant": "integrate(x**2016 / x, x)",
      "reasoning": "By adjusting the exponent slightly, I can show how similar forms can arise through small variations in polynomial degree.",
      "variant_response": null,
      "verification_passed": null,
      "evaluation": "easier",
      "transformations_used": [
        "alter constant terms",
        "substitute equivalent exponential forms",
        "distribute terms differently",
        "change coefficient values slightly",
        "exchange similar functions (e.g., sin to cos)"
      ],
      "solution": null,
      "evaluations": {},
      "timestamp": "2025-02-10T03:14:52.076655Z"
    },
    {
      "original": "integrate(x**2015, x)",
      "requested_difficulty": "equivalent",
      "variant": "integrate(x / (1 / x**2016), x)",
      "reasoning": "Finally, as a student who enjoys rational functions, I can present the integrand in fraction form, maintaining the original polynomial's characteristics.",
      "variant_response": null,
      "verification_passed": null,
      "evaluation": "easier",
      "transformations_used": [
        "alter constant terms",
        "substitute equivalent exponential forms",
        "distribute terms differently",
        "change coefficient values slightly",
        "exchange similar functions (e.g., sin to cos)"
      ],
      "solution": null,
      "evaluations": {},
      "timestamp": "2025-02-10T03:14:52.045888Z"
    }
  ],
  [
    {
      "original": "integrate(x/(1-x**4), x)",
      "requested_difficulty": "easier",
      "variant": "integrate(x/(1-x**4), x)",
      "reasoning": "As a calculus professor, I appreciate simplifying the integrand. I can rewrite the rational function by breaking it into partial fractions to make integration easier.",
      "variant_response": null,
      "verification_passed": null,
      "evaluation": "equivalent",
      "transformations_used": [
        "replace a complex fraction with a simpler one",
        "simplify the denominator",
        "reduce an exponent"
      ],
      "solution": null,
      "evaluations": {},
      "timestamp": "2025-02-10T03:14:53.814017Z"
    },
    {
      "original": "integrate(x/(1-x**4), x)",
      "requested_difficulty": "easier",
      "variant": "integrate(x/((1-x**2)*(1+x**2)), x)",
      "reasoning": "As a student who enjoys polynomials, observing that the denominator \\( 1 - x^4 \\) can be factored into \\( (1 - x^2)(1 + x^2) \\) leads to simpler integration via polynomial division.",
      "variant_response": null,
      "verification_passed": null,
      "evaluation": "easier",
      "transformations_used": [
        "replace a complex fraction with a simpler one",
        "simplify the denominator",
        "reduce an exponent"
      ],
      "solution": null,
      "evaluations": {},
      "timestamp": "2025-02-10T03:14:53.912481Z"
    },
    {
      "original": "integrate(x/(1-x**4), x)",
      "requested_difficulty": "easier",
      "variant": "integrate(A/(1-x**2) + B/(1+x**2), x)",
      "reasoning": "Looking at this creatively, I see that we can utilize partial fraction decomposition. This method breaks complex fractions into simpler parts which can be integrated individually, making the problem much simpler to handle.",
      "variant_response": null,
      "verification_passed": null,
      "evaluation": "easier",
      "transformations_used": [
        "eliminate absolute value terms",
        "replace a complex fraction with a simpler one",
        "change a function to an easier one",
        "remove logarithmic terms",
        "lower a coefficient"
      ],
      "solution": null,
      "evaluations": {},
      "timestamp": "2025-02-10T03:14:53.903880Z"
    },
    {
      "original": "integrate(x/(1-x**4), x)",
      "requested_difficulty": "easier",
      "variant": "integrate(x/(1-(x**2)**2), x)",
      "reasoning": "As a student of polynomials, I can factor the denominator neatly into two quadratic terms, allowing me to deal with each component independently and simplify the process.",
      "variant_response": null,
      "verification_passed": null,
      "evaluation": "easier",
      "transformations_used": [
        "eliminate absolute value terms",
        "replace a complex fraction with a simpler one",
        "change a function to an easier one",
        "remove logarithmic terms",
        "lower a coefficient"
      ],
      "solution": null,
      "evaluations": {},
      "timestamp": "2025-02-10T03:14:54.236913Z"
    },
    {
      "original": "integrate(x/(1-x**4), x)",
      "requested_difficulty": "easier",
      "variant": "integrate(x/(1-(x**2)*(x**2)), x)",
      "reasoning": "From the standpoint of a number theorist, I want to focus on primes and rational coefficients. By substituting rational powers, I can make the integral less complex while considering integer solutions.",
      "variant_response": null,
      "verification_passed": null,
      "evaluation": "equivalent",
      "transformations_used": [
        "eliminate absolute value terms",
        "replace a complex fraction with a simpler one",
        "change a function to an easier one",
        "remove logarithmic terms",
        "lower a coefficient"
      ],
      "solution": null,
      "evaluations": {},
      "timestamp": "2025-02-10T03:14:54.043860Z"
    },
    {
      "original": "integrate(x/(1-x**4), x)",
      "requested_difficulty": "easier",
      "variant": "integrate(x/(1-x**2-(-x**2)), x)",
      "reasoning": "As an applied mathematician, I can factor the denominator and simply differentiate it in the context of rational functions. This leads to a setup that helps to illuminate the integral process.",
      "variant_response": null,
      "verification_passed": null,
      "evaluation": "equivalent",
      "transformations_used": [
        "eliminate absolute value terms",
        "replace a complex fraction with a simpler one",
        "change a function to an easier one",
        "remove logarithmic terms",
        "lower a coefficient"
      ],
      "solution": null,
      "evaluations": {},
      "timestamp": "2025-02-10T03:14:53.918665Z"
    },
    {
      "original": "integrate(x/(1-x**4), x)",
      "requested_difficulty": "equivalent",
      "variant": "integrate(x/(1 - (x**2)**2), x)",
      "reasoning": "As a student focused on polynomials, I think of writing the expression in polynomial long division form, which might help in integrating.",
      "variant_response": null,
      "verification_passed": null,
      "evaluation": "equivalent",
      "transformations_used": [
        "change a function to an easier one",
        "exchange similar functions (e.g., sin to cos)",
        "swap numerator and denominator with reciprocal"
      ],
      "solution": null,
      "evaluations": {},
      "timestamp": "2025-02-10T03:14:41.030643Z"
    },
    {
      "original": "integrate(x/(1-x**4), x)",
      "requested_difficulty": "equivalent",
      "variant": "integrate(x/(1 - x**4), x)",
      "reasoning": "An engineer prefers a computational approach. I can break this into a series and integrate term by term.",
      "variant_response": null,
      "verification_passed": null,
      "evaluation": "equivalent",
      "transformations_used": [
        "change a function to an easier one",
        "exchange similar functions (e.g., sin to cos)",
        "swap numerator and denominator with reciprocal"
      ],
      "solution": null,
      "evaluations": {},
      "timestamp": "2025-02-10T03:14:41.189923Z"
    },
    {
      "original": "integrate(x/(1-x**4), x)",
      "requested_difficulty": "equivalent",
      "variant": "integrate(x/(1 - (x**2) * (x^2)), x)",
      "reasoning": "As a geometry enthusiast, I can interpret this integral in terms of area under a curve and write it using geometric representations.",
      "variant_response": null,
      "verification_passed": null,
      "evaluation": "equivalent",
      "transformations_used": [
        "change a function to an easier one",
        "exchange similar functions (e.g., sin to cos)",
        "swap numerator and denominator with reciprocal"
      ],
      "solution": null,
      "evaluations": {},
      "timestamp": "2025-02-10T03:14:41.072338Z"
    },
    {
      "original": "integrate(x/(1-x**4), x)",
      "requested_difficulty": "equivalent",
      "variant": "integrate(-x/(1 - (-x)**4), x)",
      "reasoning": "I see symmetry in the integrand, so letting x go to -x effectively gives me a valuable relation to exploit in the integration.",
      "variant_response": null,
      "verification_passed": null,
      "evaluation": "equivalent",
      "transformations_used": [
        "change a function to an easier one",
        "exchange similar functions (e.g., sin to cos)",
        "swap numerator and denominator with reciprocal"
      ],
      "solution": null,
      "evaluations": {},
      "timestamp": "2025-02-10T03:14:41.021024Z"
    },
    {
      "original": "integrate(x/(1-x**4), x)",
      "requested_difficulty": "equivalent",
      "variant": "integrate((1/2 - x^2/2)/(1-x^2), x)",
      "reasoning": "Think of using polynomial long division to break this fraction down into simpler parts. The integral can then be simplified via algebraic manipulation.",
      "variant_response": null,
      "verification_passed": null,
      "evaluation": "easier",
      "transformations_used": [
        "change a function to an easier one",
        "exchange similar functions (e.g., sin to cos)",
        "swap numerator and denominator with reciprocal"
      ],
      "solution": null,
      "evaluations": {},
      "timestamp": "2025-02-10T03:14:41.117715Z"
    },
    {
      "original": "integrate(x/(1-x**4), x)",
      "requested_difficulty": "equivalent",
      "variant": "integrate(x/((1 - x**2)*(1 + x**2)), x)",
      "reasoning": "Theoretical physicist here! Recognizing that \\( 1 - x^4 \\) can be factored as \\( (1-x^2)(1+x^2) \\), I can rewrite the integrand using this factorization, which can further aid in integration by separating variables.",
      "variant_response": null,
      "verification_passed": null,
      "evaluation": "easier",
      "transformations_used": [
        "rewrite using alternate algebraic forms",
        "rewrite the integrand in a different form without changing overall complexity",
        "distribute terms differently",
        "change a function to an easier one",
        "apply algebraic identities that preserve complexity"
      ],
      "solution": null,
      "evaluations": {},
      "timestamp": "2025-02-10T03:14:55.060180Z"
    },
    {
      "original": "integrate(x/(1-x**4), x)",
      "requested_difficulty": "equivalent",
      "variant": "integrate(x/(1 - (x**2)*(1 + x**2)), x)",
      "reasoning": "The engineer in me favors practical approaches. I can rewrite the expression using a geometric interpretation, recognizing the denominator can resemble a geometric series which converges within a certain radius.",
      "variant_response": null,
      "verification_passed": null,
      "evaluation": "equivalent",
      "transformations_used": [
        "rewrite using alternate algebraic forms",
        "rewrite the integrand in a different form without changing overall complexity",
        "distribute terms differently",
        "change a function to an easier one",
        "apply algebraic identities that preserve complexity"
      ],
      "solution": null,
      "evaluations": {},
      "timestamp": "2025-02-10T03:14:55.203055Z"
    },
    {
      "original": "integrate(x/(1-x**4), x)",
      "requested_difficulty": "equivalent",
      "variant": "integrate(-1/4 * ddiff(ln(1 - x**4), x)",
      "reasoning": "The calculus professor in me sees that we can use the derivative of \\( \\ln(1 - x^4) \\) for the integrand, allowing me to express the integral in terms of logarithmic forms that are often simpler and more elegant.",
      "variant_response": null,
      "verification_passed": null,
      "evaluation": "easier",
      "transformations_used": [
        "rewrite using alternate algebraic forms",
        "rewrite the integrand in a different form without changing overall complexity",
        "distribute terms differently",
        "change a function to an easier one",
        "apply algebraic identities that preserve complexity"
      ],
      "solution": null,
      "evaluations": {},
      "timestamp": "2025-02-10T03:14:55.040206Z"
    }
  ],
  [
    {
      "original": "integrate(diff(h(e**(1+x-x**2)), x), (x, 0, oo))",
      "requested_difficulty": "easier",
      "variant": "integrate(diff(x, x)",
      "reasoning": "As a calculus professor, I prefer breaking down complex functions into simpler components. Here, I can consider the case where \\( h(x) \\) is simply linear, which lowers the complexity of the transformation.",
      "variant_response": null,
      "verification_passed": null,
      "evaluation": "easier",
      "transformations_used": [
        "lower a coefficient",
        "remove a complicated term",
        "replace transcendental functions with simpler algebraic ones"
      ],
      "solution": null,
      "evaluations": {},
      "timestamp": "2025-02-10T03:14:58.271663Z"
    },
    {
      "original": "integrate(diff(h(e**(1+x-x**2)), x), (x, 0, oo))",
      "requested_difficulty": "easier",
      "variant": "integrate(diff(h(e**(x))), x)",
      "reasoning": "From the perspective of a student who prefers working with polynomials, I simplify \\(e^{1+x-x^2}\\) by considering only the leading polynomial terms effectively and changing the limits accordingly\u2014this avoids complicated behaviors from the exponential.",
      "variant_response": null,
      "verification_passed": null,
      "evaluation": "easier",
      "transformations_used": [
        "simplify composite trigonometric functions",
        "replace a complex fraction with a simpler one",
        "drop a subexpression"
      ],
      "solution": null,
      "evaluations": {},
      "timestamp": "2025-02-10T03:14:46.031048Z"
    },
    {
      "original": "integrate(diff(h(e**(1+x-x**2)), x), (x, 0, oo))",
      "requested_difficulty": "equivalent",
      "variant": "integrate(diff(h(e**1) * e**(x - x**2)), x)",
      "reasoning": "The student in me sees that I can break apart the exponential term into a product, which might lead to understandable features in polynomial terms when integrating.",
      "variant_response": null,
      "verification_passed": null,
      "evaluation": "easier",
      "transformations_used": [
        "modify an exponent slightly",
        "change variables while maintaining complexity",
        "distribute terms differently",
        "change a function to a different one",
        "rewrite the integrand in a different form without changing overall complexity"
      ],
      "solution": null,
      "evaluations": {},
      "timestamp": "2025-02-10T03:14:41.800098Z"
    },
    {
      "original": "integrate(diff(h(e**(1+x-x**2)), x), (x, 0, oo))",
      "requested_difficulty": "equivalent",
      "variant": "integrate(diff(h(e**(1+x-x**2)), x)",
      "reasoning": "As an engineer, using integration by parts might implement a change in focus, allowing for practical insights while re-expressing the original integral.",
      "variant_response": null,
      "verification_passed": null,
      "evaluation": "easier",
      "transformations_used": [
        "modify an exponent slightly",
        "change variables while maintaining complexity",
        "distribute terms differently",
        "change a function to a different one",
        "rewrite the integrand in a different form without changing overall complexity"
      ],
      "solution": null,
      "evaluations": {},
      "timestamp": "2025-02-10T03:14:42.069102Z"
    }
  ],
  [
    {
      "original": "integrate(1/(x**2 - 2*x + 3), x)",
      "requested_difficulty": "easier",
      "variant": "integrate(1/((x - 1)**2 + 2), x)",
      "reasoning": "As a calculus professor, I recognize that the integrand \\( x^2 - 2x + 3 \\) can be rewritten by completing the square. This will lead to a simpler integration form.",
      "variant_response": null,
      "verification_passed": null,
      "evaluation": "equivalent",
      "transformations_used": [
        "reduce the number of terms in the expression",
        "simplify composite trigonometric functions",
        "replace transcendental functions with simpler algebraic ones"
      ],
      "solution": null,
      "evaluations": {},
      "timestamp": "2025-02-10T03:14:40.709360Z"
    },
    {
      "original": "integrate(1/(x**2 - 2*x + 3), x)",
      "requested_difficulty": "easier",
      "variant": "integrate(1/(x**2 - 2*x + 3), x)",
      "reasoning": "As a student who favors polynomials, I'll seek to express the function in a polynomial form. Notice that this integral can be more approachable by recognizing the denominator as a polynomial of degree 2.",
      "variant_response": null,
      "verification_passed": null,
      "evaluation": "equivalent",
      "transformations_used": [
        "reduce the number of terms in the expression",
        "simplify composite trigonometric functions",
        "replace transcendental functions with simpler algebraic ones"
      ],
      "solution": null,
      "evaluations": {},
      "timestamp": "2025-02-10T03:14:40.627686Z"
    },
    {
      "original": "integrate(1/(x**2 - 2*x + 3), x)",
      "requested_difficulty": "easier",
      "variant": "integrate(1/((x**2 - 2*x + 3)), x)",
      "reasoning": "As an engineer focused on practical computation, I suggest integrating by parts after converting the function into a more manageable form involving basic algebraic operations.",
      "variant_response": null,
      "verification_passed": null,
      "evaluation": "equivalent",
      "transformations_used": [
        "reduce the number of terms in the expression",
        "simplify composite trigonometric functions",
        "replace transcendental functions with simpler algebraic ones"
      ],
      "solution": null,
      "evaluations": {},
      "timestamp": "2025-02-10T03:14:40.737228Z"
    },
    {
      "original": "integrate(1/(x**2 - 2*x + 3), x)",
      "requested_difficulty": "easier",
      "variant": "integrate(1/(1 + (x - 1)**2), x)",
      "reasoning": "Adopting a number theorist's view, I find that handling rational coefficients efficiently is key. Relabeling variables could help simplify certain integer relationships.",
      "variant_response": null,
      "verification_passed": null,
      "evaluation": "easier",
      "transformations_used": [
        "reduce the number of terms in the expression",
        "simplify composite trigonometric functions",
        "replace transcendental functions with simpler algebraic ones"
      ],
      "solution": null,
      "evaluations": {},
      "timestamp": "2025-02-10T03:14:40.622794Z"
    },
    {
      "original": "integrate(1/(x**2 - 2*x + 3), x)",
      "requested_difficulty": "easier",
      "variant": "integrate(1/(1 + (x - 1)**2/2), x)",
      "reasoning": "As a geometry enthusiast, I see the relationship between this integral and the area under a curve. By transforming the function, I can relate it to circular or parabolic regions for easier evaluation.",
      "variant_response": null,
      "verification_passed": null,
      "evaluation": "easier",
      "transformations_used": [
        "reduce the number of terms in the expression",
        "simplify composite trigonometric functions",
        "replace transcendental functions with simpler algebraic ones"
      ],
      "solution": null,
      "evaluations": {},
      "timestamp": "2025-02-10T03:14:40.568445Z"
    },
    {
      "original": "integrate(1/(x**2 - 2*x + 3), x)",
      "requested_difficulty": "easier",
      "variant": "integrate(e**(-0 * x)/(x**2 - 2*x + 3), x)",
      "reasoning": "As a creative mathematician, I can express this integral in terms of exponential functions to handle \\( e^{-0*t} \\) terms which can simplify the overall approach.",
      "variant_response": null,
      "verification_passed": null,
      "evaluation": "equivalent",
      "transformations_used": [
        "reduce the number of terms in the expression",
        "simplify composite trigonometric functions",
        "replace transcendental functions with simpler algebraic ones"
      ],
      "solution": null,
      "evaluations": {},
      "timestamp": "2025-02-10T03:14:40.827788Z"
    },
    {
      "original": "integrate(1/(x**2 - 2*x + 3), x)",
      "requested_difficulty": "easier",
      "variant": "integrate(1/2, x)",
      "reasoning": "As a student who prefers working with polynomials, let\u2019s reduce the original fraction by looking at simpler fractions that can approximate our integrand. I choose a constant function over a polynomial to ease the complexity.",
      "variant_response": null,
      "verification_passed": null,
      "evaluation": "easier",
      "transformations_used": [
        "remove a complicated term",
        "eliminate absolute value terms",
        "reduce the degree of a polynomial",
        "replace a complex fraction with a simpler one",
        "replace transcendental functions with simpler algebraic ones"
      ],
      "solution": null,
      "evaluations": {},
      "timestamp": "2025-02-10T03:14:42.175678Z"
    },
    {
      "original": "integrate(1/(x**2 - 2*x + 3), x)",
      "requested_difficulty": "easier",
      "variant": "integrate(1/(2 + (x - 1)**2), x)",
      "reasoning": "As a theoretical physicist, I prefer to express things in exponential or trigonometric forms. Recognizing that the denominator can relate to a trigonometric identity enables easier integration.",
      "variant_response": null,
      "verification_passed": null,
      "evaluation": "easier",
      "transformations_used": [
        "remove a complicated term",
        "eliminate absolute value terms",
        "reduce the degree of a polynomial",
        "replace a complex fraction with a simpler one",
        "replace transcendental functions with simpler algebraic ones"
      ],
      "solution": null,
      "evaluations": {},
      "timestamp": "2025-02-10T03:14:42.062787Z"
    },
    {
      "original": "integrate(1/(x**2 - 2*x + 3), x)",
      "requested_difficulty": "easier",
      "variant": "integrate(1/(x**2 + 1), x)",
      "reasoning": "As an engineer who values practical calculations, I can use a simpler rational function that approximates the original function to facilitate easier integration.",
      "variant_response": null,
      "verification_passed": null,
      "evaluation": "easier",
      "transformations_used": [
        "remove a complicated term",
        "eliminate absolute value terms",
        "reduce the degree of a polynomial",
        "replace a complex fraction with a simpler one",
        "replace transcendental functions with simpler algebraic ones"
      ],
      "solution": null,
      "evaluations": {},
      "timestamp": "2025-02-10T03:14:42.191332Z"
    },
    {
      "original": "integrate(1/(x**2 - 2*x + 3), x)",
      "requested_difficulty": "easier",
      "variant": "integrate(1/(x**2 + 2x + 2), x)",
      "reasoning": "From a problem-solving perspective, I might replace higher degree polynomials with simpler expressions with similar behavior for easier integration.",
      "variant_response": null,
      "verification_passed": null,
      "evaluation": "easier",
      "transformations_used": [
        "remove a complicated term",
        "eliminate absolute value terms",
        "reduce the degree of a polynomial",
        "replace a complex fraction with a simpler one",
        "replace transcendental functions with simpler algebraic ones"
      ],
      "solution": null,
      "evaluations": {},
      "timestamp": "2025-02-10T03:14:41.981584Z"
    },
    {
      "original": "integrate(1/(x**2 - 2*x + 3), x)",
      "requested_difficulty": "equivalent",
      "variant": "integrate(1/(x**2 - 2*x + 2.999), x)",
      "reasoning": "As a creative mathematician, I enjoy playing with coefficients. I slightly modify the denominator to \\(x^2 - 2x + 2.999\\), leading to the same functional form while being a tad different.",
      "variant_response": null,
      "verification_passed": null,
      "evaluation": "easier",
      "transformations_used": [
        "change coefficient values slightly",
        "use alternate but equivalent radical forms",
        "rearrange the order of terms"
      ],
      "solution": null,
      "evaluations": {},
      "timestamp": "2025-02-10T03:14:39.384504Z"
    },
    {
      "original": "integrate(1/(x**2 - 2*x + 3), x)",
      "requested_difficulty": "equivalent",
      "variant": "integrate(1/(x**2 - 2*x + 4 - 1), x)",
      "reasoning": "As a student who favors polynomials and rational functions, I can express the denominator in a way that highlights the polynomial nature, using positive numerators.",
      "variant_response": null,
      "verification_passed": null,
      "evaluation": "easier",
      "transformations_used": [
        "change coefficient values slightly",
        "use alternate but equivalent radical forms",
        "rearrange the order of terms"
      ],
      "solution": null,
      "evaluations": {},
      "timestamp": "2025-02-10T03:14:39.450569Z"
    },
    {
      "original": "integrate(1/(x**2 - 2*x + 3), x)",
      "requested_difficulty": "equivalent",
      "variant": "integrate(1/(3 - 2(x - 1)), x)",
      "reasoning": "Viewing this from the perspective of a theoretical physicist, I recognize the utility of converting to trigonometric forms. I can use the identity for the circular functions.",
      "variant_response": null,
      "verification_passed": null,
      "evaluation": "easier",
      "transformations_used": [
        "change coefficient values slightly",
        "use alternate but equivalent radical forms",
        "rearrange the order of terms"
      ],
      "solution": null,
      "evaluations": {},
      "timestamp": "2025-02-10T03:14:39.410394Z"
    },
    {
      "original": "integrate(1/(x**2 - 2*x + 3), x)",
      "requested_difficulty": "equivalent",
      "variant": "integrate(1/(x**2 - 2*x + 3.01 - 0.01), x)",
      "reasoning": "An engineer\u2019s viewpoint leads me to consider a rational approximation. I change the expression subtly while ensuring it remains equivalent via numerical checks.",
      "variant_response": null,
      "verification_passed": null,
      "evaluation": "equivalent",
      "transformations_used": [
        "change coefficient values slightly",
        "use alternate but equivalent radical forms",
        "rearrange the order of terms"
      ],
      "solution": null,
      "evaluations": {},
      "timestamp": "2025-02-10T03:14:39.473267Z"
    },
    {
      "original": "integrate(1/(x**2 - 2*x + 3), x)",
      "requested_difficulty": "equivalent",
      "variant": "integrate(1/(x**2 - 2*x + 5), x)",
      "reasoning": "As a number theorist, I appreciate primes. I shift coefficients to prime-related values, ensuring the integrity of the function remains intact.",
      "variant_response": null,
      "verification_passed": null,
      "evaluation": "easier",
      "transformations_used": [
        "change coefficient values slightly",
        "use alternate but equivalent radical forms",
        "rearrange the order of terms"
      ],
      "solution": null,
      "evaluations": {},
      "timestamp": "2025-02-10T03:14:39.371033Z"
    },
    {
      "original": "integrate(1/(x**2 - 2*x + 3), x)",
      "requested_difficulty": "equivalent",
      "variant": "integrate(1/(x**2 - 2*x + 1 + 2), x)",
      "reasoning": "In a geometrical frame of mind, I interpret the quadratic expression as a geometric transformation and thus construct an equivalent integral that shows a reflection.",
      "variant_response": null,
      "verification_passed": null,
      "evaluation": "equivalent",
      "transformations_used": [
        "change coefficient values slightly",
        "use alternate but equivalent radical forms",
        "rearrange the order of terms"
      ],
      "solution": null,
      "evaluations": {},
      "timestamp": "2025-02-10T03:14:39.426044Z"
    },
    {
      "original": "integrate(1/(x**2 - 2*x + 3), x)",
      "requested_difficulty": "equivalent",
      "variant": "integrate(1/(x**2 + 3 - 2*x), x)",
      "reasoning": "Taking the perspective of a creative mathematician, I see potential in manipulating the constant terms while maintaining an unchanged fundamental relationship.",
      "variant_response": null,
      "verification_passed": null,
      "evaluation": "equivalent",
      "transformations_used": [
        "change coefficient values slightly",
        "use alternate but equivalent radical forms",
        "rearrange the order of terms"
      ],
      "solution": null,
      "evaluations": {},
      "timestamp": "2025-02-10T03:14:39.382931Z"
    },
    {
      "original": "integrate(1/(x**2 - 2*x + 3), x)",
      "requested_difficulty": "equivalent",
      "variant": "integrate(1/(x**2 - 1.999*x + 3), x)",
      "reasoning": "An engineer's approach includes practical modifications. I alter the coefficients for a more smooth visual interpretation of the integral framework.",
      "variant_response": null,
      "verification_passed": null,
      "evaluation": "equivalent",
      "transformations_used": [
        "change coefficient values slightly",
        "use alternate but equivalent radical forms",
        "rearrange the order of terms"
      ],
      "solution": null,
      "evaluations": {},
      "timestamp": "2025-02-10T03:14:39.524360Z"
    }
  ],
  [
    {
      "original": "integrate(12 - 3*x**2, (x, 0, 2))",
      "requested_difficulty": "easier",
      "variant": "integrate(12, x)",
      "reasoning": "As a calculus professor who loves elegant simplifications, I notice that I can factor the integral into two separate parts to simplify the process.",
      "variant_response": null,
      "verification_passed": null,
      "evaluation": "easier",
      "transformations_used": [
        "drop a subexpression",
        "lower a coefficient",
        "simplify the denominator",
        "reduce an exponent",
        "convert a product to a simpler sum"
      ],
      "solution": null,
      "evaluations": {},
      "timestamp": "2025-02-10T03:14:41.046330Z"
    },
    {
      "original": "integrate(12 - 3*x**2, (x, 0, 2))",
      "requested_difficulty": "easier",
      "variant": "integrate(12 - 3*0, x)",
      "reasoning": "I am a creative mathematician who enjoys unusual substitutions. I can replace the complex term with a constant function for ease of integration. This eliminates the quadratic term entirely.",
      "variant_response": null,
      "verification_passed": null,
      "evaluation": "easier",
      "transformations_used": [
        "remove a complicated term",
        "reduce the degree of a polynomial",
        "reduce an exponent"
      ],
      "solution": null,
      "evaluations": {},
      "timestamp": "2025-02-10T03:14:41.349518Z"
    },
    {
      "original": "integrate(12 - 3*x**2, (x, 0, 2))",
      "requested_difficulty": "equivalent",
      "variant": "integrate(3*(4 - x**2), x)",
      "reasoning": "As a creative mathematician, I appreciate the power of substitution and transformation. Let's rewrite \\(3x^2\\) as \\(3(x^2)\\) and rearrange the terms to emphasize the polynomial nature of the integrand.",
      "variant_response": null,
      "verification_passed": null,
      "evaluation": "easier",
      "transformations_used": [
        "use alternate but equivalent radical forms",
        "rewrite the integrand in a different form without changing overall complexity",
        "change a function to an easier one"
      ],
      "solution": null,
      "evaluations": {},
      "timestamp": "2025-02-10T03:14:41.155550Z"
    },
    {
      "original": "integrate(12 - 3*x**2, (x, 0, 2))",
      "requested_difficulty": "equivalent",
      "variant": "integrate(12 - 3*(x**2), x)",
      "reasoning": "As a theoretical physicist, I enjoy seeing how trigonometric identities can sometimes simplify problems. However, this polynomial can also be recast in an exponential format, emphasizing the form but retaining its integrity.",
      "variant_response": null,
      "verification_passed": null,
      "evaluation": "easier",
      "transformations_used": [
        "use alternate but equivalent radical forms",
        "rewrite the integrand in a different form without changing overall complexity",
        "change a function to an easier one"
      ],
      "solution": null,
      "evaluations": {},
      "timestamp": "2025-02-10T03:14:41.208868Z"
    },
    {
      "original": "integrate(12 - 3*x**2, (x, 0, 2))",
      "requested_difficulty": "equivalent",
      "variant": "integrate(2*(6 - (3*x**2)), x)",
      "reasoning": "As a number theorist, I can incorporate a constant transformation involving prime numbers. Here, I can fashion the constant components differently to highlight prime factorization in my integrand.",
      "variant_response": null,
      "verification_passed": null,
      "evaluation": "equivalent",
      "transformations_used": [
        "use alternate but equivalent radical forms",
        "rewrite the integrand in a different form without changing overall complexity",
        "change a function to an easier one"
      ],
      "solution": null,
      "evaluations": {},
      "timestamp": "2025-02-10T03:14:41.308711Z"
    },
    {
      "original": "integrate(12 - 3*x**2, (x, 0, 2))",
      "requested_difficulty": "equivalent",
      "variant": "integrate(-3*(x**2) + 12, x)",
      "reasoning": "As a geometry enthusiast, I consider the geometric form of the situation. The expression \\(12 - 3x^2\\) can be thought of as the area under a parabola and represented in its canonical form, shifted by constants.",
      "variant_response": null,
      "verification_passed": null,
      "evaluation": "equivalent",
      "transformations_used": [
        "use alternate but equivalent radical forms",
        "rewrite the integrand in a different form without changing overall complexity",
        "change a function to an easier one"
      ],
      "solution": null,
      "evaluations": {},
      "timestamp": "2025-02-10T03:14:41.091203Z"
    },
    {
      "original": "integrate(12 - 3*x**2, (x, 0, 2))",
      "requested_difficulty": "equivalent",
      "variant": "integrate(12 - 3*(x * x), x)",
      "reasoning": "A creative mathematician again can appreciate that \\(3x^2\\) is just \\(x \\cdot 3x\\). This viewpoint expresses the integrand through a product format, maintaining its equivalence through distribution.",
      "variant_response": null,
      "verification_passed": null,
      "evaluation": "easier",
      "transformations_used": [
        "use alternate but equivalent radical forms",
        "rewrite the integrand in a different form without changing overall complexity",
        "change a function to an easier one"
      ],
      "solution": null,
      "evaluations": {},
      "timestamp": "2025-02-10T03:14:41.174890Z"
    },
    {
      "original": "integrate(12 - 3*x**2, (x, 0, 2))",
      "requested_difficulty": "equivalent",
      "variant": "integrate(3*(4 - (x**2)), x)",
      "reasoning": "A theoretical physicist might consider parameterizing this polynomial in terms of a squared variable, showing different aspects of integration effectively.",
      "variant_response": null,
      "verification_passed": null,
      "evaluation": "easier",
      "transformations_used": [
        "use alternate but equivalent radical forms",
        "rewrite the integrand in a different form without changing overall complexity",
        "change a function to an easier one"
      ],
      "solution": null,
      "evaluations": {},
      "timestamp": "2025-02-10T03:14:41.173198Z"
    }
  ],
  [
    {
      "original": "integrate(tan(x)**4*sec(x)**3 + tan(x)**2*sec(x)**5, x)",
      "requested_difficulty": "easier",
      "variant": "integrate(sec(x)**3 * (tan(x)**4 + tan(x)**2 * sec(x)**2), x)",
      "reasoning": "As a calculus professor who treasures elegance, we can notice that we can factor the integral. By pulling out common factors, we simplify the integral significantly.",
      "variant_response": null,
      "verification_passed": null,
      "evaluation": "easier",
      "transformations_used": [
        "eliminate a radical",
        "replace transcendental functions with simpler algebraic ones",
        "eliminate absolute value terms",
        "drop a subexpression",
        "remove logarithmic terms"
      ],
      "solution": null,
      "evaluations": {},
      "timestamp": "2025-02-10T03:14:45.770986Z"
    },
    {
      "original": "integrate(tan(x)**4*sec(x)**3 + tan(x)**2*sec(x)**5, x)",
      "requested_difficulty": "easier",
      "variant": "integrate(tan(x)**4 * (1/cos(x))**3 + tan(x)**2 * (1/cos(x))**5, x)",
      "reasoning": "As a student focused on polynomials, I prefer to convert everything into algebraic terms. Realizing \\( \\sec(x) = \\frac{1}{\\cos(x)} \\) can help simplify the trigonometric terms into polynomial forms.",
      "variant_response": null,
      "verification_passed": null,
      "evaluation": "equivalent",
      "transformations_used": [
        "eliminate a radical",
        "replace transcendental functions with simpler algebraic ones",
        "eliminate absolute value terms",
        "drop a subexpression",
        "remove logarithmic terms"
      ],
      "solution": null,
      "evaluations": {},
      "timestamp": "2025-02-10T03:14:45.601691Z"
    },
    {
      "original": "integrate(tan(x)**4*sec(x)**3 + tan(x)**2*sec(x)**5, x)",
      "requested_difficulty": "easier",
      "variant": "integrate((sin(x)**4 / cos(x)**4) * (1/cos(x)**3) + (sin(x)**2 / cos(x)**2) * (1/cos(x)**5), x)",
      "reasoning": "As a theoretical physicist, I find trigonometric identities useful. Here, we can rewrite \\( \\tan(x) = \\sin(x)/\\cos(x) \\) to create a potentially easier-to-integrate form.",
      "variant_response": null,
      "verification_passed": null,
      "evaluation": "equivalent",
      "transformations_used": [
        "eliminate a radical",
        "replace transcendental functions with simpler algebraic ones",
        "eliminate absolute value terms",
        "drop a subexpression",
        "remove logarithmic terms"
      ],
      "solution": null,
      "evaluations": {},
      "timestamp": "2025-02-10T03:14:45.655428Z"
    },
    {
      "original": "integrate(tan(x)**4*sec(x)**3 + tan(x)**2*sec(x)**5, x)",
      "requested_difficulty": "easier",
      "variant": "integrate(tan(x)**4 * sec(x)**3 + tan(x)**2 * sec(x)**5, x)",
      "reasoning": "The engineer in me favors practical solutions. We can approach the integral by using numerical methods to find an approximate value rather than solving it symbolically.",
      "variant_response": null,
      "verification_passed": null,
      "evaluation": "equivalent",
      "transformations_used": [
        "eliminate a radical",
        "replace transcendental functions with simpler algebraic ones",
        "eliminate absolute value terms",
        "drop a subexpression",
        "remove logarithmic terms"
      ],
      "solution": null,
      "evaluations": {},
      "timestamp": "2025-02-10T03:14:45.897067Z"
    },
    {
      "original": "integrate(tan(x)**4*sec(x)**3 + tan(x)**2*sec(x)**5, x)",
      "requested_difficulty": "easier",
      "variant": "integrate((tan(x)**2)**2 * sec(x)**3 + (tan(x)**2) * (sec(x)**2)**2 * sec(x)**3, x)",
      "reasoning": "As a number theorist, I find prime numbers fascinating. In this case, I can analyze the integral through the sum of the ingredients; understanding commons helps ease integration.",
      "variant_response": null,
      "verification_passed": null,
      "evaluation": "equivalent",
      "transformations_used": [
        "eliminate a radical",
        "replace transcendental functions with simpler algebraic ones",
        "eliminate absolute value terms",
        "drop a subexpression",
        "remove logarithmic terms"
      ],
      "solution": null,
      "evaluations": {},
      "timestamp": "2025-02-10T03:14:45.756820Z"
    },
    {
      "original": "integrate(tan(x)**4*sec(x)**3 + tan(x)**2*sec(x)**5, x)",
      "requested_difficulty": "easier",
      "variant": "integrate((opposite(x)/adjacent(x))**4 * (hypotenuse(x)/adjacent(x))**3 + (opposite(x)/adjacent(x))**2 * (hypotenuse(x)/adjacent(x))**5, x)",
      "reasoning": "As an enthusiast in geometry, I represent trigonometric functions in terms of geometric relationships. Converting \\( \\tan(x) \\) and \\( \\sec(x) \\) into desirable geometric forms can help visualize the functions involved.",
      "variant_response": null,
      "verification_passed": null,
      "evaluation": "equivalent",
      "transformations_used": [
        "eliminate a radical",
        "replace transcendental functions with simpler algebraic ones",
        "eliminate absolute value terms",
        "drop a subexpression",
        "remove logarithmic terms"
      ],
      "solution": null,
      "evaluations": {},
      "timestamp": "2025-02-10T03:14:45.691461Z"
    },
    {
      "original": "integrate(tan(x)**4*sec(x)**3 + tan(x)**2*sec(x)**5, x)",
      "requested_difficulty": "easier",
      "variant": "integrate((sin(x)**4/cos(x)**4)*(1/cos(x)**3) + (sin(x)**2/cos(x)**2)*(1/cos(x)**5), x)",
      "reasoning": "As a calculus professor who appreciates elegant simplifications, I notice that \\( \\sec(x) = \\frac{1}{\\cos(x)} \\) and \\( \\tan(x) = \\frac{\\sin(x)}{\\cos(x)} \\). I can express the original integral in terms of sine and cosine, reducing powers of tangent.",
      "variant_response": null,
      "verification_passed": null,
      "evaluation": "equivalent",
      "transformations_used": [
        "reduce the degree of a polynomial",
        "simplify a trigonometric component",
        "remove a factor",
        "simplify the denominator",
        "lower a coefficient"
      ],
      "solution": null,
      "evaluations": {},
      "timestamp": "2025-02-10T03:14:56.540632Z"
    },
    {
      "original": "integrate(tan(x)**4*sec(x)**3 + tan(x)**2*sec(x)**5, x)",
      "requested_difficulty": "easier",
      "variant": "integrate((sec(x)**2 - 1)**2 * sec(x)**3, x)",
      "reasoning": "As a theoretical physicist who enjoys trigonometric forms, I can take advantage of trigonometric identities. Notably, I'll utilize \\( \\tan^2(x) = \\sec^2(x) - 1 \\) and explore a simplification.",
      "variant_response": null,
      "verification_passed": null,
      "evaluation": "easier",
      "transformations_used": [
        "reduce the degree of a polynomial",
        "simplify a trigonometric component",
        "remove a factor",
        "simplify the denominator",
        "lower a coefficient"
      ],
      "solution": null,
      "evaluations": {},
      "timestamp": "2025-02-10T03:14:56.509863Z"
    },
    {
      "original": "integrate(tan(x)**4*sec(x)**3 + tan(x)**2*sec(x)**5, x)",
      "requested_difficulty": "easier",
      "variant": "integrate(tan(x)**2 * sec(x)**3 * (tan(x)**2 + sec(x)**2), x)",
      "reasoning": "As an engineer who favors practical approaches, I can compute the integral by breaking it down into simpler parts using integration by parts or direct computation seeing how they form basic integral forms.",
      "variant_response": null,
      "verification_passed": null,
      "evaluation": "easier",
      "transformations_used": [
        "reduce the degree of a polynomial",
        "simplify a trigonometric component",
        "remove a factor",
        "simplify the denominator",
        "lower a coefficient"
      ],
      "solution": null,
      "evaluations": {},
      "timestamp": "2025-02-10T03:14:56.714531Z"
    },
    {
      "original": "integrate(tan(x)**4*sec(x)**3 + tan(x)**2*sec(x)**5, x)",
      "requested_difficulty": "easier",
      "variant": "integrate(tan(x)**2 * sec(x)**3 + sec(x)**5, x)",
      "reasoning": "As a number theorist fascinated by polynomial simplicity, I can reduce the degree of each tangent power and reframe the integral with lower polynomial degrees.",
      "variant_response": null,
      "verification_passed": null,
      "evaluation": "easier",
      "transformations_used": [
        "reduce the degree of a polynomial",
        "simplify a trigonometric component",
        "remove a factor",
        "simplify the denominator",
        "lower a coefficient"
      ],
      "solution": null,
      "evaluations": {},
      "timestamp": "2025-02-10T03:14:56.541722Z"
    },
    {
      "original": "integrate(tan(x)**4*sec(x)**3 + tan(x)**2*sec(x)**5, x)",
      "requested_difficulty": "equivalent",
      "variant": "integrate(tan(x)**2 * sec(x)**3 * (sec(x)**2 + 1), x)",
      "reasoning": "As a calculus professor who loves elegant simplifications, I notice that both terms can share a common factor of \\( \\tan^2(x) \\sec^3(x) \\). This allows for a more streamlined approach.",
      "variant_response": null,
      "verification_passed": null,
      "evaluation": "easier",
      "transformations_used": [
        "adjust parameters while keeping the integral equivalent",
        "factor common terms differently",
        "change variables while maintaining complexity",
        "change coefficient values slightly",
        "use trigonometric identities to rewrite expression"
      ],
      "solution": null,
      "evaluations": {},
      "timestamp": "2025-02-10T03:14:44.544984Z"
    },
    {
      "original": "integrate(tan(x)**4*sec(x)**3 + tan(x)**2*sec(x)**5, x)",
      "requested_difficulty": "equivalent",
      "variant": "integrate(tan(x)**4 * (1 + tan(x)**2)**(3/2) + tan(x)**2 * (1 + tan(x)**2)**(5/2), x)",
      "reasoning": "Coming from a student's perspective who prefers working with polynomials, I will express the secant terms in polynomial form. This reinterpretation maintains the integrity of the original expression while clarifying the polynomial features.",
      "variant_response": null,
      "verification_passed": null,
      "evaluation": "equivalent",
      "transformations_used": [
        "adjust parameters while keeping the integral equivalent",
        "factor common terms differently",
        "change variables while maintaining complexity",
        "change coefficient values slightly",
        "use trigonometric identities to rewrite expression"
      ],
      "solution": null,
      "evaluations": {},
      "timestamp": "2025-02-10T03:14:44.561294Z"
    },
    {
      "original": "integrate(tan(x)**4*sec(x)**3 + tan(x)**2*sec(x)**5, x)",
      "requested_difficulty": "equivalent",
      "variant": "integrate(tan(x)**4 / cos(x)**3 + tan(x)**2 / cos(x)**5, x)",
      "reasoning": "As a theoretical physicist who enjoys trigonometric forms, I can use Pythagorean identities to transform the secant terms into sine and cosine forms, emphasizing the relationship between these functions.",
      "variant_response": null,
      "verification_passed": null,
      "evaluation": "equivalent",
      "transformations_used": [
        "adjust parameters while keeping the integral equivalent",
        "factor common terms differently",
        "change variables while maintaining complexity",
        "change coefficient values slightly",
        "use trigonometric identities to rewrite expression"
      ],
      "solution": null,
      "evaluations": {},
      "timestamp": "2025-02-10T03:14:44.543349Z"
    },
    {
      "original": "integrate(tan(x)**4*sec(x)**3 + tan(x)**2*sec(x)**5, x)",
      "requested_difficulty": "equivalent",
      "variant": "integrate(tan(x)**4 * (2 * sec(x)**2 + 3 * sec(x)**4), x)",
      "reasoning": "Being a number theorist intrigued by prime numbers, I can analyze the coefficients and express secants as primes resulting from \\( tan \\). This showcases the interaction between prime numbers and rational functions.",
      "variant_response": null,
      "verification_passed": null,
      "evaluation": "easier",
      "transformations_used": [
        "adjust parameters while keeping the integral equivalent",
        "factor common terms differently",
        "change variables while maintaining complexity",
        "change coefficient values slightly",
        "use trigonometric identities to rewrite expression"
      ],
      "solution": null,
      "evaluations": {},
      "timestamp": "2025-02-10T03:14:44.576267Z"
    },
    {
      "original": "integrate(tan(x)**4*sec(x)**3 + tan(x)**2*sec(x)**5, x)",
      "requested_difficulty": "equivalent",
      "variant": "integrate(tan(x)**2 * sec(x)**3 * (tan(x)**2 * sec(x) + 1), x)",
      "reasoning": "Adopting the perspective of a calculus artist who appreciates the symmetry of expressions, I will rearrange terms, highlighting symmetry properties while keeping trigonometric symmetry in mind.",
      "variant_response": null,
      "verification_passed": null,
      "evaluation": "easier",
      "transformations_used": [
        "adjust parameters while keeping the integral equivalent",
        "factor common terms differently",
        "change variables while maintaining complexity",
        "change coefficient values slightly",
        "use trigonometric identities to rewrite expression"
      ],
      "solution": null,
      "evaluations": {},
      "timestamp": "2025-02-10T03:14:44.813286Z"
    },
    {
      "original": "integrate(tan(x)**4*sec(x)**3 + tan(x)**2*sec(x)**5, x)",
      "requested_difficulty": "equivalent",
      "variant": "integrate(tan(x)**2 * sec(x)**3 * (tan(x)**2 + sec(x)^2), x)",
      "reasoning": "As a combinatorial mathematician interested in reducing complexity, I can refactor \\( \\tan^2(x) \\sec^3(x) \\) into products that lend themselves to easier combinations, simplifying integration.",
      "variant_response": null,
      "verification_passed": null,
      "evaluation": "easier",
      "transformations_used": [
        "adjust parameters while keeping the integral equivalent",
        "factor common terms differently",
        "change variables while maintaining complexity",
        "change coefficient values slightly",
        "use trigonometric identities to rewrite expression"
      ],
      "solution": null,
      "evaluations": {},
      "timestamp": "2025-02-10T03:14:44.462005Z"
    },
    {
      "original": "integrate(tan(x)**4*sec(x)**3 + tan(x)**2*sec(x)**5, x)",
      "requested_difficulty": "equivalent",
      "variant": "integrate((sec(x)**3 + 1) * tan(x)**4 + (sec(x)**5 + tan(x)**2), x)",
      "reasoning": "As a mathematical explorer, I enjoy shifting perspectives using substitution to allow for different representations of functions, leveraging their symmetry and properties creatively.",
      "variant_response": null,
      "verification_passed": null,
      "evaluation": "easier",
      "transformations_used": [
        "adjust parameters while keeping the integral equivalent",
        "factor common terms differently",
        "change variables while maintaining complexity",
        "change coefficient values slightly",
        "use trigonometric identities to rewrite expression"
      ],
      "solution": null,
      "evaluations": {},
      "timestamp": "2025-02-10T03:14:44.470113Z"
    },
    {
      "original": "integrate(tan(x)**4*sec(x)**3 + tan(x)**2*sec(x)**5, x)",
      "requested_difficulty": "equivalent",
      "variant": "integrate(sec(x)**3 * tan(x)**2 * (tan(x)**2 + sec(x)**2), x)",
      "reasoning": "As a calculus professor who cherishes simplifications, I will factor out common terms in the integrand to make it easier to integrate.",
      "variant_response": null,
      "verification_passed": null,
      "evaluation": "easier",
      "transformations_used": [
        "rewrite the integrand in a different form without changing overall complexity",
        "rearrange the order of terms",
        "rewrite using alternate algebraic forms"
      ],
      "solution": null,
      "evaluations": {},
      "timestamp": "2025-02-10T03:14:44.162922Z"
    },
    {
      "original": "integrate(tan(x)**4*sec(x)**3 + tan(x)**2*sec(x)**5, x)",
      "requested_difficulty": "equivalent",
      "variant": "integrate((sin(x)**4 / cos(x)**6) + (sin(x)**2 / cos(x)**4), x)",
      "reasoning": "As a student who delights in polynomials, I will express the tangent and secant functions as fractions to emphasize polynomial-like behavior.",
      "variant_response": null,
      "verification_passed": null,
      "evaluation": "easier",
      "transformations_used": [
        "rewrite the integrand in a different form without changing overall complexity",
        "rearrange the order of terms",
        "rewrite using alternate algebraic forms"
      ],
      "solution": null,
      "evaluations": {},
      "timestamp": "2025-02-10T03:14:44.369923Z"
    },
    {
      "original": "integrate(tan(x)**4*sec(x)**3 + tan(x)**2*sec(x)**5, x)",
      "requested_difficulty": "equivalent",
      "variant": "integrate(tan(x)**4 * sec(x)**3 + tan(x)**2 * (1 + tan(x)**2) * sec(x)**3, x)",
      "reasoning": "As a theoretical physicist, I prefer trigonometric identities. Thus, I\u2019ll utilize secant and tangent identities to rewrite the integral, emphasizing the relations between them.",
      "variant_response": null,
      "verification_passed": null,
      "evaluation": "easier",
      "transformations_used": [
        "rewrite the integrand in a different form without changing overall complexity",
        "rearrange the order of terms",
        "rewrite using alternate algebraic forms"
      ],
      "solution": null,
      "evaluations": {},
      "timestamp": "2025-02-10T03:14:44.242612Z"
    }
  ],
  [
    {
      "original": "integrate(x*cosh(x)/sinh(x)**2, x)",
      "requested_difficulty": "easier",
      "variant": "integrate(x*(1/sinh(x)**2 + 1/sinh(x)), x)",
      "reasoning": "As a calculus professor, I appreciate simplifying expressions where possible. Since \\(\\frac{\\cosh(x)}{\\sinh^2(x)}\\) can be rewritten as \\(\\text{csch}^2(x) + \\text{csch}(x)\\), which is simpler to integrate, this makes a more approachable integral.",
      "variant_response": null,
      "verification_passed": null,
      "evaluation": "easier",
      "transformations_used": [
        "remove logarithmic terms",
        "remove a factor",
        "reduce the degree of a polynomial"
      ],
      "solution": null,
      "evaluations": {},
      "timestamp": "2025-02-10T03:14:54.945149Z"
    },
    {
      "original": "integrate(x*cosh(x)/sinh(x)**2, x)",
      "requested_difficulty": "easier",
      "variant": "integrate(x*(e**x / (e**x - e**(-x))**2), x)",
      "reasoning": "Theoretical physicists enjoy using trigonometric identities. By converting hyperbolic functions into trigonometric forms, we can analyze the integral in a different light. Here, I replace \\(\\cosh\\) and \\(\\sinh\\) with \\(e^{x}\\) and \\(e^{-x}\\) for clarity.",
      "variant_response": null,
      "verification_passed": null,
      "evaluation": "equivalent",
      "transformations_used": [
        "remove logarithmic terms",
        "remove a factor",
        "reduce the degree of a polynomial"
      ],
      "solution": null,
      "evaluations": {},
      "timestamp": "2025-02-10T03:14:54.948000Z"
    },
    {
      "original": "integrate(x*cosh(x)/sinh(x)**2, x)",
      "requested_difficulty": "easier",
      "variant": "integrate(x*(1/(x**2 + 1)), x)",
      "reasoning": "As a student focused on polynomials, I can simplify the expression by eliminating the hyperbolic functions altogether when proposing a polynomial equivalent that captures the nature of the functions close to zero. The behavior becomes polynomial-like around this limit.",
      "variant_response": null,
      "verification_passed": null,
      "evaluation": "easier",
      "transformations_used": [
        "remove logarithmic terms",
        "remove a factor",
        "reduce the degree of a polynomial"
      ],
      "solution": null,
      "evaluations": {},
      "timestamp": "2025-02-10T03:14:54.981945Z"
    },
    {
      "original": "integrate(x*cosh(x)/sinh(x)**2, x)",
      "requested_difficulty": "easier",
      "variant": "integrate(x*(1/(x**2 + 1)**2), x)",
      "reasoning": "The number theorist in me loves rational coefficients. Instead of using hyperbolic functions, let\u2019s consider the rational approximation of \\(cosh\\) and \\(sinh\\) using polynomials, leading to a simpler integral.",
      "variant_response": null,
      "verification_passed": null,
      "evaluation": "easier",
      "transformations_used": [
        "remove logarithmic terms",
        "remove a factor",
        "reduce the degree of a polynomial"
      ],
      "solution": null,
      "evaluations": {},
      "timestamp": "2025-02-10T03:14:54.933382Z"
    },
    {
      "original": "integrate(x*cosh(x)/sinh(x)**2, x)",
      "requested_difficulty": "easier",
      "variant": "integrate(x*(1 + (x**2 / 2)), x)",
      "reasoning": "From a geometric perspective, I can interpret the hyperbolic functions in terms of their geometric transformations. By noticing that \\(\\sinh\\) is related to a vertical stretch and \\(\\cosh\\) to the horizontal stretch, I can use an alternative interpretation that simplifies the calculation.",
      "variant_response": null,
      "verification_passed": null,
      "evaluation": "easier",
      "transformations_used": [
        "remove logarithmic terms",
        "remove a factor",
        "reduce the degree of a polynomial"
      ],
      "solution": null,
      "evaluations": {},
      "timestamp": "2025-02-10T03:14:54.927798Z"
    },
    {
      "original": "integrate(x*cosh(x)/sinh(x)**2, x)",
      "requested_difficulty": "easier",
      "variant": "integrate(x*cosh(x)/sinh(x)**2, x)",
      "reasoning": "Focusing on rational functions, I will attempt to break the integral into simpler parts. Splitting these terms will allow us to handle them individually.",
      "variant_response": null,
      "verification_passed": null,
      "evaluation": "equivalent",
      "transformations_used": [
        "remove logarithmic terms",
        "remove a factor",
        "reduce the degree of a polynomial"
      ],
      "solution": null,
      "evaluations": {},
      "timestamp": "2025-02-10T03:14:54.996244Z"
    },
    {
      "original": "integrate(x*cosh(x)/sinh(x)**2, x)",
      "requested_difficulty": "easier",
      "variant": "integrate((x/2) * (2*cosh(x)/sinh(x)**2), x)",
      "reasoning": "As a calculus professor valuing simplicity, I recognize that integrating directly may lead to intricate solutions, but I can factor out constants or terms to reduce complexity in the original form.",
      "variant_response": null,
      "verification_passed": null,
      "evaluation": "easier",
      "transformations_used": [
        "remove logarithmic terms",
        "remove a factor",
        "reduce the degree of a polynomial"
      ],
      "solution": null,
      "evaluations": {},
      "timestamp": "2025-02-10T03:14:55.152441Z"
    },
    {
      "original": "integrate(x*cosh(x)/sinh(x)**2, x)",
      "requested_difficulty": "easier",
      "variant": "integrate(x*(1 + x**2/6), x)",
      "reasoning": "Aiming to capture the essence of the original integral without the hyperbolic complexity, I will consider a small-wavelength approximation which leads to pleasant polynomial behavior and can ease integration significantly.",
      "variant_response": null,
      "verification_passed": null,
      "evaluation": "easier",
      "transformations_used": [
        "remove logarithmic terms",
        "remove a factor",
        "reduce the degree of a polynomial"
      ],
      "solution": null,
      "evaluations": {},
      "timestamp": "2025-02-10T03:14:54.908149Z"
    },
    {
      "original": "integrate(x*cosh(x)/sinh(x)**2, x)",
      "requested_difficulty": "easier",
      "variant": "integrate(x * (1 + x**2/2) / ((1 - x**2/2)**2), x)",
      "reasoning": "As a creative mathematician who enjoys unusual substitutions, I realize that replacing \\( \\sinh(x) \\) and \\( \\cosh(x) \\) with simpler algebraic expressions such as polynomials can lead to simpler integrals to evaluate. Hence, I replace them by their Taylor series or polynomial approximations.",
      "variant_response": null,
      "verification_passed": null,
      "evaluation": "easier",
      "transformations_used": [
        "replace transcendental functions with simpler algebraic ones",
        "reduce the number of terms in the expression",
        "lower a coefficient"
      ],
      "solution": null,
      "evaluations": {},
      "timestamp": "2025-02-10T03:14:49.153292Z"
    },
    {
      "original": "integrate(x*cosh(x)/sinh(x)**2, x)",
      "requested_difficulty": "easier",
      "variant": "integrate(x * (1 + x**2/2) / (x**2 + 1), x)",
      "reasoning": "As a student who loves working with polynomials, I see the opportunity to replace the hyperbolic functions with rational functions, giving me a polynomial to work with easier to integrate.",
      "variant_response": null,
      "verification_passed": null,
      "evaluation": "easier",
      "transformations_used": [
        "replace transcendental functions with simpler algebraic ones",
        "reduce the number of terms in the expression",
        "lower a coefficient"
      ],
      "solution": null,
      "evaluations": {},
      "timestamp": "2025-02-10T03:14:49.201421Z"
    },
    {
      "original": "integrate(x*cosh(x)/sinh(x)**2, x)",
      "requested_difficulty": "equivalent",
      "variant": "integrate(x * coth(x), x)",
      "reasoning": "As a calculus professor, I'm drawn to elegant simplifications. Recognizing that \\( \\frac{\\cosh(x)}{\\sinh(x)^2} \\) can be simplified by exploiting the identity \\( \\coth(x) = \\frac{\\cosh(x)}{\\sinh(x)} \\), I rewrite the integrand accordingly.",
      "variant_response": null,
      "verification_passed": null,
      "evaluation": "easier",
      "transformations_used": [
        "change coefficient values slightly",
        "swap numerator and denominator with reciprocal",
        "change a function to an easier one"
      ],
      "solution": null,
      "evaluations": {},
      "timestamp": "2025-02-10T03:14:55.766205Z"
    },
    {
      "original": "integrate(x*cosh(x)/sinh(x)**2, x)",
      "requested_difficulty": "equivalent",
      "variant": "integrate(x * cosh(x) / (sinh(x) ** 2), x)",
      "reasoning": "As a creative mathematician, I enjoy unusual substitutions. By introducing a substitution for \\( u = \\sinh(x) \\), I can transform the integral into a more straightforward form with respect to \\( u \\).",
      "variant_response": null,
      "verification_passed": null,
      "evaluation": "equivalent",
      "transformations_used": [
        "change coefficient values slightly",
        "swap numerator and denominator with reciprocal",
        "change a function to an easier one"
      ],
      "solution": null,
      "evaluations": {},
      "timestamp": "2025-02-10T03:14:55.797003Z"
    },
    {
      "original": "integrate(x*cosh(x)/sinh(x)**2, x)",
      "requested_difficulty": "equivalent",
      "variant": "integrate(x * (1 + x**2/6) / (x**2) , x)",
      "reasoning": "As an engineer, I often utilize practical computational methods. Knowing the identity \\( \\sinh(x) \\) can be approximated for small values of \\( x \\) allows me to consider the integral over a small interval, simplifying analysis.",
      "variant_response": null,
      "verification_passed": null,
      "evaluation": "easier",
      "transformations_used": [
        "change coefficient values slightly",
        "swap numerator and denominator with reciprocal",
        "change a function to an easier one"
      ],
      "solution": null,
      "evaluations": {},
      "timestamp": "2025-02-10T03:14:55.853385Z"
    },
    {
      "original": "integrate(x*cosh(x)/sinh(x)**2, x)",
      "requested_difficulty": "equivalent",
      "variant": "integrate(x * (exp(x) + exp(-x)) / (exp(x) - exp(-x))**2, x)",
      "reasoning": "Thinking like a theoretical physicist, I can represent hyperbolic functions in terms of exponentials. Thus, I express the integrand with exponential functions instead of hyperbolic functions to facilitate the integration process.",
      "variant_response": null,
      "verification_passed": null,
      "evaluation": "equivalent",
      "transformations_used": [
        "change coefficient values slightly",
        "swap numerator and denominator with reciprocal",
        "change a function to an easier one"
      ],
      "solution": null,
      "evaluations": {},
      "timestamp": "2025-02-10T03:14:55.727862Z"
    },
    {
      "original": "integrate(x*cosh(x)/sinh(x)**2, x)",
      "requested_difficulty": "equivalent",
      "variant": "integrate(x * sech(x) ** 2, x)",
      "reasoning": "Embracing a theoretical physicist's perspective again, I interchange sine hyperbolic terms and focus on simpler forms. Swapping in \\( \\sech(x) \\) directly provides a different viewpoint on the same integral.",
      "variant_response": null,
      "verification_passed": null,
      "evaluation": "easier",
      "transformations_used": [
        "change coefficient values slightly",
        "swap numerator and denominator with reciprocal",
        "change a function to an easier one"
      ],
      "solution": null,
      "evaluations": {},
      "timestamp": "2025-02-10T03:14:56.075424Z"
    },
    {
      "original": "integrate(x*cosh(x)/sinh(x)**2, x)",
      "requested_difficulty": "equivalent",
      "variant": "integrate(sinh(x) * (1 + x**2/6), x)",
      "reasoning": "As a curious geometry enthusiast, I consider integrating the area under this curve, seeing \\( x \\) as a linear transformation of the cosine hyperbolic shape; hence I adjust the numerator to highlight the transformation.",
      "variant_response": null,
      "verification_passed": null,
      "evaluation": "easier",
      "transformations_used": [
        "change coefficient values slightly",
        "swap numerator and denominator with reciprocal",
        "change a function to an easier one"
      ],
      "solution": null,
      "evaluations": {},
      "timestamp": "2025-02-10T03:14:55.798522Z"
    },
    {
      "original": "integrate(x*cosh(x)/sinh(x)**2, x)",
      "requested_difficulty": "equivalent",
      "variant": "integrate(x*(e**x + e**(-x))/(e**x - e**(-x))**2, x)",
      "reasoning": "As a calculus professor, I appreciate simplifying expressions. The hyperbolic functions can be rewritten as exponentials. Knowing that \\( \\cosh(x) = \\frac{e^x + e^{-x}}{2} \\) and \\( \\sinh(x) = \\frac{e^x - e^{-x}}{2} \\), I can express the integrand in a simpler form.",
      "variant_response": null,
      "verification_passed": null,
      "evaluation": "equivalent",
      "transformations_used": [
        "substitute equivalent exponential forms",
        "change a function to an easier one",
        "rewrite the integrand in a different form without changing overall complexity"
      ],
      "solution": null,
      "evaluations": {},
      "timestamp": "2025-02-10T03:14:42.461407Z"
    },
    {
      "original": "integrate(x*cosh(x)/sinh(x)**2, x)",
      "requested_difficulty": "equivalent",
      "variant": "integrate(x*(exp(x) + exp(-x))/((exp(x) - exp(-x))**2), x)",
      "reasoning": "From a theoretical physicist's point of view, using trigonometric identities can sometimes simplify integration. I'll translate the hyperbolic functions into terms of their exponential form but keep the original structural identities.",
      "variant_response": null,
      "verification_passed": null,
      "evaluation": "equivalent",
      "transformations_used": [
        "substitute equivalent exponential forms",
        "change a function to an easier one",
        "rewrite the integrand in a different form without changing overall complexity"
      ],
      "solution": null,
      "evaluations": {},
      "timestamp": "2025-02-10T03:14:42.810214Z"
    },
    {
      "original": "integrate(x*cosh(x)/sinh(x)**2, x)",
      "requested_difficulty": "equivalent",
      "variant": "integrate(x*(1/2)*(e**x + e**(-x))/(1/4*(e**x - e**(-x))**2), x)",
      "reasoning": "Being a number theorist, I focus on rational coefficients. I rewrite the integral using rational coefficients to express the hyperbolic functions neatly.",
      "variant_response": null,
      "verification_passed": null,
      "evaluation": "equivalent",
      "transformations_used": [
        "substitute equivalent exponential forms",
        "change a function to an easier one",
        "rewrite the integrand in a different form without changing overall complexity"
      ],
      "solution": null,
      "evaluations": {},
      "timestamp": "2025-02-10T03:14:42.610199Z"
    },
    {
      "original": "integrate(x*cosh(x)/sinh(x)**2, x)",
      "requested_difficulty": "equivalent",
      "variant": "integrate(x*cosh(x)/(sinh(x)**2), x)",
      "reasoning": "As a geometry enthusiast, I view the integral in terms of transformations. The hyperbolic functions can be interpreted in terms of area under a curve in hyperbolic space.",
      "variant_response": null,
      "verification_passed": null,
      "evaluation": "easier",
      "transformations_used": [
        "substitute equivalent exponential forms",
        "change a function to an easier one",
        "rewrite the integrand in a different form without changing overall complexity"
      ],
      "solution": null,
      "evaluations": {},
      "timestamp": "2025-02-10T03:14:42.569436Z"
    }
  ]
]