[
  [
    {
      "original": "integrate(x-1, x)",
      "requested_difficulty": "easier",
      "variant": "integrate((x**2 - 1)/x, x)",
      "reasoning": "From the perspective of a student comfortable with polynomials, converting the function to a polynomial form could help. Here, I can represent \\( (x - 1) \\) as \\( (x^2 - 1)/x \\) to keep it polynomial but slightly more challenging.",
      "evaluation": "easier",
      "extra_verification": null,
      "transformations_used": [
        "simplify a trigonometric component",
        "change a function to an easier one",
        "simplify the denominator"
      ],
      "timestamp": "2025-02-05T06:50:11.332073Z"
    },
    {
      "original": "integrate(x-1, x)",
      "requested_difficulty": "easier",
      "variant": "integrate(2*(x - 1), x)",
      "reasoning": "Adopting the engineering mindset, we often deal with linear approximations. By adding a linear term, this makes it more interesting for applied contexts without completely losing sight of the original function.",
      "evaluation": "easier",
      "extra_verification": null,
      "transformations_used": [
        "simplify a trigonometric component",
        "change a function to an easier one",
        "simplify the denominator"
      ],
      "timestamp": "2025-02-05T06:50:11.205001Z"
    },
    {
      "original": "integrate(x-1, x)",
      "requested_difficulty": "easier",
      "variant": "integrate((3*x - 3), x)",
      "reasoning": "From a number theorist's perspective, I can modify the integral to involve a prime number coefficient, which creates a deeper layer of exploration while still relating to the original function.",
      "evaluation": "equivalent",
      "extra_verification": null,
      "transformations_used": [
        "simplify a trigonometric component",
        "change a function to an easier one",
        "simplify the denominator"
      ],
      "timestamp": "2025-02-05T06:50:11.231720Z"
    },
    {
      "original": "integrate(x-1, x)",
      "requested_difficulty": "easier",
      "variant": "integrate(x + 0, x)",
      "reasoning": "As a calculus professor, I appreciate the clarity of linear functions. I will transform the integrand to \\(\\int (x + 0) \\, dx\\) to highlight the concept of integration visually without change in complexity.",
      "evaluation": "equivalent",
      "extra_verification": null,
      "transformations_used": [
        "reduce the number of terms in the expression",
        "replace a complex fraction with a simpler one",
        "reduce an exponent"
      ],
      "timestamp": "2025-02-05T06:50:13.843831Z"
    },
    {
      "original": "integrate(x-1, x)",
      "requested_difficulty": "easier",
      "variant": "integrate(x - 1, x)",
      "reasoning": "As a creative mathematician, I enjoy utilizing substitutions to simplify expressions. Here, I\u2019ll set \\(u = x - 1\\) which leads directly to a transformation yielding \\(\\int u \\, du\\), making the integral's bounds clear.",
      "evaluation": "equivalent",
      "extra_verification": null,
      "transformations_used": [
        "reduce the number of terms in the expression",
        "replace a complex fraction with a simpler one",
        "reduce an exponent"
      ],
      "timestamp": "2025-02-05T06:50:12.384953Z"
    },
    {
      "original": "integrate(x-1, x)",
      "requested_difficulty": "easier",
      "variant": "integrate(x, x)",
      "reasoning": "As a student favoring polynomials, I can represent the linear function in a different way. I will express the original function as a sum of two polynomials, resulting in \\(\\int x \\, dx - \\int 1 \\, dx\\), showcasing the fundamental theorem effectively.",
      "evaluation": "easier",
      "extra_verification": null,
      "transformations_used": [
        "reduce the number of terms in the expression",
        "replace a complex fraction with a simpler one",
        "reduce an exponent"
      ],
      "timestamp": "2025-02-05T06:50:12.457073Z"
    },
    {
      "original": "integrate(x-1, x)",
      "requested_difficulty": "easier",
      "variant": "integrate(exp(0) * (x - 1), x)",
      "reasoning": "From the perspective of a theoretical physicist, I often express things in exponential form. Here, I can express the linear term using an exponential representation, thereby reshaping it into a simpler integral form while keeping \\(e^0\\) involved.",
      "evaluation": "equivalent",
      "extra_verification": null,
      "transformations_used": [
        "reduce the number of terms in the expression",
        "replace a complex fraction with a simpler one",
        "reduce an exponent"
      ],
      "timestamp": "2025-02-05T06:50:12.495609Z"
    },
    {
      "original": "integrate(x-1, x)",
      "requested_difficulty": "easier",
      "variant": "integrate((x**2 - x) / x, x)",
      "reasoning": "As an engineer, I emphasize computational clarity. I will rewrite the integrand focusing on fractions. By transforming it into \\(\\int \\frac{(x^2 - x)}{x} \\, dx\\), I allow for easier computational steps down the road, focusing on practical simplifications.",
      "evaluation": "easier",
      "extra_verification": null,
      "transformations_used": [
        "reduce the number of terms in the expression",
        "replace a complex fraction with a simpler one",
        "reduce an exponent"
      ],
      "timestamp": "2025-02-05T06:50:12.276170Z"
    },
    {
      "original": "integrate(x-1, x)",
      "requested_difficulty": "easier",
      "variant": "integrate(x - (2 - 1), x)",
      "reasoning": "Coming from a number theorist's perspective, I appreciate the characteristics of integers involved. I will express the integrand in terms of primes by rewriting 1 as \\((2 - 1)\\), leading to interesting insights in number breakdown.",
      "evaluation": "equivalent",
      "extra_verification": null,
      "transformations_used": [
        "reduce the number of terms in the expression",
        "replace a complex fraction with a simpler one",
        "reduce an exponent"
      ],
      "timestamp": "2025-02-05T06:50:12.310250Z"
    },
    {
      "original": "integrate(x-1, x)",
      "requested_difficulty": "easier",
      "variant": "integrate((x - 1), x)",
      "reasoning": "As a geometry enthusiast, I often think in terms of area under curves. I can visualize this integral as the area between the line \\(y = x\\) and the line \\(y = 1\\) over the bounded region which leads to \\(\\int (x - 1) \\, dx\\) becoming more geometric.",
      "evaluation": "equivalent",
      "extra_verification": null,
      "transformations_used": [
        "reduce the number of terms in the expression",
        "replace a complex fraction with a simpler one",
        "reduce an exponent"
      ],
      "timestamp": "2025-02-05T06:50:12.273734Z"
    },
    {
      "original": "integrate(x-1, x)",
      "requested_difficulty": "equivalent",
      "variant": "integrate(e**(ln(x-1)), x)",
      "reasoning": "As a theoretical physicist, I consider the exponential function as a useful tool. Therefore, I can represent the original integrand using exponential notation, even if it's an unusual choice.",
      "evaluation": "equivalent",
      "extra_verification": null,
      "transformations_used": [
        "apply algebraic identities that preserve complexity",
        "rearrange the order of terms",
        "adjust parameters while keeping the integral equivalent",
        "use trigonometric identities to rewrite expression",
        "rewrite the integrand in a different form without changing overall complexity"
      ],
      "timestamp": "2025-02-05T06:50:09.134803Z"
    },
    {
      "original": "integrate(x-1, x)",
      "requested_difficulty": "equivalent",
      "variant": "integrate((2/2)x - (2/2), x)",
      "reasoning": "As a number theorist interested in integers, I will convert the function to use rational coefficients for clarity, focusing on the preservation of nature while adjusting the format slightly.",
      "evaluation": "equivalent",
      "extra_verification": null,
      "transformations_used": [
        "apply algebraic identities that preserve complexity",
        "rearrange the order of terms",
        "adjust parameters while keeping the integral equivalent",
        "use trigonometric identities to rewrite expression",
        "rewrite the integrand in a different form without changing overall complexity"
      ],
      "timestamp": "2025-02-05T06:50:09.117454Z"
    },
    {
      "original": "integrate(x-1, x)",
      "requested_difficulty": "equivalent",
      "variant": "integrate(2 * (0.5*x - 0.5), x)",
      "reasoning": "As a geometry enthusiast, I see the linear form of the function can suggest a transformation. Let's incorporate a geometric perspective. By scaling it, the characteristic of the function changes yet retains its core.",
      "evaluation": "equivalent",
      "extra_verification": null,
      "transformations_used": [
        "apply algebraic identities that preserve complexity",
        "rearrange the order of terms",
        "adjust parameters while keeping the integral equivalent",
        "use trigonometric identities to rewrite expression",
        "rewrite the integrand in a different form without changing overall complexity"
      ],
      "timestamp": "2025-02-05T06:50:09.311065Z"
    },
    {
      "original": "integrate(x-1, x)",
      "requested_difficulty": "equivalent",
      "variant": "integrate((x**2 - x**2 + (x-1)), x)",
      "reasoning": "As a calculus professor valuing symmetry, I recognize that the integral can be expressed as the average of two extremes of a quadratic polynomial to retain complexity.",
      "evaluation": "equivalent",
      "extra_verification": null,
      "transformations_used": [
        "apply algebraic identities that preserve complexity",
        "rearrange the order of terms",
        "adjust parameters while keeping the integral equivalent",
        "use trigonometric identities to rewrite expression",
        "rewrite the integrand in a different form without changing overall complexity"
      ],
      "timestamp": "2025-02-05T06:50:09.229438Z"
    },
    {
      "original": "integrate(x-1, x)",
      "requested_difficulty": "equivalent",
      "variant": "integrate((x**2)/2 - x, x)",
      "reasoning": "As a calculus professor, I appreciate the beauty in shifting the integral to a polynomial with one less degree. By transforming the variable, I can express the original integral in a new light while maintaining its properties.",
      "evaluation": "easier",
      "extra_verification": null,
      "transformations_used": [
        "exchange similar functions (e.g., sin to cos)",
        "swap numerator and denominator with reciprocal",
        "change coefficient values slightly",
        "change variables while maintaining complexity",
        "substitute equivalent exponential forms"
      ],
      "timestamp": "2025-02-05T06:50:06.813385Z"
    },
    {
      "original": "integrate(x-1, x)",
      "requested_difficulty": "equivalent",
      "variant": "integrate((x - 1)/(2), x)",
      "reasoning": "In the realm of number theory, I love the characteristics of prime numbers. Thus, I\u2019ll create a fraction with a prime number in the numerator for added complexity.",
      "evaluation": "easier",
      "extra_verification": null,
      "transformations_used": [
        "exchange similar functions (e.g., sin to cos)",
        "swap numerator and denominator with reciprocal",
        "change coefficient values slightly",
        "change variables while maintaining complexity",
        "substitute equivalent exponential forms"
      ],
      "timestamp": "2025-02-05T06:50:06.503686Z"
    },
    {
      "original": "integrate(x-1, x)",
      "requested_difficulty": "equivalent",
      "variant": "integrate((2*(x/2 - 1)), x)",
      "reasoning": "As a geometry enthusiast, I express the linear function as an affine transformation, showcasing its geometric interpretation while integrating over a transformed axis.",
      "evaluation": "equivalent",
      "extra_verification": null,
      "transformations_used": [
        "exchange similar functions (e.g., sin to cos)",
        "swap numerator and denominator with reciprocal",
        "change coefficient values slightly",
        "change variables while maintaining complexity",
        "substitute equivalent exponential forms"
      ],
      "timestamp": "2025-02-05T06:50:06.528050Z"
    }
  ],
  [],
  [
    {
      "original": "integrate(e**(-2*x**2-5*x-3), (x, -oo, oo))",
      "requested_difficulty": "easier",
      "variant": "integrate(exp(-2*(x + 5/4)**2 + 25/8 - 3), x)",
      "reasoning": "As a calculus professor, I realize that I can complete the square in the exponent to make the expression more manageable. The term \\(-2x^2 - 5x - 3\\) can be rewritten using completing the square, thus simplifying the integral significantly.",
      "evaluation": "easier",
      "extra_verification": null,
      "transformations_used": [
        "reduce the degree of a polynomial",
        "reduce the number of terms in the expression",
        "change a function to an easier one",
        "reduce an exponent",
        "simplify composite trigonometric functions"
      ],
      "timestamp": "2025-02-05T06:50:09.741723Z"
    },
    {
      "original": "integrate(e**(-2*x**2-5*x-3), (x, -oo, oo))",
      "requested_difficulty": "easier",
      "variant": "integrate(exp(-2*(x + 5/4)**2), x)",
      "reasoning": "As a creative mathematician, I see an opportunity to express the quadratic term in a more straightforward form. By making a substitution to express \\(x\\) relative to simpler variables, I can facilitate the integration process.",
      "evaluation": "easier",
      "extra_verification": null,
      "transformations_used": [
        "reduce the degree of a polynomial",
        "reduce the number of terms in the expression",
        "change a function to an easier one",
        "reduce an exponent",
        "simplify composite trigonometric functions"
      ],
      "timestamp": "2025-02-05T06:50:09.659257Z"
    },
    {
      "original": "integrate(e**(-2*x**2-5*x-3), (x, -oo, oo))",
      "requested_difficulty": "easier",
      "variant": "integrate(exp(-2*(x**2 + (5/2)*x + 3/2)), x)",
      "reasoning": "I'm a student who prefers working with polynomials. By transforming the expression into a polynomial form, I can tackle the integral using polynomial techniques, making it easier to handle.",
      "evaluation": "equivalent",
      "extra_verification": null,
      "transformations_used": [
        "reduce the degree of a polynomial",
        "reduce the number of terms in the expression",
        "change a function to an easier one",
        "reduce an exponent",
        "simplify composite trigonometric functions"
      ],
      "timestamp": "2025-02-05T06:50:09.890774Z"
    },
    {
      "original": "integrate(e**(-2*x**2-5*x-3), (x, -oo, oo))",
      "requested_difficulty": "easier",
      "variant": "integrate(exp(-(x**2/2 + 5*x/4 + 3/4)), x)",
      "reasoning": "As an engineer, I often favor practical computations. I will simplify the coefficients in the exponent to illustrate how we can approximate the function for computational ease, allowing numerical integration to shine.",
      "evaluation": "easier",
      "extra_verification": null,
      "transformations_used": [
        "reduce the degree of a polynomial",
        "reduce the number of terms in the expression",
        "change a function to an easier one",
        "reduce an exponent",
        "simplify composite trigonometric functions"
      ],
      "timestamp": "2025-02-05T06:50:09.688138Z"
    },
    {
      "original": "integrate(e**(-2*x**2-5*x-3), (x, -oo, oo))",
      "requested_difficulty": "easier",
      "variant": "integrate(exp(-2*((x + 5/4)**2 - 25/16 - 3)), x)",
      "reasoning": "From a number theorist's perspective, nature of the polynomial is fascinating. I can express the function in terms of rational coefficients rather than shifting the whole polynomial, allowing interesting substitutions to simplify the integral.",
      "evaluation": "easier",
      "extra_verification": null,
      "transformations_used": [
        "reduce the degree of a polynomial",
        "reduce the number of terms in the expression",
        "change a function to an easier one",
        "reduce an exponent",
        "simplify composite trigonometric functions"
      ],
      "timestamp": "2025-02-05T06:50:09.723218Z"
    },
    {
      "original": "integrate(e**(-2*x**2-5*x-3), (x, -oo, oo))",
      "requested_difficulty": "easier",
      "variant": "integrate(exp(-2*((x**2) + (5/2)*x + 3)), x)",
      "reasoning": "I embrace geometry, so I will interpret the exponential function in terms of transformations. I\u2019ll represent the quadratic in the exponent as a geometric transformation, which could provide visual insight simplifying the calculations.",
      "evaluation": "easier",
      "extra_verification": null,
      "transformations_used": [
        "reduce the degree of a polynomial",
        "reduce the number of terms in the expression",
        "change a function to an easier one",
        "reduce an exponent",
        "simplify composite trigonometric functions"
      ],
      "timestamp": "2025-02-05T06:50:09.651052Z"
    },
    {
      "original": "integrate(e**(-2*x**2-5*x-3), (x, -oo, oo))",
      "requested_difficulty": "easier",
      "variant": "integrate(exp(-2*(x**2 + 5/2*x + 3/4)), x)",
      "reasoning": "Adopting the calculus professor\u2019s elegant simplifications, I can also consider a substitution with new constants, reducing computation complexity in continuous transformation of the integral limits.",
      "evaluation": "easier",
      "extra_verification": null,
      "transformations_used": [
        "reduce the degree of a polynomial",
        "reduce the number of terms in the expression",
        "change a function to an easier one",
        "reduce an exponent",
        "simplify composite trigonometric functions"
      ],
      "timestamp": "2025-02-05T06:50:09.706158Z"
    },
    {
      "original": "integrate(e**(-2*x**2-5*x-3), (x, -oo, oo))",
      "requested_difficulty": "easier",
      "variant": "integrate(exp(-a*x**2 - b*x), x)",
      "reasoning": "A creative mathematician sees the possibility of an easy substitution to a Gaussian form even more prominently, making the integral appear like a standard form, which has known solutions.",
      "evaluation": "easier",
      "extra_verification": null,
      "transformations_used": [
        "reduce the degree of a polynomial",
        "reduce the number of terms in the expression",
        "change a function to an easier one",
        "reduce an exponent",
        "simplify composite trigonometric functions"
      ],
      "timestamp": "2025-02-05T06:50:09.709635Z"
    },
    {
      "original": "integrate(e**(-2*x**2-5*x-3), (x, -oo, oo))",
      "requested_difficulty": "easier",
      "variant": "integrate(exp(-2*x**2 - (5/2)*x), x)",
      "reasoning": "Embracing the abstract as a theoretical physicist, I can reformulate the polynomial using the exponential form, effectively expanding the variance terms into recognizable formulas, paving the way towards integration.",
      "evaluation": "easier",
      "extra_verification": null,
      "transformations_used": [
        "reduce the degree of a polynomial",
        "reduce the number of terms in the expression",
        "change a function to an easier one",
        "reduce an exponent",
        "simplify composite trigonometric functions"
      ],
      "timestamp": "2025-02-05T06:50:09.724367Z"
    },
    {
      "original": "integrate(e**(-2*x**2-5*x-3), (x, -oo, oo))",
      "requested_difficulty": "easier",
      "variant": "integrate(exp(-x**2 - 2*x - 1), x)",
      "reasoning": "As a number theorist fascinated by prime coefficients, I can focus on a polynomial with rational coefficients by transforming the problem into one involving rational coefficients.",
      "evaluation": "easier",
      "extra_verification": null,
      "transformations_used": [
        "reduce an exponent",
        "eliminate absolute value terms",
        "remove a complicated term",
        "replace transcendental functions with simpler algebraic ones",
        "simplify the denominator"
      ],
      "timestamp": "2025-02-05T06:50:09.876913Z"
    },
    {
      "original": "integrate(e**(-2*x**2-5*x-3), (x, -oo, oo))",
      "requested_difficulty": "equivalent",
      "variant": "integrate(exp(-2*(x + 5/8)**2 + 25/32 - 3), x)",
      "reasoning": "As a calculus professor who loves elegant simplifications, I recognize that completing the square can simplify the exponent. I rewrite it in a way that emphasizes a standard Gaussian integral form.",
      "evaluation": "easier",
      "extra_verification": null,
      "transformations_used": [
        "change coefficient values slightly",
        "exchange similar functions (e.g., sin to cos)",
        "rewrite using different logarithmic properties",
        "swap numerator and denominator with reciprocal",
        "use alternate but equivalent radical forms"
      ],
      "timestamp": "2025-02-05T06:50:10.379650Z"
    },
    {
      "original": "integrate(e**(-2*x**2-5*x-3), (x, -oo, oo))",
      "requested_difficulty": "equivalent",
      "variant": "integrate(exp(-(2*x**2 + 4.5*x + 3.5)), x)",
      "reasoning": "As a student who prefers working with polynomials and rational functions, I look for a rational function representation in the exponent by tweaking the polynomial slightly to include rational coefficients.",
      "evaluation": "easier",
      "extra_verification": null,
      "transformations_used": [
        "change coefficient values slightly",
        "exchange similar functions (e.g., sin to cos)",
        "rewrite using different logarithmic properties",
        "swap numerator and denominator with reciprocal",
        "use alternate but equivalent radical forms"
      ],
      "timestamp": "2025-02-05T06:50:10.327968Z"
    },
    {
      "original": "integrate(e**(-2*x**2-5*x-3), (x, -oo, oo))",
      "requested_difficulty": "equivalent",
      "variant": "integrate(exp(-2*(x**2) - 5*x - 3) * cos(0), x)",
      "reasoning": "As a theoretical physicist, I take inspiration from transformations that involve trigonometric functions. I can express the function in a complex exponent involving sine and cosine while retaining its integral value.",
      "evaluation": "equivalent",
      "extra_verification": null,
      "transformations_used": [
        "change coefficient values slightly",
        "exchange similar functions (e.g., sin to cos)",
        "rewrite using different logarithmic properties",
        "swap numerator and denominator with reciprocal",
        "use alternate but equivalent radical forms"
      ],
      "timestamp": "2025-02-05T06:50:10.381229Z"
    },
    {
      "original": "integrate(e**(-2*x**2-5*x-3), (x, -oo, oo))",
      "requested_difficulty": "equivalent",
      "variant": "integrate(exp(-2*(x**2 + x + 1.5)), x)",
      "reasoning": "As an engineer focused on practical computational methods, I can shift the context towards a piecewise approach, allowing for a restructured integration that breaks down the expression but still evaluates to the original integral.",
      "evaluation": "easier",
      "extra_verification": null,
      "transformations_used": [
        "change coefficient values slightly",
        "exchange similar functions (e.g., sin to cos)",
        "rewrite using different logarithmic properties",
        "swap numerator and denominator with reciprocal",
        "use alternate but equivalent radical forms"
      ],
      "timestamp": "2025-02-05T06:50:10.303599Z"
    },
    {
      "original": "integrate(e**(-2*x**2-5*x-3), (x, -oo, oo))",
      "requested_difficulty": "equivalent",
      "variant": "integrate(exp(-2*(x**2 + 3) - 5*x), x)",
      "reasoning": "As a geometry enthusiast, I envision this integral as an area representation. I modify it to reflect a geometric transformation, preserving the closed form but offering a new perspective.",
      "evaluation": "easier",
      "extra_verification": null,
      "transformations_used": [
        "change coefficient values slightly",
        "exchange similar functions (e.g., sin to cos)",
        "rewrite using different logarithmic properties",
        "swap numerator and denominator with reciprocal",
        "use alternate but equivalent radical forms"
      ],
      "timestamp": "2025-02-05T06:50:10.278282Z"
    },
    {
      "original": "integrate(e**(-2*x**2-5*x-3), (x, -oo, oo))",
      "requested_difficulty": "equivalent",
      "variant": "integrate(exp(-2*x**2 - log(exp(5)*exp(3))), x)",
      "reasoning": "As a theoretical physicist, I am drawn to exponential forms. I explore expressing the integral in a new logarithmic form, allowing the exponential to express the original functional dynamics while keeping it complex.",
      "evaluation": "easier",
      "extra_verification": null,
      "transformations_used": [
        "change coefficient values slightly",
        "exchange similar functions (e.g., sin to cos)",
        "rewrite using different logarithmic properties",
        "swap numerator and denominator with reciprocal",
        "use alternate but equivalent radical forms"
      ],
      "timestamp": "2025-02-05T06:50:10.293388Z"
    },
    {
      "original": "integrate(e**(-2*x**2-5*x-3), (x, -oo, oo))",
      "requested_difficulty": "equivalent",
      "variant": "integrate(exp(-2*(x + 5/4)**2 + 25/32 - 3), x)",
      "reasoning": "As a calculus professor, I appreciate the elegance of completing the square. Here, I complete the square in the exponent to simplify the integration.",
      "evaluation": "easier",
      "extra_verification": null,
      "transformations_used": [
        "adjust parameters while keeping the integral equivalent",
        "use alternate but equivalent radical forms",
        "rewrite the integrand in a different form without changing overall complexity"
      ],
      "timestamp": "2025-02-05T06:50:18.134969Z"
    },
    {
      "original": "integrate(e**(-2*x**2-5*x-3), (x, -oo, oo))",
      "requested_difficulty": "equivalent",
      "variant": "integrate(exp(-2*(x**2 + (5/2)*x + (9/4 - 3/4))), x)",
      "reasoning": "As a student focused on polynomials and rational functions, I convert the exponential function into a polynomial approximation for small values of \\(x\\).",
      "evaluation": "easier",
      "extra_verification": null,
      "transformations_used": [
        "adjust parameters while keeping the integral equivalent",
        "use alternate but equivalent radical forms",
        "rewrite the integrand in a different form without changing overall complexity"
      ],
      "timestamp": "2025-02-05T06:50:13.083743Z"
    },
    {
      "original": "integrate(e**(-2*x**2-5*x-3), (x, -oo, oo))",
      "requested_difficulty": "equivalent",
      "variant": "integrate(exp(-2*(x**2 + 5/2*x + 3)), x)",
      "reasoning": "From a theoretical physicist\u2019s perspective, I express the integrand using trigonometric identities and scaling arguments to visualize periodic behaviors.",
      "evaluation": "easier",
      "extra_verification": null,
      "transformations_used": [
        "adjust parameters while keeping the integral equivalent",
        "use alternate but equivalent radical forms",
        "rewrite the integrand in a different form without changing overall complexity"
      ],
      "timestamp": "2025-02-05T06:50:13.067449Z"
    },
    {
      "original": "integrate(e**(-2*x**2-5*x-3), (x, -oo, oo))",
      "requested_difficulty": "equivalent",
      "variant": "integrate(exp(-2*x**2) * (1 - 5*x/2 + (25/16)*x**2 - 3), x)",
      "reasoning": "As an engineer, I prefer computation and taking advantage of numerical approximations, so I\u2019ll rewrite the integrand using an approximate series.",
      "evaluation": "easier",
      "extra_verification": null,
      "transformations_used": [
        "adjust parameters while keeping the integral equivalent",
        "use alternate but equivalent radical forms",
        "rewrite the integrand in a different form without changing overall complexity"
      ],
      "timestamp": "2025-02-05T06:50:13.219000Z"
    }
  ],
  [
    {
      "original": "integrate(1/(1-x+x**2-x**3), x)",
      "requested_difficulty": "easier",
      "variant": "integrate(1/(x**2 - x + 1), x)",
      "reasoning": "As a calculus professor, I see that breaking the polynomial down into simpler parts might help. Let's use polynomial long division to simplify it.",
      "evaluation": "easier",
      "extra_verification": null,
      "transformations_used": [
        "eliminate a radical",
        "change a function to an easier one",
        "replace transcendental functions with simpler algebraic ones"
      ],
      "timestamp": "2025-02-05T06:50:12.035001Z"
    },
    {
      "original": "integrate(1/(1-x+x**2-x**3), x)",
      "requested_difficulty": "easier",
      "variant": "integrate(1/(1 - x + (x - 1/3)*(x + 2/3)), x)",
      "reasoning": "As a number theorist fascinated by prime factorization, I will observe that the polynomial can be analyzed around critical points leading to potential simplifications by examining its roots.",
      "evaluation": "easier",
      "extra_verification": null,
      "transformations_used": [
        "eliminate a radical",
        "change a function to an easier one",
        "replace transcendental functions with simpler algebraic ones"
      ],
      "timestamp": "2025-02-05T06:50:12.123033Z"
    },
    {
      "original": "integrate(1/(1-x+x**2-x**3), x)",
      "requested_difficulty": "easier",
      "variant": "integrate(1/((1-x)(1+x+x^2)), x)",
      "reasoning": "As a calculus professor, I can indeed factor the polynomial to see it as a product of linear terms, thus allowing the integration via partial fractions to be clearer.",
      "evaluation": "easier",
      "extra_verification": null,
      "transformations_used": [
        "eliminate a radical",
        "change a function to an easier one",
        "replace transcendental functions with simpler algebraic ones"
      ],
      "timestamp": "2025-02-05T06:50:12.255310Z"
    },
    {
      "original": "integrate(1/(1-x+x**2-x**3), x)",
      "requested_difficulty": "easier",
      "variant": "integrate(1/(- (x^3 - x^2 + x - 1)), x)",
      "reasoning": "As a calculus professor who loves elegant simplifications, I notice that the cubic polynomial could be reduced by factoring out a negative sign, making the integration process clearer.",
      "evaluation": "equivalent",
      "extra_verification": null,
      "transformations_used": [
        "remove a complicated term",
        "replace a complex fraction with a simpler one",
        "reduce an exponent",
        "simplify composite trigonometric functions",
        "simplify a trigonometric component"
      ],
      "timestamp": "2025-02-05T06:50:10.461724Z"
    },
    {
      "original": "integrate(1/(1-x+x**2-x**3), x)",
      "requested_difficulty": "easier",
      "variant": "integrate(1/(1 - x + x**2), x)",
      "reasoning": "From a student's perspective focusing on polynomials, I want to simplify the expression by replacing the cubic polynomial with a simpler quadratic, reducing the complexity and making the integral easier to approach.",
      "evaluation": "easier",
      "extra_verification": null,
      "transformations_used": [
        "remove a complicated term",
        "replace a complex fraction with a simpler one",
        "reduce an exponent",
        "simplify composite trigonometric functions",
        "simplify a trigonometric component"
      ],
      "timestamp": "2025-02-05T06:50:10.038051Z"
    },
    {
      "original": "integrate(1/(1-x+x**2-x**3), x)",
      "requested_difficulty": "easier",
      "variant": "integrate(1/(1 + x**2), x)",
      "reasoning": "I\u2019m a theoretical physicist and see opportunities to transform the polynomial into a form involving trigonometric components by substituting variables. This approach can lead to easier integration.",
      "evaluation": "easier",
      "extra_verification": null,
      "transformations_used": [
        "remove a complicated term",
        "replace a complex fraction with a simpler one",
        "reduce an exponent",
        "simplify composite trigonometric functions",
        "simplify a trigonometric component"
      ],
      "timestamp": "2025-02-05T06:50:10.182060Z"
    },
    {
      "original": "integrate(1/(1-x+x**2-x**3), x)",
      "requested_difficulty": "easier",
      "variant": "integrate(1/(1 - x), x)",
      "reasoning": "I\u2019m an engineer who prefers practical approaches; instead of a cubic polynomial, I can consider a simpler rational function that approximates the behavior of the original integrand near x=0, making the computation easier.",
      "evaluation": "easier",
      "extra_verification": null,
      "transformations_used": [
        "remove a complicated term",
        "replace a complex fraction with a simpler one",
        "reduce an exponent",
        "simplify composite trigonometric functions",
        "simplify a trigonometric component"
      ],
      "timestamp": "2025-02-05T06:50:10.190959Z"
    },
    {
      "original": "integrate(1/(1-x+x**2-x**3), x)",
      "requested_difficulty": "easier",
      "variant": "integrate(1/(1 - 2*x + x**2), x)",
      "reasoning": "Viewing this from a number theorist's perspective, I recognize that polynomials with rational coefficients are central to the study. I can create a new rational function that retains complexity but simplifies calculations.",
      "evaluation": "easier",
      "extra_verification": null,
      "transformations_used": [
        "remove a complicated term",
        "replace a complex fraction with a simpler one",
        "reduce an exponent",
        "simplify composite trigonometric functions",
        "simplify a trigonometric component"
      ],
      "timestamp": "2025-02-05T06:50:10.255362Z"
    },
    {
      "original": "integrate(1/(1-x+x**2-x**3), x)",
      "requested_difficulty": "easier",
      "variant": "integrate(1/(1 + (x - 1)**2), x)",
      "reasoning": "As a geometry enthusiast, I think in terms of geometric transformations. By replacing the cubic denominator with a quadratic form that represents a geometric interpretation, I clarify the integration process.",
      "evaluation": "easier",
      "extra_verification": null,
      "transformations_used": [
        "remove a complicated term",
        "replace a complex fraction with a simpler one",
        "reduce an exponent",
        "simplify composite trigonometric functions",
        "simplify a trigonometric component"
      ],
      "timestamp": "2025-02-05T06:50:10.212747Z"
    },
    {
      "original": "integrate(1/(1-x+x**2-x**3), x)",
      "requested_difficulty": "equivalent",
      "variant": "integrate(1/(x^2 - x + 1 - x^3/x), x)",
      "reasoning": "As a student favoring polynomials, I\u2019ll rewrite the integral in terms of polynomial long division, separating the constant term from the polynomial part.",
      "evaluation": "equivalent",
      "extra_verification": null,
      "transformations_used": [
        "alter constant terms",
        "use trigonometric identities to rewrite expression",
        "distribute terms differently"
      ],
      "timestamp": "2025-02-05T06:50:21.035291Z"
    },
    {
      "original": "integrate(1/(1-x+x**2-x**3), x)",
      "requested_difficulty": "equivalent",
      "variant": "integrate(1/(exp(0) - exp(1)*x + exp(2)*x**2 - exp(3)*x**3), x)",
      "reasoning": "As a theoretical physicist, I'm interested in exponential forms. I rewrite the cubic polynomial in terms of exponentials to explore further symmetries.",
      "evaluation": "equivalent",
      "extra_verification": null,
      "transformations_used": [
        "alter constant terms",
        "use trigonometric identities to rewrite expression",
        "distribute terms differently"
      ],
      "timestamp": "2025-02-05T06:50:21.038677Z"
    },
    {
      "original": "integrate(1/(1-x+x**2-x**3), x)",
      "requested_difficulty": "equivalent",
      "variant": "integrate(1/sum([(-1)**n * (x**n) for n in range(4)]), x)",
      "reasoning": "As an engineer, I make use of a computational series expansion around a specific point to analyze the integral's behavior more easily.",
      "evaluation": "equivalent",
      "extra_verification": null,
      "transformations_used": [
        "alter constant terms",
        "use trigonometric identities to rewrite expression",
        "distribute terms differently"
      ],
      "timestamp": "2025-02-05T06:50:21.033134Z"
    },
    {
      "original": "integrate(1/(1-x+x**2-x**3), x)",
      "requested_difficulty": "equivalent",
      "variant": "integrate(1/(x**2 - x - x**3 + 1), x)",
      "reasoning": "As a calculus professor who enjoys elegant simplifications, I note that the denominator can be reordered for clarity. This maintains the form, but requires a slight alteration in perception.",
      "evaluation": "equivalent",
      "extra_verification": null,
      "transformations_used": [
        "rearrange the order of terms",
        "distribute terms differently",
        "adjust parameters while keeping the integral equivalent",
        "use alternate but equivalent radical forms",
        "rewrite the integrand in a different form without changing overall complexity"
      ],
      "timestamp": "2025-02-05T06:50:10.228397Z"
    },
    {
      "original": "integrate(1/(1-x+x**2-x**3), x)",
      "requested_difficulty": "equivalent",
      "variant": "integrate(1/((1-x)(1+x+x**2)), x)",
      "reasoning": "As a creative mathematician, I prefer making unusual substitutions! I can rewrite the denominator as a product of simpler linear terms and use polynomial long division.",
      "evaluation": "easier",
      "extra_verification": null,
      "transformations_used": [
        "rearrange the order of terms",
        "distribute terms differently",
        "adjust parameters while keeping the integral equivalent",
        "use alternate but equivalent radical forms",
        "rewrite the integrand in a different form without changing overall complexity"
      ],
      "timestamp": "2025-02-05T06:50:10.055202Z"
    },
    {
      "original": "integrate(1/(1-x+x**2-x**3), x)",
      "requested_difficulty": "equivalent",
      "variant": "integrate((1 + x)/(1 - x + x**2 - x**3), x)",
      "reasoning": "Thinking like a student who favors polynomials, I see that I can express the integral using polynomial long division, resulting in a more straightforward polynomial structure.",
      "evaluation": "easier",
      "extra_verification": null,
      "transformations_used": [
        "rearrange the order of terms",
        "distribute terms differently",
        "adjust parameters while keeping the integral equivalent",
        "use alternate but equivalent radical forms",
        "rewrite the integrand in a different form without changing overall complexity"
      ],
      "timestamp": "2025-02-05T06:50:10.143096Z"
    },
    {
      "original": "integrate(1/(1-x+x**2-x**3), x)",
      "requested_difficulty": "equivalent",
      "variant": "integrate(1/(1 - (x + x**2 - x**3)), x)",
      "reasoning": "Thinking like a geometry enthusiast, I can view the polynomial in terms of a geometric series, where each term can be expressed in a geometric sum form leading to a different integral.",
      "evaluation": "easier",
      "extra_verification": null,
      "transformations_used": [
        "rearrange the order of terms",
        "distribute terms differently",
        "adjust parameters while keeping the integral equivalent",
        "use alternate but equivalent radical forms",
        "rewrite the integrand in a different form without changing overall complexity"
      ],
      "timestamp": "2025-02-05T06:50:10.186479Z"
    },
    {
      "original": "integrate(1/(1-x+x**2-x**3), x)",
      "requested_difficulty": "equivalent",
      "variant": "integrate(-1/(-1 + x - x**2 + x**3), x)",
      "reasoning": "As a creative mathematician again, I can reframe the problem by changing the signs in the original equation and considering the integral of negative functions, which is equivalent.",
      "evaluation": "equivalent",
      "extra_verification": null,
      "transformations_used": [
        "rearrange the order of terms",
        "distribute terms differently",
        "adjust parameters while keeping the integral equivalent",
        "use alternate but equivalent radical forms",
        "rewrite the integrand in a different form without changing overall complexity"
      ],
      "timestamp": "2025-02-05T06:50:10.147839Z"
    }
  ],
  [
    {
      "original": "integrate(1/(1-sin(x)), (x, -pi/4, pi/4))",
      "requested_difficulty": "easier",
      "variant": "integrate(1/(cos(x/2)**2), x)",
      "reasoning": "As a calculus professor, I appreciate how we can simplify the original function by using the identity for \\(1 - \\sin(x)\\) in terms of \\( \\cos^2(x/2)\\). This reduction leads us to a simpler integrand to work with.",
      "evaluation": "easier",
      "extra_verification": null,
      "transformations_used": [
        "reduce the number of terms in the expression",
        "simplify a trigonometric component",
        "remove a complicated term"
      ],
      "timestamp": "2025-02-05T06:50:11.056168Z"
    },
    {
      "original": "integrate(1/(1-sin(x)), (x, -pi/4, pi/4))",
      "requested_difficulty": "easier",
      "variant": "integrate(2/(2-u^2), x)",
      "reasoning": "As a creative mathematician who enjoys unusual substitutions, I can use the substitution \\(u = \\tan(x/2)\\), which simplifies the sine function and makes the integral look neater.",
      "evaluation": "easier",
      "extra_verification": null,
      "transformations_used": [
        "simplify the denominator",
        "remove a factor",
        "convert a product to a simpler sum",
        "replace a complex fraction with a simpler one",
        "reduce an exponent"
      ],
      "timestamp": "2025-02-05T06:50:16.897352Z"
    },
    {
      "original": "integrate(1/(1-sin(x)), (x, -pi/4, pi/4))",
      "requested_difficulty": "easier",
      "variant": "integrate(1/(2(1 - cos(x))), x)",
      "reasoning": "As a theoretical physicist who enjoys trigonometric forms, I recognize that employing double angle identities can help manage the sine in the denominator more straightforwardly.",
      "evaluation": "easier",
      "extra_verification": null,
      "transformations_used": [
        "simplify the denominator",
        "remove a factor",
        "convert a product to a simpler sum",
        "replace a complex fraction with a simpler one",
        "reduce an exponent"
      ],
      "timestamp": "2025-02-05T06:50:17.138077Z"
    },
    {
      "original": "integrate(1/(1-sin(x)), (x, -pi/4, pi/4))",
      "requested_difficulty": "easier",
      "variant": "integrate(1/(sin(x) + 1), x)",
      "reasoning": "As an engineer who likes computational approaches, I can use numerical integration of a simpler function related to \\(1/(sin(x) + 1)\\) which offers a more approachable integral.",
      "evaluation": "easier",
      "extra_verification": null,
      "transformations_used": [
        "simplify the denominator",
        "remove a factor",
        "convert a product to a simpler sum",
        "replace a complex fraction with a simpler one",
        "reduce an exponent"
      ],
      "timestamp": "2025-02-05T06:50:16.971508Z"
    },
    {
      "original": "integrate(1/(1-sin(x)), (x, -pi/4, pi/4))",
      "requested_difficulty": "easier",
      "variant": "integrate(1/(1 - 1 + 2sin(x/2)^2), x)",
      "reasoning": "As a calculus professor who values clearer structures, I can take the integral in terms of its sine representation and use the half-angle formula which makes the integral form simpler and more manageable.",
      "evaluation": "easier",
      "extra_verification": null,
      "transformations_used": [
        "simplify the denominator",
        "remove a factor",
        "convert a product to a simpler sum",
        "replace a complex fraction with a simpler one",
        "reduce an exponent"
      ],
      "timestamp": "2025-02-05T06:50:16.867453Z"
    },
    {
      "original": "integrate(1/(1-sin(x)), (x, -pi/4, pi/4))",
      "requested_difficulty": "equivalent",
      "variant": "integrate(-diff(log(1 - sin(x)), x)",
      "reasoning": "The calculus professor in me wants to rely on derivatives of the argument. I can express my integrand as the derivative of a logarithmic function, enhancing insights about behavior across integrals.",
      "evaluation": "easier",
      "extra_verification": null,
      "transformations_used": [
        "rewrite using different logarithmic properties",
        "rearrange the order of terms",
        "use trigonometric identities to rewrite expression",
        "alter constant terms",
        "change variables while maintaining complexity"
      ],
      "timestamp": "2025-02-05T06:50:10.306775Z"
    },
    {
      "original": "integrate(1/(1-sin(x)), (x, -pi/4, pi/4))",
      "requested_difficulty": "equivalent",
      "variant": "integrate(1/(1 - sin(x)), x)",
      "reasoning": "As a geometry enthusiast, I prefer visual transformations. I can use the \\(y = 1 - \\sin(x)\\) relationship and consider the geometrical interpretations of its area under the curve.",
      "evaluation": "easier",
      "extra_verification": null,
      "transformations_used": [
        "adjust parameters while keeping the integral equivalent",
        "swap numerator and denominator with reciprocal",
        "rewrite the integrand in a different form without changing overall complexity",
        "substitute equivalent exponential forms",
        "rearrange the order of terms"
      ],
      "timestamp": "2025-02-05T06:50:13.859611Z"
    },
    {
      "original": "integrate(1/(1-sin(x)), (x, -pi/4, pi/4))",
      "requested_difficulty": "equivalent",
      "variant": "integrate((1 + sin(x))/(cos(x)**2), x)",
      "reasoning": "As a calculus professor looking for a nice simplification, this time I can leverage the Pythagorean identity directly by noting \\(1 - \\sin(x) = \\frac{1 - \\sin^2(x)}{1 + \\sin(x)}\\).",
      "evaluation": "easier",
      "extra_verification": null,
      "transformations_used": [
        "adjust parameters while keeping the integral equivalent",
        "swap numerator and denominator with reciprocal",
        "rewrite the integrand in a different form without changing overall complexity",
        "substitute equivalent exponential forms",
        "rearrange the order of terms"
      ],
      "timestamp": "2025-02-05T06:50:13.967040Z"
    }
  ]
]