[
  [
    {
      "original": "integrate((1 + 2*x**2022)/(x + x**2023), x)",
      "requested_difficulty": "easier",
      "variant": "integrate((1/x**2022 + 2)/(1/x**2021 + 1), x)",
      "reasoning": "As a calculus professor, I like to simplify complex expressions. The expression can be restructured by dividing both the numerator and denominator by \\(x^{2022}\\), which makes the integral simpler.",
      "evaluation": "equivalent",
      "extra_verification": null,
      "transformations_used": [
        "simplify a trigonometric component",
        "remove a factor",
        "reduce the degree of a polynomial"
      ],
      "timestamp": "2025-02-05T06:53:05.701859Z"
    },
    {
      "original": "integrate((1 + 2*x**2022)/(x + x**2023), x)",
      "requested_difficulty": "easier",
      "variant": "integrate(2*x + (1 - 2*x**2023)/(x + x**2023), x)",
      "reasoning": "As a student focusing on polynomials, I want to reduce degrees. I can use polynomial long division to simplify the rational expression, as it has a high power in the numerator.",
      "evaluation": "easier",
      "extra_verification": null,
      "transformations_used": [
        "simplify a trigonometric component",
        "remove a factor",
        "reduce the degree of a polynomial"
      ],
      "timestamp": "2025-02-05T06:53:05.675591Z"
    },
    {
      "original": "integrate((1 + 2*x**2022)/(x + x**2023), x)",
      "requested_difficulty": "easier",
      "variant": "integrate(2*e^(2022*log(x)) + e^(log(x) + log(1 + x**2022)), x)",
      "reasoning": "As a theoretical physicist, I often express functions in terms of exponentials. I can express the rational function in terms of exponential forms using substitutions and properties of exponential decay.",
      "evaluation": "easier",
      "extra_verification": null,
      "transformations_used": [
        "simplify a trigonometric component",
        "remove a factor",
        "reduce the degree of a polynomial"
      ],
      "timestamp": "2025-02-05T06:53:05.818003Z"
    },
    {
      "original": "integrate((1 + 2*x**2022)/(x + x**2023), x)",
      "requested_difficulty": "easier",
      "variant": "integrate((2 + 1/x**2022)/(1/x**2022 + 1/x**2023), x)",
      "reasoning": "As an engineer, I want to work with rational approximations. I can approximate the integrand for values of \\(x\\) that are large, simplifying the integration process.",
      "evaluation": "equivalent",
      "extra_verification": null,
      "transformations_used": [
        "simplify a trigonometric component",
        "remove a factor",
        "reduce the degree of a polynomial"
      ],
      "timestamp": "2025-02-05T06:53:05.723132Z"
    },
    {
      "original": "integrate((1 + 2*x**2022)/(x + x**2023), x)",
      "requested_difficulty": "easier",
      "variant": "integrate((1 + 2*1)/(1 + 1), x)",
      "reasoning": "As a number theorist, I like exploring behavior around special integer points. I will evaluate at specific rational points like \\(x = 1\\) and analyze nearby, thereby simplifying the integral focus.",
      "evaluation": "easier",
      "extra_verification": null,
      "transformations_used": [
        "simplify a trigonometric component",
        "remove a factor",
        "reduce the degree of a polynomial"
      ],
      "timestamp": "2025-02-05T06:53:05.736688Z"
    },
    {
      "original": "integrate((1 + 2*x**2022)/(x + x**2023), x)",
      "requested_difficulty": "easier",
      "variant": "integrate((1 + 2*x**2022)/x/(1 + x**2022), x)",
      "reasoning": "As a geometry enthusiast, I am intrigued by the concept of transformations. I can factor out the \\(x\\) from the denominator, simplifying the overall structure of the integrand.",
      "evaluation": "easier",
      "extra_verification": null,
      "transformations_used": [
        "simplify a trigonometric component",
        "remove a factor",
        "reduce the degree of a polynomial"
      ],
      "timestamp": "2025-02-05T06:53:06.540980Z"
    },
    {
      "original": "integrate((1 + 2*x**2022)/(x + x**2023), x)",
      "requested_difficulty": "easier",
      "variant": "integrate(1/(x + x**2023) + (2*x**2022)/(x + x**2023), x)",
      "reasoning": "As a rational function analyst, I'd prefer to separate my terms into partial fractions, allowing easier integration of simpler components.",
      "evaluation": "equivalent",
      "extra_verification": null,
      "transformations_used": [
        "simplify a trigonometric component",
        "remove a factor",
        "reduce the degree of a polynomial"
      ],
      "timestamp": "2025-02-05T06:53:05.615043Z"
    },
    {
      "original": "integrate((1 + 2*x**2022)/(x + x**2023), x)",
      "requested_difficulty": "easier",
      "variant": "integrate((1 + 2*x**2022)/(x*(1 + x**2022)), x)",
      "reasoning": "As a calculus professor, I would simplify the expression by factoring the denominator. By recognizing that \\(x(1 + x^{2022})\\) can be factored, I reduce the complexity of the fraction.",
      "evaluation": "easier",
      "extra_verification": null,
      "transformations_used": [
        "remove a complicated term",
        "reduce the number of terms in the expression",
        "reduce the degree of a polynomial",
        "remove nested functions",
        "remove logarithmic terms"
      ],
      "timestamp": "2025-02-05T06:53:09.938254Z"
    },
    {
      "original": "integrate((1 + 2*x**2022)/(x + x**2023), x)",
      "requested_difficulty": "easier",
      "variant": "integrate((1/x**2022 + 2)/(1/x**2022 + x), x)",
      "reasoning": "As a student of polynomials, I can reduce the polynomial degree by dividing through by \\(x^{2022}\\). This generates simpler terms, thereby making integration easier while preserving the ratio structure.",
      "evaluation": "equivalent",
      "extra_verification": null,
      "transformations_used": [
        "remove a complicated term",
        "reduce the number of terms in the expression",
        "reduce the degree of a polynomial",
        "remove nested functions",
        "remove logarithmic terms"
      ],
      "timestamp": "2025-02-05T06:53:10.057584Z"
    },
    {
      "original": "integrate((1 + 2*x**2022)/(x + x**2023), x)",
      "requested_difficulty": "easier",
      "variant": "integrate((1 + 2*x**2)/(x + x**3), x)",
      "reasoning": "From an engineering perspective, I may look at potential simplifications through numerical approximations. I will consider integrating an approximate version by truncating higher-order terms.",
      "evaluation": "easier",
      "extra_verification": null,
      "transformations_used": [
        "remove a complicated term",
        "reduce the number of terms in the expression",
        "reduce the degree of a polynomial",
        "remove nested functions",
        "remove logarithmic terms"
      ],
      "timestamp": "2025-02-05T06:53:10.043685Z"
    },
    {
      "original": "integrate((1 + 2*x**2022)/(x + x**2023), x)",
      "requested_difficulty": "equivalent",
      "variant": "integrate((2*x**2022 + 1)/(x*(1 + x**2022)), x)",
      "reasoning": "As a calculus professor, I find it interesting to manipulate the expression to make it look more classical. Here, I'll use the fact that I can express parts of the numerator in terms of the denominator.",
      "evaluation": "easier",
      "extra_verification": null,
      "transformations_used": [
        "adjust parameters while keeping the integral equivalent",
        "factor common terms differently",
        "use trigonometric identities to rewrite expression"
      ],
      "timestamp": "2025-02-05T06:53:04.286177Z"
    },
    {
      "original": "integrate((1 + 2*x**2022)/(x + x**2023), x)",
      "requested_difficulty": "equivalent",
      "variant": "integrate(1/(x + x**2023) + 2*x**2022/(x + x**2023), x)",
      "reasoning": "As a student who loves polynomials, I'll factor the denominator and separate the terms in the numerator to clarify the integration process. This can aid understanding of individual components.",
      "evaluation": "equivalent",
      "extra_verification": null,
      "transformations_used": [
        "adjust parameters while keeping the integral equivalent",
        "factor common terms differently",
        "use trigonometric identities to rewrite expression"
      ],
      "timestamp": "2025-02-05T06:53:04.343173Z"
    },
    {
      "original": "integrate((1 + 2*x**2022)/(x + x**2023), x)",
      "requested_difficulty": "equivalent",
      "variant": "integrate((1/x + 2*x**2021)/(1 + x**2022), x)",
      "reasoning": "As a theoretical physicist, I want to explore the polar forms of the integral. Here, I'll factor out \\( x \\) from both terms to illustrate the periodic characteristics of integrals.",
      "evaluation": "easier",
      "extra_verification": null,
      "transformations_used": [
        "adjust parameters while keeping the integral equivalent",
        "factor common terms differently",
        "use trigonometric identities to rewrite expression"
      ],
      "timestamp": "2025-02-05T06:53:04.329477Z"
    },
    {
      "original": "integrate((1 + 2*x**2022)/(x + x**2023), x)",
      "requested_difficulty": "equivalent",
      "variant": "integrate((2 + 1/x**2022)/(1/x**2021 + 1), x)",
      "reasoning": "From an engineering perspective, let\u2019s simplify the integral by dividing both the numerator and the denominator by \\( x^{2022} \\). This helps in scaling down the components and simplifying calculations.",
      "evaluation": "equivalent",
      "extra_verification": null,
      "transformations_used": [
        "adjust parameters while keeping the integral equivalent",
        "factor common terms differently",
        "use trigonometric identities to rewrite expression"
      ],
      "timestamp": "2025-02-05T06:53:04.439063Z"
    },
    {
      "original": "integrate((1 + 2*x**2022)/(x + x**2023), x)",
      "requested_difficulty": "equivalent",
      "variant": "integrate((2*x**2022 + 1)/(x*(x**2022 + 1)), x)",
      "reasoning": "As a geometry enthusiast, I envision the integral in terms of transformations. Let's expand the polynomial formats over a simple transformation, giving a different interpretation of the same area under the curve.",
      "evaluation": "equivalent",
      "extra_verification": null,
      "transformations_used": [
        "adjust parameters while keeping the integral equivalent",
        "factor common terms differently",
        "use trigonometric identities to rewrite expression"
      ],
      "timestamp": "2025-02-05T06:53:04.217366Z"
    },
    {
      "original": "integrate((1 + 2*x**2022)/(x + x**2023), x)",
      "requested_difficulty": "equivalent",
      "variant": "integrate((2*x**2021 + 1/x)/(x**2020 + 1/x), x)",
      "reasoning": "As a calculus professor who enjoys elegant simplifications, let\u2019s decompose it for a simpler form and analyze potential symmetry in the integrand.",
      "evaluation": "equivalent",
      "extra_verification": null,
      "transformations_used": [
        "adjust parameters while keeping the integral equivalent",
        "factor common terms differently",
        "use trigonometric identities to rewrite expression"
      ],
      "timestamp": "2025-02-05T06:53:04.390992Z"
    },
    {
      "original": "integrate((1 + 2*x**2022)/(x + x**2023), x)",
      "requested_difficulty": "equivalent",
      "variant": "integrate(2*x**2022/(x + x**2023) + 1/(x + x**2023), x)",
      "reasoning": "As an engineer, computational efficiency is key. I'll rearrange the expression to make it more amenable to numerical methods while maintaining an equivalent value.",
      "evaluation": "equivalent",
      "extra_verification": null,
      "transformations_used": [
        "adjust parameters while keeping the integral equivalent",
        "factor common terms differently",
        "use trigonometric identities to rewrite expression"
      ],
      "timestamp": "2025-02-05T06:53:04.237460Z"
    },
    {
      "original": "integrate((1 + 2*x**2022)/(x + x**2023), x)",
      "requested_difficulty": "equivalent",
      "variant": "integrate((x**2022 + 2*x**4044)/(x**2023 + x**4045), x)",
      "reasoning": "As a student who prefers polynomials, I notice that we can multiply the numerator and denominator by \\( x^{2022} \\) to highlight polynomial structure more clearly, maintaining the integral's equivalence.",
      "evaluation": "equivalent",
      "extra_verification": null,
      "transformations_used": [
        "rewrite using alternate algebraic forms",
        "adjust parameters while keeping the integral equivalent",
        "use alternate but equivalent radical forms",
        "apply algebraic identities that preserve complexity",
        "distribute terms differently"
      ],
      "timestamp": "2025-02-05T06:53:10.563388Z"
    },
    {
      "original": "integrate((1 + 2*x**2022)/(x + x**2023), x)",
      "requested_difficulty": "equivalent",
      "variant": "integrate((2*x**2021 - 1 + (1 - 2*x**2021)/(x + x**2023)), x)",
      "reasoning": "As a calculus professor exploring polynomial division, I can divide \\( 1 + 2x^{2022} \\) by \\( x + x^{2023} \\) yielding a polynomial plus a proper rational expression that retains complexity.",
      "evaluation": "equivalent",
      "extra_verification": null,
      "transformations_used": [
        "rewrite using alternate algebraic forms",
        "adjust parameters while keeping the integral equivalent",
        "use alternate but equivalent radical forms",
        "apply algebraic identities that preserve complexity",
        "distribute terms differently"
      ],
      "timestamp": "2025-02-05T06:53:10.462043Z"
    },
    {
      "original": "integrate((1 + 2*x**2022)/(x + x**2023), x)",
      "requested_difficulty": "equivalent",
      "variant": "integrate((1 + 2*(x**2022))/(x*(1 + x**2022)), x)",
      "reasoning": "As a student focused on alternative forms, let's express the polynomial in a binomial expansion format to keep the integral equivalently intricate while offering a new perspective on the expansion.",
      "evaluation": "easier",
      "extra_verification": null,
      "transformations_used": [
        "rewrite using alternate algebraic forms",
        "adjust parameters while keeping the integral equivalent",
        "use alternate but equivalent radical forms",
        "apply algebraic identities that preserve complexity",
        "distribute terms differently"
      ],
      "timestamp": "2025-02-05T06:53:10.397727Z"
    }
  ],
  [],
  [
    {
      "original": "integrate(log(x)/x**2, (x, 1, oo))",
      "requested_difficulty": "easier",
      "variant": "integrate(log(x)/x**2, x)",
      "reasoning": "As a calculus professor, I love to employ integration by parts to simplify the integral. Noticing that the integrand can be split nicely makes it suitable for this method.",
      "evaluation": "easier",
      "extra_verification": null,
      "transformations_used": [
        "reduce the number of terms in the expression",
        "convert a product to a simpler sum",
        "eliminate absolute value terms"
      ],
      "timestamp": "2025-02-05T06:53:01.801744Z"
    },
    {
      "original": "integrate(log(x)/x**2, (x, 1, oo))",
      "requested_difficulty": "easier",
      "variant": "integrate(1/x**2, x)",
      "reasoning": "As a calculus professor, I appreciate breaking down functions into simpler parts. Replacing \\(\\log(x)\\) with a smaller constant, like 1, allows for a more straightforward integral to analyze.",
      "evaluation": "easier",
      "extra_verification": null,
      "transformations_used": [
        "lower a coefficient",
        "change a function to an easier one",
        "simplify the denominator"
      ],
      "timestamp": "2025-02-05T06:53:02.908007Z"
    },
    {
      "original": "integrate(log(x)/x**2, (x, 1, oo))",
      "requested_difficulty": "easier",
      "variant": "integrate((x - 1)/x**2, x)",
      "reasoning": "As a student focused on polynomials, I\u2019ll consider approximating the function \\(\\log(x)\\) by using its Taylor expansion around \\(x = 1\\). Taking just the first term simplifies the process significantly.",
      "evaluation": "easier",
      "extra_verification": null,
      "transformations_used": [
        "lower a coefficient",
        "change a function to an easier one",
        "simplify the denominator"
      ],
      "timestamp": "2025-02-05T06:53:02.815237Z"
    },
    {
      "original": "integrate(log(x)/x**2, (x, 1, oo))",
      "requested_difficulty": "easier",
      "variant": "integrate(exp(-x)/x, x)",
      "reasoning": "As a theoretical physicist, I enjoy working with exponential functions. I will instead consider the integral \\(\\int_1^\\infty \\frac{e^{-x}}{x} \\, dx\\), which converges and retains log properties via integration by parts.",
      "evaluation": "easier",
      "extra_verification": null,
      "transformations_used": [
        "lower a coefficient",
        "change a function to an easier one",
        "simplify the denominator"
      ],
      "timestamp": "2025-02-05T06:53:02.831146Z"
    },
    {
      "original": "integrate(log(x)/x**2, (x, 1, oo))",
      "requested_difficulty": "easier",
      "variant": "integrate(log(x)*(-1/x), x)",
      "reasoning": "As a calculus professor who loves elegant simplifications, I'll employ the integration by parts technique. This will help us express the logarithmic term in a manner conducive to easier convergence.",
      "evaluation": "easier",
      "extra_verification": null,
      "transformations_used": [
        "lower a coefficient",
        "change a function to an easier one",
        "simplify the denominator"
      ],
      "timestamp": "2025-02-05T06:53:02.893240Z"
    },
    {
      "original": "integrate(log(x)/x**2, (x, 1, oo))",
      "requested_difficulty": "equivalent",
      "variant": "integrate(log(x) * x**(-2), x)",
      "reasoning": "As a calculus professor who enjoys elegant simplifications, I observe that \\( \\frac{\\log(x)}{x^2} \\) can be restructured into \\( \\log(x) \\cdot x^{-2} \\) to highlight the integration by parts approach.",
      "evaluation": "equivalent",
      "extra_verification": null,
      "transformations_used": [
        "change variables while maintaining complexity",
        "modify an exponent slightly",
        "use trigonometric identities to rewrite expression",
        "rearrange the order of terms",
        "apply algebraic identities that preserve complexity"
      ],
      "timestamp": "2025-02-05T06:53:19.193373Z"
    },
    {
      "original": "integrate(log(x)/x**2, (x, 1, oo))",
      "requested_difficulty": "equivalent",
      "variant": "integrate(-diff(x**-1, x)",
      "reasoning": "As a creative thinker in mathematics, I can transform \\( \\log(x) \\) into \\( -\\frac{d}{dx}(x^{-1}) \\) and subsequently rewrite the integral in terms of its derivative properties.",
      "evaluation": "easier",
      "extra_verification": null,
      "transformations_used": [
        "change variables while maintaining complexity",
        "modify an exponent slightly",
        "use trigonometric identities to rewrite expression",
        "rearrange the order of terms",
        "apply algebraic identities that preserve complexity"
      ],
      "timestamp": "2025-02-05T06:53:19.149877Z"
    }
  ],
  [
    {
      "original": "integrate(x/(1+x**2), x)",
      "requested_difficulty": "easier",
      "variant": "integrate(x/(1+x**2), x)",
      "reasoning": "As a calculus professor, I appreciate the elegant substitution \\(u = 1 + x^2\\), which leads to a simpler form. The transformation will clearly demonstrate the power-reduction technique in integrals.",
      "evaluation": "equivalent",
      "extra_verification": null,
      "transformations_used": [
        "convert a product to a simpler sum",
        "simplify the denominator",
        "simplify a trigonometric component"
      ],
      "timestamp": "2025-02-05T06:53:09.756275Z"
    },
    {
      "original": "integrate(x/(1+x**2), x)",
      "requested_difficulty": "easier",
      "variant": "integrate(0.5 * 2*x/(1+x**2), x)",
      "reasoning": "As a theoretical physicist, I find that using the identity \\(\\frac{x}{1+x^2} = 0.5 \\cdot \\frac{2x}{1+x^2}\\) highlights a simpler structure, allowing me to reveal useful properties of integrals.",
      "evaluation": "equivalent",
      "extra_verification": null,
      "transformations_used": [
        "convert a product to a simpler sum",
        "simplify the denominator",
        "simplify a trigonometric component"
      ],
      "timestamp": "2025-02-05T06:53:09.201858Z"
    },
    {
      "original": "integrate(x/(1+x**2), x)",
      "requested_difficulty": "easier",
      "variant": "integrate(1/(1+x**2) - 1/(1+x**2), x)",
      "reasoning": "As an engineer, I favor a computational approach. Performing polynomial long division beforehand can simplify handling the integral, making it more direct.",
      "evaluation": "equivalent",
      "extra_verification": null,
      "transformations_used": [
        "convert a product to a simpler sum",
        "simplify the denominator",
        "simplify a trigonometric component"
      ],
      "timestamp": "2025-02-05T06:53:14.412608Z"
    },
    {
      "original": "integrate(x/(1+x**2), x)",
      "requested_difficulty": "easier",
      "variant": "integrate((x**2/(1+x**2) - 1/(1+x**2)), x)",
      "reasoning": "The number theorist in me thinks about integral properties with respect to rationals. Let's transform it using a rational substitution: \\(\\frac{x^2 + 1 - 1}{1+x^2}\\), splitting it into more manageable components.",
      "evaluation": "equivalent",
      "extra_verification": null,
      "transformations_used": [
        "convert a product to a simpler sum",
        "simplify the denominator",
        "simplify a trigonometric component"
      ],
      "timestamp": "2025-02-05T06:53:09.327484Z"
    },
    {
      "original": "integrate(x/(1+x**2), x)",
      "requested_difficulty": "easier",
      "variant": "integrate(1/2 * derivative(sin(atan(x))), x)",
      "reasoning": "As a geometry enthusiast, I visualize the integral. Expressing \\(x/(1+x^2)\\) as a differential of an angle or a geometric property helps relate this to area calculations.",
      "evaluation": "equivalent",
      "extra_verification": null,
      "transformations_used": [
        "convert a product to a simpler sum",
        "simplify the denominator",
        "simplify a trigonometric component"
      ],
      "timestamp": "2025-02-05T06:53:09.105702Z"
    },
    {
      "original": "integrate(x/(1+x**2), x)",
      "requested_difficulty": "easier",
      "variant": "integrate(1/(1+x**2), x)",
      "reasoning": "Embracing creativity again, I can leverage the log properties by rewriting the original function in terms of logs. Utilizing logarithmic identities can greatly simplify integration.",
      "evaluation": "easier",
      "extra_verification": null,
      "transformations_used": [
        "convert a product to a simpler sum",
        "simplify the denominator",
        "simplify a trigonometric component"
      ],
      "timestamp": "2025-02-05T06:53:09.270623Z"
    },
    {
      "original": "integrate(x/(1+x**2), x)",
      "requested_difficulty": "easier",
      "variant": "integrate((x/2*sqrt(1+x**2)) + (x/2*sqrt(1+x**2)), x)",
      "reasoning": "A practical engineer in me wants to discretize the process. Identifying the integral as the cumulative function of a continuous transformation allows applying midpoint or trapezoidal rules to gauge its behavior.",
      "evaluation": "equivalent",
      "extra_verification": null,
      "transformations_used": [
        "convert a product to a simpler sum",
        "simplify the denominator",
        "simplify a trigonometric component"
      ],
      "timestamp": "2025-02-05T06:53:09.257816Z"
    },
    {
      "original": "integrate(x/(1+x**2), x)",
      "requested_difficulty": "easier",
      "variant": "integrate(1/(1+0.5*x**2), x)",
      "reasoning": "As an engineer favoring practical approaches, I can approximate the integrand \\( x/(1+x^2) \\) using a Taylor expansion around \\( x=0 \\) to provide helpful terms, allowing for integration of a polynomial-like function.",
      "evaluation": "easier",
      "extra_verification": null,
      "transformations_used": [
        "reduce an exponent",
        "remove logarithmic terms",
        "lower a coefficient",
        "drop a subexpression",
        "remove a factor"
      ],
      "timestamp": "2025-02-05T06:53:05.261792Z"
    },
    {
      "original": "integrate(x/(1+x**2), x)",
      "requested_difficulty": "easier",
      "variant": "integrate(x/(1+(x**2 + 1)), x)",
      "reasoning": "The number theorist in me loves to explore the properties of integrals. By considering the integral of a rational function over integers, I wish to analyze the integral using a new structure for \\( 1+x^2 \\) by incorporating prime number properties.",
      "evaluation": "easier",
      "extra_verification": null,
      "transformations_used": [
        "reduce an exponent",
        "remove logarithmic terms",
        "lower a coefficient",
        "drop a subexpression",
        "remove a factor"
      ],
      "timestamp": "2025-02-05T06:53:05.383355Z"
    },
    {
      "original": "integrate(x/(1+x**2), x)",
      "requested_difficulty": "easier",
      "variant": "integrate((x**2)/(2*(1+x**2)), x)",
      "reasoning": "The geometry enthusiast within me thinks about a geometric transformation. I can represent the integral based on the area under a curve, specifically considering the form \\( \\frac{x^2}{2(1+x^2)} \\) that could simplify computations using the fundamental theorem of calculus.",
      "evaluation": "easier",
      "extra_verification": null,
      "transformations_used": [
        "reduce an exponent",
        "remove logarithmic terms",
        "lower a coefficient",
        "drop a subexpression",
        "remove a factor"
      ],
      "timestamp": "2025-02-05T06:53:05.226440Z"
    },
    {
      "original": "integrate(x/(1+x**2), x)",
      "requested_difficulty": "equivalent",
      "variant": "integrate(1/2 - 1/(2(1+x**2)), x)",
      "reasoning": "As an engineer, I prefer to manipulate the integrand through partial fractions or polynomial long division where viable. In this case, I can rewrite the expression as a sum of simpler fractions.",
      "evaluation": "easier",
      "extra_verification": null,
      "transformations_used": [
        "use trigonometric identities to rewrite expression",
        "rewrite using alternate algebraic forms",
        "alter constant terms"
      ],
      "timestamp": "2025-02-05T06:53:07.178407Z"
    },
    {
      "original": "integrate(x/(1+x**2), x)",
      "requested_difficulty": "equivalent",
      "variant": "integrate((1/2) - (1/(2*(1 + x**2))), x)",
      "reasoning": "As a number theorist intrigued by rational coefficients, I observe that the equation can be cast in terms of fractions. I can rewrite it with a focus on breaking it into simpler components featuring rational coefficients.",
      "evaluation": "easier",
      "extra_verification": null,
      "transformations_used": [
        "use trigonometric identities to rewrite expression",
        "rewrite using alternate algebraic forms",
        "alter constant terms"
      ],
      "timestamp": "2025-02-05T06:53:07.247494Z"
    },
    {
      "original": "integrate(x/(1+x**2), x)",
      "requested_difficulty": "equivalent",
      "variant": "integrate((2*x)/(2 + 2*x**2), x)",
      "reasoning": "As a number theorist fascinated by prime numbers, I can explore the integrand by introducing primes or coprime factors that maintain equivalent values within the integral.",
      "evaluation": "equivalent",
      "extra_verification": null,
      "transformations_used": [
        "swap numerator and denominator with reciprocal",
        "use alternate but equivalent radical forms",
        "modify an exponent slightly",
        "rearrange the order of terms",
        "rewrite using alternate algebraic forms"
      ],
      "timestamp": "2025-02-05T06:53:03.807277Z"
    },
    {
      "original": "integrate(x/(1+x**2), x)",
      "requested_difficulty": "equivalent",
      "variant": "integrate((x**3)/(1+x**4), x)",
      "reasoning": "Returning to a polynomial perspective, I can create a rational function variant that maintains the same behavior over the reals but presents a more complex interaction.",
      "evaluation": "easier",
      "extra_verification": null,
      "transformations_used": [
        "swap numerator and denominator with reciprocal",
        "use alternate but equivalent radical forms",
        "modify an exponent slightly",
        "rearrange the order of terms",
        "rewrite using alternate algebraic forms"
      ],
      "timestamp": "2025-02-05T06:53:03.869000Z"
    }
  ],
  [
    {
      "original": "integrate(1/(b1 - log(1-x,2)), (x, 0, 1))",
      "requested_difficulty": "equivalent",
      "variant": "integrate(1/(b1 - log(1-x)/log(2)), x)",
      "reasoning": "As a calculus professor focused on elegant simplifications, I recognize that the integral can be transformed using the natural logarithm, invoking the change of base formula. This leads to a new perspective on the denominator's structure.",
      "evaluation": "equivalent",
      "extra_verification": null,
      "transformations_used": [
        "change coefficient values slightly",
        "rewrite using different logarithmic properties",
        "swap numerator and denominator with reciprocal",
        "alter constant terms",
        "rewrite using alternate algebraic forms"
      ],
      "timestamp": "2025-02-05T06:53:05.190518Z"
    }
  ]
]