[
  [
    {
      "original": "integrate(sin(x)*log(sin(x)), x)",
      "requested_difficulty": "easier",
      "variant": "integrate(1/2 * sin(x) * log(sin(x)), x)",
      "reasoning": "As a calculus professor, I prefer working with simpler coefficients. Thus, I'll use \\( \\frac{1}{2} \\sin(x) \\log(\\sin(x)) \\) to reduce the integral's complexity, while still keeping it challenging.",
      "evaluation": "easier",
      "extra_verification": null,
      "transformations_used": [
        "lower a coefficient",
        "reduce an exponent",
        "remove a complicated term",
        "reduce the degree of a polynomial",
        "replace a complex fraction with a simpler one"
      ],
      "timestamp": "2025-02-05T06:35:55.454050Z"
    },
    {
      "original": "integrate(sin(x)*log(sin(x)), x)",
      "requested_difficulty": "easier",
      "variant": "integrate((3/4 * sin(x)) * log((3/4) * sin(x)), x)",
      "reasoning": "As a number theorist, I enjoy using rational coefficients. Thus, I can express the integrand using a rational function approximation, which can still lead to interesting challenges.",
      "evaluation": "equivalent",
      "extra_verification": null,
      "transformations_used": [
        "lower a coefficient",
        "reduce an exponent",
        "remove a complicated term",
        "reduce the degree of a polynomial",
        "replace a complex fraction with a simpler one"
      ],
      "timestamp": "2025-02-05T06:37:25.639431Z"
    },
    {
      "original": "integrate(sin(x)*log(sin(x)), x)",
      "requested_difficulty": "easier",
      "variant": "integrate(sin(pi - x) * log(sin(pi - x)), x)",
      "reasoning": "As a geometry enthusiast, I think of transformations. By considering a transformation in the form of \\( x \\mapsto \\pi - x \\), I observe the symmetry and properties of \\( \\sin(x) \\), which simplifies our analysis.",
      "evaluation": "equivalent",
      "extra_verification": null,
      "transformations_used": [
        "lower a coefficient",
        "reduce an exponent",
        "remove a complicated term",
        "reduce the degree of a polynomial",
        "replace a complex fraction with a simpler one"
      ],
      "timestamp": "2025-02-05T06:35:55.430017Z"
    },
    {
      "original": "integrate(sin(x)*log(sin(x)), x)",
      "requested_difficulty": "easier",
      "variant": "integrate(x * log(x), x)",
      "reasoning": "As an engineer, I favor approximations. Let's use \\( \\sin(x) \\approx x \\) near \\( x = 0 \\), which allows us to simplify the logarithm while presenting a relatively complex calculation.",
      "evaluation": "easier",
      "extra_verification": null,
      "transformations_used": [
        "lower a coefficient",
        "reduce an exponent",
        "remove a complicated term",
        "reduce the degree of a polynomial",
        "replace a complex fraction with a simpler one"
      ],
      "timestamp": "2025-02-05T06:35:55.460294Z"
    },
    {
      "original": "integrate(sin(x)*log(sin(x)), x)",
      "requested_difficulty": "easier",
      "variant": "integrate(log(sin(x) / sin(x)) * sin(x), x)",
      "reasoning": "As a calculus professor, I see that we can factor \\(\\sin(x)\\) out of the logarithm term to streamline the integral. By changing the argument of the logarithm to \\(\\frac{\\sin(x)}{\\sin(x)}\\), we can also simplify the behavior of the log function.",
      "evaluation": "easier",
      "extra_verification": null,
      "transformations_used": [
        "reduce an exponent",
        "remove a factor",
        "remove a complicated term"
      ],
      "timestamp": "2025-02-05T06:35:51.437853Z"
    },
    {
      "original": "integrate(sin(x)*log(sin(x)), x)",
      "requested_difficulty": "easier",
      "variant": "integrate(log(a) * sin(x), x)",
      "reasoning": "Emphasizing simplicity, I can notice that if we partition the integral into two parts, \\(I = \\int \\sin(x) \\, dx\\) and \\(J = \\int \\sin(x) \\log(\\sin(x)) \\, dx\\), we might better analyze each part separately while attempting integration by parts.",
      "evaluation": "easier",
      "extra_verification": null,
      "transformations_used": [
        "reduce an exponent",
        "remove a factor",
        "remove a complicated term"
      ],
      "timestamp": "2025-02-05T06:35:51.863991Z"
    },
    {
      "original": "integrate(sin(x)*log(sin(x)), x)",
      "requested_difficulty": "equivalent",
      "variant": "integrate(cos(pi/2 - x) * log(cos(pi/2 - x)), x)",
      "reasoning": "As a calculus professor, I appreciate substitutions that simplify expressions. Using the identity \\( \\sin(x) = \\cos\\left(\\frac{\\pi}{2} - x\\right) \\), I can rewrite the integral in a different framework.",
      "evaluation": "equivalent",
      "extra_verification": null,
      "transformations_used": [
        "modify an exponent slightly",
        "rewrite using alternate algebraic forms",
        "use trigonometric identities to rewrite expression",
        "use alternate but equivalent radical forms",
        "exchange similar functions (e.g., sin to cos)"
      ],
      "timestamp": "2025-02-05T06:35:51.454394Z"
    },
    {
      "original": "integrate(sin(x)*log(sin(x)), x)",
      "requested_difficulty": "equivalent",
      "variant": "integrate(sin(x) * log(sin(x)/2), x)",
      "reasoning": "Enjoying creative substitutions, I see an opportunity to rewrite the argument of the logarithm by factoring a constant factor from \\(\\sin(x)\\).",
      "evaluation": "easier",
      "extra_verification": null,
      "transformations_used": [
        "modify an exponent slightly",
        "rewrite using alternate algebraic forms",
        "use trigonometric identities to rewrite expression",
        "use alternate but equivalent radical forms",
        "exchange similar functions (e.g., sin to cos)"
      ],
      "timestamp": "2025-02-05T06:35:51.272253Z"
    },
    {
      "original": "integrate(sin(x)*log(sin(x)), x)",
      "requested_difficulty": "equivalent",
      "variant": "integrate(sin(x) * log(sin(-x)), x)",
      "reasoning": "As a calculus professor who appreciates symmetry, I can utilize properties of definite integrals in terms of known identities for sin functions over symmetric intervals.",
      "evaluation": "equivalent",
      "extra_verification": null,
      "transformations_used": [
        "alter constant terms",
        "use trigonometric identities to rewrite expression",
        "modify an exponent slightly",
        "substitute equivalent exponential forms",
        "swap numerator and denominator with reciprocal"
      ],
      "timestamp": "2025-02-05T06:35:55.203257Z"
    }
  ],
  [
    {
      "original": "integrate(Limit(sin(pi/3)*sin(pi/3)*sin(pi/3)*x, n, oo), x)",
      "requested_difficulty": "easier",
      "variant": "integrate(x**2, x)",
      "reasoning": "The theoretical physicist once again finds elegance by transforming the limit process into a simple polynomial equation where limits no longer play a vital role, thus focusing solely on the integration of \\( x^2 \\) over an interval.",
      "evaluation": "easier",
      "extra_verification": null,
      "transformations_used": [
        "reduce an exponent",
        "remove a complicated term",
        "eliminate absolute value terms"
      ],
      "timestamp": "2025-02-05T06:35:52.721535Z"
    },
    {
      "original": "integrate(Limit(sin(pi/3)*sin(pi/3)*sin(pi/3)*x, n, oo), x)",
      "requested_difficulty": "easier",
      "variant": "integrate((3/8) * x, x)",
      "reasoning": "As a calculus professor, I favor expressions that simplify elegantly. Removing the limit to focus solely on the product makes the integral clearer and easier to handle.",
      "evaluation": "easier",
      "extra_verification": null,
      "transformations_used": [
        "remove a complicated term",
        "remove nested functions",
        "eliminate absolute value terms"
      ],
      "timestamp": "2025-02-05T06:35:49.153576Z"
    },
    {
      "original": "integrate(Limit(sin(pi/3)*sin(pi/3)*sin(pi/3)*x, n, oo), x)",
      "requested_difficulty": "easier",
      "variant": "integrate((3/8) * x**2, x)",
      "reasoning": "As a student who prefers polynomials, I can turn the sine expression into a numerical constant, allowing for a straightforward polynomial integral.",
      "evaluation": "easier",
      "extra_verification": null,
      "transformations_used": [
        "remove a complicated term",
        "remove nested functions",
        "eliminate absolute value terms"
      ],
      "timestamp": "2025-02-05T06:35:49.266352Z"
    },
    {
      "original": "integrate(Limit(sin(pi/3)*sin(pi/3)*sin(pi/3)*x, n, oo), x)",
      "requested_difficulty": "easier",
      "variant": "integrate(((sqrt(3)/2)**3) * x, x)",
      "reasoning": "As a theoretical physicist, I appreciate transforming sinusoidal functions into exponential forms for further simplification. This makes managing the integration more appealing.",
      "evaluation": "easier",
      "extra_verification": null,
      "transformations_used": [
        "remove a complicated term",
        "remove nested functions",
        "eliminate absolute value terms"
      ],
      "timestamp": "2025-02-05T06:35:49.414957Z"
    },
    {
      "original": "integrate(Limit(sin(pi/3)*sin(pi/3)*sin(pi/3)*x, n, oo), x)",
      "requested_difficulty": "easier",
      "variant": "integrate(1 * x, x)",
      "reasoning": "As a number theorist, I seek clean integers. Here, I want to remove any non-integer expressions and focus on simple linear integration.",
      "evaluation": "easier",
      "extra_verification": null,
      "transformations_used": [
        "remove a complicated term",
        "remove nested functions",
        "eliminate absolute value terms"
      ],
      "timestamp": "2025-02-05T06:35:49.162540Z"
    },
    {
      "original": "integrate(Limit(sin(pi/3)*sin(pi/3)*sin(pi/3)*x, n, oo), x)",
      "requested_difficulty": "easier",
      "variant": "integrate(x + (3/8), x)",
      "reasoning": "As a geometry enthusiast, I'll reframe the integral in terms of the area under the curve, transforming the relationship into a simpler linear form.",
      "evaluation": "easier",
      "extra_verification": null,
      "transformations_used": [
        "remove a complicated term",
        "remove nested functions",
        "eliminate absolute value terms"
      ],
      "timestamp": "2025-02-05T06:35:49.268107Z"
    },
    {
      "original": "integrate(Limit(sin(pi/3)*sin(pi/3)*sin(pi/3)*x, n, oo), x)",
      "requested_difficulty": "easier",
      "variant": "integrate(2 * sin(x) * x, x)",
      "reasoning": "As a creative mathematician, I could introduce an oscillating variable, which though complicates matters a bit, retains the integration nature while bringing it closer to a manageable harmonic form.",
      "evaluation": "easier",
      "extra_verification": null,
      "transformations_used": [
        "remove a complicated term",
        "remove nested functions",
        "eliminate absolute value terms"
      ],
      "timestamp": "2025-02-05T06:35:50.830790Z"
    },
    {
      "original": "integrate(Limit(sin(pi/3)*sin(pi/3)*sin(pi/3)*x, n, oo), x)",
      "requested_difficulty": "equivalent",
      "variant": "integrate((3 * sqrt(3) / 8) * x, x)",
      "reasoning": "As a calculus professor, I appreciate the elegance in using the power rule for integration. I will rearrange the constants and apply the formula directly.",
      "evaluation": "easier",
      "extra_verification": null,
      "transformations_used": [
        "distribute terms differently",
        "substitute equivalent exponential forms",
        "change variables while maintaining complexity"
      ],
      "timestamp": "2025-02-05T06:35:57.013120Z"
    },
    {
      "original": "integrate(Limit(sin(pi/3)*sin(pi/3)*sin(pi/3)*x, n, oo), x)",
      "requested_difficulty": "equivalent",
      "variant": "integrate((3/8) * (sqrt(3) * x), x)",
      "reasoning": "As a student, I like working with polynomials. Therefore, I'll express the limit and multiply out the sine terms explicitly before integrating.",
      "evaluation": "easier",
      "extra_verification": null,
      "transformations_used": [
        "distribute terms differently",
        "substitute equivalent exponential forms",
        "change variables while maintaining complexity"
      ],
      "timestamp": "2025-02-05T06:35:56.854546Z"
    },
    {
      "original": "integrate(Limit(sin(pi/3)*sin(pi/3)*sin(pi/3)*x, n, oo), x)",
      "requested_difficulty": "equivalent",
      "variant": "integrate((1/8 * 3 * (e**(1j * pi/3) - e**(-1j * pi/3))**3 / (2j)**3) * x, x)",
      "reasoning": "A theoretical physicist might look at exponential forms. I can express sine in terms of exponential functions for a different perspective.",
      "evaluation": "easier",
      "extra_verification": null,
      "transformations_used": [
        "distribute terms differently",
        "substitute equivalent exponential forms",
        "change variables while maintaining complexity"
      ],
      "timestamp": "2025-02-05T06:35:57.131543Z"
    },
    {
      "original": "integrate(Limit(sin(pi/3)*sin(pi/3)*sin(pi/3)*x, n, oo), x)",
      "requested_difficulty": "equivalent",
      "variant": "integrate(0.375 * sqrt(3) * x, x)",
      "reasoning": "An engineer would likely look towards practical approaches. Here, I reformulate the sine term directly to retain computational complexity but keep it manageable.",
      "evaluation": "easier",
      "extra_verification": null,
      "transformations_used": [
        "distribute terms differently",
        "substitute equivalent exponential forms",
        "change variables while maintaining complexity"
      ],
      "timestamp": "2025-02-05T06:35:56.852840Z"
    },
    {
      "original": "integrate(Limit(sin(pi/3)*sin(pi/3)*sin(pi/3)*x, n, oo), x)",
      "requested_difficulty": "equivalent",
      "variant": "integrate((3 / 8 * sqrt(3)) * x, x)",
      "reasoning": "As a number theorist, I find the constant intriguing. I will utilize the value explicitly as a rational coefficient to analyze its properties within the integral.",
      "evaluation": "easier",
      "extra_verification": null,
      "transformations_used": [
        "distribute terms differently",
        "substitute equivalent exponential forms",
        "change variables while maintaining complexity"
      ],
      "timestamp": "2025-02-05T06:36:10.749136Z"
    },
    {
      "original": "integrate(Limit(sin(pi/3)*sin(pi/3)*sin(pi/3)*x, n, oo), x)",
      "requested_difficulty": "equivalent",
      "variant": "integrate((3 * (1 - cos(2 * pi / 3)) / 8) * x, x)",
      "reasoning": "Combining the aspects of expansion, I will reinterpret sin terms through trigonometric identities and their limits, focusing on expanding the integrand further.",
      "evaluation": "easier",
      "extra_verification": null,
      "transformations_used": [
        "distribute terms differently",
        "substitute equivalent exponential forms",
        "change variables while maintaining complexity"
      ],
      "timestamp": "2025-02-05T06:35:57.117565Z"
    }
  ],
  [
    {
      "original": "integrate(e**(x+e) - e**(x-e), x)",
      "requested_difficulty": "easier",
      "variant": "integrate(e**x * (e**e - e**(-e)), x)",
      "reasoning": "As a calculus professor, I appreciate the power of simplification. I notice that the original integrand can be factored to emphasize its structure. By extracting \\( e^x \\) from each term, I can rewrite the integral in a more digestible form.",
      "evaluation": "equivalent",
      "extra_verification": null,
      "transformations_used": [
        "replace a complex fraction with a simpler one",
        "drop a subexpression",
        "convert a product to a simpler sum"
      ],
      "timestamp": "2025-02-05T06:35:52.884163Z"
    },
    {
      "original": "integrate(e**(x+e) - e**(x-e), x)",
      "requested_difficulty": "easier",
      "variant": "integrate(e**(x + e), x)",
      "reasoning": "As an engineer, I appreciate a practical computational approach. I can break the integral into two simpler terms, making it easier to handle computationally, allowing for term-by-term integration.",
      "evaluation": "easier",
      "extra_verification": null,
      "transformations_used": [
        "replace a complex fraction with a simpler one",
        "drop a subexpression",
        "convert a product to a simpler sum"
      ],
      "timestamp": "2025-02-05T06:35:52.860127Z"
    },
    {
      "original": "integrate(e**(x+e) - e**(x-e), x)",
      "requested_difficulty": "easier",
      "variant": "integrate((1/2) * (e**(x+e) + e**(x-e)), x)",
      "reasoning": "As a calculus professor once more, I notice that using an average value theorem, I can express this integral as a function of simpler averages, which will enhance clarity and understanding of the integral bounds.",
      "evaluation": "easier",
      "extra_verification": null,
      "transformations_used": [
        "replace a complex fraction with a simpler one",
        "drop a subexpression",
        "convert a product to a simpler sum"
      ],
      "timestamp": "2025-02-05T06:35:52.812561Z"
    },
    {
      "original": "integrate(e**(x+e) - e**(x-e), x)",
      "requested_difficulty": "easier",
      "variant": "integrate((e**(x+e) + e**(x-e))/2, x)",
      "reasoning": "As a creative mathematician, I will manipulate the limits of integration as a defining substitution, allowing me to simplify calculations by using symmetry properties of the integral's output.",
      "evaluation": "easier",
      "extra_verification": null,
      "transformations_used": [
        "replace a complex fraction with a simpler one",
        "drop a subexpression",
        "convert a product to a simpler sum"
      ],
      "timestamp": "2025-02-05T06:35:52.887580Z"
    },
    {
      "original": "integrate(e**(x+e) - e**(x-e), x)",
      "requested_difficulty": "easier",
      "variant": "integrate(e**x * (cos(e) - sin(e)), x)",
      "reasoning": "As a theoretical physicist again, I can relate complex exponentials back to physical phenomena such as wave forms, using transformation properties to obtain a simpler yet still challenging integral form based on sine and cosine identities.",
      "evaluation": "easier",
      "extra_verification": null,
      "transformations_used": [
        "replace a complex fraction with a simpler one",
        "drop a subexpression",
        "convert a product to a simpler sum"
      ],
      "timestamp": "2025-02-05T06:35:53.008985Z"
    },
    {
      "original": "integrate(e**(x+e) - e**(x-e), x)",
      "requested_difficulty": "easier",
      "variant": "integrate(e**x * (cosh(e) - sinh(e)), x)",
      "reasoning": "As a theoretical physicist, I find exponential and trigonometric functions beautiful. I will rewrite the constants using trigonometric identities.",
      "evaluation": "easier",
      "extra_verification": null,
      "transformations_used": [
        "reduce the number of terms in the expression",
        "remove a factor",
        "change a function to an easier one",
        "simplify composite trigonometric functions",
        "convert a product to a simpler sum"
      ],
      "timestamp": "2025-02-05T06:35:55.559170Z"
    },
    {
      "original": "integrate(e**(x+e) - e**(x-e), x)",
      "requested_difficulty": "easier",
      "variant": "integrate(e**x * A - e**x * B, x)",
      "reasoning": "As an engineer who values practicality, I will assume \\( e^{\\pm e} \\) as constants and focus on a simpler linear combination of exponential functions.",
      "evaluation": "equivalent",
      "extra_verification": null,
      "transformations_used": [
        "reduce the number of terms in the expression",
        "remove a factor",
        "change a function to an easier one",
        "simplify composite trigonometric functions",
        "convert a product to a simpler sum"
      ],
      "timestamp": "2025-02-05T06:35:54.974273Z"
    },
    {
      "original": "integrate(e**(x+e) - e**(x-e), x)",
      "requested_difficulty": "easier",
      "variant": "integrate(e**x * (1 + (e**e - 1)/1! - (e**(-e) - 1)/1!), x)",
      "reasoning": "As a number theorist captivated by rational coefficients, I will rewrite the expression using rational approximations of the exponential functions.",
      "evaluation": "equivalent",
      "extra_verification": null,
      "transformations_used": [
        "reduce the number of terms in the expression",
        "remove a factor",
        "change a function to an easier one",
        "simplify composite trigonometric functions",
        "convert a product to a simpler sum"
      ],
      "timestamp": "2025-02-05T06:35:54.953641Z"
    },
    {
      "original": "integrate(e**(x+e) - e**(x-e), x)",
      "requested_difficulty": "easier",
      "variant": "integrate(e**x * (log(e ** e) - log(e ** (-e))), x)",
      "reasoning": "As a theoretical physicist, I might try to express the integrand using natural logarithms, which captures the essence of the exponential decay.",
      "evaluation": "equivalent",
      "extra_verification": null,
      "transformations_used": [
        "reduce the number of terms in the expression",
        "remove a factor",
        "change a function to an easier one",
        "simplify composite trigonometric functions",
        "convert a product to a simpler sum"
      ],
      "timestamp": "2025-02-05T06:35:54.967573Z"
    },
    {
      "original": "integrate(e**(x+e) - e**(x-e), x)",
      "requested_difficulty": "easier",
      "variant": "integrate(e**(x + e) + e**(x - e), x)",
      "reasoning": "As a creative mathematician, I opt to blend the two exponential terms into a single multiplicative function, providing a simple yet non-trivial structure.",
      "evaluation": "easier",
      "extra_verification": null,
      "transformations_used": [
        "reduce the number of terms in the expression",
        "remove a factor",
        "change a function to an easier one",
        "simplify composite trigonometric functions",
        "convert a product to a simpler sum"
      ],
      "timestamp": "2025-02-05T06:35:54.955443Z"
    },
    {
      "original": "integrate(e**(x+e) - e**(x-e), x)",
      "requested_difficulty": "equivalent",
      "variant": "integrate(e**x * ((e**e - e**(-e)) * log(e)), x)",
      "reasoning": "An engineer prefers practicality, so I manipulate the terms logarithmically to express the integrand which may allow for easier computational approaches later.",
      "evaluation": "equivalent",
      "extra_verification": null,
      "transformations_used": [
        "rewrite the integrand in a different form without changing overall complexity",
        "modify an exponent slightly",
        "rewrite using different logarithmic properties",
        "rewrite using alternate algebraic forms",
        "change coefficient values slightly"
      ],
      "timestamp": "2025-02-05T06:35:49.699951Z"
    },
    {
      "original": "integrate(e**(x+e) - e**(x-e), x)",
      "requested_difficulty": "equivalent",
      "variant": "integrate(3 * e**(x + e) - 2 * e**(x - e), x)",
      "reasoning": "As a number theorist, I focus on prime coefficients. I rewrite the integrand with a slight modification by introducing a prime constant multiplier that will not affect overall integrability.",
      "evaluation": "easier",
      "extra_verification": null,
      "transformations_used": [
        "rewrite the integrand in a different form without changing overall complexity",
        "modify an exponent slightly",
        "rewrite using different logarithmic properties",
        "rewrite using alternate algebraic forms",
        "change coefficient values slightly"
      ],
      "timestamp": "2025-02-05T06:35:49.871884Z"
    },
    {
      "original": "integrate(e**(x+e) - e**(x-e), x)",
      "requested_difficulty": "equivalent",
      "variant": "integrate(e**(x+e), x)",
      "reasoning": "As a calculus professor again, I emphasize decomposing the integral into two parts using properties of integrals. This integration technique can lead to an insightful breakdown.",
      "evaluation": "easier",
      "extra_verification": null,
      "transformations_used": [
        "rewrite the integrand in a different form without changing overall complexity",
        "modify an exponent slightly",
        "rewrite using different logarithmic properties",
        "rewrite using alternate algebraic forms",
        "change coefficient values slightly"
      ],
      "timestamp": "2025-02-05T06:35:49.865672Z"
    },
    {
      "original": "integrate(e**(x+e) - e**(x-e), x)",
      "requested_difficulty": "equivalent",
      "variant": "integrate(e**x * (e**(e) - e**(-e)), x)",
      "reasoning": "As a creative mathematician, I\u2019ll use a logarithmic transformation alongside using the exponential property of differences of exponentials to get a new view.",
      "evaluation": "easier",
      "extra_verification": null,
      "transformations_used": [
        "rewrite the integrand in a different form without changing overall complexity",
        "modify an exponent slightly",
        "rewrite using different logarithmic properties",
        "rewrite using alternate algebraic forms",
        "change coefficient values slightly"
      ],
      "timestamp": "2025-02-05T06:35:49.749159Z"
    },
    {
      "original": "integrate(e**(x+e) - e**(x-e), x)",
      "requested_difficulty": "equivalent",
      "variant": "integrate(e**x * (e**e * cos(0) - e**(-e) * sin(0)), x)",
      "reasoning": "Coming again from the perspective of a theoretical physicist, I can represent the integrand looking at it through the lens of Fourier transpositions, maintaining the overall complexity.",
      "evaluation": "easier",
      "extra_verification": null,
      "transformations_used": [
        "rewrite the integrand in a different form without changing overall complexity",
        "modify an exponent slightly",
        "rewrite using different logarithmic properties",
        "rewrite using alternate algebraic forms",
        "change coefficient values slightly"
      ],
      "timestamp": "2025-02-05T06:35:49.734250Z"
    },
    {
      "original": "integrate(e**(x+e) - e**(x-e), x)",
      "requested_difficulty": "equivalent",
      "variant": "integrate(((1 + (x + e) + (x + e)**2 / 2 + ...) - (1 + (x - e) + (x - e)**2 / 2 + ...)), x)",
      "reasoning": "From a student's perspective, we can work with Taylor series expansion of the exponentials to make them polynomial-like, which makes integration straightforward.",
      "evaluation": "easier",
      "extra_verification": null,
      "transformations_used": [
        "rewrite using alternate algebraic forms",
        "distribute terms differently",
        "change variables while maintaining complexity"
      ],
      "timestamp": "2025-02-05T06:35:58.064062Z"
    },
    {
      "original": "integrate(e**(x+e) - e**(x-e), x)",
      "requested_difficulty": "equivalent",
      "variant": "integrate(exp(x) * (cosh(e) - sinh(e)), x)",
      "reasoning": "Adopting the persona of a theoretical physicist, let\u2019s express the exponentials in terms of trigonometric forms using Euler's formula to analyze possible oscillatory behavior.",
      "evaluation": "equivalent",
      "extra_verification": null,
      "transformations_used": [
        "rewrite using alternate algebraic forms",
        "distribute terms differently",
        "change variables while maintaining complexity"
      ],
      "timestamp": "2025-02-05T06:35:57.882748Z"
    },
    {
      "original": "integrate(e**(x+e) - e**(x-e), x)",
      "requested_difficulty": "equivalent",
      "variant": "integrate(differentiate(log(e**(x+e) - e**(x-e)), x)",
      "reasoning": "As a number theorist, I find structures in constants intriguing. Let's view this through the lens of logarithmic differentiation, treating constants abstractly.",
      "evaluation": "easier",
      "extra_verification": null,
      "transformations_used": [
        "rewrite using alternate algebraic forms",
        "distribute terms differently",
        "change variables while maintaining complexity"
      ],
      "timestamp": "2025-02-05T06:35:57.881284Z"
    },
    {
      "original": "integrate(e**(x+e) - e**(x-e), x)",
      "requested_difficulty": "equivalent",
      "variant": "integrate((e**(x+c) - e**(x-c)), x)",
      "reasoning": "From an abstract perspective, consider the shifts in the base of the exponentials. Let\u2019s re-examine exponents directly with the variable shifted.",
      "evaluation": "equivalent",
      "extra_verification": null,
      "transformations_used": [
        "rewrite using alternate algebraic forms",
        "distribute terms differently",
        "change variables while maintaining complexity"
      ],
      "timestamp": "2025-02-05T06:35:57.893405Z"
    },
    {
      "original": "integrate(e**(x+e) - e**(x-e), x)",
      "requested_difficulty": "equivalent",
      "variant": "integrate((1/2 * (e**(x+e) + e**(x-e))), x)",
      "reasoning": "Assuming the role of a theorist, we may exploit symmetry in the functions by rewriting the integrand in terms of average values.",
      "evaluation": "easier",
      "extra_verification": null,
      "transformations_used": [
        "rewrite using alternate algebraic forms",
        "distribute terms differently",
        "change variables while maintaining complexity"
      ],
      "timestamp": "2025-02-05T06:35:57.979099Z"
    }
  ],
  [
    {
      "original": "integrate(1 - x**2, (x, -1/2, 1/2))",
      "requested_difficulty": "easier",
      "variant": "integrate(1 - (x - 0)**2, x)",
      "reasoning": "As a calculus professor, I want to simplify the polynomial by completing the square, turning the polynomial into a more favorable form for integration.",
      "evaluation": "easier",
      "extra_verification": null,
      "transformations_used": [
        "convert a product to a simpler sum",
        "replace a complex fraction with a simpler one",
        "reduce the degree of a polynomial",
        "remove a factor",
        "eliminate a radical"
      ],
      "timestamp": "2025-02-05T06:35:52.430911Z"
    },
    {
      "original": "integrate(1 - x**2, (x, -1/2, 1/2))",
      "requested_difficulty": "easier",
      "variant": "integrate(1, x)",
      "reasoning": "As a student focused on polynomials, I see the integral can be expressed as the sum of two simpler integrals, which allows for easier integration.",
      "evaluation": "easier",
      "extra_verification": null,
      "transformations_used": [
        "convert a product to a simpler sum",
        "replace a complex fraction with a simpler one",
        "reduce the degree of a polynomial",
        "remove a factor",
        "eliminate a radical"
      ],
      "timestamp": "2025-02-05T06:35:51.885935Z"
    },
    {
      "original": "integrate(1 - x**2, (x, -1/2, 1/2))",
      "requested_difficulty": "easier",
      "variant": "integrate(2 + (1 - x**2 - 2), x)",
      "reasoning": "As a creative mathematician, I like to introduce an auxiliary variable that allows the polynomial to be manipulated in an interesting way while keeping the original limits intact.",
      "evaluation": "easier",
      "extra_verification": null,
      "transformations_used": [
        "convert a product to a simpler sum",
        "replace a complex fraction with a simpler one",
        "reduce the degree of a polynomial",
        "remove a factor",
        "eliminate a radical"
      ],
      "timestamp": "2025-02-05T06:35:51.839473Z"
    }
  ],
  [
    {
      "original": "integrate(1/(x + sqrt(3)*x), x)",
      "requested_difficulty": "easier",
      "variant": "integrate(1/((1 + sqrt(3)) * x), x)",
      "reasoning": "As a calculus professor, I see that we can factor out \\( x \\) from the denominator and express it more elegantly, leading to a simpler form.",
      "evaluation": "easier",
      "extra_verification": null,
      "transformations_used": [
        "simplify the denominator",
        "replace a complex fraction with a simpler one",
        "eliminate a radical",
        "replace transcendental functions with simpler algebraic ones",
        "convert a product to a simpler sum"
      ],
      "timestamp": "2025-02-05T06:35:53.845078Z"
    },
    {
      "original": "integrate(1/(x + sqrt(3)*x), x)",
      "requested_difficulty": "easier",
      "variant": "integrate(1/(1 + sqrt(3)), x)",
      "reasoning": "As a creative mathematician, I find that dividing the numerator and denominator by \\( x \\) emphasizes the form, simplifying the process of integration through substitution.",
      "evaluation": "easier",
      "extra_verification": null,
      "transformations_used": [
        "simplify the denominator",
        "replace a complex fraction with a simpler one",
        "eliminate a radical",
        "replace transcendental functions with simpler algebraic ones",
        "convert a product to a simpler sum"
      ],
      "timestamp": "2025-02-05T06:35:53.872760Z"
    },
    {
      "original": "integrate(1/(x + sqrt(3)*x), x)",
      "requested_difficulty": "easier",
      "variant": "integrate(1/(x * (1 + sqrt(3))), x)",
      "reasoning": "As a student focused on polynomials and rational functions, I prefer working with linear terms and think this variant provides clarity by emphasizing that it's just a rational function.",
      "evaluation": "easier",
      "extra_verification": null,
      "transformations_used": [
        "simplify the denominator",
        "replace a complex fraction with a simpler one",
        "eliminate a radical",
        "replace transcendental functions with simpler algebraic ones",
        "convert a product to a simpler sum"
      ],
      "timestamp": "2025-02-05T06:35:53.917074Z"
    },
    {
      "original": "integrate(1/(x + sqrt(3)*x), x)",
      "requested_difficulty": "easier",
      "variant": "integrate(1/(x + 1.732 * x), x)",
      "reasoning": "As an engineer, I like breaking down expressions using approximations. The denominator can be replaced by a sum that is easier to handle for practical computations.",
      "evaluation": "easier",
      "extra_verification": null,
      "transformations_used": [
        "simplify the denominator",
        "replace a complex fraction with a simpler one",
        "eliminate a radical",
        "replace transcendental functions with simpler algebraic ones",
        "convert a product to a simpler sum"
      ],
      "timestamp": "2025-02-05T06:35:54.001686Z"
    },
    {
      "original": "integrate(1/(x + sqrt(3)*x), x)",
      "requested_difficulty": "easier",
      "variant": "integrate(1/(x + (3/1.732) * x), x)",
      "reasoning": "A number theorist like me is fascinated by constants. I see potential in replacing \\( \\sqrt{3} \\) with its rational equivalent to make the expression slightly simpler to integrate.",
      "evaluation": "equivalent",
      "extra_verification": null,
      "transformations_used": [
        "simplify the denominator",
        "replace a complex fraction with a simpler one",
        "eliminate a radical",
        "replace transcendental functions with simpler algebraic ones",
        "convert a product to a simpler sum"
      ],
      "timestamp": "2025-02-05T06:35:53.868273Z"
    },
    {
      "original": "integrate(1/(x + sqrt(3)*x), x)",
      "requested_difficulty": "easier",
      "variant": "integrate((1 + sqrt(3))/(x * (1 + sqrt(3))), x)",
      "reasoning": "I like to view functions in their reciprocal forms. A rewriting of the integral can provide insight into its behavior at certain limits, allowing for a different approach to solving.",
      "evaluation": "easier",
      "extra_verification": null,
      "transformations_used": [
        "simplify the denominator",
        "replace a complex fraction with a simpler one",
        "eliminate a radical",
        "replace transcendental functions with simpler algebraic ones",
        "convert a product to a simpler sum"
      ],
      "timestamp": "2025-02-05T06:35:53.842382Z"
    },
    {
      "original": "integrate(1/(x + sqrt(3)*x), x)",
      "requested_difficulty": "easier",
      "variant": "integrate(1/(x * (1 + tan(pi/6))), x)",
      "reasoning": "I believe trigonometric identities could lend insight here. Rewriting the expression with \\( \\tan \\) may simplify later calculations in an integral sense.",
      "evaluation": "easier",
      "extra_verification": null,
      "transformations_used": [
        "simplify the denominator",
        "replace a complex fraction with a simpler one",
        "eliminate a radical",
        "replace transcendental functions with simpler algebraic ones",
        "convert a product to a simpler sum"
      ],
      "timestamp": "2025-02-05T06:35:53.864695Z"
    },
    {
      "original": "integrate(1/(x + sqrt(3)*x), x)",
      "requested_difficulty": "easier",
      "variant": "integrate(1/(x * (1 + 1.732)), x)",
      "reasoning": "Employing a transformation that pools constants with \\( x \\) can help to facilitate the understanding of the integral behavior close to \\( x = 0 \\).",
      "evaluation": "easier",
      "extra_verification": null,
      "transformations_used": [
        "simplify the denominator",
        "replace a complex fraction with a simpler one",
        "eliminate a radical",
        "replace transcendental functions with simpler algebraic ones",
        "convert a product to a simpler sum"
      ],
      "timestamp": "2025-02-05T06:35:53.876987Z"
    },
    {
      "original": "integrate(1/(x + sqrt(3)*x), x)",
      "requested_difficulty": "easier",
      "variant": "integrate(1/(x * (1 + exp(log(3) / 2))), x)",
      "reasoning": "A theoretical physicist might make use of exponential forms. Here, I can treat the square root as an exponential and rewrite the fraction accordingly, aiding calculation.",
      "evaluation": "easier",
      "extra_verification": null,
      "transformations_used": [
        "eliminate a radical",
        "simplify composite trigonometric functions",
        "simplify a trigonometric component",
        "replace a complex fraction with a simpler one",
        "convert a product to a simpler sum"
      ],
      "timestamp": "2025-02-05T06:35:53.686148Z"
    },
    {
      "original": "integrate(1/(x + sqrt(3)*x), x)",
      "requested_difficulty": "easier",
      "variant": "integrate(1/(x*(1 + sqrt(3))), x)",
      "reasoning": "The calculus professor again would encourage the use of partial fractions for final evaluation, focusing on reducing terms before directly integrating.",
      "evaluation": "easier",
      "extra_verification": null,
      "transformations_used": [
        "eliminate a radical",
        "simplify composite trigonometric functions",
        "simplify a trigonometric component",
        "replace a complex fraction with a simpler one",
        "convert a product to a simpler sum"
      ],
      "timestamp": "2025-02-05T06:35:51.726045Z"
    },
    {
      "original": "integrate(1/(x + sqrt(3)*x), x)",
      "requested_difficulty": "equivalent",
      "variant": "integrate(1/(x + (3**0.5)*x), x)",
      "reasoning": "Embracing creativity, I want to visualize the integral differently. By expressing \\( \\sqrt{3} \\) in terms of trigonometric identities, I can formulate the denominator dynamically.",
      "evaluation": "equivalent",
      "extra_verification": null,
      "transformations_used": [
        "rearrange the order of terms",
        "factor common terms differently",
        "apply algebraic identities that preserve complexity",
        "modify an exponent slightly",
        "alter constant terms"
      ],
      "timestamp": "2025-02-05T06:35:54.504514Z"
    },
    {
      "original": "integrate(1/(x + sqrt(3)*x), x)",
      "requested_difficulty": "equivalent",
      "variant": "integrate(1/(x*(sqrt(3) + 1)), x)",
      "reasoning": "As a polynomial student, I'd rather see the integral as a rational function. The expression can be treated as \\( \\frac{1}{x} \\) scaled by a constant factor.",
      "evaluation": "easier",
      "extra_verification": null,
      "transformations_used": [
        "rearrange the order of terms",
        "factor common terms differently",
        "apply algebraic identities that preserve complexity",
        "modify an exponent slightly",
        "alter constant terms"
      ],
      "timestamp": "2025-02-05T06:35:51.736240Z"
    },
    {
      "original": "integrate(1/(x + sqrt(3)*x), x)",
      "requested_difficulty": "equivalent",
      "variant": "integrate(1/(x*(1 + sqrt(3))) - (1/(sqrt(3)*x)), x)",
      "reasoning": "As an engineer, I like transforming the integral into a more computationally effective iteration. Thus, I can manipulate terms in the denominator to blend them in a certain form.",
      "evaluation": "easier",
      "extra_verification": null,
      "transformations_used": [
        "rearrange the order of terms",
        "factor common terms differently",
        "apply algebraic identities that preserve complexity",
        "modify an exponent slightly",
        "alter constant terms"
      ],
      "timestamp": "2025-02-05T06:35:51.794919Z"
    },
    {
      "original": "integrate(1/(x + sqrt(3)*x), x)",
      "requested_difficulty": "equivalent",
      "variant": "integrate(1/(x*(exp(0.5*log(3)) + 1)), x)",
      "reasoning": "With a penchant for unusual substitutions, I can express \\( \\sqrt{3}\\) as an exponential term, creating a different type of transformation and highlighting bases.",
      "evaluation": "easier",
      "extra_verification": null,
      "transformations_used": [
        "rearrange the order of terms",
        "factor common terms differently",
        "apply algebraic identities that preserve complexity",
        "modify an exponent slightly",
        "alter constant terms"
      ],
      "timestamp": "2025-02-05T06:35:51.919108Z"
    },
    {
      "original": "integrate(1/(x + sqrt(3)*x), x)",
      "requested_difficulty": "equivalent",
      "variant": "integrate(1/(x*(1 + (3**(1/2)))), x)",
      "reasoning": "I'll use the polynomial framework but substitute \\(\\sqrt{3}\\) into power terms to highlight scaling and continuity in this rational function.",
      "evaluation": "equivalent",
      "extra_verification": null,
      "transformations_used": [
        "rearrange the order of terms",
        "factor common terms differently",
        "apply algebraic identities that preserve complexity",
        "modify an exponent slightly",
        "alter constant terms"
      ],
      "timestamp": "2025-02-05T06:35:51.702463Z"
    },
    {
      "original": "integrate(1/(x + sqrt(3)*x), x)",
      "requested_difficulty": "equivalent",
      "variant": "integrate(1/(x + (3**(1/3))*x), x)",
      "reasoning": "Aiming to slightly modify exponents, I can present the integral in a variation where the rational function behaves near its limits or in terms of of high factorial numeration.",
      "evaluation": "easier",
      "extra_verification": null,
      "transformations_used": [
        "rearrange the order of terms",
        "factor common terms differently",
        "apply algebraic identities that preserve complexity",
        "modify an exponent slightly",
        "alter constant terms"
      ],
      "timestamp": "2025-02-05T06:35:51.812900Z"
    },
    {
      "original": "integrate(1/(x + sqrt(3)*x), x)",
      "requested_difficulty": "equivalent",
      "variant": "integrate(1/((1 + sqrt(3))*x), x)",
      "reasoning": "As a student who prefers working with polynomials, I'll rewrite \\( x + \\sqrt{3}x \\) in a polynomial form and then handle it like a rational function, resulting in easier integration steps.",
      "evaluation": "easier",
      "extra_verification": null,
      "transformations_used": [
        "adjust parameters while keeping the integral equivalent",
        "substitute equivalent exponential forms",
        "change variables while maintaining complexity"
      ],
      "timestamp": "2025-02-05T06:35:51.680467Z"
    },
    {
      "original": "integrate(1/(x + sqrt(3)*x), x)",
      "requested_difficulty": "equivalent",
      "variant": "integrate(1/(x + sqrt(3)*x), x)",
      "reasoning": "The engineer in me prefers computational methods. Here, I can use numerical approximation. I'll define a specific interval which facilitates practical application.",
      "evaluation": "equivalent",
      "extra_verification": null,
      "transformations_used": [
        "adjust parameters while keeping the integral equivalent",
        "substitute equivalent exponential forms",
        "change variables while maintaining complexity"
      ],
      "timestamp": "2025-02-05T06:35:51.687743Z"
    },
    {
      "original": "integrate(1/(x + sqrt(3)*x), x)",
      "requested_difficulty": "equivalent",
      "variant": "integrate(1/(x + 1.732*x), x)",
      "reasoning": "As a number theorist, I appreciate the underlying properties of numbers. I see that \\( \\sqrt{3} \\) can be replaced with an equivalent rational approximation for computational purposes while keeping the essence of the problem intact.",
      "evaluation": "equivalent",
      "extra_verification": null,
      "transformations_used": [
        "adjust parameters while keeping the integral equivalent",
        "substitute equivalent exponential forms",
        "change variables while maintaining complexity"
      ],
      "timestamp": "2025-02-05T06:35:51.634950Z"
    },
    {
      "original": "integrate(1/(x + sqrt(3)*x), x)",
      "requested_difficulty": "equivalent",
      "variant": "integrate(1/(k*(x + sqrt(3)*x)), x)",
      "reasoning": "A geometric enthusiast would think in terms of geometric shapes, viewing the integral as an area under a curve. By scaling the function appropriately, one can maintain the original properties while changing the variable meaningfully.",
      "evaluation": "equivalent",
      "extra_verification": null,
      "transformations_used": [
        "adjust parameters while keeping the integral equivalent",
        "substitute equivalent exponential forms",
        "change variables while maintaining complexity"
      ],
      "timestamp": "2025-02-05T06:35:51.729758Z"
    }
  ]
]