[
  [
    {
      "original": "integrate(sqrt(e**x-1), x)",
      "requested_difficulty": "easier",
      "variant": "integrate(sqrt(1 + x) - 1, x)",
      "reasoning": "As an engineer with a practical approach, I look to find a linear approximation for \\( e^x \\) near some point, say \\( x = 0 \\). This leads to a much simpler integral.",
      "evaluation": "easier",
      "transformations_used": [
        "change a function to an easier one",
        "simplify the denominator",
        "reduce an exponent"
      ],
      "timestamp": "2025-02-05T06:21:24.169382Z"
    },
    {
      "original": "integrate(sqrt(e**x-1), x)",
      "requested_difficulty": "easier",
      "variant": "integrate(0.5 * (e**(x/2) + e**(-x/2)), x)",
      "reasoning": "As a calculus enthusiast, I can appreciate symmetry. Rewriting and simplifying \\( e^x \\) into more manageable parts will ease integration.",
      "evaluation": "easier",
      "transformations_used": [
        "change a function to an easier one",
        "simplify the denominator",
        "reduce an exponent"
      ],
      "timestamp": "2025-02-05T06:21:24.185469Z"
    },
    {
      "original": "integrate(sqrt(e**x-1), x)",
      "requested_difficulty": "easier",
      "variant": "integrate(x/2, x)",
      "reasoning": "As a student who thinks in terms of simpler functions, I can approximate \\( \\sqrt{e^x - 1} \\) for small \\( x \\) where the integral becomes a series.",
      "evaluation": "easier",
      "transformations_used": [
        "change a function to an easier one",
        "simplify the denominator",
        "reduce an exponent"
      ],
      "timestamp": "2025-02-05T06:21:24.011322Z"
    },
    {
      "original": "integrate(sqrt(e**x-1), x)",
      "requested_difficulty": "easier",
      "variant": "integrate(sqrt(u), x)",
      "reasoning": "As a calculus professor, I recognize that introducing a substitution can simplify this integral. I will use \\( u = e^x - 1 \\), thereby transforming the integral into a more manageable polynomial form.",
      "evaluation": "easier",
      "transformations_used": [
        "reduce the degree of a polynomial",
        "replace transcendental functions with simpler algebraic ones",
        "simplify the denominator",
        "remove logarithmic terms",
        "replace a complex fraction with a simpler one"
      ],
      "timestamp": "2025-02-05T06:21:23.926368Z"
    },
    {
      "original": "integrate(sqrt(e**x-1), x)",
      "requested_difficulty": "easier",
      "variant": "integrate(u - 1, x)",
      "reasoning": "As a creative mathematician, I'll use the substitution \\( u = e^{x/2} \\). This focuses on the square nature of the function, yielding a simpler exponential form.",
      "evaluation": "easier",
      "transformations_used": [
        "reduce the degree of a polynomial",
        "replace transcendental functions with simpler algebraic ones",
        "simplify the denominator",
        "remove logarithmic terms",
        "replace a complex fraction with a simpler one"
      ],
      "timestamp": "2025-02-05T06:21:23.565960Z"
    },
    {
      "original": "integrate(sqrt(e**x-1), x)",
      "requested_difficulty": "easier",
      "variant": "integrate(sqrt(cosh(x) - 1), x)",
      "reasoning": "Theoretical physicists love simple trigonometric identities. Observing that \\( e^x \\) can be expressed using a hyperbolic trigonometric function, I can reformulate the integral to reflect this.",
      "evaluation": "easier",
      "transformations_used": [
        "reduce the degree of a polynomial",
        "replace transcendental functions with simpler algebraic ones",
        "simplify the denominator",
        "remove logarithmic terms",
        "replace a complex fraction with a simpler one"
      ],
      "timestamp": "2025-02-05T06:21:23.598422Z"
    },
    {
      "original": "integrate(sqrt(e**x-1), x)",
      "requested_difficulty": "easier",
      "variant": "integrate(0.5*x, x)",
      "reasoning": "As an engineer who values direct computational methods, I'll treat this as an approximation problem. Instead of tackling the exact integral, I can integrate over a linear approximation of \\( \\sqrt{e^x - 1} \\) near \\( x=0 \\).",
      "evaluation": "easier",
      "transformations_used": [
        "reduce the degree of a polynomial",
        "replace transcendental functions with simpler algebraic ones",
        "simplify the denominator",
        "remove logarithmic terms",
        "replace a complex fraction with a simpler one"
      ],
      "timestamp": "2025-02-05T06:21:23.757069Z"
    },
    {
      "original": "integrate(sqrt(e**x-1), x)",
      "requested_difficulty": "easier",
      "variant": "integrate(1 - 1/(e**x), x)",
      "reasoning": "From a number theorist's perspective, the integral can be recharacterized with rational coefficients to make it more exploratory in number properties. This shifts it to a simpler rational function context.",
      "evaluation": "easier",
      "transformations_used": [
        "reduce the degree of a polynomial",
        "replace transcendental functions with simpler algebraic ones",
        "simplify the denominator",
        "remove logarithmic terms",
        "replace a complex fraction with a simpler one"
      ],
      "timestamp": "2025-02-05T06:21:23.671481Z"
    },
    {
      "original": "integrate(sqrt(e**x-1), x)",
      "requested_difficulty": "easier",
      "variant": "integrate(x / 2, x)",
      "reasoning": "A geometry enthusiast might think in terms of area under the curve. By approximating \\( \\sqrt{e^x - 1} \\) using geometric transformations of known figures, I can simplify the evaluation.",
      "evaluation": "easier",
      "transformations_used": [
        "reduce the degree of a polynomial",
        "replace transcendental functions with simpler algebraic ones",
        "simplify the denominator",
        "remove logarithmic terms",
        "replace a complex fraction with a simpler one"
      ],
      "timestamp": "2025-02-05T06:21:23.617776Z"
    },
    {
      "original": "integrate(sqrt(e**x-1), x)",
      "requested_difficulty": "easier",
      "variant": "integrate(sqrt(x), x)",
      "reasoning": "Returning to my calculus roots, I\u2019ll check the behavior of the function at small \\( x \\). The first-order Taylor expansion around zero will yield a much simpler integral to evaluate.",
      "evaluation": "easier",
      "transformations_used": [
        "reduce the degree of a polynomial",
        "replace transcendental functions with simpler algebraic ones",
        "simplify the denominator",
        "remove logarithmic terms",
        "replace a complex fraction with a simpler one"
      ],
      "timestamp": "2025-02-05T06:21:23.622696Z"
    },
    {
      "original": "integrate(sqrt(e**x-1), x)",
      "requested_difficulty": "easier",
      "variant": "integrate((1 - 1/(2*(e**x))), x)",
      "reasoning": "Viewing this from a legacy of algebraic manipulation, we can also reinterpret the radical as \\( (e^x - 1)^{1/2} \\) and integrate directly after polynomial expansion.",
      "evaluation": "easier",
      "transformations_used": [
        "reduce the degree of a polynomial",
        "replace transcendental functions with simpler algebraic ones",
        "simplify the denominator",
        "remove logarithmic terms",
        "replace a complex fraction with a simpler one"
      ],
      "timestamp": "2025-02-05T06:21:23.917702Z"
    },
    {
      "original": "integrate(sqrt(e**x-1), x)",
      "requested_difficulty": "easier",
      "variant": "integrate(e**x, x)",
      "reasoning": "As a student who prefers polynomials, I could drop the square root for this variant and simplify the problem to integrating \\( e^x \\). This polynomial form allows me to use straightforward techniques.",
      "evaluation": "easier",
      "transformations_used": [
        "remove a factor",
        "remove a complicated term",
        "drop a subexpression"
      ],
      "timestamp": "2025-02-05T06:21:27.953675Z"
    },
    {
      "original": "integrate(sqrt(e**x-1), x)",
      "requested_difficulty": "easier",
      "variant": "integrate(sqrt(1), x)",
      "reasoning": "As a number theorist fascinated by rational coefficients, I\u2019d prefer working with integers. The constant terms can be removed to consider calculating \\( \\int \\sqrt{e^0} \\, dx \\), which simplifies the overall expression.",
      "evaluation": "easier",
      "transformations_used": [
        "remove a factor",
        "remove a complicated term",
        "drop a subexpression"
      ],
      "timestamp": "2025-02-05T06:21:27.933780Z"
    },
    {
      "original": "integrate(sqrt(e**x-1), x)",
      "requested_difficulty": "easier",
      "variant": "integrate(x, x)",
      "reasoning": "I envision the integral as a scaled version of the identity function. By dropping the exponential part and simply integrating \\( x \\), I can address linear terms which are straightforward to evaluate.",
      "evaluation": "easier",
      "transformations_used": [
        "remove a factor",
        "remove a complicated term",
        "drop a subexpression"
      ],
      "timestamp": "2025-02-05T06:21:27.945081Z"
    },
    {
      "original": "integrate(sqrt(e**x-1), x)",
      "requested_difficulty": "easier",
      "variant": "integrate(sqrt(e**x), x)",
      "reasoning": "As a calculus professor who loves elegant simplifications, I notice that the term \\( e^x - 1 \\) can be simplified to just \\( e^x \\) for values of \\( x \\) where this is evident. Thus, we might consider integrating the square root of \\( e^x \\) instead.",
      "evaluation": "easier",
      "transformations_used": [
        "eliminate absolute value terms",
        "change a function to an easier one",
        "convert a product to a simpler sum",
        "remove nested functions",
        "remove a factor"
      ],
      "timestamp": "2025-02-05T06:21:23.767573Z"
    },
    {
      "original": "integrate(sqrt(e**x-1), x)",
      "requested_difficulty": "easier",
      "variant": "integrate(1, x)",
      "reasoning": "As a student who prefers working with polynomials and rational functions, I notice that if I can eliminate the square root, I might integrate a squared function instead. I can consider integrating \\( \\sqrt{1} \\) which gives a simple result.",
      "evaluation": "easier",
      "transformations_used": [
        "eliminate absolute value terms",
        "change a function to an easier one",
        "convert a product to a simpler sum",
        "remove nested functions",
        "remove a factor"
      ],
      "timestamp": "2025-02-05T06:21:26.228039Z"
    },
    {
      "original": "integrate(sqrt(e**x-1), x)",
      "requested_difficulty": "easier",
      "variant": "integrate(sqrt(e**x - 1), x)",
      "reasoning": "As a theoretical physicist, I\u2019d rather deal with exponentials, especially using trigonometric forms. I can consider the identity for the exponential function that relates to sine and cosine, leading to a more manageable integral.",
      "evaluation": "equivalent",
      "transformations_used": [
        "eliminate absolute value terms",
        "change a function to an easier one",
        "convert a product to a simpler sum",
        "remove nested functions",
        "remove a factor"
      ],
      "timestamp": "2025-02-05T06:21:23.837789Z"
    },
    {
      "original": "integrate(sqrt(e**x-1), x)",
      "requested_difficulty": "easier",
      "variant": "integrate(u**(1/2) - 1, x)",
      "reasoning": "From the viewpoint of a student focused on polynomials, let's consider expanding the integrand. Instead of dealing with the square root, I can deal with a polynomial approximation.",
      "evaluation": "easier",
      "transformations_used": [
        "replace a complex fraction with a simpler one",
        "drop a subexpression",
        "lower a coefficient"
      ],
      "timestamp": "2025-02-05T06:21:22.717421Z"
    },
    {
      "original": "integrate(sqrt(e**x-1), x)",
      "requested_difficulty": "easier",
      "variant": "integrate(sqrt(sin^2(theta)), x)",
      "reasoning": "As a theoretical physicist, I prefer to explore trigonometric substitution. Therefore, let\u2019s set \\( e^x - 1 = \\sin^2(\\theta) \\), which leads to familiar integral forms.",
      "evaluation": "easier",
      "transformations_used": [
        "replace a complex fraction with a simpler one",
        "drop a subexpression",
        "lower a coefficient"
      ],
      "timestamp": "2025-02-05T06:21:22.761456Z"
    },
    {
      "original": "integrate(sqrt(e**x-1), x)",
      "requested_difficulty": "easier",
      "variant": "integrate(sqrt(x - 1), x)",
      "reasoning": "Viewing it from the number theorist perspective, I want to relate it to prime numbers. I observe that the term \\( e^x - 1 \\) could link to primes near unity. I thus propose examining values of \\( x \\) where we capture properties near these primes.",
      "evaluation": "easier",
      "transformations_used": [
        "replace a complex fraction with a simpler one",
        "drop a subexpression",
        "lower a coefficient"
      ],
      "timestamp": "2025-02-05T06:21:22.569442Z"
    },
    {
      "original": "integrate(sqrt(e**x-1), x)",
      "requested_difficulty": "easier",
      "variant": "integrate(x**(1/2) - 1, x)",
      "reasoning": "As a geometry enthusiast, I'll rethink the problem in terms of transformations. Analyzing the relationship geometrically, I can transition the expression into one representing an area under a curve more clearly.",
      "evaluation": "easier",
      "transformations_used": [
        "replace a complex fraction with a simpler one",
        "drop a subexpression",
        "lower a coefficient"
      ],
      "timestamp": "2025-02-05T06:21:22.597743Z"
    },
    {
      "original": "integrate(sqrt(e**x-1), x)",
      "requested_difficulty": "easier",
      "variant": "integrate(x**(3/2), x)",
      "reasoning": "Emphasizing simplicity in approaching the integral, I will treat \\( e^x \\) near zero, reflecting a property of exponential logarithms and reformatting the integration.",
      "evaluation": "easier",
      "transformations_used": [
        "replace a complex fraction with a simpler one",
        "drop a subexpression",
        "lower a coefficient"
      ],
      "timestamp": "2025-02-05T06:21:22.585304Z"
    },
    {
      "original": "integrate(sqrt(e**x-1), x)",
      "requested_difficulty": "easier",
      "variant": "integrate(sqrt(1 + x), x)",
      "reasoning": "As a student who prefers working with polynomials, I will approximate the function under the square root. For small \\( x \\), \\( e^x \\) can be approximated as \\( 1 + x \\) leading to a simpler polynomial form to integrate.",
      "evaluation": "easier",
      "transformations_used": [
        "simplify the denominator",
        "lower a coefficient",
        "reduce the degree of a polynomial",
        "remove logarithmic terms",
        "remove nested functions"
      ],
      "timestamp": "2025-02-05T06:21:22.666344Z"
    },
    {
      "original": "integrate(sqrt(e**x-1), x)",
      "requested_difficulty": "easier",
      "variant": "integrate(sqrt(e**(x/2)), x)",
      "reasoning": "As a theoretical physicist, I like to leverage exponential forms. To find a simpler integral, I can investigate the transformation involving exponential expressions, which can sometimes yield more straightforward results.",
      "evaluation": "easier",
      "transformations_used": [
        "simplify the denominator",
        "lower a coefficient",
        "reduce the degree of a polynomial",
        "remove logarithmic terms",
        "remove nested functions"
      ],
      "timestamp": "2025-02-05T06:21:22.662376Z"
    },
    {
      "original": "integrate(sqrt(e**x-1), x)",
      "requested_difficulty": "easier",
      "variant": "integrate(sqrt(2), x)",
      "reasoning": "As a number theorist fascinated by prime numbers, I can suggest integrating a constant or lower-degree polynomial to explore elementary functions which serve as building blocks.",
      "evaluation": "easier",
      "transformations_used": [
        "simplify the denominator",
        "lower a coefficient",
        "reduce the degree of a polynomial",
        "remove logarithmic terms",
        "remove nested functions"
      ],
      "timestamp": "2025-02-05T06:21:22.934393Z"
    },
    {
      "original": "integrate(sqrt(e**x-1), x)",
      "requested_difficulty": "easier",
      "variant": "integrate(x**(1/2), x)",
      "reasoning": "As a calculus professor, simplifying the integrand to a known result helps. By introducing constants effectively, we can change the form to a polynomial which results in an easy integral.",
      "evaluation": "easier",
      "transformations_used": [
        "simplify the denominator",
        "lower a coefficient",
        "reduce the degree of a polynomial",
        "remove logarithmic terms",
        "remove nested functions"
      ],
      "timestamp": "2025-02-05T06:21:22.600083Z"
    }
  ]
]