[
  [
    {
      "original": "integrate((1+sqrt(x))/(sqrt(x)-x**2), x)",
      "requested_difficulty": "easier",
      "variant": "integrate((1+sqrt(x))/(1-x), x)",
      "reasoning": "As a calculus professor, I recognize that the presence of \\(\\sqrt{x}\\) complicates the integration process significantly. By instead reducing the degree of the polynomial in the denominator, we can simplify the rational form while keeping the challenge intact.",
      "evaluation": "easier",
      "extra_verification": null,
      "transformations_used": [
        "remove a complicated term",
        "eliminate a radical",
        "remove nested functions"
      ],
      "timestamp": "2025-02-05T06:45:58.195624Z"
    },
    {
      "original": "integrate((1+sqrt(x))/(sqrt(x)-x**2), x)",
      "requested_difficulty": "easier",
      "variant": "integrate((1+x)/(1-x**2), x)",
      "reasoning": "As an engineer, I prefer practical approaches, so I'll focus on rational approximations that maintain a form of complexity but keep it computable.",
      "evaluation": "easier",
      "extra_verification": null,
      "transformations_used": [
        "remove a complicated term",
        "eliminate a radical",
        "remove nested functions"
      ],
      "timestamp": "2025-02-05T06:45:58.166425Z"
    },
    {
      "original": "integrate((1+sqrt(x))/(sqrt(x)-x**2), x)",
      "requested_difficulty": "easier",
      "variant": "integrate((x+1)/(1-x), x)",
      "reasoning": "A creative mathematician might enjoy transforming this to focus solely on rational functions. I\u2019ll eliminate the radical and concentrate on a simpler rational expression.",
      "evaluation": "easier",
      "extra_verification": null,
      "transformations_used": [
        "remove a complicated term",
        "eliminate a radical",
        "remove nested functions"
      ],
      "timestamp": "2025-02-05T06:45:58.193494Z"
    },
    {
      "original": "integrate((1+sqrt(x))/(sqrt(x)-x**2), x)",
      "requested_difficulty": "easier",
      "variant": "integrate((1+x)/(x-x**3), x)",
      "reasoning": "As a calculus professor, I enjoy simplification. By transforming the radical into a rational format, I create a more straightforward integral to handle analytically.",
      "evaluation": "equivalent",
      "extra_verification": null,
      "transformations_used": [
        "remove a complicated term",
        "eliminate a radical",
        "remove nested functions"
      ],
      "timestamp": "2025-02-05T06:45:58.425659Z"
    },
    {
      "original": "integrate((1+sqrt(x))/(sqrt(x)-x**2), x)",
      "requested_difficulty": "equivalent",
      "variant": "integrate((1 + sqrt(x))/(sqrt(x) - x**2), x)",
      "reasoning": "As a calculus professor, I appreciate elegant simplifications. I decided to factor out common terms in the numerator for clarity and further evaluation.",
      "evaluation": "equivalent",
      "extra_verification": null,
      "transformations_used": [
        "use trigonometric identities to rewrite expression",
        "distribute terms differently",
        "modify an exponent slightly",
        "rearrange the order of terms",
        "use alternate but equivalent radical forms"
      ],
      "timestamp": "2025-02-05T06:45:50.981591Z"
    },
    {
      "original": "integrate((1+sqrt(x))/(sqrt(x)-x**2), x)",
      "requested_difficulty": "equivalent",
      "variant": "integrate((1 + sqrt(x)) * (sqrt(x) + x**2)/((sqrt(x) - x**2) * (sqrt(x) + x**2)), x)",
      "reasoning": "Viewing this as a student fond of rationalizing denominators, I attempted to multiply both the numerator and the denominator by the conjugate of the denominator to simplify the expression.",
      "evaluation": "equivalent",
      "extra_verification": null,
      "transformations_used": [
        "use trigonometric identities to rewrite expression",
        "distribute terms differently",
        "modify an exponent slightly",
        "rearrange the order of terms",
        "use alternate but equivalent radical forms"
      ],
      "timestamp": "2025-02-05T06:45:50.901511Z"
    },
    {
      "original": "integrate((1+sqrt(x))/(sqrt(x)-x**2), x)",
      "requested_difficulty": "equivalent",
      "variant": "integrate(1/(sqrt(x) - x**2), x)",
      "reasoning": "As an engineer, I like to break the integral down into simpler parts. I will separate it into two integrals which may yield simpler forms.",
      "evaluation": "easier",
      "extra_verification": null,
      "transformations_used": [
        "use trigonometric identities to rewrite expression",
        "distribute terms differently",
        "modify an exponent slightly",
        "rearrange the order of terms",
        "use alternate but equivalent radical forms"
      ],
      "timestamp": "2025-02-05T06:45:51.001845Z"
    },
    {
      "original": "integrate((1+sqrt(x))/(sqrt(x)-x**2), x)",
      "requested_difficulty": "equivalent",
      "variant": "integrate(1/(sqrt(x) - x**2) + sqrt(x)/(sqrt(x) - x**2), x)",
      "reasoning": "Interested in number theory, I emphasize the structure of the integrand involving integer coefficients inside radicals. I'll rewrite the expression as a sum of fractions.",
      "evaluation": "equivalent",
      "extra_verification": null,
      "transformations_used": [
        "use trigonometric identities to rewrite expression",
        "distribute terms differently",
        "modify an exponent slightly",
        "rearrange the order of terms",
        "use alternate but equivalent radical forms"
      ],
      "timestamp": "2025-02-05T06:45:51.033446Z"
    },
    {
      "original": "integrate((1+sqrt(x))/(sqrt(x)-x**2), x)",
      "requested_difficulty": "equivalent",
      "variant": "integrate(1/(1 - sqrt(x)/x) + sqrt(x)/(1 - sqrt(x)/x), x)",
      "reasoning": "As an engineer, practicality leads me to express the integrand in polynomial form. I will do polynomial long division on the integrand to simplify it for integration.",
      "evaluation": "equivalent",
      "extra_verification": null,
      "transformations_used": [
        "use trigonometric identities to rewrite expression",
        "distribute terms differently",
        "modify an exponent slightly",
        "rearrange the order of terms",
        "use alternate but equivalent radical forms"
      ],
      "timestamp": "2025-02-05T06:45:50.988562Z"
    },
    {
      "original": "integrate((1+sqrt(x))/(sqrt(x)-x**2), x)",
      "requested_difficulty": "equivalent",
      "variant": "integrate(((sqrt(x) - x**2) + (1 + sqrt(x))) / (sqrt(x) - x**2), x)",
      "reasoning": "As a student favoring polynomials, I focus on manipulating the expression to combine the terms in the fraction effectively. Exploiting a common denominator might yield useful polynomial forms.",
      "evaluation": "equivalent",
      "extra_verification": null,
      "transformations_used": [
        "substitute equivalent exponential forms",
        "swap numerator and denominator with reciprocal",
        "change variables while maintaining complexity"
      ],
      "timestamp": "2025-02-05T06:45:49.265033Z"
    },
    {
      "original": "integrate((1+sqrt(x))/(sqrt(x)-x**2), x)",
      "requested_difficulty": "equivalent",
      "variant": "integrate(1 / ((sqrt(x) - x**2)/(1 + sqrt(x))), x)",
      "reasoning": "As an engineer, I value practical computations. Simplifying the integral using partial fractions allows for direct computational integration methods.",
      "evaluation": "equivalent",
      "extra_verification": null,
      "transformations_used": [
        "substitute equivalent exponential forms",
        "swap numerator and denominator with reciprocal",
        "change variables while maintaining complexity"
      ],
      "timestamp": "2025-02-05T06:45:49.298948Z"
    },
    {
      "original": "integrate((1+sqrt(x))/(sqrt(x)-x**2), x)",
      "requested_difficulty": "equivalent",
      "variant": "integrate((1 + sqrt(x)) / ((sqrt(x) - x**2)*(1/(sqrt(x)+1))), x)",
      "reasoning": "As a number theorist, I\u2019m intrigued by decomposing the integral into sums of rational functions. Rationalizing the denominator could also provide insights into its behavior over integer domains.",
      "evaluation": "easier",
      "extra_verification": null,
      "transformations_used": [
        "substitute equivalent exponential forms",
        "swap numerator and denominator with reciprocal",
        "change variables while maintaining complexity"
      ],
      "timestamp": "2025-02-05T06:45:49.315180Z"
    }
  ],
  [
    {
      "original": "integrate((1-cos(x))/sin(x), (x, pi/3, pi/2))",
      "requested_difficulty": "easier",
      "variant": "integrate(2*sin(x/2)**2/sin(x), x)",
      "reasoning": "As a calculus professor, I enjoy simplifying expressions. I notice that the integrand can be rewritten using the identity \\(1 - \\cos(x) = 2 \\sin^2(x/2)\\). This leads to a more straightforward integrand.",
      "evaluation": "easier",
      "extra_verification": null,
      "transformations_used": [
        "remove a complicated term",
        "reduce the number of terms in the expression",
        "change a function to an easier one"
      ],
      "timestamp": "2025-02-05T06:45:48.858664Z"
    },
    {
      "original": "integrate((1-cos(x))/sin(x), (x, pi/3, pi/2))",
      "requested_difficulty": "easier",
      "variant": "integrate((1 - cos(x))/(2*sin(x/2)*cos(x/2)), x)",
      "reasoning": "As a theoretical physicist, I would prefer to work with known identities. Observing that \\(\\sin(x) = 2\\sin(x/2)\\cos(x/2)\\), I can simplify the original expression significantly.",
      "evaluation": "easier",
      "extra_verification": null,
      "transformations_used": [
        "remove a complicated term",
        "reduce the number of terms in the expression",
        "change a function to an easier one"
      ],
      "timestamp": "2025-02-05T06:45:48.923756Z"
    },
    {
      "original": "integrate((1-cos(x))/sin(x), (x, pi/3, pi/2))",
      "requested_difficulty": "easier",
      "variant": "integrate((1 - (cos(x/2))^2), x)",
      "reasoning": "From a number theorist's perspective, I focus on the rational coefficients and try to express the cosine function as a rational polynomial. Using the half-angle identity further simplifies the expression.",
      "evaluation": "easier",
      "extra_verification": null,
      "transformations_used": [
        "remove a complicated term",
        "reduce the number of terms in the expression",
        "change a function to an easier one"
      ],
      "timestamp": "2025-02-05T06:45:48.905629Z"
    },
    {
      "original": "integrate((1-cos(x))/sin(x), (x, pi/3, pi/2))",
      "requested_difficulty": "easier",
      "variant": "integrate(2 * (1 - 1 + (x - x**2/2)), x)",
      "reasoning": "The geometry enthusiast in me can visualize \\( (1 - \\cos(x)) \\) in terms of a geometric interpretation. By relating it to the area under a curve, I can represent this using a simpler geometric function.",
      "evaluation": "easier",
      "extra_verification": null,
      "transformations_used": [
        "remove a complicated term",
        "reduce the number of terms in the expression",
        "change a function to an easier one"
      ],
      "timestamp": "2025-02-05T06:45:48.692103Z"
    },
    {
      "original": "integrate((1-cos(x))/sin(x), (x, pi/3, pi/2))",
      "requested_difficulty": "easier",
      "variant": "integrate((1 - cos(x)), x)",
      "reasoning": "As an engineer focused on practicality, I see that we can break the integral down using integration by parts on \\( \\cos(x) \\) instead, which simplifies the computation.",
      "evaluation": "easier",
      "extra_verification": null,
      "transformations_used": [
        "remove a complicated term",
        "reduce the number of terms in the expression",
        "change a function to an easier one"
      ],
      "timestamp": "2025-02-05T06:45:49.654854Z"
    },
    {
      "original": "integrate((1-cos(x))/sin(x), (x, pi/3, pi/2))",
      "requested_difficulty": "easier",
      "variant": "integrate(1/tan(x), x)",
      "reasoning": "From a theoretical physicist's perspective, I could use the property of symmetry in trigonometric functions. I will relate this integral to a known integral of a simpler function that captures its behavior.",
      "evaluation": "easier",
      "extra_verification": null,
      "transformations_used": [
        "remove a complicated term",
        "reduce the number of terms in the expression",
        "change a function to an easier one"
      ],
      "timestamp": "2025-02-05T06:45:48.877112Z"
    }
  ],
  [
    {
      "original": "integrate(e**x*log(1+x**2) - 2*(1+x)*arctan(x), x)",
      "requested_difficulty": "easier",
      "variant": "integrate(e**x * (1 + x**2/2), x)",
      "reasoning": "As a calculus professor, I appreciate the smoothness of eliminating logarithmic terms, as they can complicate the integration process. By approximating or simplifying the logarithm, I can create a simpler integral.",
      "evaluation": "easier",
      "extra_verification": null,
      "transformations_used": [
        "remove a factor",
        "eliminate absolute value terms",
        "reduce the degree of a polynomial",
        "remove logarithmic terms",
        "convert a product to a simpler sum"
      ],
      "timestamp": "2025-02-05T06:45:59.490161Z"
    },
    {
      "original": "integrate(e**x*log(1+x**2) - 2*(1+x)*arctan(x), x)",
      "requested_difficulty": "easier",
      "variant": "integrate(e**x * (1 + (1/2)*x**2) - 2*(1+x)*(x - x**3/3), x)",
      "reasoning": "Embracing the mind of a theoretical physicist, I see potential in separating the exponential from the arctan term by using exponential identities to reduce complexity.",
      "evaluation": "easier",
      "extra_verification": null,
      "transformations_used": [
        "remove a factor",
        "eliminate absolute value terms",
        "reduce the degree of a polynomial",
        "remove logarithmic terms",
        "convert a product to a simpler sum"
      ],
      "timestamp": "2025-02-05T06:45:59.399481Z"
    },
    {
      "original": "integrate(e**x*log(1+x**2) - 2*(1+x)*arctan(x), x)",
      "requested_difficulty": "easier",
      "variant": "integrate(e**x * 0.785 - 2*(1+x)*x, x)",
      "reasoning": "As an engineer, I focus on workable approximations. Hence, I can use numerical constants to approximate arctan(x), simplifying the process of integration into an easily manageable form.",
      "evaluation": "easier",
      "extra_verification": null,
      "transformations_used": [
        "remove a factor",
        "eliminate absolute value terms",
        "reduce the degree of a polynomial",
        "remove logarithmic terms",
        "convert a product to a simpler sum"
      ],
      "timestamp": "2025-02-05T06:45:59.471455Z"
    },
    {
      "original": "integrate(e**x*log(1+x**2) - 2*(1+x)*arctan(x), x)",
      "requested_difficulty": "easier",
      "variant": "integrate(e**x * (2*(1+x) - 1)/(1+x**2), x)",
      "reasoning": "A number theorist may find patterns in polynomials and prime factors useful. Simplifying the polynomial in the logarithm and focusing on their primes can lead to easier integration.",
      "evaluation": "easier",
      "extra_verification": null,
      "transformations_used": [
        "remove a factor",
        "eliminate absolute value terms",
        "reduce the degree of a polynomial",
        "remove logarithmic terms",
        "convert a product to a simpler sum"
      ],
      "timestamp": "2025-02-05T06:45:59.327729Z"
    },
    {
      "original": "integrate(e**x*log(1+x**2) - 2*(1+x)*arctan(x), x)",
      "requested_difficulty": "easier",
      "variant": "integrate(log(1+x**2), x)",
      "reasoning": "As a calculus professor, I appreciate the beauty in simplifying complex products. Let's express it as separate integrals and consider removing the exponential function, which often complicates matters.",
      "evaluation": "easier",
      "extra_verification": null,
      "transformations_used": [
        "change a function to an easier one",
        "reduce an exponent",
        "simplify a trigonometric component"
      ],
      "timestamp": "2025-02-05T06:45:53.253470Z"
    },
    {
      "original": "integrate(e**x*log(1+x**2) - 2*(1+x)*arctan(x), x)",
      "requested_difficulty": "easier",
      "variant": "integrate(e**x * (x**2/2 - x**4/12), x)",
      "reasoning": "As a creative mathematician, I find substituting simplifies the expression beautifully. Let's rewrite \\( \\log(1+x^2) \\) using a series expansion near \\( x=0 \\).",
      "evaluation": "easier",
      "extra_verification": null,
      "transformations_used": [
        "change a function to an easier one",
        "reduce an exponent",
        "simplify a trigonometric component"
      ],
      "timestamp": "2025-02-05T06:45:53.047890Z"
    },
    {
      "original": "integrate(e**x*log(1+x**2) - 2*(1+x)*arctan(x), x)",
      "requested_difficulty": "easier",
      "variant": "integrate(e**x * log(1+x**2), x)",
      "reasoning": "Thinking like a student who enjoys polynomials, I see the \\( \\arctan(x) \\) and can express that as a polynomial approximation for small values of \\( x \\) and then integrate.",
      "evaluation": "easier",
      "extra_verification": null,
      "transformations_used": [
        "change a function to an easier one",
        "reduce an exponent",
        "simplify a trigonometric component"
      ],
      "timestamp": "2025-02-05T06:45:53.232552Z"
    },
    {
      "original": "integrate(e**x*log(1+x**2) - 2*(1+x)*arctan(x), x)",
      "requested_difficulty": "easier",
      "variant": "integrate(e**x * (x**2 / 2), x)",
      "reasoning": "As an engineer, I would look for practical approximations that we can integrate straightforwardly by focusing on fewer variables and linearizing.",
      "evaluation": "easier",
      "extra_verification": null,
      "transformations_used": [
        "change a function to an easier one",
        "reduce an exponent",
        "simplify a trigonometric component"
      ],
      "timestamp": "2025-02-05T06:45:53.182550Z"
    },
    {
      "original": "integrate(e**x*log(1+x**2) - 2*(1+x)*arctan(x), x)",
      "requested_difficulty": "easier",
      "variant": "integrate(e**x * (1+x**2)/2, x)",
      "reasoning": "As a number theorist, I find the logarithm challenging but can represent \\( log(1+x^2) \\) with simpler rational forms in bounds.",
      "evaluation": "easier",
      "extra_verification": null,
      "transformations_used": [
        "change a function to an easier one",
        "reduce an exponent",
        "simplify a trigonometric component"
      ],
      "timestamp": "2025-02-05T06:45:53.136068Z"
    },
    {
      "original": "integrate(e**x*log(1+x**2) - 2*(1+x)*arctan(x), x)",
      "requested_difficulty": "easier",
      "variant": "integrate(e**x, x)",
      "reasoning": "From a geometric perspective, I can find the area under curves directly related to the components, allowing an integral break into individual easier shapes.",
      "evaluation": "easier",
      "extra_verification": null,
      "transformations_used": [
        "change a function to an easier one",
        "reduce an exponent",
        "simplify a trigonometric component"
      ],
      "timestamp": "2025-02-05T06:45:53.243730Z"
    },
    {
      "original": "integrate(e**x*log(1+x**2) - 2*(1+x)*arctan(x), x)",
      "requested_difficulty": "equivalent",
      "variant": "integrate(e**x*(x**2/2 - x**4/8 + ...) - 2*(1+x)*arctan(x), x)",
      "reasoning": "As a student who prefers working with polynomials, I can expand \\( \\log(1+x^2) \\) into its Taylor series around \\( x=0 \\) and approximate the integral, which will add polynomial complexity.",
      "evaluation": "easier",
      "extra_verification": null,
      "transformations_used": [
        "alter constant terms",
        "change variables while maintaining complexity",
        "rewrite using alternate algebraic forms",
        "change coefficient values slightly",
        "apply algebraic identities that preserve complexity"
      ],
      "timestamp": "2025-02-05T06:45:52.388278Z"
    },
    {
      "original": "integrate(e**x*log(1+x**2) - 2*(1+x)*arctan(x), x)",
      "requested_difficulty": "equivalent",
      "variant": "integrate(e**x*(log(1+x**2) + log(1/2)) - 2*(1+x)*arctan(x), x)",
      "reasoning": "As an algebraist who appreciates algebraic identities, I can apply logarithmic identities to alter the form of the logarithm while keeping the overall structure intact for integral evaluation.",
      "evaluation": "equivalent",
      "extra_verification": null,
      "transformations_used": [
        "alter constant terms",
        "change variables while maintaining complexity",
        "rewrite using alternate algebraic forms",
        "change coefficient values slightly",
        "apply algebraic identities that preserve complexity"
      ],
      "timestamp": "2025-02-05T06:45:52.483188Z"
    },
    {
      "original": "integrate(e**x*log(1+x**2) - 2*(1+x)*arctan(x), x)",
      "requested_difficulty": "equivalent",
      "variant": "integrate(e**(-x)*e**x*log(1+x**2) - 2*(1+x)*arctan(x), x)",
      "reasoning": "With the perspective of an engineer, I can interpret this integral in terms of differential equations by treating it as a function of time and incorporate a dampening factor in the exponential.",
      "evaluation": "equivalent",
      "extra_verification": null,
      "transformations_used": [
        "alter constant terms",
        "change variables while maintaining complexity",
        "rewrite using alternate algebraic forms",
        "change coefficient values slightly",
        "apply algebraic identities that preserve complexity"
      ],
      "timestamp": "2025-02-05T06:45:52.391395Z"
    },
    {
      "original": "integrate(e**x*log(1+x**2) - 2*(1+x)*arctan(x), x)",
      "requested_difficulty": "equivalent",
      "variant": "integrate(e**x * log(1 + x**2) - 2 * (1 + x) * (1/2 * log(1 + x**2)), x)",
      "reasoning": "As a calculus professor, I appreciate the elegance of combining like terms. Here I combine the first term and transform arctan to a logarithmic form that captures its essence in a different way.",
      "evaluation": "easier",
      "extra_verification": null,
      "transformations_used": [
        "exchange similar functions (e.g., sin to cos)",
        "modify an exponent slightly",
        "swap numerator and denominator with reciprocal",
        "alter constant terms",
        "apply algebraic identities that preserve complexity"
      ],
      "timestamp": "2025-02-05T06:45:53.750499Z"
    },
    {
      "original": "integrate(e**x*log(1+x**2) - 2*(1+x)*arctan(x), x)",
      "requested_difficulty": "equivalent",
      "variant": "integrate(e**x * ((1 + x**2) - (1/3 * x**4)) - 2 * (1 + x) * (x - x**3/3), x)",
      "reasoning": "As a student who prefers working with polynomials, I explore polynomial expansions of logarithms and arctangent to express everything in polynomial terms.",
      "evaluation": "easier",
      "extra_verification": null,
      "transformations_used": [
        "exchange similar functions (e.g., sin to cos)",
        "modify an exponent slightly",
        "swap numerator and denominator with reciprocal",
        "alter constant terms",
        "apply algebraic identities that preserve complexity"
      ],
      "timestamp": "2025-02-05T06:45:53.623399Z"
    },
    {
      "original": "integrate(e**x*log(1+x**2) - 2*(1+x)*arctan(x), x)",
      "requested_difficulty": "equivalent",
      "variant": "integrate(e**(p) * log(1 + x**2) - 2 * (1 + x) * arctan(x), x)",
      "reasoning": "In the role of a number theorist, I express the integral terms with a focus on prime-related logarithmic forms, making it a bit more abstract with respect to primes.",
      "evaluation": "equivalent",
      "extra_verification": null,
      "transformations_used": [
        "exchange similar functions (e.g., sin to cos)",
        "modify an exponent slightly",
        "swap numerator and denominator with reciprocal",
        "alter constant terms",
        "apply algebraic identities that preserve complexity"
      ],
      "timestamp": "2025-02-05T06:45:53.701841Z"
    },
    {
      "original": "integrate(e**x*log(1+x**2) - 2*(1+x)*arctan(x), x)",
      "requested_difficulty": "equivalent",
      "variant": "integrate(log(1 + x**2) * e**x - 2 * (1+x)*arctan(x), x)",
      "reasoning": "Emphasizing an alternative approach, I use integration by parts to reveal hidden expressions, introducing \\(u = log(1 + x^2)\\) and \\(dv = e^x dx\\).",
      "evaluation": "equivalent",
      "extra_verification": null,
      "transformations_used": [
        "exchange similar functions (e.g., sin to cos)",
        "modify an exponent slightly",
        "swap numerator and denominator with reciprocal",
        "alter constant terms",
        "apply algebraic identities that preserve complexity"
      ],
      "timestamp": "2025-02-05T06:45:53.553020Z"
    }
  ],
  [
    {
      "original": "integrate(1/cosh(x)**2, x)",
      "requested_difficulty": "easier",
      "variant": "integrate(sech(x)**2, x)",
      "reasoning": "As a calculus professor, I appreciate the beauty of simplification. Since \\( \\text{sech}(x) = \\frac{1}{\\cosh(x)} \\), I can write the integrand in terms of neater functions.",
      "evaluation": "equivalent",
      "extra_verification": null,
      "transformations_used": [
        "convert a product to a simpler sum",
        "reduce an exponent",
        "remove a factor"
      ],
      "timestamp": "2025-02-05T06:45:50.532409Z"
    },
    {
      "original": "integrate(1/cosh(x)**2, x)",
      "requested_difficulty": "easier",
      "variant": "integrate(1/(1 + tanh(x)**2), x)",
      "reasoning": "As a creative mathematician, I can utilize a substitution that reveals a simpler structure. The integration of \\( \\text{sech}^2(x) \\) can be transformed via the substitution \\( u = \\tanh(x) \\).",
      "evaluation": "equivalent",
      "extra_verification": null,
      "transformations_used": [
        "convert a product to a simpler sum",
        "reduce an exponent",
        "remove a factor"
      ],
      "timestamp": "2025-02-05T06:45:50.455031Z"
    },
    {
      "original": "integrate(1/cosh(x)**2, x)",
      "requested_difficulty": "easier",
      "variant": "integrate(1/(1 + (exp(x)+exp(-x))**2/4), x)",
      "reasoning": "As a student inclined towards polynomials, I recognize that \\( \\text{cosh}(x) \\) can be expressed using its Taylor series, which simplifies the integration in certain contexts. However, I will keep the original form for integration with a focus on rational alignments.",
      "evaluation": "equivalent",
      "extra_verification": null,
      "transformations_used": [
        "convert a product to a simpler sum",
        "reduce an exponent",
        "remove a factor"
      ],
      "timestamp": "2025-02-05T06:45:50.516082Z"
    },
    {
      "original": "integrate(1/cosh(x)**2, x)",
      "requested_difficulty": "easier",
      "variant": "integrate(1/cosh(x)**2, x)",
      "reasoning": "The engineer in me favors computational approaches. Noting the function's symmetry, I can handle this definite integral from negative to positive bounds, thus simplifying calculations.",
      "evaluation": "equivalent",
      "extra_verification": null,
      "transformations_used": [
        "convert a product to a simpler sum",
        "reduce an exponent",
        "remove a factor"
      ],
      "timestamp": "2025-02-05T06:45:51.279579Z"
    },
    {
      "original": "integrate(1/cosh(x)**2, x)",
      "requested_difficulty": "easier",
      "variant": "integrate(2/(exp(x) + exp(-x))**2, x)",
      "reasoning": "Embracing an unconventional approach, I can express the integral using the identity \\( \\text{sech}(x) = \\frac{2}{e^x + e^{-x}} \\), leading to an integral that captures the essence of rational functions.",
      "evaluation": "equivalent",
      "extra_verification": null,
      "transformations_used": [
        "convert a product to a simpler sum",
        "reduce an exponent",
        "remove a factor"
      ],
      "timestamp": "2025-02-05T06:45:50.474138Z"
    },
    {
      "original": "integrate(1/cosh(x)**2, x)",
      "requested_difficulty": "easier",
      "variant": "integrate(tanh(x), x)",
      "reasoning": "As a calculus professor who loves elegant simplifications, I can recognize that \\( \\frac{1}{\\cosh(x)^2} \\) is the derivative of \\(\\tanh(x)\\), making the integral very clear.",
      "evaluation": "easier",
      "extra_verification": null,
      "transformations_used": [
        "drop a subexpression",
        "remove a factor",
        "simplify composite trigonometric functions",
        "simplify a trigonometric component",
        "replace a complex fraction with a simpler one"
      ],
      "timestamp": "2025-02-05T06:45:51.234825Z"
    },
    {
      "original": "integrate(1/cosh(x)**2, x)",
      "requested_difficulty": "easier",
      "variant": "integrate(4/(e**(2*x) + 2 + e**(-2*x)), x)",
      "reasoning": "As a student who prefers working with polynomials and rational functions, I see that \\(\\cosh^2(x) = \\frac{1}{4}(e^{2x} + 2 + e^{-2x})\\). This allows me to reformulate the integral in a polynomial-like manner.",
      "evaluation": "easier",
      "extra_verification": null,
      "transformations_used": [
        "drop a subexpression",
        "remove a factor",
        "simplify composite trigonometric functions",
        "simplify a trigonometric component",
        "replace a complex fraction with a simpler one"
      ],
      "timestamp": "2025-02-05T06:45:51.310031Z"
    },
    {
      "original": "integrate(1/cosh(x)**2, x)",
      "requested_difficulty": "easier",
      "variant": "integrate(1/(1 + sinh(x)**2), x)",
      "reasoning": "From the perspective of a geometry enthusiast, I often like to visualize functions. By viewing \\(\\frac{1}{\\cosh(x)^2}\\) as a relation in the context of the unit circle transformation, I propose a more geometrically-aligned substitution.",
      "evaluation": "equivalent",
      "extra_verification": null,
      "transformations_used": [
        "drop a subexpression",
        "remove a factor",
        "simplify composite trigonometric functions",
        "simplify a trigonometric component",
        "replace a complex fraction with a simpler one"
      ],
      "timestamp": "2025-02-05T06:45:51.389192Z"
    },
    {
      "original": "integrate(1/cosh(x)**2, x)",
      "requested_difficulty": "easier",
      "variant": "integrate(1/(1 + (e**(x))**2), x)",
      "reasoning": "As a creative mathematician, I can reformulate the reciprocal hyperbolic function into its exponential components. This presents it as a composite, albeit in a form that still requires clever handling.",
      "evaluation": "equivalent",
      "extra_verification": null,
      "transformations_used": [
        "drop a subexpression",
        "remove a factor",
        "simplify composite trigonometric functions",
        "simplify a trigonometric component",
        "replace a complex fraction with a simpler one"
      ],
      "timestamp": "2025-02-05T06:45:51.584092Z"
    },
    {
      "original": "integrate(1/cosh(x)**2, x)",
      "requested_difficulty": "easier",
      "variant": "integrate(diff(tanh(x)), x)",
      "reasoning": "Backing into the roots of calculus, I simplify by recognizing that \\(\\frac{d}{dx} \\tanh(x)\\) equals \\(\\frac{1}{\\cosh^2(x)}\\). Thus I promote an identity subform around \\(\\tanh\\).",
      "evaluation": "equivalent",
      "extra_verification": null,
      "transformations_used": [
        "drop a subexpression",
        "remove a factor",
        "simplify composite trigonometric functions",
        "simplify a trigonometric component",
        "replace a complex fraction with a simpler one"
      ],
      "timestamp": "2025-02-05T06:45:51.313359Z"
    },
    {
      "original": "integrate(1/cosh(x)**2, x)",
      "requested_difficulty": "equivalent",
      "variant": "integrate(2/(e**(2*x) + 2 + e**(-2*x)), x)",
      "reasoning": "As a creative mathematician, I enjoy using substitutions that transform the integral into forms that are less obvious but still hold equivalent relationships. Here, I can use the identity \\( \\cosh(x) = \\frac{e^x + e^{-x}}{2} \\) to express the integrand in an exponential form before integrating.",
      "evaluation": "easier",
      "extra_verification": null,
      "transformations_used": [
        "substitute equivalent exponential forms",
        "modify an exponent slightly",
        "rewrite using alternate algebraic forms",
        "rewrite using different logarithmic properties",
        "change coefficient values slightly"
      ],
      "timestamp": "2025-02-05T06:45:49.817490Z"
    },
    {
      "original": "integrate(1/cosh(x)**2, x)",
      "requested_difficulty": "equivalent",
      "variant": "integrate(1.1/cosh(x)**2, x)",
      "reasoning": "I enjoy manipulating coefficients slightly while keeping the essence of the integrand unchanged. Here, I will introduce a small perturbation to the coefficient of \\( \\frac{1}{\\cosh^2(x)} \\) to add complexity.",
      "evaluation": "easier",
      "extra_verification": null,
      "transformations_used": [
        "substitute equivalent exponential forms",
        "modify an exponent slightly",
        "rewrite using alternate algebraic forms",
        "rewrite using different logarithmic properties",
        "change coefficient values slightly"
      ],
      "timestamp": "2025-02-05T06:45:49.919325Z"
    },
    {
      "original": "integrate(1/cosh(x)**2, x)",
      "requested_difficulty": "equivalent",
      "variant": "integrate(1/(1+exp(2*x)), x)",
      "reasoning": "As a creative mathematician who enjoys unusual substitutions, I can employ a trigonometric substitution by recognizing that \\( \\cosh(x) \\) can be expressed in terms of exponential functions. This transforms the integrand without altering its essence.",
      "evaluation": "equivalent",
      "extra_verification": null,
      "transformations_used": [
        "alter constant terms",
        "substitute equivalent exponential forms",
        "adjust parameters while keeping the integral equivalent",
        "rewrite the integrand in a different form without changing overall complexity",
        "rearrange the order of terms"
      ],
      "timestamp": "2025-02-05T06:45:48.088364Z"
    },
    {
      "original": "integrate(1/cosh(x)**2, x)",
      "requested_difficulty": "equivalent",
      "variant": "integrate(1/(1 + (exp(x) + exp(-x))**2), x)",
      "reasoning": "As a student who prefers working with polynomials and rational functions, I can express the integrand using polynomial long division, rewriting it in a form that emphasizes rational structure while remaining challenging.",
      "evaluation": "equivalent",
      "extra_verification": null,
      "transformations_used": [
        "alter constant terms",
        "substitute equivalent exponential forms",
        "adjust parameters while keeping the integral equivalent",
        "rewrite the integrand in a different form without changing overall complexity",
        "rearrange the order of terms"
      ],
      "timestamp": "2025-02-05T06:45:48.035017Z"
    },
    {
      "original": "integrate(1/cosh(x)**2, x)",
      "requested_difficulty": "equivalent",
      "variant": "integrate(exp(-2*x)/(1 + exp(-2*x)), x)",
      "reasoning": "As a theoretical physicist who favors trigonometric and exponential forms, I recognize that the hyperbolic functions correspond to exponential behaviors. Using exponentials directly can simplify analysis in many scenarios.",
      "evaluation": "easier",
      "extra_verification": null,
      "transformations_used": [
        "alter constant terms",
        "substitute equivalent exponential forms",
        "adjust parameters while keeping the integral equivalent",
        "rewrite the integrand in a different form without changing overall complexity",
        "rearrange the order of terms"
      ],
      "timestamp": "2025-02-05T06:45:48.076853Z"
    },
    {
      "original": "integrate(1/cosh(x)**2, x)",
      "requested_difficulty": "equivalent",
      "variant": "integrate(3/(3*cosh(x)**2), x)",
      "reasoning": "As a number theorist fascinated by prime numbers and rational coefficients, I can multiply and divide by a prime number which does not change the integral, while introducing an interesting coefficient structure to the problem.",
      "evaluation": "equivalent",
      "extra_verification": null,
      "transformations_used": [
        "alter constant terms",
        "substitute equivalent exponential forms",
        "adjust parameters while keeping the integral equivalent",
        "rewrite the integrand in a different form without changing overall complexity",
        "rearrange the order of terms"
      ],
      "timestamp": "2025-02-05T06:45:48.548889Z"
    },
    {
      "original": "integrate(1/cosh(x)**2, x)",
      "requested_difficulty": "equivalent",
      "variant": "integrate(2*(1/2)*(1/cosh(x)**2), x)",
      "reasoning": "As a geometry enthusiast thinking in terms of geometric transformations, I can express the integral in terms of the area under a curve of the hyperbolic secant, thus providing a geometric interpretation of the integral's value.",
      "evaluation": "equivalent",
      "extra_verification": null,
      "transformations_used": [
        "alter constant terms",
        "substitute equivalent exponential forms",
        "adjust parameters while keeping the integral equivalent",
        "rewrite the integrand in a different form without changing overall complexity",
        "rearrange the order of terms"
      ],
      "timestamp": "2025-02-05T06:45:48.056434Z"
    },
    {
      "original": "integrate(1/cosh(x)**2, x)",
      "requested_difficulty": "equivalent",
      "variant": "integrate(1 + (1 - 1/cosh(x)**2), x)",
      "reasoning": "As a creative mathematician, I can transform the expression into an equivalent form by utilizing identities related to hyperbolic functions, which maintains the complexity but offers an alternative perspective.",
      "evaluation": "easier",
      "extra_verification": null,
      "transformations_used": [
        "alter constant terms",
        "substitute equivalent exponential forms",
        "adjust parameters while keeping the integral equivalent",
        "rewrite the integrand in a different form without changing overall complexity",
        "rearrange the order of terms"
      ],
      "timestamp": "2025-02-05T06:45:49.298422Z"
    },
    {
      "original": "integrate(1/cosh(x)**2, x)",
      "requested_difficulty": "equivalent",
      "variant": "integrate(diff(tanh(x), x)",
      "reasoning": "As a calculus professor, I appreciate the relationship between derivatives and integrals, so I can express this integral directly in terms of the derivative of \\( \\tanh(x) \\), highlighting the interconnectivity of concepts.",
      "evaluation": "equivalent",
      "extra_verification": null,
      "transformations_used": [
        "alter constant terms",
        "substitute equivalent exponential forms",
        "adjust parameters while keeping the integral equivalent",
        "rewrite the integrand in a different form without changing overall complexity",
        "rearrange the order of terms"
      ],
      "timestamp": "2025-02-05T06:45:48.304175Z"
    }
  ],
  []
]