[
  [
    {
      "original": "integrate(x+(x-3)/(7+sin(x-3)), (x, 0, 6))",
      "requested_difficulty": "equivalent",
      "variant": "integrate(x + (x - 4)/(7 + sin(x - 3 + pi/2)), x)",
      "reasoning": "As a geometry enthusiast, I think in terms of transformations. I will rotate the variable within the sine function to yield an equivalent structure while also impacting the shape of the graph.",
      "evaluation": "equivalent",
      "extra_verification": null,
      "transformations_used": [
        "change coefficient values slightly",
        "change variables while maintaining complexity",
        "rewrite using alternate algebraic forms"
      ],
      "timestamp": "2025-02-05T06:52:19.544862Z"
    }
  ],
  [
    {
      "original": "integrate(sin(x)/(2*exp(x) + cos(x) + sin(x)), x)",
      "requested_difficulty": "easier",
      "variant": "integrate(sin(x)/(cos(x) + sin(x)), x)",
      "reasoning": "As a calculus professor who loves elegant simplifications, I can drop the exponential term and focus instead on just the trigonometric components, which might yield a solvable form.",
      "evaluation": "easier",
      "extra_verification": null,
      "transformations_used": [
        "drop a subexpression",
        "replace transcendental functions with simpler algebraic ones",
        "eliminate a radical",
        "simplify a trigonometric component",
        "convert a product to a simpler sum"
      ],
      "timestamp": "2025-02-05T06:52:18.239300Z"
    },
    {
      "original": "integrate(sin(x)/(2*exp(x) + cos(x) + sin(x)), x)",
      "requested_difficulty": "easier",
      "variant": "integrate(exp(1j*x)/(2*exp(x) + exp(1j*x) + exp(-1j*x)), x)",
      "reasoning": "Theoretical physicists love to explore different representations, so I'll replace sin(x) with its exponential form (Euler\u2019s formula) and work in terms of complex exponentials, providing a clearer pathway for integration.",
      "evaluation": "easier",
      "extra_verification": null,
      "transformations_used": [
        "drop a subexpression",
        "replace transcendental functions with simpler algebraic ones",
        "eliminate a radical",
        "simplify a trigonometric component",
        "convert a product to a simpler sum"
      ],
      "timestamp": "2025-02-05T06:52:18.177931Z"
    },
    {
      "original": "integrate(sin(x)/(2*exp(x) + cos(x) + sin(x)), x)",
      "requested_difficulty": "easier",
      "variant": "integrate(sin(x)/(2 + 0.5 + cos(x) + sin(x)), x)",
      "reasoning": "Practically minded engineers often replace complex terms with simpler constants to facilitate computations. Here, I replace exp(x) with a constant to observe how that affects system behavior.",
      "evaluation": "easier",
      "extra_verification": null,
      "transformations_used": [
        "drop a subexpression",
        "replace transcendental functions with simpler algebraic ones",
        "eliminate a radical",
        "simplify a trigonometric component",
        "convert a product to a simpler sum"
      ],
      "timestamp": "2025-02-05T06:52:18.204870Z"
    },
    {
      "original": "integrate(sin(x)/(2*exp(x) + cos(x) + sin(x)), x)",
      "requested_difficulty": "easier",
      "variant": "integrate(sin(x)/(x**2 + 2), x)",
      "reasoning": "A number theorist might consider analyzing the function at integer points, so I'll consider the integral of sin(x) divided by a more manageable polynomial that approximates the behavior of the original function.",
      "evaluation": "easier",
      "extra_verification": null,
      "transformations_used": [
        "drop a subexpression",
        "replace transcendental functions with simpler algebraic ones",
        "eliminate a radical",
        "simplify a trigonometric component",
        "convert a product to a simpler sum"
      ],
      "timestamp": "2025-02-05T06:52:18.167298Z"
    },
    {
      "original": "integrate(sin(x)/(2*exp(x) + cos(x) + sin(x)), x)",
      "requested_difficulty": "easier",
      "variant": "integrate(sin(x)/(1 + sin(x)), x)",
      "reasoning": "As a geometry enthusiast, I think of the functions geometrically. By focusing exclusively on the sine function as the only trigonometric component, I'm left with a more straightforward context for integration.",
      "evaluation": "easier",
      "extra_verification": null,
      "transformations_used": [
        "drop a subexpression",
        "replace transcendental functions with simpler algebraic ones",
        "eliminate a radical",
        "simplify a trigonometric component",
        "convert a product to a simpler sum"
      ],
      "timestamp": "2025-02-05T06:52:18.166121Z"
    },
    {
      "original": "integrate(sin(x)/(2*exp(x) + cos(x) + sin(x)), x)",
      "requested_difficulty": "easier",
      "variant": "integrate(sin(x)/(cos(x) + sin(x) + 1), x)",
      "reasoning": "Consider a practical approach where we analyze the integral in a harmonic framework. This leads to an angular transformation, focusing on unit circle properties.",
      "evaluation": "easier",
      "extra_verification": null,
      "transformations_used": [
        "drop a subexpression",
        "replace transcendental functions with simpler algebraic ones",
        "eliminate a radical",
        "simplify a trigonometric component",
        "convert a product to a simpler sum"
      ],
      "timestamp": "2025-02-05T06:52:18.510087Z"
    },
    {
      "original": "integrate(sin(x)/(2*exp(x) + cos(x) + sin(x)), x)",
      "requested_difficulty": "easier",
      "variant": "integrate(sin(x)/(2*exp(x)), x)",
      "reasoning": "As a calculus professor who loves elegant simplifications, I see that the term \\(2 \\exp(x)\\) dominates the behavior of the integrand for large values of \\(x\\). By simplifying, we can consider \\( \\sin(x) \\) being negligible compared to the expected exponential growth. Hence, we omit the oscillatory sine term and focus on the dominant exponential.",
      "evaluation": "easier",
      "extra_verification": null,
      "transformations_used": [
        "remove logarithmic terms",
        "change a function to an easier one",
        "remove a factor"
      ],
      "timestamp": "2025-02-05T06:52:22.486010Z"
    },
    {
      "original": "integrate(sin(x)/(2*exp(x) + cos(x) + sin(x)), x)",
      "requested_difficulty": "easier",
      "variant": "integrate((exp(I*x) - exp(-I*x))/(2*(2*exp(x) + (exp(I*x) + exp(-I*x)) / 2)), x)",
      "reasoning": "As a creative mathematician enjoying unusual substitutions, I can think of rewriting the sine function in terms of complex exponentials. This can open up avenues for simplification based on Euler's formula.",
      "evaluation": "equivalent",
      "extra_verification": null,
      "transformations_used": [
        "remove logarithmic terms",
        "change a function to an easier one",
        "remove a factor"
      ],
      "timestamp": "2025-02-05T06:52:22.504418Z"
    },
    {
      "original": "integrate(sin(x)/(2*exp(x) + cos(x) + sin(x)), x)",
      "requested_difficulty": "easier",
      "variant": "integrate(exp(-x) * (exp(x) - exp(-x))/(2 + exp(-x) + exp(x)), x)",
      "reasoning": "As a theoretical physicist, I often work with trigonometric identities. Here, we can use the identity for sine in terms of exponential functions and ignore the linear sine term relative to the exponentials when considering limits.",
      "evaluation": "equivalent",
      "extra_verification": null,
      "transformations_used": [
        "remove logarithmic terms",
        "change a function to an easier one",
        "remove a factor"
      ],
      "timestamp": "2025-02-05T06:52:22.496025Z"
    },
    {
      "original": "integrate(sin(x)/(2*exp(x) + cos(x) + sin(x)), x)",
      "requested_difficulty": "easier",
      "variant": "integrate(sin(x)/(2 + cos(x) + sin(x)), x)",
      "reasoning": "As an engineer who favors practical, computational approaches, I would look for a rational approximation for small \\(x\\). This involves using less complex functions in the integral.",
      "evaluation": "easier",
      "extra_verification": null,
      "transformations_used": [
        "remove logarithmic terms",
        "change a function to an easier one",
        "remove a factor"
      ],
      "timestamp": "2025-02-05T06:52:22.531317Z"
    },
    {
      "original": "integrate(sin(x)/(2*exp(x) + cos(x) + sin(x)), x)",
      "requested_difficulty": "equivalent",
      "variant": "integrate(exp(-x) * sin(x)/(2 + cos(x)*exp(-x) + sin(x)*exp(-x)), x)",
      "reasoning": "As a student focused on polynomials and rational functions, I want to keep the original sine and cosine functions but express the entire integrand in terms of polynomials by multiplying the numerator and denominator by exp(-x) to eliminate the exponent term.",
      "evaluation": "equivalent",
      "extra_verification": null,
      "transformations_used": [
        "apply algebraic identities that preserve complexity",
        "rewrite the integrand in a different form without changing overall complexity",
        "rewrite using alternate algebraic forms",
        "change variables while maintaining complexity",
        "rewrite using different logarithmic properties"
      ],
      "timestamp": "2025-02-05T06:52:19.102562Z"
    },
    {
      "original": "integrate(sin(x)/(2*exp(x) + cos(x) + sin(x)), x)",
      "requested_difficulty": "equivalent",
      "variant": "integrate((exp(1j * x) - exp(-1j * x))/(2 * exp(x) + exp(1j*x) + exp(-1j*x)), x)",
      "reasoning": "Viewing things from the perspective of a theoretical physicist, I can represent the sine and cosine functions with complex exponentials, leveraging their inherent relationships to gain insight into the integral's behavior.",
      "evaluation": "equivalent",
      "extra_verification": null,
      "transformations_used": [
        "apply algebraic identities that preserve complexity",
        "rewrite the integrand in a different form without changing overall complexity",
        "rewrite using alternate algebraic forms",
        "change variables while maintaining complexity",
        "rewrite using different logarithmic properties"
      ],
      "timestamp": "2025-02-05T06:52:19.097163Z"
    },
    {
      "original": "integrate(sin(x)/(2*exp(x) + cos(x) + sin(x)), x)",
      "requested_difficulty": "equivalent",
      "variant": "integrate(sin(x + pi/2)/(2 * exp(x) + cos(x + pi/2) + sin(x + pi/2)), x)",
      "reasoning": "A geometry enthusiast would think in terms of transformations, specifically converting the sine and cosine terms with a phase shift, reshaping the integral to offer a fresh perspective on harmonic functions.",
      "evaluation": "equivalent",
      "extra_verification": null,
      "transformations_used": [
        "apply algebraic identities that preserve complexity",
        "rewrite the integrand in a different form without changing overall complexity",
        "rewrite using alternate algebraic forms",
        "change variables while maintaining complexity",
        "rewrite using different logarithmic properties"
      ],
      "timestamp": "2025-02-05T06:52:19.231980Z"
    },
    {
      "original": "integrate(sin(x)/(2*exp(x) + cos(x) + sin(x)), x)",
      "requested_difficulty": "equivalent",
      "variant": "integrate(sin(x)/((exp(x) + cos(x)/2 + sin(x)/2)), x)",
      "reasoning": "As a student focused on polynomials and rational functions, I want to express the denominator in a factored form. This will help me with partial fraction decomposition if needed later.",
      "evaluation": "easier",
      "extra_verification": null,
      "transformations_used": [
        "exchange similar functions (e.g., sin to cos)",
        "factor common terms differently",
        "use trigonometric identities to rewrite expression",
        "use alternate but equivalent radical forms",
        "rewrite using different logarithmic properties"
      ],
      "timestamp": "2025-02-05T06:52:18.928287Z"
    }
  ],
  [
    {
      "original": "integrate(2+cos(x), (x, 0, 5*pi/2))",
      "requested_difficulty": "easier",
      "variant": "integrate(2, x)",
      "reasoning": "As a calculus professor who values elegance, I will separate the integral into two simpler integrals: the integral of the constant and the integral of the cosine function.",
      "evaluation": "easier",
      "extra_verification": null,
      "transformations_used": [
        "change a function to an easier one",
        "drop a subexpression",
        "replace transcendental functions with simpler algebraic ones",
        "simplify the denominator",
        "convert a product to a simpler sum"
      ],
      "timestamp": "2025-02-05T06:52:21.418471Z"
    }
  ],
  [
    {
      "original": "integrate(sin(x)/(1+tan(x)**2), x)",
      "requested_difficulty": "easier",
      "variant": "integrate(sin(x)*cos(x)**2, x)",
      "reasoning": "As a calculus professor, I prefer to recognize that \\( 1 + \\tan^2(x) \\) simplifies to \\( \\sec^2(x) \\). By substituting, we can radically simplify the integral.",
      "evaluation": "easier",
      "extra_verification": null,
      "transformations_used": [
        "reduce an exponent",
        "simplify the denominator",
        "convert a product to a simpler sum"
      ],
      "timestamp": "2025-02-05T06:52:17.741429Z"
    },
    {
      "original": "integrate(sin(x)/(1+tan(x)**2), x)",
      "requested_difficulty": "easier",
      "variant": "integrate(sin(x)/cos(x)**2, x)",
      "reasoning": "Embracing creativity, I notice that I can use the identity \\( \\tan(x) = \\frac{\\sin(x)}{\\cos(x)} \\), making the substitution yield an interesting form that's still complex but manageable.",
      "evaluation": "easier",
      "extra_verification": null,
      "transformations_used": [
        "reduce an exponent",
        "simplify the denominator",
        "convert a product to a simpler sum"
      ],
      "timestamp": "2025-02-05T06:52:17.859772Z"
    },
    {
      "original": "integrate(sin(x)/(1+tan(x)**2), x)",
      "requested_difficulty": "easier",
      "variant": "integrate(cos(x)/(1 + sin(x)**2), x)",
      "reasoning": "As a student who enjoys polynomials, I can recognize that the integral has trigonometric forms, so I will convert everything in terms of cosine to make calculus extensions easier.",
      "evaluation": "easier",
      "extra_verification": null,
      "transformations_used": [
        "reduce an exponent",
        "simplify the denominator",
        "convert a product to a simpler sum"
      ],
      "timestamp": "2025-02-05T06:52:17.789947Z"
    },
    {
      "original": "integrate(sin(x)/(1+tan(x)**2), x)",
      "requested_difficulty": "easier",
      "variant": "integrate(2*sin(x)/(2 + 2*tan(x)**2), x)",
      "reasoning": "As an engineer who likes practical approaches, I see that I can factor terms nicely and convert this into a polynomial rational function after some initial manipulations.",
      "evaluation": "easier",
      "extra_verification": null,
      "transformations_used": [
        "reduce an exponent",
        "simplify the denominator",
        "convert a product to a simpler sum"
      ],
      "timestamp": "2025-02-05T06:52:17.741946Z"
    },
    {
      "original": "integrate(sin(x)/(1+tan(x)**2), x)",
      "requested_difficulty": "easier",
      "variant": "integrate(2*sin(x)/(cos(x)**2 + sin(x)**2), x)",
      "reasoning": "A geometry enthusiast likes to visualize transformations. I can try changing the variable sin(x) to another function through possible substitutions, reshaping the integral's appearance.",
      "evaluation": "easier",
      "extra_verification": null,
      "transformations_used": [
        "reduce an exponent",
        "simplify the denominator",
        "convert a product to a simpler sum"
      ],
      "timestamp": "2025-02-05T06:52:18.106359Z"
    },
    {
      "original": "integrate(sin(x)/(1+tan(x)**2), x)",
      "requested_difficulty": "easier",
      "variant": "integrate(sin(x)/(1 + sec(x)**2-1), x)",
      "reasoning": "I enjoy exploration as a creative mathematician, and by substituting \\( u = x \\), I can explore different variations of the integrand, reconceptualizing the integration process.",
      "evaluation": "equivalent",
      "extra_verification": null,
      "transformations_used": [
        "reduce an exponent",
        "simplify the denominator",
        "convert a product to a simpler sum"
      ],
      "timestamp": "2025-02-05T06:52:18.071783Z"
    },
    {
      "original": "integrate(sin(x)/(1+tan(x)**2), x)",
      "requested_difficulty": "easier",
      "variant": "integrate(sin(x) * cos(x)**2, x)",
      "reasoning": "As a calculus professor, I recognize that \\( 1 + \\tan^2(x) \\) is equal to \\( \\sec^2(x) \\). This allows us to rewrite the integral in a simpler form by using the identity directly.",
      "evaluation": "easier",
      "extra_verification": null,
      "transformations_used": [
        "replace transcendental functions with simpler algebraic ones",
        "eliminate absolute value terms",
        "simplify a trigonometric component"
      ],
      "timestamp": "2025-02-05T06:52:22.007935Z"
    },
    {
      "original": "integrate(sin(x)/(1+tan(x)**2), x)",
      "requested_difficulty": "easier",
      "variant": "integrate(sin(x) * cos(x)**2 / (cos(x)**2 + sin(x)**2), x)",
      "reasoning": "As a student focused on polynomials, I find it easier to replace \\(\\tan(x)\\) with \\(\\frac{\\sin(x)}{\\cos(x)}\\) to manipulate the integral within polynomial functions.",
      "evaluation": "equivalent",
      "extra_verification": null,
      "transformations_used": [
        "replace transcendental functions with simpler algebraic ones",
        "eliminate absolute value terms",
        "simplify a trigonometric component"
      ],
      "timestamp": "2025-02-05T06:52:18.436032Z"
    },
    {
      "original": "integrate(sin(x)/(1+tan(x)**2), x)",
      "requested_difficulty": "easier",
      "variant": "integrate(cos(x) / (1 + cot(x)**2), x)",
      "reasoning": "As a theoretical physicist, I can use a trigonometric identity to express \\(\\sin(x)\\) in terms of \\( \\cos\\) or vice versa, leading to a more convenient form of integration.",
      "evaluation": "equivalent",
      "extra_verification": null,
      "transformations_used": [
        "replace transcendental functions with simpler algebraic ones",
        "eliminate absolute value terms",
        "simplify a trigonometric component"
      ],
      "timestamp": "2025-02-05T06:52:18.434454Z"
    },
    {
      "original": "integrate(sin(x)/(1+tan(x)**2), x)",
      "requested_difficulty": "easier",
      "variant": "integrate(sin(x)/(1 + tan(x)**2), x)",
      "reasoning": "As a number theorist, recognizing the periodic properties of \\(\\sin(x)\\) leads me to use numerical methods or a series expansion to analyze the integral more deeply, while still keeping it interesting.",
      "evaluation": "equivalent",
      "extra_verification": null,
      "transformations_used": [
        "replace transcendental functions with simpler algebraic ones",
        "eliminate absolute value terms",
        "simplify a trigonometric component"
      ],
      "timestamp": "2025-02-05T06:52:22.636945Z"
    },
    {
      "original": "integrate(sin(x)/(1+tan(x)**2), x)",
      "requested_difficulty": "equivalent",
      "variant": "integrate(cos(x), x)",
      "reasoning": "As a calculus professor, I appreciate the use of trigonometric identities. Recognizing that \\( 1 + \\tan(x)^2 = \\sec(x)^2 \\), I can simplify the integrand to use cosine directly.",
      "evaluation": "easier",
      "extra_verification": null,
      "transformations_used": [
        "rearrange the order of terms",
        "rewrite using different logarithmic properties",
        "exchange similar functions (e.g., sin to cos)",
        "rewrite using alternate algebraic forms",
        "factor common terms differently"
      ],
      "timestamp": "2025-02-05T06:52:18.925103Z"
    },
    {
      "original": "integrate(sin(x)/(1+tan(x)**2), x)",
      "requested_difficulty": "equivalent",
      "variant": "integrate(tan(x)/(sqrt(1 + tan(x)**2)), x)",
      "reasoning": "As a student focused on polynomials and rational functions, I can rewrite the integral in terms of sine and cosine using the identity \\( \\sin(x) = \\frac{\\tan(x)}{\\sqrt{1 + \\tan(x)^2}} \\).",
      "evaluation": "easier",
      "extra_verification": null,
      "transformations_used": [
        "rearrange the order of terms",
        "rewrite using different logarithmic properties",
        "exchange similar functions (e.g., sin to cos)",
        "rewrite using alternate algebraic forms",
        "factor common terms differently"
      ],
      "timestamp": "2025-02-05T06:52:18.894012Z"
    },
    {
      "original": "integrate(sin(x)/(1+tan(x)**2), x)",
      "requested_difficulty": "equivalent",
      "variant": "integrate((e^(ix) - e^(-ix))/(2i*(1 + (e^(ix)/e^(-ix))**2)), x)",
      "reasoning": "I'm a theoretical physicist, so I like working with exponential forms. I can express sine in terms of complex exponentials via Euler's formula, \\( \\sin(x) = \\frac{e^{ix} - e^{-ix}}{2i} \\), leading to an interesting form.",
      "evaluation": "equivalent",
      "extra_verification": null,
      "transformations_used": [
        "rearrange the order of terms",
        "rewrite using different logarithmic properties",
        "exchange similar functions (e.g., sin to cos)",
        "rewrite using alternate algebraic forms",
        "factor common terms differently"
      ],
      "timestamp": "2025-02-05T06:52:18.966301Z"
    },
    {
      "original": "integrate(sin(x)/(1+tan(x)**2), x)",
      "requested_difficulty": "equivalent",
      "variant": "integrate(sin(pi/2 - x)/(1 + tan(pi/2 - x)**2), x)",
      "reasoning": "As a geometry enthusiast, I think in terms of geometric transformations. I will rewrite this integral, emphasizing the sine function's circular representations and symmetry.",
      "evaluation": "equivalent",
      "extra_verification": null,
      "transformations_used": [
        "rearrange the order of terms",
        "rewrite using different logarithmic properties",
        "exchange similar functions (e.g., sin to cos)",
        "rewrite using alternate algebraic forms",
        "factor common terms differently"
      ],
      "timestamp": "2025-02-05T06:52:18.972758Z"
    },
    {
      "original": "integrate(sin(x)/(1+tan(x)**2), x)",
      "requested_difficulty": "equivalent",
      "variant": "integrate((sin(x + pi/2))/(1 + tan(x)**2), x)",
      "reasoning": "I enjoy exploring algebraic forms. A factorization approach can yield a new perspective. By rewriting sine using angle addition, I will present an alternative form.",
      "evaluation": "easier",
      "extra_verification": null,
      "transformations_used": [
        "rearrange the order of terms",
        "rewrite using different logarithmic properties",
        "exchange similar functions (e.g., sin to cos)",
        "rewrite using alternate algebraic forms",
        "factor common terms differently"
      ],
      "timestamp": "2025-02-05T06:52:18.971441Z"
    },
    {
      "original": "integrate(sin(x)/(1+tan(x)**2), x)",
      "requested_difficulty": "equivalent",
      "variant": "integrate(cos(x)/(1 + cot(x)**2), x)",
      "reasoning": "As someone who enjoys functional transformations, I can swap sine with cosine, leveraging symmetry and the co-function identities to create a new form.",
      "evaluation": "equivalent",
      "extra_verification": null,
      "transformations_used": [
        "rearrange the order of terms",
        "rewrite using different logarithmic properties",
        "exchange similar functions (e.g., sin to cos)",
        "rewrite using alternate algebraic forms",
        "factor common terms differently"
      ],
      "timestamp": "2025-02-05T06:52:18.909317Z"
    },
    {
      "original": "integrate(sin(x)/(1+tan(x)**2), x)",
      "requested_difficulty": "equivalent",
      "variant": "integrate(sin(x)/(1+(sin(x)/cos(x))**2), x)",
      "reasoning": "As a creative mathematician, I like to play with substitutions. The identity \\(\\tan(x) = \\frac{\\sin(x)}{\\cos(x)}\\) allows me to transform this integral into a more recognizable form by substituting \\(\\sin(x)\\).",
      "evaluation": "equivalent",
      "extra_verification": null,
      "transformations_used": [
        "change coefficient values slightly",
        "modify an exponent slightly",
        "rearrange the order of terms"
      ],
      "timestamp": "2025-02-05T06:52:18.469901Z"
    },
    {
      "original": "integrate(sin(x)/(1+tan(x)**2), x)",
      "requested_difficulty": "equivalent",
      "variant": "integrate(sin(x)*cos(x)**2/(cos(x)**2), x)",
      "reasoning": "From a theoretical physicist's point of view, using trigonometric identities allows me to convert expressions neatly. Recognizing \\( \\tan(x) = \\sin(x)/\\cos(x)\\) helps simplify the rational function.",
      "evaluation": "easier",
      "extra_verification": null,
      "transformations_used": [
        "change coefficient values slightly",
        "modify an exponent slightly",
        "rearrange the order of terms"
      ],
      "timestamp": "2025-02-05T06:52:18.193121Z"
    },
    {
      "original": "integrate(sin(x)/(1+tan(x)**2), x)",
      "requested_difficulty": "equivalent",
      "variant": "integrate(0.5 * sin(x)/(1+(tan(x))**2), x)",
      "reasoning": "As an engineer, I prefer practical approaches such as introducing coefficients. Scaling the function slightly with a factor of \\(0.5\\) can sometimes help with computational estimations.",
      "evaluation": "easier",
      "extra_verification": null,
      "transformations_used": [
        "change coefficient values slightly",
        "modify an exponent slightly",
        "rearrange the order of terms"
      ],
      "timestamp": "2025-02-05T06:52:18.232063Z"
    },
    {
      "original": "integrate(sin(x)/(1+tan(x)**2), x)",
      "requested_difficulty": "equivalent",
      "variant": "integrate(sin(x)/(1+(sin(x)/tan(x))**2), x)",
      "reasoning": "Coming from number theory, I enjoy looking at unique substitutions or integrating with bounds. I can replace \\(\\tan(x)\\) with \\(\\frac{p}{q}\\) where \\(p\\) and \\(q\\) are coprime integers.",
      "evaluation": "equivalent",
      "extra_verification": null,
      "transformations_used": [
        "change coefficient values slightly",
        "modify an exponent slightly",
        "rearrange the order of terms"
      ],
      "timestamp": "2025-02-05T06:52:18.115555Z"
    }
  ],
  [
    {
      "original": "integrate(x**5/(2+x**12), x)",
      "requested_difficulty": "easier",
      "variant": "integrate(x**5/(2/x**6 + 1), x)",
      "reasoning": "As a calculus professor focused on simplifications, I see that dividing both the numerator and denominator by \\( x^6 \\) simplifies the expression. This reduces to focusing on the dominant terms as \\( x \\to \\infty \\).",
      "evaluation": "easier",
      "extra_verification": null,
      "transformations_used": [
        "replace a complex fraction with a simpler one",
        "drop a subexpression",
        "reduce the number of terms in the expression",
        "remove logarithmic terms",
        "remove a factor"
      ],
      "timestamp": "2025-02-05T06:52:19.626302Z"
    },
    {
      "original": "integrate(x**5/(2+x**12), x)",
      "requested_difficulty": "easier",
      "variant": "integrate(x**3 * x**2/(2 + x**12), x)",
      "reasoning": "From a student\u2019s perspective, simplifying the degree of the numerator by half simplifies the overall relationship while still retaining complexity. I\u2019ll transform \\( x^5 \\) to \\( x^3 \\cdot x^2 \\).",
      "evaluation": "equivalent",
      "extra_verification": null,
      "transformations_used": [
        "replace a complex fraction with a simpler one",
        "drop a subexpression",
        "reduce the number of terms in the expression",
        "remove logarithmic terms",
        "remove a factor"
      ],
      "timestamp": "2025-02-05T06:52:19.455429Z"
    },
    {
      "original": "integrate(x**5/(2+x**12), x)",
      "requested_difficulty": "easier",
      "variant": "integrate((x**5)/(2 + (x**6)**2), x)",
      "reasoning": "As a theoretical physicist, I recognize a trigonometric identity that could simplify the integral. By transforming to hyperbolic functions, the integral becomes a form involving \\( e^{\\text{something}} \\).",
      "evaluation": "equivalent",
      "extra_verification": null,
      "transformations_used": [
        "replace a complex fraction with a simpler one",
        "drop a subexpression",
        "reduce the number of terms in the expression",
        "remove logarithmic terms",
        "remove a factor"
      ],
      "timestamp": "2025-02-05T06:52:19.434703Z"
    },
    {
      "original": "integrate(x**5/(2+x**12), x)",
      "requested_difficulty": "easier",
      "variant": "integrate(x**5/(2 + x**2), x)",
      "reasoning": "The engineer in me appreciates practical computations, so I\u2019ll consider the expansion of the denominator using series. This variant leads to an easier polynomial approximation.",
      "evaluation": "easier",
      "extra_verification": null,
      "transformations_used": [
        "replace a complex fraction with a simpler one",
        "drop a subexpression",
        "reduce the number of terms in the expression",
        "remove logarithmic terms",
        "remove a factor"
      ],
      "timestamp": "2025-02-05T06:52:19.479951Z"
    },
    {
      "original": "integrate(x**5/(2+x**12), x)",
      "requested_difficulty": "easier",
      "variant": "integrate(x**5/(3 + x**12), x)",
      "reasoning": "The number theorist within me enjoys the rational numbers. Thus, I will replace the \\( 2 \\) with a prime number close to \\( 2 \\) to evaluate the integral in a different setting.",
      "evaluation": "easier",
      "extra_verification": null,
      "transformations_used": [
        "replace a complex fraction with a simpler one",
        "drop a subexpression",
        "reduce the number of terms in the expression",
        "remove logarithmic terms",
        "remove a factor"
      ],
      "timestamp": "2025-02-05T06:52:19.430390Z"
    },
    {
      "original": "integrate(x**5/(2+x**12), x)",
      "requested_difficulty": "easier",
      "variant": "integrate(x**5/(sqrt(2) + x**12), x)",
      "reasoning": "Thinking like a calculus professor, I look for a way to factor out constants. By factoring out a root from the denominator, I create a more manageable integral.",
      "evaluation": "easier",
      "extra_verification": null,
      "transformations_used": [
        "replace a complex fraction with a simpler one",
        "drop a subexpression",
        "reduce the number of terms in the expression",
        "remove logarithmic terms",
        "remove a factor"
      ],
      "timestamp": "2025-02-05T06:52:19.474964Z"
    },
    {
      "original": "integrate(x**5/(2+x**12), x)",
      "requested_difficulty": "easier",
      "variant": "integrate(x**5/(x**12), x)",
      "reasoning": "I appreciate polynomial simplifications, so I can replace the denominator with a linear approximation which still captures the main component of the original integral.",
      "evaluation": "easier",
      "extra_verification": null,
      "transformations_used": [
        "replace a complex fraction with a simpler one",
        "drop a subexpression",
        "reduce the number of terms in the expression",
        "remove logarithmic terms",
        "remove a factor"
      ],
      "timestamp": "2025-02-05T06:52:19.507398Z"
    },
    {
      "original": "integrate(x**5/(2+x**12), x)",
      "requested_difficulty": "easier",
      "variant": "integrate(x**5/(1+x**12), x)",
      "reasoning": "As a calculus professor, I appreciate elegant simplifications. By factoring out common terms, we can make the function less cumbersome, which simplifies the analysis.",
      "evaluation": "easier",
      "extra_verification": null,
      "transformations_used": [
        "remove a complicated term",
        "simplify a trigonometric component",
        "replace a complex fraction with a simpler one"
      ],
      "timestamp": "2025-02-05T06:52:17.590221Z"
    },
    {
      "original": "integrate(x**5/(2+x**12), x)",
      "requested_difficulty": "easier",
      "variant": "integrate(x**5/(2+(x**6)**2), x)",
      "reasoning": "As an engineer, I focus on computational approaches. I could try breaking down the function into partial fractions, which could lend itself to numerical integration techniques.",
      "evaluation": "equivalent",
      "extra_verification": null,
      "transformations_used": [
        "remove a complicated term",
        "simplify a trigonometric component",
        "replace a complex fraction with a simpler one"
      ],
      "timestamp": "2025-02-05T06:52:17.603289Z"
    },
    {
      "original": "integrate(x**5/(2+x**12), x)",
      "requested_difficulty": "easier",
      "variant": "integrate(x**5/(3+3*x**12), x)",
      "reasoning": "As a number theorist, I am intrigued by prime relationships. By changing the term to include an odd prime, I could analyze unique properties of the function.",
      "evaluation": "equivalent",
      "extra_verification": null,
      "transformations_used": [
        "remove a complicated term",
        "simplify a trigonometric component",
        "replace a complex fraction with a simpler one"
      ],
      "timestamp": "2025-02-05T06:52:17.679425Z"
    },
    {
      "original": "integrate(x**5/(2+x**12), x)",
      "requested_difficulty": "equivalent",
      "variant": "integrate(x**5 / (2 + x**12), x)",
      "reasoning": "As a calculus professor, I appreciate maintaining the structure of the integrand while simplifying it. I can factor out constants to lessen clutter.",
      "evaluation": "equivalent",
      "extra_verification": null,
      "transformations_used": [
        "exchange similar functions (e.g., sin to cos)",
        "rewrite using different logarithmic properties",
        "substitute equivalent exponential forms",
        "rearrange the order of terms",
        "use alternate but equivalent radical forms"
      ],
      "timestamp": "2025-02-05T06:52:21.382243Z"
    },
    {
      "original": "integrate(x**5/(2+x**12), x)",
      "requested_difficulty": "equivalent",
      "variant": "integrate(x**5 / (sqrt(2) + (x**6)**2), x)",
      "reasoning": "The geometry enthusiast sees potential in considering the shape of the function. I will rewrite the denominator using a radical expression.",
      "evaluation": "easier",
      "extra_verification": null,
      "transformations_used": [
        "exchange similar functions (e.g., sin to cos)",
        "rewrite using different logarithmic properties",
        "substitute equivalent exponential forms",
        "rearrange the order of terms",
        "use alternate but equivalent radical forms"
      ],
      "timestamp": "2025-02-05T06:52:21.198814Z"
    },
    {
      "original": "integrate(x**5/(2+x**12), x)",
      "requested_difficulty": "equivalent",
      "variant": "integrate((1/2) * (1 + x**5) / (1 + (x**12/2)), x)",
      "reasoning": "The number theorist in me finds interest in the function's behavior around rational coefficients. I\u2019ll rewrite the integral by expressing parts in modular arithmetic.",
      "evaluation": "easier",
      "extra_verification": null,
      "transformations_used": [
        "exchange similar functions (e.g., sin to cos)",
        "rewrite using different logarithmic properties",
        "substitute equivalent exponential forms",
        "rearrange the order of terms",
        "use alternate but equivalent radical forms"
      ],
      "timestamp": "2025-02-05T06:52:21.102071Z"
    },
    {
      "original": "integrate(x**5/(2+x**12), x)",
      "requested_difficulty": "equivalent",
      "variant": "integrate(x**5/(2 + (x**6)**2), x)",
      "reasoning": "As a calculus professor, I appreciate the elegance of symmetry. We can rewrite the integral by factoring out powers and considering the overall symmetry of the powers in the polynomial and the denominator.",
      "evaluation": "easier",
      "extra_verification": null,
      "transformations_used": [
        "use trigonometric identities to rewrite expression",
        "exchange similar functions (e.g., sin to cos)",
        "rewrite using alternate algebraic forms",
        "distribute terms differently",
        "rewrite the integrand in a different form without changing overall complexity"
      ],
      "timestamp": "2025-02-05T06:52:17.862664Z"
    },
    {
      "original": "integrate(x**5/(2+x**12), x)",
      "requested_difficulty": "equivalent",
      "variant": "integrate(x**5/(2 + x**12), x)",
      "reasoning": "As a student who favors polynomials, I like to express the denominator in a different polynomial form. Using polynomial long division can simplify the expression for easier manipulation.",
      "evaluation": "equivalent",
      "extra_verification": null,
      "transformations_used": [
        "use trigonometric identities to rewrite expression",
        "exchange similar functions (e.g., sin to cos)",
        "rewrite using alternate algebraic forms",
        "distribute terms differently",
        "rewrite the integrand in a different form without changing overall complexity"
      ],
      "timestamp": "2025-02-05T06:52:17.920957Z"
    },
    {
      "original": "integrate(x**5/(2+x**12), x)",
      "requested_difficulty": "equivalent",
      "variant": "integrate((x**5)/(2 + x**12), x)",
      "reasoning": "As a geometry enthusiast, I explore the geometric implications of the function by expressing the integrand in relation to area under a curve and identifying patterns in transformations.",
      "evaluation": "equivalent",
      "extra_verification": null,
      "transformations_used": [
        "use trigonometric identities to rewrite expression",
        "exchange similar functions (e.g., sin to cos)",
        "rewrite using alternate algebraic forms",
        "distribute terms differently",
        "rewrite the integrand in a different form without changing overall complexity"
      ],
      "timestamp": "2025-02-05T06:52:18.084032Z"
    },
    {
      "original": "integrate(x**5/(2+x**12), x)",
      "requested_difficulty": "equivalent",
      "variant": "integrate(x**5/(1 + (x**12)/2), x)",
      "reasoning": "As a theoretical physicist again, I could introduce a rational factor to the denominator that suits our power distributions and facilitates a transfer to a similar expressible form.",
      "evaluation": "easier",
      "extra_verification": null,
      "transformations_used": [
        "use trigonometric identities to rewrite expression",
        "exchange similar functions (e.g., sin to cos)",
        "rewrite using alternate algebraic forms",
        "distribute terms differently",
        "rewrite the integrand in a different form without changing overall complexity"
      ],
      "timestamp": "2025-02-05T06:52:17.972571Z"
    }
  ]
]