[
  [
    {
      "original": "integrate(log((1 + x)/(1 - x)), x)",
      "requested_difficulty": "easier",
      "variant": "integrate(log(1 + x) - log(1 - x), x)",
      "reasoning": "As a calculus professor who loves elegant simplifications, I will take advantage of the properties of logarithms. The logarithmic expression can be rewritten as the difference of two logarithms, which can make integration easier.",
      "variant_response": null,
      "verification_passed": null,
      "evaluation": "easier",
      "transformations_used": [
        "simplify composite trigonometric functions",
        "remove logarithmic terms",
        "simplify the denominator",
        "reduce the number of terms in the expression",
        "reduce an exponent"
      ],
      "solution": null,
      "evaluations": {},
      "timestamp": "2025-02-10T03:13:29.423398Z"
    },
    {
      "original": "integrate(log((1 + x)/(1 - x)), x)",
      "requested_difficulty": "easier",
      "variant": "integrate(log(exp(log((1 + x)/(1 - x)))), x)",
      "reasoning": "From the perspective of a theoretical physicist, I will express the integral in exponential form using the identity \\( \\log(a) = \\ln(a) \\) and \\( e^{\\log}(x) = x \\).",
      "variant_response": null,
      "verification_passed": null,
      "evaluation": "equivalent",
      "transformations_used": [
        "simplify composite trigonometric functions",
        "remove logarithmic terms",
        "simplify the denominator",
        "reduce the number of terms in the expression",
        "reduce an exponent"
      ],
      "solution": null,
      "evaluations": {},
      "timestamp": "2025-02-10T03:13:29.610928Z"
    },
    {
      "original": "integrate(log((1 + x)/(1 - x)), x)",
      "requested_difficulty": "easier",
      "variant": "integrate(log(2 + 2*x)/(2 - 2*x), x)",
      "reasoning": "Finding it intriguing as a number theorist, I will rewrite the base of the log in terms of its polynomial definition, thus simplifying the structure by focusing on prime factors.",
      "variant_response": null,
      "verification_passed": null,
      "evaluation": "equivalent",
      "transformations_used": [
        "simplify composite trigonometric functions",
        "remove logarithmic terms",
        "simplify the denominator",
        "reduce the number of terms in the expression",
        "reduce an exponent"
      ],
      "solution": null,
      "evaluations": {},
      "timestamp": "2025-02-10T03:13:29.951758Z"
    },
    {
      "original": "integrate(log((1 + x)/(1 - x)), x)",
      "requested_difficulty": "easier",
      "variant": "integrate(log(1 + x) + log(1/(1 - x)), x)",
      "reasoning": "As someone who enjoys the clarity of rational functions, I can simplify the logarithm into a fraction, which is a more manageable form.",
      "variant_response": null,
      "verification_passed": null,
      "evaluation": "equivalent",
      "transformations_used": [
        "simplify composite trigonometric functions",
        "remove logarithmic terms",
        "simplify the denominator",
        "reduce the number of terms in the expression",
        "reduce an exponent"
      ],
      "solution": null,
      "evaluations": {},
      "timestamp": "2025-02-10T03:13:29.441252Z"
    },
    {
      "original": "integrate(log((1 + x)/(1 - x)), x)",
      "requested_difficulty": "easier",
      "variant": "integrate(log((1 + x)/(1 - x)), x)",
      "reasoning": "Taking a fresh perspective as a numerical method enthusiast, I will discretize the approach and frame it in a summation format that represents the integral more clearly.",
      "variant_response": null,
      "verification_passed": null,
      "evaluation": "equivalent",
      "transformations_used": [
        "simplify composite trigonometric functions",
        "remove logarithmic terms",
        "simplify the denominator",
        "reduce the number of terms in the expression",
        "reduce an exponent"
      ],
      "solution": null,
      "evaluations": {},
      "timestamp": "2025-02-10T03:13:29.720402Z"
    },
    {
      "original": "integrate(log((1 + x)/(1 - x)), x)",
      "requested_difficulty": "easier",
      "variant": "integrate(x, x)",
      "reasoning": "As an engineer, I intuitively look for approximations that can simplify the integral into an algebraically straightforward form. The first-order Taylor expansion of the logarithm works well for small values of x, leading to a significantly simpler calculation.",
      "variant_response": null,
      "verification_passed": null,
      "evaluation": "easier",
      "transformations_used": [
        "reduce the degree of a polynomial",
        "reduce an exponent",
        "simplify composite trigonometric functions"
      ],
      "solution": null,
      "evaluations": {},
      "timestamp": "2025-02-10T03:13:31.116117Z"
    },
    {
      "original": "integrate(log((1 + x)/(1 - x)), x)",
      "requested_difficulty": "easier",
      "variant": "integrate(1/(x + 1) - 1/(x - 1), x)",
      "reasoning": "Considering a number theorist's fascination with logarithmic properties, I can express the integrand in terms of prime factorization insights. Exploring decompositions can lead to easier forms to work with without losing the integral's essence.",
      "variant_response": null,
      "verification_passed": null,
      "evaluation": "easier",
      "transformations_used": [
        "reduce the degree of a polynomial",
        "reduce an exponent",
        "simplify composite trigonometric functions"
      ],
      "solution": null,
      "evaluations": {},
      "timestamp": "2025-02-10T03:13:31.211582Z"
    },
    {
      "original": "integrate(log((1 + x)/(1 - x)), x)",
      "requested_difficulty": "easier",
      "variant": "integrate(log(cosh(x)), x)",
      "reasoning": "As a geometry enthusiast, I can interpret the log function's argument as a transformation related to hyperbolic functions. Applying the connection between logarithmic forms and hyperbolic identities simplifies the integration visually and computationally.",
      "variant_response": null,
      "verification_passed": null,
      "evaluation": "easier",
      "transformations_used": [
        "reduce the degree of a polynomial",
        "reduce an exponent",
        "simplify composite trigonometric functions"
      ],
      "solution": null,
      "evaluations": {},
      "timestamp": "2025-02-10T03:13:31.232373Z"
    },
    {
      "original": "integrate(log((1 + x)/(1 - x)), x)",
      "requested_difficulty": "easier",
      "variant": "integrate(x/(1-x**2), x)",
      "reasoning": "From the perspective of an engineer who prefers computational methods, I can use integration by parts. Considering the logarithmic properties and simplifying yields a manageable piecewise integral.",
      "variant_response": null,
      "verification_passed": null,
      "evaluation": "easier",
      "transformations_used": [
        "reduce the degree of a polynomial",
        "reduce an exponent",
        "simplify composite trigonometric functions"
      ],
      "solution": null,
      "evaluations": {},
      "timestamp": "2025-02-10T03:13:31.112825Z"
    },
    {
      "original": "integrate(log((1 + x)/(1 - x)), x)",
      "requested_difficulty": "easier",
      "variant": "integrate(1/(1-x) - 1/(1+x), x)",
      "reasoning": "As a calculus professor, I could redefine the integral using partial fractions instead of direct integration. This approach leads to a series of simpler fractions ready for integration, thus reducing complexity effortlessly.",
      "variant_response": null,
      "verification_passed": null,
      "evaluation": "easier",
      "transformations_used": [
        "reduce the degree of a polynomial",
        "reduce an exponent",
        "simplify composite trigonometric functions"
      ],
      "solution": null,
      "evaluations": {},
      "timestamp": "2025-02-10T03:13:31.058356Z"
    },
    {
      "original": "integrate(log((1 + x)/(1 - x)), x)",
      "requested_difficulty": "equivalent",
      "variant": "integrate(log(exp(log(1 + x)) / exp(log(1 - x))), x)",
      "reasoning": "Embracing creativity, I'll express the logarithm in a more unique way by rewriting it in terms of exponential functions. The identities will maintain equivalency.",
      "variant_response": null,
      "verification_passed": null,
      "evaluation": "equivalent",
      "transformations_used": [
        "modify an exponent slightly",
        "distribute terms differently",
        "exchange similar functions (e.g., sin to cos)",
        "rewrite the integrand in a different form without changing overall complexity",
        "swap numerator and denominator with reciprocal"
      ],
      "solution": null,
      "evaluations": {},
      "timestamp": "2025-02-10T03:13:30.380463Z"
    },
    {
      "original": "integrate(log((1 + x)/(1 - x)), x)",
      "requested_difficulty": "equivalent",
      "variant": "integrate((x - x**3/3 + x**5/5 - x**7/7) - (log(1 - x)), x)",
      "reasoning": "As a student fond of polynomials, I'll use polynomial approximations by expanding the logarithm through Taylor series and integrating term-by-term.",
      "variant_response": null,
      "verification_passed": null,
      "evaluation": "easier",
      "transformations_used": [
        "modify an exponent slightly",
        "distribute terms differently",
        "exchange similar functions (e.g., sin to cos)",
        "rewrite the integrand in a different form without changing overall complexity",
        "swap numerator and denominator with reciprocal"
      ],
      "solution": null,
      "evaluations": {},
      "timestamp": "2025-02-10T03:13:30.503177Z"
    },
    {
      "original": "integrate(log((1 + x)/(1 - x)), x)",
      "requested_difficulty": "equivalent",
      "variant": "integrate(log(1 + x) + log(1 - x), x)",
      "reasoning": "From a geometric perspective, I see the logarithmic function as reflecting transformations; thus, I can explore its relationship via a transformation approach.",
      "variant_response": null,
      "verification_passed": null,
      "evaluation": "easier",
      "transformations_used": [
        "modify an exponent slightly",
        "distribute terms differently",
        "exchange similar functions (e.g., sin to cos)",
        "rewrite the integrand in a different form without changing overall complexity",
        "swap numerator and denominator with reciprocal"
      ],
      "solution": null,
      "evaluations": {},
      "timestamp": "2025-02-10T03:13:30.426866Z"
    },
    {
      "original": "integrate(log((1 + x)/(1 - x)), x)",
      "requested_difficulty": "equivalent",
      "variant": "integrate(-log((1-x)/(1+x)), x)",
      "reasoning": "Inspired by the reciprocal idea, I will reciprocate the fraction inside the logarithm and see where that takes the integral.",
      "variant_response": null,
      "verification_passed": null,
      "evaluation": "equivalent",
      "transformations_used": [
        "modify an exponent slightly",
        "distribute terms differently",
        "exchange similar functions (e.g., sin to cos)",
        "rewrite the integrand in a different form without changing overall complexity",
        "swap numerator and denominator with reciprocal"
      ],
      "solution": null,
      "evaluations": {},
      "timestamp": "2025-02-10T03:13:30.457838Z"
    },
    {
      "original": "integrate(log((1 + x)/(1 - x)), x)",
      "requested_difficulty": "equivalent",
      "variant": "integrate(log(exp(x) * exp(-x)), x)",
      "reasoning": "As a theoretical physicist, I prefer to leverage exponential forms for convenience. Recognizing \\( \\log(a/b) = \\log(a) - \\log(b) \\), I can express this as the difference of exponentials.",
      "variant_response": null,
      "verification_passed": null,
      "evaluation": "easier",
      "transformations_used": [
        "distribute terms differently",
        "exchange similar functions (e.g., sin to cos)",
        "use trigonometric identities to rewrite expression"
      ],
      "solution": null,
      "evaluations": {},
      "timestamp": "2025-02-10T03:13:31.247152Z"
    }
  ],
  [
    {
      "original": "integrate(Product(1/(1 + x**(2**k)), (k, 0, oo)), x)",
      "requested_difficulty": "easier",
      "variant": "integrate(1/(1 + x), x)",
      "reasoning": "As a calculus professor, I appreciate elegant simplifications. I realize that the infinite product can be approximated for small values of \\( x \\) by neglecting higher-order terms, leading to a simpler integral to evaluate.",
      "variant_response": null,
      "verification_passed": null,
      "evaluation": "easier",
      "transformations_used": [
        "simplify composite trigonometric functions",
        "replace a complex fraction with a simpler one",
        "drop a subexpression"
      ],
      "solution": null,
      "evaluations": {},
      "timestamp": "2025-02-10T03:13:29.742639Z"
    },
    {
      "original": "integrate(Product(1/(1 + x**(2**k)), (k, 0, oo)), x)",
      "requested_difficulty": "easier",
      "variant": "integrate(1/(1 + x**2), x)",
      "reasoning": "As a creative mathematician, I enjoy unusual substitutions. I can utilize the substitution \\( u = x^{2^k} \\) for some small values of \\( k \\). This helps simplify the product for small \\( k \\).",
      "variant_response": null,
      "verification_passed": null,
      "evaluation": "easier",
      "transformations_used": [
        "simplify composite trigonometric functions",
        "replace a complex fraction with a simpler one",
        "drop a subexpression"
      ],
      "solution": null,
      "evaluations": {},
      "timestamp": "2025-02-10T03:13:29.362237Z"
    },
    {
      "original": "integrate(Product(1/(1 + x**(2**k)), (k, 0, oo)), x)",
      "requested_difficulty": "easier",
      "variant": "integrate(1/(1 + x**2 + x**4), x)",
      "reasoning": "As a student focused on polynomials and rational functions, I prefer to work with rational expressions. Thus, I can consider a finite subseries of the original product to create a more manageable form.",
      "variant_response": null,
      "verification_passed": null,
      "evaluation": "easier",
      "transformations_used": [
        "simplify composite trigonometric functions",
        "replace a complex fraction with a simpler one",
        "drop a subexpression"
      ],
      "solution": null,
      "evaluations": {},
      "timestamp": "2025-02-10T03:13:29.392123Z"
    },
    {
      "original": "integrate(Product(1/(1 + x**(2**k)), (k, 0, oo)), x)",
      "requested_difficulty": "easier",
      "variant": "integrate(1/(1 + x**3), x)",
      "reasoning": "As an engineer, I lean towards practical computations. I can compute a definite integral over a finite region, thus removing the complications posed by the infinite product.",
      "variant_response": null,
      "verification_passed": null,
      "evaluation": "easier",
      "transformations_used": [
        "simplify composite trigonometric functions",
        "replace a complex fraction with a simpler one",
        "drop a subexpression"
      ],
      "solution": null,
      "evaluations": {},
      "timestamp": "2025-02-10T03:13:29.289465Z"
    },
    {
      "original": "integrate(Product(1/(1 + x**(2**k)), (k, 0, oo)), x)",
      "requested_difficulty": "easier",
      "variant": "integrate(1/(1 + x**(2)), x)",
      "reasoning": "As a creative mathematician, I enjoy substitutions. I've noticed that the integral can be simplified by a substitution that transforms it into a more manageable form involving exponential decay.",
      "variant_response": null,
      "verification_passed": null,
      "evaluation": "easier",
      "transformations_used": [
        "change a function to an easier one",
        "lower a coefficient",
        "simplify a trigonometric component",
        "replace transcendental functions with simpler algebraic ones",
        "eliminate a radical"
      ],
      "solution": null,
      "evaluations": {},
      "timestamp": "2025-02-10T03:13:29.872712Z"
    },
    {
      "original": "integrate(Product(1/(1 + x**(2**k)), (k, 0, oo)), x)",
      "requested_difficulty": "easier",
      "variant": "integrate(1/(1 + tan(x)**2), x)",
      "reasoning": "As a theoretical physicist, my strengths lie in trigonometric identities. The integral can be transformed using the identity for tangent, making it friendlier to integrate.",
      "variant_response": null,
      "verification_passed": null,
      "evaluation": "easier",
      "transformations_used": [
        "change a function to an easier one",
        "lower a coefficient",
        "simplify a trigonometric component",
        "replace transcendental functions with simpler algebraic ones",
        "eliminate a radical"
      ],
      "solution": null,
      "evaluations": {},
      "timestamp": "2025-02-10T03:13:30.639562Z"
    },
    {
      "original": "integrate(Product(1/(1 + x**(2**k)), (k, 0, oo)), x)",
      "requested_difficulty": "equivalent",
      "variant": "integrate(1/(1 + x**(0)), x)",
      "reasoning": "As a calculus professor, I'll factor out a common term for better clarity in the integral and demonstrate its equivalence.",
      "variant_response": null,
      "verification_passed": null,
      "evaluation": "easier",
      "transformations_used": [
        "swap numerator and denominator with reciprocal",
        "use alternate but equivalent radical forms",
        "rewrite using alternate algebraic forms",
        "change a function to an easier one",
        "change coefficient values slightly"
      ],
      "solution": null,
      "evaluations": {},
      "timestamp": "2025-02-10T03:13:30.854862Z"
    }
  ],
  [
    {
      "original": "integrate(1/(1+sin(x)), (x, 0, pi/2))",
      "requested_difficulty": "easier",
      "variant": "integrate(1/(1+(1-cos(x)**2)), x)",
      "reasoning": "As a calculus professor, I see that \\( \\sin(x) \\) is a transcendental function, and it can be manipulated using trigonometric identities. We can use the identity \\( \\sin(x) = 1 - \\cos^2(x) \\) to simplify the integral.",
      "variant_response": null,
      "verification_passed": null,
      "evaluation": "easier",
      "transformations_used": [
        "replace transcendental functions with simpler algebraic ones",
        "reduce an exponent",
        "remove logarithmic terms"
      ],
      "solution": null,
      "evaluations": {},
      "timestamp": "2025-02-10T03:13:42.427803Z"
    },
    {
      "original": "integrate(1/(1+sin(x)), (x, 0, pi/2))",
      "requested_difficulty": "easier",
      "variant": "integrate(1/(1+(exp(1j*x)-exp(-1j*x))/2), x)",
      "reasoning": "As a theoretical physicist, I like to transform the integral into the realm of exponential forms. Using Euler's formula may lead to a more manageable integrand.",
      "variant_response": null,
      "verification_passed": null,
      "evaluation": "easier",
      "transformations_used": [
        "replace transcendental functions with simpler algebraic ones",
        "reduce an exponent",
        "remove logarithmic terms"
      ],
      "solution": null,
      "evaluations": {},
      "timestamp": "2025-02-10T03:13:42.082267Z"
    },
    {
      "original": "integrate(1/(1+sin(x)), (x, 0, pi/2))",
      "requested_difficulty": "easier",
      "variant": "integrate((1+sin(x))/(1-sin(x)**2), x)",
      "reasoning": "As an engineer, I focus on simplifying the computation. By multiplying the numerator and denominator by the conjugate of the denominator, I can eliminate the sine function from the integrand.",
      "variant_response": null,
      "verification_passed": null,
      "evaluation": "easier",
      "transformations_used": [
        "replace transcendental functions with simpler algebraic ones",
        "reduce an exponent",
        "remove logarithmic terms"
      ],
      "solution": null,
      "evaluations": {},
      "timestamp": "2025-02-10T03:13:42.129475Z"
    },
    {
      "original": "integrate(1/(1+sin(x)), (x, 0, pi/2))",
      "requested_difficulty": "easier",
      "variant": "integrate(1/(1+1/((1-x)/(2-x))), x)",
      "reasoning": "As a number theorist interested in prime properties, I can explore how the integrand behaves for values that lead to integer results. Finding a specific value of \\( x \\) that simplifies computations would be insightful.",
      "variant_response": null,
      "verification_passed": null,
      "evaluation": "easier",
      "transformations_used": [
        "replace transcendental functions with simpler algebraic ones",
        "reduce an exponent",
        "remove logarithmic terms"
      ],
      "solution": null,
      "evaluations": {},
      "timestamp": "2025-02-10T03:13:42.071516Z"
    }
  ],
  [
    {
      "original": "integrate(sin(x)**6 + cos(x)**6 + 3*sin(x)**2*cos(x)**2, x)",
      "requested_difficulty": "easier",
      "variant": "integrate(1 - 3*sin(x)**2*cos(x)**2, x)",
      "reasoning": "As a calculus professor, I appreciate the beauty in symmetry. Noticing the relation between sine and cosine functions allows us to simplify using \\( \\sin^2(x) + \\cos^2(x) = 1 \\).",
      "variant_response": null,
      "verification_passed": null,
      "evaluation": "easier",
      "transformations_used": [
        "replace a complex fraction with a simpler one",
        "remove logarithmic terms",
        "remove a factor"
      ],
      "solution": null,
      "evaluations": {},
      "timestamp": "2025-02-10T03:13:34.352806Z"
    },
    {
      "original": "integrate(sin(x)**6 + cos(x)**6 + 3*sin(x)**2*cos(x)**2, x)",
      "requested_difficulty": "easier",
      "variant": "integrate(1 - (3/4)*sin(2*x)**2, x)",
      "reasoning": "From the perspective of a number theorist, I want to focus on continuous values emerging from integer forms. Thus I will factor out important multiples.",
      "variant_response": null,
      "verification_passed": null,
      "evaluation": "easier",
      "transformations_used": [
        "replace a complex fraction with a simpler one",
        "remove logarithmic terms",
        "remove a factor"
      ],
      "solution": null,
      "evaluations": {},
      "timestamp": "2025-02-10T03:13:34.986374Z"
    },
    {
      "original": "integrate(sin(x)**6 + cos(x)**6 + 3*sin(x)**2*cos(x)**2, x)",
      "requested_difficulty": "easier",
      "variant": "integrate(1 + (1/4)sin(4*x), x)",
      "reasoning": "The geometry enthusiast in me sees that expressions involving \\( \\sin(x) \\) and \\( \\cos(x) \\) can be interpreted as areas or transformations in unit circles. Simplifying gives a clearer view.",
      "variant_response": null,
      "verification_passed": null,
      "evaluation": "easier",
      "transformations_used": [
        "replace a complex fraction with a simpler one",
        "remove logarithmic terms",
        "remove a factor"
      ],
      "solution": null,
      "evaluations": {},
      "timestamp": "2025-02-10T03:13:34.619120Z"
    },
    {
      "original": "integrate(sin(x)**6 + cos(x)**6 + 3*sin(x)**2*cos(x)**2, x)",
      "requested_difficulty": "easier",
      "variant": "integrate(1 - (3/4)(sin(2*x)**2), x)",
      "reasoning": "Adopting a persona that enjoys special functions, I can simplify using the identity \\( \\sin^6(x) + \\cos^6(x) = (sin^2(x) + cos^2(x))(sin^4(x) + cos^4(x)) - sin^2(x)cos^2(x) \\)",
      "variant_response": null,
      "verification_passed": null,
      "evaluation": "easier",
      "transformations_used": [
        "replace a complex fraction with a simpler one",
        "remove logarithmic terms",
        "remove a factor"
      ],
      "solution": null,
      "evaluations": {},
      "timestamp": "2025-02-10T03:13:34.457089Z"
    },
    {
      "original": "integrate(sin(x)**6 + cos(x)**6 + 3*sin(x)**2*cos(x)**2, x)",
      "requested_difficulty": "easier",
      "variant": "integrate((1 + 1/4*cos(4*x)), x)",
      "reasoning": "Inspired by symmetry in trigonometric functions, I notice \\( sin^6(x) + cos^6(x) \\) can be transformed using a half-angle identity, leading to fewer computations.",
      "variant_response": null,
      "verification_passed": null,
      "evaluation": "easier",
      "transformations_used": [
        "replace a complex fraction with a simpler one",
        "remove logarithmic terms",
        "remove a factor"
      ],
      "solution": null,
      "evaluations": {},
      "timestamp": "2025-02-10T03:13:34.412302Z"
    },
    {
      "original": "integrate(sin(x)**6 + cos(x)**6 + 3*sin(x)**2*cos(x)**2, x)",
      "requested_difficulty": "easier",
      "variant": "integrate(sin(x)**2 + cos(x)**2, x)",
      "reasoning": "As a practical engineer, I might consider lower powers to lessen complexity in the calculations. Dropping higher powers and using first-order terms simplifies greatly.",
      "variant_response": null,
      "verification_passed": null,
      "evaluation": "easier",
      "transformations_used": [
        "replace a complex fraction with a simpler one",
        "remove logarithmic terms",
        "remove a factor"
      ],
      "solution": null,
      "evaluations": {},
      "timestamp": "2025-02-10T03:13:34.346624Z"
    },
    {
      "original": "integrate(sin(x)**6 + cos(x)**6 + 3*sin(x)**2*cos(x)**2, x)",
      "requested_difficulty": "easier",
      "variant": "integrate((sin(x)**2 + cos(x)**2)**3 - 3*sin(x)**2*cos(x)**2, x)",
      "reasoning": "As a calculus professor who loves elegant simplifications, I recognize that we can use the identity \\( \\sin^2(x) + \\cos^2(x) = 1 \\) to express \\( \\sin^6(x) + \\cos^6(x) \\) in a more manageable form.",
      "variant_response": null,
      "verification_passed": null,
      "evaluation": "equivalent",
      "transformations_used": [
        "simplify composite trigonometric functions",
        "reduce an exponent",
        "remove nested functions"
      ],
      "solution": null,
      "evaluations": {},
      "timestamp": "2025-02-10T03:13:41.114296Z"
    },
    {
      "original": "integrate(sin(x)**6 + cos(x)**6 + 3*sin(x)**2*cos(x)**2, x)",
      "requested_difficulty": "easier",
      "variant": "integrate(3*(sin(x)**2 * cos(x)**2) + (sin(x)**6 + cos(x)**6), x)",
      "reasoning": "From the perspective of a student who prefers working with polynomials, I can factor the function to express it as a polynomial which will be easier to integrate.",
      "variant_response": null,
      "verification_passed": null,
      "evaluation": "equivalent",
      "transformations_used": [
        "simplify composite trigonometric functions",
        "reduce an exponent",
        "remove nested functions"
      ],
      "solution": null,
      "evaluations": {},
      "timestamp": "2025-02-10T03:13:41.692771Z"
    },
    {
      "original": "integrate(sin(x)**6 + cos(x)**6 + 3*sin(x)**2*cos(x)**2, x)",
      "requested_difficulty": "easier",
      "variant": "integrate((1/4)*(3 + cos(2*x))**3, x)",
      "reasoning": "As a theoretical physicist, I would convert everything to exponential form using Euler's formula to see if that helps, but I\u2019ll avoid complexities. Thus, analyzing sine and cosine's powers aid in simplification.",
      "variant_response": null,
      "verification_passed": null,
      "evaluation": "easier",
      "transformations_used": [
        "simplify composite trigonometric functions",
        "reduce an exponent",
        "remove nested functions"
      ],
      "solution": null,
      "evaluations": {},
      "timestamp": "2025-02-10T03:13:41.381296Z"
    },
    {
      "original": "integrate(sin(x)**6 + cos(x)**6 + 3*sin(x)**2*cos(x)**2, x)",
      "requested_difficulty": "easier",
      "variant": "integrate(0.5 + 0.5*(3*sin(x)**2*cos(x)**2), x)",
      "reasoning": "As an engineer who favors computational approaches, I recognize that \\( \\sin^6(x) + \\cos^6(x) \\) can be computed numerically for specific limits, bypassing the integral altogether.",
      "variant_response": null,
      "verification_passed": null,
      "evaluation": "easier",
      "transformations_used": [
        "simplify composite trigonometric functions",
        "reduce an exponent",
        "remove nested functions"
      ],
      "solution": null,
      "evaluations": {},
      "timestamp": "2025-02-10T03:13:41.031735Z"
    },
    {
      "original": "integrate(sin(x)**6 + cos(x)**6 + 3*sin(x)**2*cos(x)**2, x)",
      "requested_difficulty": "equivalent",
      "variant": "integrate(1 - 3*sin(x)**2*cos(x)**2 + 3*sin(x)**2*cos(x)**2, x)",
      "reasoning": "As a calculus professor who appreciates elegant simplifications, I notice that the integral can be simplified using the identity \\( \\sin^6(x) + \\cos^6(x) = (\\sin^2(x) + \\cos^2(x))^3 - 3\\sin^2(x)\\cos^2(x)(\\sin^2(x) + \\cos^2(x)) \\). Since \\( \\sin^2(x) + \\cos^2(x) = 1 \\), the expression reduces nicely.",
      "variant_response": null,
      "verification_passed": null,
      "evaluation": "easier",
      "transformations_used": [
        "use alternate but equivalent radical forms",
        "factor common terms differently",
        "rearrange the order of terms"
      ],
      "solution": null,
      "evaluations": {},
      "timestamp": "2025-02-10T03:13:37.250102Z"
    },
    {
      "original": "integrate(sin(x)**6 + cos(x)**6 + 3*sin(x)**2*cos(x)**2, x)",
      "requested_difficulty": "equivalent",
      "variant": "integrate(sin(x)**6 + (1 - sin(x)**2)**3 + 3*sin(x)**2*(1-sin(x)**2), x)",
      "reasoning": "From the perspective of a theoretical physicist, I enjoy working with trigonometric identities. A suitable transformation is to convert everything to power of sine or cosine. Using \\( \\cos^2(x) = 1 - \\sin^2(x) \\), the integral can be rearranged to express it solely in terms of \\( \\sin(x) \\).",
      "variant_response": null,
      "verification_passed": null,
      "evaluation": "easier",
      "transformations_used": [
        "use alternate but equivalent radical forms",
        "factor common terms differently",
        "rearrange the order of terms"
      ],
      "solution": null,
      "evaluations": {},
      "timestamp": "2025-02-10T03:13:37.346247Z"
    },
    {
      "original": "integrate(sin(x)**6 + cos(x)**6 + 3*sin(x)**2*cos(x)**2, x)",
      "requested_difficulty": "equivalent",
      "variant": "integrate(0.5*(sin(x) + cos(x))**6 + 3*0.5*(sin(x)*cos(x))**2, x)",
      "reasoning": "As an engineer who values practical and computational approaches, I prefer to rewrite the integral using numerical techniques by approximating periodic functions. This transformation will make computation simpler in software.",
      "variant_response": null,
      "verification_passed": null,
      "evaluation": "equivalent",
      "transformations_used": [
        "use alternate but equivalent radical forms",
        "factor common terms differently",
        "rearrange the order of terms"
      ],
      "solution": null,
      "evaluations": {},
      "timestamp": "2025-02-10T03:13:37.355050Z"
    },
    {
      "original": "integrate(sin(x)**6 + cos(x)**6 + 3*sin(x)**2*cos(x)**2, x)",
      "requested_difficulty": "equivalent",
      "variant": "integrate((1/2)**3*(1 - cos(2*x))^3 + 3*(1/2)*(1/2)*sin(2*x), x)",
      "reasoning": "In the eyes of a number theorist, I'm intrigued by expressing \\( \\sin^2(x) \\) and \\( \\cos^2(x) \\) in terms of rational coefficients. Rearranging the integral still maintains the equation\u2019s integrity while offering rational coefficients approach.",
      "variant_response": null,
      "verification_passed": null,
      "evaluation": "easier",
      "transformations_used": [
        "use alternate but equivalent radical forms",
        "factor common terms differently",
        "rearrange the order of terms"
      ],
      "solution": null,
      "evaluations": {},
      "timestamp": "2025-02-10T03:13:37.409827Z"
    },
    {
      "original": "integrate(sin(x)**6 + cos(x)**6 + 3*sin(x)**2*cos(x)**2, x)",
      "requested_difficulty": "equivalent",
      "variant": "integrate((sin(x)**2 + cos(x)**2)^3 - 3*sin(x)**2*cos(x)**2, x)",
      "reasoning": "As a geometry enthusiast, I visualize sine and cosine functions as projections in a unit circle. Using transformations related to the circle's geometry, I can present the integral in terms of geometrical symmetries",
      "variant_response": null,
      "verification_passed": null,
      "evaluation": "equivalent",
      "transformations_used": [
        "use alternate but equivalent radical forms",
        "factor common terms differently",
        "rearrange the order of terms"
      ],
      "solution": null,
      "evaluations": {},
      "timestamp": "2025-02-10T03:13:37.334326Z"
    },
    {
      "original": "integrate(sin(x)**6 + cos(x)**6 + 3*sin(x)**2*cos(x)**2, x)",
      "requested_difficulty": "equivalent",
      "variant": "integrate((sin(x)**2 + cos(x)**2)**3 + 2*sin(x)**2*cos(x)**2, x)",
      "reasoning": "Like a calculus professor who emphasizes the combination of terms, I find it fascinating to group similar terms more effectively to illustrate the balance within the expression as another approach.",
      "variant_response": null,
      "verification_passed": null,
      "evaluation": "equivalent",
      "transformations_used": [
        "use alternate but equivalent radical forms",
        "factor common terms differently",
        "rearrange the order of terms"
      ],
      "solution": null,
      "evaluations": {},
      "timestamp": "2025-02-10T03:13:37.317475Z"
    },
    {
      "original": "integrate(sin(x)**6 + cos(x)**6 + 3*sin(x)**2*cos(x)**2, x)",
      "requested_difficulty": "equivalent",
      "variant": "integrate(0.5*(sin(x/2)**4 + cos(x/2)**4 + 3*(sin(x/2)*cos(x/2))**2), x)",
      "reasoning": "From the perspective of an engineer again, I realize this can also be evaluated numerically via discrete steps, leveraging symmetry in \\( \\sin(x) \\) and \\( \\cos(x) \\).",
      "variant_response": null,
      "verification_passed": null,
      "evaluation": "easier",
      "transformations_used": [
        "use alternate but equivalent radical forms",
        "factor common terms differently",
        "rearrange the order of terms"
      ],
      "solution": null,
      "evaluations": {},
      "timestamp": "2025-02-10T03:13:41.487930Z"
    },
    {
      "original": "integrate(sin(x)**6 + cos(x)**6 + 3*sin(x)**2*cos(x)**2, x)",
      "requested_difficulty": "equivalent",
      "variant": "integrate(u**3 + (1 - u)**3 + 3*u*(1 - u), x)",
      "reasoning": "As a creative mathematician who enjoys unusual substitutions, I decide to introduce \\( u = sin^2(x) \\). Converting \\( \\sin(x)^2 \\) and \\( \\cos(x)^2 \\) into terms of \\( u \\), gives rise to a unique form.",
      "variant_response": null,
      "verification_passed": null,
      "evaluation": "easier",
      "transformations_used": [
        "adjust parameters while keeping the integral equivalent",
        "change coefficient values slightly",
        "use alternate but equivalent radical forms",
        "change variables while maintaining complexity",
        "modify an exponent slightly"
      ],
      "solution": null,
      "evaluations": {},
      "timestamp": "2025-02-10T03:13:36.547638Z"
    },
    {
      "original": "integrate(sin(x)**6 + cos(x)**6 + 3*sin(x)**2*cos(x)**2, x)",
      "requested_difficulty": "equivalent",
      "variant": "integrate(t**3 + (1 - t)**3 + 3*t*(1 - t), x)",
      "reasoning": "As a student who prefers working with polynomials and rational functions, I will rewrite the trig functions using rational coefficients and powers. By representing \\( \\sin^2(x) \\) as \\( t \\), I can express the entire integral in a polynomial format.",
      "variant_response": null,
      "verification_passed": null,
      "evaluation": "easier",
      "transformations_used": [
        "adjust parameters while keeping the integral equivalent",
        "change coefficient values slightly",
        "use alternate but equivalent radical forms",
        "change variables while maintaining complexity",
        "modify an exponent slightly"
      ],
      "solution": null,
      "evaluations": {},
      "timestamp": "2025-02-10T03:13:39.527682Z"
    },
    {
      "original": "integrate(sin(x)**6 + cos(x)**6 + 3*sin(x)**2*cos(x)**2, x)",
      "requested_difficulty": "equivalent",
      "variant": "integrate((sin(x)**6 + cos(x)**6 + 3*sin(x)**2*cos(x)**2).expand(), x)",
      "reasoning": "As an engineer focusing on practical, computational approaches, I propose to rewrite the expression through polynomial expansion and then perform integration term-by-term using sympy's capabilities.",
      "variant_response": null,
      "verification_passed": null,
      "evaluation": "easier",
      "transformations_used": [
        "adjust parameters while keeping the integral equivalent",
        "change coefficient values slightly",
        "use alternate but equivalent radical forms",
        "change variables while maintaining complexity",
        "modify an exponent slightly"
      ],
      "solution": null,
      "evaluations": {},
      "timestamp": "2025-02-10T03:13:36.364299Z"
    }
  ],
  [],
  [
    {
      "original": "integrate(log(x**2 + 1), x)",
      "requested_difficulty": "easier",
      "variant": "integrate(x**2, x)",
      "reasoning": "As a calculus professor, I believe in simplification. The expression \\(\\log(x^2 + 1)\\) can be approximated for small values of \\(x\\) by using the Taylor expansion. For small \\(x\\), \\(\\log(x^2 + 1) \\approx x^2\\). This makes the integral much simpler.",
      "variant_response": null,
      "verification_passed": null,
      "evaluation": "easier",
      "transformations_used": [
        "lower a coefficient",
        "change a function to an easier one",
        "reduce the degree of a polynomial"
      ],
      "solution": null,
      "evaluations": {},
      "timestamp": "2025-02-10T03:13:35.373005Z"
    },
    {
      "original": "integrate(log(x**2 + 1), x)",
      "requested_difficulty": "easier",
      "variant": "integrate(log(1 + x), x)",
      "reasoning": "I take the role of a creative mathematician. Let\u2019s modify the logarithm by changing it to a simpler function. Instead of \\(\\log(x^2 + 1)\\), I can use \\(\\log(1 + x)\\) which is easier to integrate.",
      "variant_response": null,
      "verification_passed": null,
      "evaluation": "easier",
      "transformations_used": [
        "lower a coefficient",
        "change a function to an easier one",
        "reduce the degree of a polynomial"
      ],
      "solution": null,
      "evaluations": {},
      "timestamp": "2025-02-10T03:13:35.273622Z"
    },
    {
      "original": "integrate(log(x**2 + 1), x)",
      "requested_difficulty": "easier",
      "variant": "integrate(log(x + 1), x)",
      "reasoning": "As a student who loves working with polynomials, I can simplify the logarithm to work with just quadratic forms. Instead, I can try integrating \\(\\log(x + 1)\\) which is a standard form.",
      "variant_response": null,
      "verification_passed": null,
      "evaluation": "easier",
      "transformations_used": [
        "lower a coefficient",
        "change a function to an easier one",
        "reduce the degree of a polynomial"
      ],
      "solution": null,
      "evaluations": {},
      "timestamp": "2025-02-10T03:13:35.421729Z"
    },
    {
      "original": "integrate(log(x**2 + 1), x)",
      "requested_difficulty": "easier",
      "variant": "integrate(0, x)",
      "reasoning": "As an engineer, I tend to favor practical approaches. A more computable variant would be simplifying the logarithm by only integrating around 0, thus I can compute \\(\\log(1)\\) which is 0.",
      "variant_response": null,
      "verification_passed": null,
      "evaluation": "easier",
      "transformations_used": [
        "lower a coefficient",
        "change a function to an easier one",
        "reduce the degree of a polynomial"
      ],
      "solution": null,
      "evaluations": {},
      "timestamp": "2025-02-10T03:13:35.509843Z"
    },
    {
      "original": "integrate(log(x**2 + 1), x)",
      "requested_difficulty": "easier",
      "variant": "integrate(log((1/2)*(x**2 + 2)), x)",
      "reasoning": "Coming from a number theory background, I\u2019m intrigued by rational expansions. Thus I can substitute \\(\\log(x^2 + 1)\\) with a rational form such as \\(\\log\\left(\\frac{1}{2}(x^2 + 2)\\right)\\), which has the same properties.",
      "variant_response": null,
      "verification_passed": null,
      "evaluation": "equivalent",
      "transformations_used": [
        "lower a coefficient",
        "change a function to an easier one",
        "reduce the degree of a polynomial"
      ],
      "solution": null,
      "evaluations": {},
      "timestamp": "2025-02-10T03:13:35.252119Z"
    },
    {
      "original": "integrate(log(x**2 + 1), x)",
      "requested_difficulty": "easier",
      "variant": "integrate(1, x)",
      "reasoning": "As an engineer, I see practicality in approximations. Let's apply numerical integration to a constant function instead, say the integral of a constant, which is simply a linear function.",
      "variant_response": null,
      "verification_passed": null,
      "evaluation": "easier",
      "transformations_used": [
        "lower a coefficient",
        "change a function to an easier one",
        "reduce the degree of a polynomial"
      ],
      "solution": null,
      "evaluations": {},
      "timestamp": "2025-02-10T03:13:35.264082Z"
    },
    {
      "original": "integrate(log(x**2 + 1), x)",
      "requested_difficulty": "easier",
      "variant": "integrate(sin(x), x)",
      "reasoning": "As a theoretical physicist, I often reduce my focus. Rather than the original logarithmic function, let\u2019s integrate a simple sinusoidal function that is related, like \\(\\sin(x)\\).",
      "variant_response": null,
      "verification_passed": null,
      "evaluation": "easier",
      "transformations_used": [
        "lower a coefficient",
        "change a function to an easier one",
        "reduce the degree of a polynomial"
      ],
      "solution": null,
      "evaluations": {},
      "timestamp": "2025-02-10T03:13:35.303365Z"
    },
    {
      "original": "integrate(log(x**2 + 1), x)",
      "requested_difficulty": "easier",
      "variant": "integrate(log(x), x)",
      "reasoning": "From the perspective of a student who prefers working with polynomials, I\u2019ll drop the constant in the logarithm and focus on the dominant term.",
      "variant_response": null,
      "verification_passed": null,
      "evaluation": "easier",
      "transformations_used": [
        "drop a subexpression",
        "lower a coefficient",
        "convert a product to a simpler sum",
        "reduce the number of terms in the expression",
        "change a function to an easier one"
      ],
      "solution": null,
      "evaluations": {},
      "timestamp": "2025-02-10T03:13:28.059207Z"
    },
    {
      "original": "integrate(log(x**2 + 1), x)",
      "requested_difficulty": "easier",
      "variant": "integrate(log(1 + (x/3)**2), x)",
      "reasoning": "A number theorist looking for rational coefficients can see that \\( log(x^2+1) \\) could be approximated by rational functions around small values of \\( x \\).",
      "variant_response": null,
      "verification_passed": null,
      "evaluation": "easier",
      "transformations_used": [
        "drop a subexpression",
        "lower a coefficient",
        "convert a product to a simpler sum",
        "reduce the number of terms in the expression",
        "change a function to an easier one"
      ],
      "solution": null,
      "evaluations": {},
      "timestamp": "2025-02-10T03:13:27.849211Z"
    },
    {
      "original": "integrate(log(x**2 + 1), x)",
      "requested_difficulty": "easier",
      "variant": "integrate(log(x**2), x)",
      "reasoning": "Emphasizing on practical computational approaches, I can consider a small angle approximation to create a much simpler integrand.",
      "variant_response": null,
      "verification_passed": null,
      "evaluation": "easier",
      "transformations_used": [
        "drop a subexpression",
        "lower a coefficient",
        "convert a product to a simpler sum",
        "reduce the number of terms in the expression",
        "change a function to an easier one"
      ],
      "solution": null,
      "evaluations": {},
      "timestamp": "2025-02-10T03:13:27.838714Z"
    },
    {
      "original": "integrate(log(x**2 + 1), x)",
      "requested_difficulty": "equivalent",
      "variant": "integrate(log(1 + x**2), x)",
      "reasoning": "As a calculus professor who loves elegant simplifications, I see that \\(\\log(x^2 + 1)\\) can be expressed using the property of logarithms, becoming simpler by recognizing that logarithmic identities can simplify integration expressions.",
      "variant_response": null,
      "verification_passed": null,
      "evaluation": "equivalent",
      "transformations_used": [
        "exchange similar functions (e.g., sin to cos)",
        "swap numerator and denominator with reciprocal",
        "substitute equivalent exponential forms"
      ],
      "solution": null,
      "evaluations": {},
      "timestamp": "2025-02-10T03:13:42.729809Z"
    },
    {
      "original": "integrate(log(x**2 + 1), x)",
      "requested_difficulty": "equivalent",
      "variant": "integrate(log(exp(log(x**2 + 1))), x)",
      "reasoning": "Channeling my inner theoretical physicist, I recognize that exponential forms can transform logarithmic functions. Therefore, expressing \\(x^2 + 1\\) in terms of the exponential function might yield an insightful expression.",
      "variant_response": null,
      "verification_passed": null,
      "evaluation": "equivalent",
      "transformations_used": [
        "exchange similar functions (e.g., sin to cos)",
        "swap numerator and denominator with reciprocal",
        "substitute equivalent exponential forms"
      ],
      "solution": null,
      "evaluations": {},
      "timestamp": "2025-02-10T03:13:42.776591Z"
    },
    {
      "original": "integrate(log(x**2 + 1), x)",
      "requested_difficulty": "equivalent",
      "variant": "integrate(log(1 + tan(x)**2), x)",
      "reasoning": "As a creative mathematician, I enjoy substituting \\(\\tan^{-1}(x)\\) because it relates to logarithmic forms through derivative identities. This gives a new perspective that can simplify certain computations.",
      "variant_response": null,
      "verification_passed": null,
      "evaluation": "easier",
      "transformations_used": [
        "exchange similar functions (e.g., sin to cos)",
        "swap numerator and denominator with reciprocal",
        "substitute equivalent exponential forms"
      ],
      "solution": null,
      "evaluations": {},
      "timestamp": "2025-02-10T03:13:42.782533Z"
    },
    {
      "original": "integrate(log(x**2 + 1), x)",
      "requested_difficulty": "equivalent",
      "variant": "integrate(log(x**2 + 1), x)",
      "reasoning": "Speaking from the perspective of the student who loves polynomials, I recognize that \\(x^2 + 1\\) can also be expressed as \\(1 + x^2\\) emphasizing polynomial form which reinforces familiarity and ease of integration.",
      "variant_response": null,
      "verification_passed": null,
      "evaluation": "equivalent",
      "transformations_used": [
        "exchange similar functions (e.g., sin to cos)",
        "swap numerator and denominator with reciprocal",
        "substitute equivalent exponential forms"
      ],
      "solution": null,
      "evaluations": {},
      "timestamp": "2025-02-10T03:13:42.775198Z"
    },
    {
      "original": "integrate(log(x**2 + 1), x)",
      "requested_difficulty": "equivalent",
      "variant": "integrate(log((x + 1)**2 - (2*x) + 1), x)",
      "reasoning": "As a number theorist fascinated with rational functions, I express the logarithmic argument as a polynomial in a different base. By changing x^2 + 1 to (x + 1)^2 - (2*x) + 1, I aim to keep the integral structure while potentially simplifying calculations.",
      "variant_response": null,
      "verification_passed": null,
      "evaluation": "equivalent",
      "transformations_used": [
        "rewrite using different logarithmic properties",
        "change coefficient values slightly",
        "adjust parameters while keeping the integral equivalent"
      ],
      "solution": null,
      "evaluations": {},
      "timestamp": "2025-02-10T03:13:36.449408Z"
    },
    {
      "original": "integrate(log(x**2 + 1), x)",
      "requested_difficulty": "equivalent",
      "variant": "integrate(log((-x)**2 + 1), x)",
      "reasoning": "As a calculus professor appreciating symmetry, I can express the integral in terms of an even function by considering x^2 + 1 from the point of view of negative inputs. Thus, the integration remains unchanged.",
      "variant_response": null,
      "verification_passed": null,
      "evaluation": "equivalent",
      "transformations_used": [
        "rewrite using different logarithmic properties",
        "change coefficient values slightly",
        "adjust parameters while keeping the integral equivalent"
      ],
      "solution": null,
      "evaluations": {},
      "timestamp": "2025-02-10T03:13:37.186739Z"
    }
  ],
  [
    {
      "original": "integrate(sqrt(x)/(sqrt(2012-x)+sqrt(x)), (x, 1, 2011))",
      "requested_difficulty": "easier",
      "variant": "integrate(sqrt(x)/(sqrt(2012-x)+sqrt(x)), x)",
      "reasoning": "As a calculus professor, I want to simplify the integral's behavior. By multiplying the integrand by a factor that cancels out parts of the denominator, I can make it much simpler.",
      "variant_response": null,
      "verification_passed": null,
      "evaluation": "easier",
      "transformations_used": [
        "replace transcendental functions with simpler algebraic ones",
        "reduce the degree of a polynomial",
        "change a function to an easier one",
        "simplify the denominator",
        "lower a coefficient"
      ],
      "solution": null,
      "evaluations": {},
      "timestamp": "2025-02-10T03:13:31.068284Z"
    },
    {
      "original": "integrate(sqrt(x)/(sqrt(2012-x)+sqrt(x)), (x, 1, 2011))",
      "requested_difficulty": "easier",
      "variant": "integrate((2012 - x)/(sqrt(2012-x)+sqrt(x)), x)",
      "reasoning": "As a student focused on polynomials, I notice we can express the square roots differently. By simplifying the expression under the square roots, the polynomial behavior can make it easier to evaluate.",
      "variant_response": null,
      "verification_passed": null,
      "evaluation": "easier",
      "transformations_used": [
        "replace transcendental functions with simpler algebraic ones",
        "reduce the degree of a polynomial",
        "change a function to an easier one",
        "simplify the denominator",
        "lower a coefficient"
      ],
      "solution": null,
      "evaluations": {},
      "timestamp": "2025-02-10T03:13:30.522323Z"
    },
    {
      "original": "integrate(sqrt(x)/(sqrt(2012-x)+sqrt(x)), (x, 1, 2011))",
      "requested_difficulty": "easier",
      "variant": "integrate((2012-x)**0.5*(x**0.5)/(2012**0.5 + (2012-x)**0.5), x)",
      "reasoning": "As a theoretical physicist, I love working with exponential forms. I can express the square roots in terms of exponentials, which may lead to easier integration methods.",
      "variant_response": null,
      "verification_passed": null,
      "evaluation": "equivalent",
      "transformations_used": [
        "replace transcendental functions with simpler algebraic ones",
        "reduce the degree of a polynomial",
        "change a function to an easier one",
        "simplify the denominator",
        "lower a coefficient"
      ],
      "solution": null,
      "evaluations": {},
      "timestamp": "2025-02-10T03:13:31.199625Z"
    },
    {
      "original": "integrate(sqrt(x)/(sqrt(2012-x)+sqrt(x)), (x, 1, 2011))",
      "requested_difficulty": "easier",
      "variant": "integrate(x**0.5/(sqrt(1-x/2012)+x**0.5), x)",
      "reasoning": "A creative mathematician\u2019s approach often involves common approximations. Approximate the square root terms, allowing a polynomial expansion that helps visualize the integral.",
      "variant_response": null,
      "verification_passed": null,
      "evaluation": "easier",
      "transformations_used": [
        "replace transcendental functions with simpler algebraic ones",
        "reduce the degree of a polynomial",
        "change a function to an easier one",
        "simplify the denominator",
        "lower a coefficient"
      ],
      "solution": null,
      "evaluations": {},
      "timestamp": "2025-02-10T03:13:30.490923Z"
    },
    {
      "original": "integrate(sqrt(x)/(sqrt(2012-x)+sqrt(x)), (x, 1, 2011))",
      "requested_difficulty": "easier",
      "variant": "integrate(x**0.5 * (1/(sqrt(2012-x)+sqrt(x))), x)",
      "reasoning": "Focusing on polynomial forms as a student, I can express the denominator in a simplified polynomial form leading to a clearer form that can be easier to integrate.",
      "variant_response": null,
      "verification_passed": null,
      "evaluation": "easier",
      "transformations_used": [
        "replace transcendental functions with simpler algebraic ones",
        "reduce the degree of a polynomial",
        "change a function to an easier one",
        "simplify the denominator",
        "lower a coefficient"
      ],
      "solution": null,
      "evaluations": {},
      "timestamp": "2025-02-10T03:13:30.640576Z"
    }
  ],
  [
    {
      "original": "integrate(e**x + cos(x)*e**x + sin(x)*e**x, x)",
      "requested_difficulty": "easier",
      "variant": "integrate(e**x * (1 + cos(x) + sin(x)), x)",
      "reasoning": "As a calculus professor, I appreciate recognizing common factors. Here I focus on factoring out e**x for simplification.",
      "variant_response": null,
      "verification_passed": null,
      "evaluation": "equivalent",
      "transformations_used": [
        "remove a factor",
        "eliminate a radical",
        "lower a coefficient"
      ],
      "solution": null,
      "evaluations": {},
      "timestamp": "2025-02-10T03:13:27.803224Z"
    },
    {
      "original": "integrate(e**x + cos(x)*e**x + sin(x)*e**x, x)",
      "requested_difficulty": "easier",
      "variant": "integrate(e**x * (1 + exp(1j * x)), x)",
      "reasoning": "As a creative mathematician, I enjoy rewriting the integrand in alternative forms. I can transform sine and cosine functions using a single expression.",
      "variant_response": null,
      "verification_passed": null,
      "evaluation": "equivalent",
      "transformations_used": [
        "remove a factor",
        "eliminate a radical",
        "lower a coefficient"
      ],
      "solution": null,
      "evaluations": {},
      "timestamp": "2025-02-10T03:13:27.932551Z"
    },
    {
      "original": "integrate(e**x + cos(x)*e**x + sin(x)*e**x, x)",
      "requested_difficulty": "easier",
      "variant": "integrate(e**x * (1 + (x - x**3/6 + x**5/120) + (x - x**3/6)), x)",
      "reasoning": "As a student who prefers polynomials, I'll rewrite the expression using the Taylor series expansions for sine and cosine functions to define them polynomially.",
      "variant_response": null,
      "verification_passed": null,
      "evaluation": "easier",
      "transformations_used": [
        "remove a factor",
        "eliminate a radical",
        "lower a coefficient"
      ],
      "solution": null,
      "evaluations": {},
      "timestamp": "2025-02-10T03:13:27.809080Z"
    },
    {
      "original": "integrate(e**x + cos(x)*e**x + sin(x)*e**x, x)",
      "requested_difficulty": "easier",
      "variant": "integrate(e**x, x)",
      "reasoning": "As an engineer, I\u2019m focused on practical computation. I\u2019ll simplify by considering just one term at a time for easier integration.",
      "variant_response": null,
      "verification_passed": null,
      "evaluation": "easier",
      "transformations_used": [
        "remove a factor",
        "eliminate a radical",
        "lower a coefficient"
      ],
      "solution": null,
      "evaluations": {},
      "timestamp": "2025-02-10T03:13:27.760243Z"
    },
    {
      "original": "integrate(e**x + cos(x)*e**x + sin(x)*e**x, x)",
      "requested_difficulty": "easier",
      "variant": "integrate((1 + 1/2 * cos(x)) * e**x, x)",
      "reasoning": "As a number theorist, I\u2019m interested in the structure of the components. I can analyze the integral by focusing only on rational functions related to the exponential decay.",
      "variant_response": null,
      "verification_passed": null,
      "evaluation": "easier",
      "transformations_used": [
        "remove a factor",
        "eliminate a radical",
        "lower a coefficient"
      ],
      "solution": null,
      "evaluations": {},
      "timestamp": "2025-02-10T03:13:27.755063Z"
    },
    {
      "original": "integrate(e**x + cos(x)*e**x + sin(x)*e**x, x)",
      "requested_difficulty": "easier",
      "variant": "integrate(e**x + (cos(x) + sin(x)) * e**x, x)",
      "reasoning": "As a geometry enthusiast, I intuitively look at the transformations involved. I can express this integral as a combination of shapes (areas under curves).",
      "variant_response": null,
      "verification_passed": null,
      "evaluation": "equivalent",
      "transformations_used": [
        "remove a factor",
        "eliminate a radical",
        "lower a coefficient"
      ],
      "solution": null,
      "evaluations": {},
      "timestamp": "2025-02-10T03:13:27.915499Z"
    },
    {
      "original": "integrate(e**x + cos(x)*e**x + sin(x)*e**x, x)",
      "requested_difficulty": "easier",
      "variant": "integrate(e**x * (sin(x) + cos(x) + 1), x)",
      "reasoning": "As a creative mathematician, I can use symmetry properties and model the integral differently by manipulating the sine and cosine terms.",
      "variant_response": null,
      "verification_passed": null,
      "evaluation": "equivalent",
      "transformations_used": [
        "remove a factor",
        "eliminate a radical",
        "lower a coefficient"
      ],
      "solution": null,
      "evaluations": {},
      "timestamp": "2025-02-10T03:13:27.817765Z"
    },
    {
      "original": "integrate(e**x + cos(x)*e**x + sin(x)*e**x, x)",
      "requested_difficulty": "easier",
      "variant": "integrate(e**x * (cosh(x) + sinh(x)), x)",
      "reasoning": "As a theoretical physicist, I recognize the alternate case of hyperbolic functions and can express the integrand differently using hyperbolic sine and cosine.",
      "variant_response": null,
      "verification_passed": null,
      "evaluation": "equivalent",
      "transformations_used": [
        "remove a factor",
        "eliminate a radical",
        "lower a coefficient"
      ],
      "solution": null,
      "evaluations": {},
      "timestamp": "2025-02-10T03:13:27.770470Z"
    },
    {
      "original": "integrate(e**x + cos(x)*e**x + sin(x)*e**x, x)",
      "requested_difficulty": "easier",
      "variant": "integrate((1 + cos(x) + sin(x)) * e**x, x)",
      "reasoning": "As a calculus professor, I love spotting opportunities for elegant simplification. This integral can be written as a single integrand using the distributive property. Hence, it simplifies the integration process.",
      "variant_response": null,
      "verification_passed": null,
      "evaluation": "equivalent",
      "transformations_used": [
        "simplify the denominator",
        "drop a subexpression",
        "replace transcendental functions with simpler algebraic ones"
      ],
      "solution": null,
      "evaluations": {},
      "timestamp": "2025-02-10T03:13:43.965646Z"
    },
    {
      "original": "integrate(e**x + cos(x)*e**x + sin(x)*e**x, x)",
      "requested_difficulty": "easier",
      "variant": "integrate(e**(x)*((sin(x) + cos(x)) + 1), x)",
      "reasoning": "As a student who enjoys polynomials and rational functions, we might explore derivatives of \\(e^x\\) as well and notice that the combination can be represented simpler by considering parts of the mix as polynomial-like transformations.",
      "variant_response": null,
      "verification_passed": null,
      "evaluation": "equivalent",
      "transformations_used": [
        "simplify the denominator",
        "drop a subexpression",
        "replace transcendental functions with simpler algebraic ones"
      ],
      "solution": null,
      "evaluations": {},
      "timestamp": "2025-02-10T03:13:43.833243Z"
    },
    {
      "original": "integrate(e**x + cos(x)*e**x + sin(x)*e**x, x)",
      "requested_difficulty": "equivalent",
      "variant": "integrate(e**x + (e**(ix) + e**(-ix))/2 * e**x + (e**(ix) - e**(-ix))/(2i) * e**x, x)",
      "reasoning": "As a student who likes polynomials, I'm going to rewrite cosine and sine in terms of exponential functions which can overlap with my interests in using polynomials (oscillatory behavior).",
      "variant_response": null,
      "verification_passed": null,
      "evaluation": "equivalent",
      "transformations_used": [
        "rearrange the order of terms",
        "rewrite using different logarithmic properties",
        "apply algebraic identities that preserve complexity"
      ],
      "solution": null,
      "evaluations": {},
      "timestamp": "2025-02-10T03:13:33.783589Z"
    },
    {
      "original": "integrate(e**x + cos(x)*e**x + sin(x)*e**x, x)",
      "requested_difficulty": "equivalent",
      "variant": "integrate(e**x * (cos(x) + sin(x) + 1), x)",
      "reasoning": "As a geometry enthusiast, I relate these functions to their geometric interpretations and thus might opt to cluster terms based on common geometric transformations.",
      "variant_response": null,
      "verification_passed": null,
      "evaluation": "equivalent",
      "transformations_used": [
        "rearrange the order of terms",
        "rewrite using different logarithmic properties",
        "apply algebraic identities that preserve complexity"
      ],
      "solution": null,
      "evaluations": {},
      "timestamp": "2025-02-10T03:13:33.727348Z"
    },
    {
      "original": "integrate(e**x + cos(x)*e**x + sin(x)*e**x, x)",
      "requested_difficulty": "equivalent",
      "variant": "integrate(e**x + e**x * (cos(x) + sin(x)), x)",
      "reasoning": "I also find interesting relationships using multiple angles. As a creative mathematician, I'll introduce double angle formulas for sine and cosine.",
      "variant_response": null,
      "verification_passed": null,
      "evaluation": "equivalent",
      "transformations_used": [
        "rearrange the order of terms",
        "rewrite using different logarithmic properties",
        "apply algebraic identities that preserve complexity"
      ],
      "solution": null,
      "evaluations": {},
      "timestamp": "2025-02-10T03:13:33.491693Z"
    },
    {
      "original": "integrate(e**x + cos(x)*e**x + sin(x)*e**x, x)",
      "requested_difficulty": "equivalent",
      "variant": "integrate(e**x + (e**(ix) - e**(-ix))/(2i) * e**x + (e**(ix) + e**(-ix))/2 * e**x, x)",
      "reasoning": "The theoretical physicist loves interplays between real and imaginary. I'll express sine and cosine through exponential notations separately to emphasize their distinct oscillatory contributions.",
      "variant_response": null,
      "verification_passed": null,
      "evaluation": "equivalent",
      "transformations_used": [
        "rearrange the order of terms",
        "rewrite using different logarithmic properties",
        "apply algebraic identities that preserve complexity"
      ],
      "solution": null,
      "evaluations": {},
      "timestamp": "2025-02-10T03:13:33.523669Z"
    },
    {
      "original": "integrate(e**x + cos(x)*e**x + sin(x)*e**x, x)",
      "requested_difficulty": "equivalent",
      "variant": "integrate(2 * (e**x + cos(x) * e**x + sin(x) * e**x), x)",
      "reasoning": "I, as a calculus professor, enjoy emphasizing different aspects of the same integral. Let's double the terms within the integrand to emphasize the additive nature and symmetry.",
      "variant_response": null,
      "verification_passed": null,
      "evaluation": "equivalent",
      "transformations_used": [
        "rearrange the order of terms",
        "rewrite using different logarithmic properties",
        "apply algebraic identities that preserve complexity"
      ],
      "solution": null,
      "evaluations": {},
      "timestamp": "2025-02-10T03:13:33.864076Z"
    },
    {
      "original": "integrate(e**x + cos(x)*e**x + sin(x)*e**x, x)",
      "requested_difficulty": "equivalent",
      "variant": "integrate(e**x * (1 + sin(x) + cos(x)), x)",
      "reasoning": "As a calculus professor, I admire simplifying expressions for clarity. The original integrand can be factored as \\( e^x(1 + \\sin(x) + \\cos(x)) \\).",
      "variant_response": null,
      "verification_passed": null,
      "evaluation": "equivalent",
      "transformations_used": [
        "change a function to an easier one",
        "rewrite the integrand in a different form without changing overall complexity",
        "exchange similar functions (e.g., sin to cos)"
      ],
      "solution": null,
      "evaluations": {},
      "timestamp": "2025-02-10T03:13:31.387442Z"
    },
    {
      "original": "integrate(e**x + cos(x)*e**x + sin(x)*e**x, x)",
      "requested_difficulty": "equivalent",
      "variant": "integrate(e**x + (1/2)*(e**(ix) + e**(-ix))*e**x + (1/2i)*(e**(ix) - e**(-ix))*e**x, x)",
      "reasoning": "As a creative mathematician, I enjoy finding unusual substitutions. Noticing the combination of exponential and trigonometric functions, I will express \\( \\sin(x) \\) as \\( e^{ix} \\) and \\( \\cos(x) \\) as \\( \\frac{e^{ix} + e^{-ix}}{2} \\) yielding a more complex integrand.",
      "variant_response": null,
      "verification_passed": null,
      "evaluation": "equivalent",
      "transformations_used": [
        "change a function to an easier one",
        "rewrite the integrand in a different form without changing overall complexity",
        "exchange similar functions (e.g., sin to cos)"
      ],
      "solution": null,
      "evaluations": {},
      "timestamp": "2025-02-10T03:13:31.413386Z"
    },
    {
      "original": "integrate(e**x + cos(x)*e**x + sin(x)*e**x, x)",
      "requested_difficulty": "equivalent",
      "variant": "integrate(e**x * (e**(ix) + e**(-ix))/2 + e**x * (e**(ix) - e**(-ix))/(2i), x)",
      "reasoning": "As a theoretical physicist, after observing the behavior of the integrand, I realize the interplay of the exponential growth with oscillating functions. I could express the cosine and sine functions through exponential forms.",
      "variant_response": null,
      "verification_passed": null,
      "evaluation": "equivalent",
      "transformations_used": [
        "change a function to an easier one",
        "rewrite the integrand in a different form without changing overall complexity",
        "exchange similar functions (e.g., sin to cos)"
      ],
      "solution": null,
      "evaluations": {},
      "timestamp": "2025-02-10T03:13:31.103055Z"
    },
    {
      "original": "integrate(e**x + cos(x)*e**x + sin(x)*e**x, x)",
      "requested_difficulty": "equivalent",
      "variant": "integrate(e**x + cos(x)*e**x + sin(x)*e**x, x)",
      "reasoning": "As an engineer, I prefer numerical approaches. Implementing numerical integration can yield an equivalent result without handling the symbolic complexity directly.",
      "variant_response": null,
      "verification_passed": null,
      "evaluation": "equivalent",
      "transformations_used": [
        "change a function to an easier one",
        "rewrite the integrand in a different form without changing overall complexity",
        "exchange similar functions (e.g., sin to cos)"
      ],
      "solution": null,
      "evaluations": {},
      "timestamp": "2025-02-10T03:13:31.052070Z"
    },
    {
      "original": "integrate(e**x + cos(x)*e**x + sin(x)*e**x, x)",
      "requested_difficulty": "equivalent",
      "variant": "integrate(e**(x + I * pi / 2) + e**(x - I * pi / 2), x)",
      "reasoning": "A geometry enthusiast would think of the exponential function as a transformation of space. I can express it in terms of rotational transformations in the plane.",
      "variant_response": null,
      "verification_passed": null,
      "evaluation": "easier",
      "transformations_used": [
        "change a function to an easier one",
        "rewrite the integrand in a different form without changing overall complexity",
        "exchange similar functions (e.g., sin to cos)"
      ],
      "solution": null,
      "evaluations": {},
      "timestamp": "2025-02-10T03:13:31.134171Z"
    }
  ],
  [
    {
      "original": "integrate(p*x*sqrt(x) - x**2, x)",
      "requested_difficulty": "easier",
      "variant": "integrate(p * x**(3/2) - x**2, x)",
      "reasoning": "As a calculus professor, I appreciate the elegance of combining like terms. The term \\( x \\cdot \\sqrt{x} \\) can be rewritten as \\( x^{3/2} \\). This results in a simpler expression without changing the essence of the integral.",
      "variant_response": null,
      "verification_passed": null,
      "evaluation": "equivalent",
      "transformations_used": [
        "simplify the denominator",
        "eliminate a radical",
        "reduce the number of terms in the expression"
      ],
      "solution": null,
      "evaluations": {},
      "timestamp": "2025-02-10T03:13:35.317646Z"
    },
    {
      "original": "integrate(p*x*sqrt(x) - x**2, x)",
      "requested_difficulty": "easier",
      "variant": "integrate(x * (p * sqrt(x) - x), x)",
      "reasoning": "Taking an engineer's practical approach, I suggest simplifying the original expression by factoring out common terms and expressing it in terms of powers of \\( x \\), making it easier to compute and understand.",
      "variant_response": null,
      "verification_passed": null,
      "evaluation": "easier",
      "transformations_used": [
        "simplify the denominator",
        "eliminate a radical",
        "reduce the number of terms in the expression"
      ],
      "solution": null,
      "evaluations": {},
      "timestamp": "2025-02-10T03:13:34.859445Z"
    },
    {
      "original": "integrate(p*x*sqrt(x) - x**2, x)",
      "requested_difficulty": "easier",
      "variant": "integrate(p * x**(3/2) - (1) * x**2, x)",
      "reasoning": "From the perspective of a number theorist, I find interest in manipulating the integral into a form composed solely of integer powers. Using integer coefficients, we could express the square root and powers in a more approachable format.",
      "variant_response": null,
      "verification_passed": null,
      "evaluation": "equivalent",
      "transformations_used": [
        "simplify the denominator",
        "eliminate a radical",
        "reduce the number of terms in the expression"
      ],
      "solution": null,
      "evaluations": {},
      "timestamp": "2025-02-10T03:13:36.474150Z"
    },
    {
      "original": "integrate(p*x*sqrt(x) - x**2, x)",
      "requested_difficulty": "easier",
      "variant": "integrate( 1/2 * p * x**(3/2) - 1/3 * x**3 , x)",
      "reasoning": "As a geometry enthusiast, I see the integral as the area under curves represented by the given polynomial expression. By rewriting it as a sum of conventional 'shapes' (like parabola-like terms), we clarify the geometric interpretation.",
      "variant_response": null,
      "verification_passed": null,
      "evaluation": "equivalent",
      "transformations_used": [
        "simplify the denominator",
        "eliminate a radical",
        "reduce the number of terms in the expression"
      ],
      "solution": null,
      "evaluations": {},
      "timestamp": "2025-02-10T03:13:35.036962Z"
    },
    {
      "original": "integrate(p*x*sqrt(x) - x**2, x)",
      "requested_difficulty": "easier",
      "variant": "integrate(p * x**(3/2) / 1 - x**2 / 1, x)",
      "reasoning": "Viewing from a computational standpoint, I like to turn everything into rational functions. We can separate the terms and represent each part as a simple polynomial in rational function form, enhancing clarity in computation.",
      "variant_response": null,
      "verification_passed": null,
      "evaluation": "equivalent",
      "transformations_used": [
        "simplify the denominator",
        "eliminate a radical",
        "reduce the number of terms in the expression"
      ],
      "solution": null,
      "evaluations": {},
      "timestamp": "2025-02-10T03:13:34.891276Z"
    },
    {
      "original": "integrate(p*x*sqrt(x) - x**2, x)",
      "requested_difficulty": "easier",
      "variant": "integrate(p * x**(3/2), x)",
      "reasoning": "As an algebra-focused student, I aim to simplify computation by breaking down the integral into two separate integrals, thus simplifying the evaluation process.",
      "variant_response": null,
      "verification_passed": null,
      "evaluation": "easier",
      "transformations_used": [
        "simplify the denominator",
        "eliminate a radical",
        "reduce the number of terms in the expression"
      ],
      "solution": null,
      "evaluations": {},
      "timestamp": "2025-02-10T03:13:34.814668Z"
    },
    {
      "original": "integrate(p*x*sqrt(x) - x**2, x)",
      "requested_difficulty": "easier",
      "variant": "integrate(p * x^(3/2) - x^2, x)",
      "reasoning": "Looking at the integral as a theoretical physicist, I can explore the exponential form by rewriting the square root as \\(x^{1/2}\\); this gives me a clearer route to integration.",
      "variant_response": null,
      "verification_passed": null,
      "evaluation": "equivalent",
      "transformations_used": [
        "simplify a trigonometric component",
        "change a function to an easier one",
        "change a function to an easier one",
        "eliminate absolute value terms",
        "drop a subexpression"
      ],
      "solution": null,
      "evaluations": {},
      "timestamp": "2025-02-10T03:13:36.631527Z"
    },
    {
      "original": "integrate(p*x*sqrt(x) - x**2, x)",
      "requested_difficulty": "easier",
      "variant": "integrate(p * x * (x**(1/2) - x**(3/2)), x)",
      "reasoning": "As an engineer, I prefer practical approaches, so I opt to create a simpler form by completing the square. This will help in visualizing the area under the curve for integration.",
      "variant_response": null,
      "verification_passed": null,
      "evaluation": "equivalent",
      "transformations_used": [
        "simplify a trigonometric component",
        "change a function to an easier one",
        "change a function to an easier one",
        "eliminate absolute value terms",
        "drop a subexpression"
      ],
      "solution": null,
      "evaluations": {},
      "timestamp": "2025-02-10T03:13:36.643472Z"
    },
    {
      "original": "integrate(p*x*sqrt(x) - x**2, x)",
      "requested_difficulty": "easier",
      "variant": "integrate(2 * p * (x**(3/2) / 3) - (x**3 / 3), x)",
      "reasoning": "As a geometry enthusiast, I see a geometric transformation in \\(x \\cdot \\sqrt{x}\\). This can be interpreted geometrically, and I will switch to a substitution that reflects the area under the curve more clearly.",
      "variant_response": null,
      "verification_passed": null,
      "evaluation": "equivalent",
      "transformations_used": [
        "simplify a trigonometric component",
        "change a function to an easier one",
        "change a function to an easier one",
        "eliminate absolute value terms",
        "drop a subexpression"
      ],
      "solution": null,
      "evaluations": {},
      "timestamp": "2025-02-10T03:13:36.652942Z"
    },
    {
      "original": "integrate(p*x*sqrt(x) - x**2, x)",
      "requested_difficulty": "easier",
      "variant": "integrate(p * (x**(3/2) / 2) - (x**3 / 3), x)",
      "reasoning": "I can simplify the expression significantly as the creative mathematician, focusing on integral characteristics. Fundamentally, I want to replace the complicated part with a more manageable equivalent that still holds for integration.",
      "variant_response": null,
      "verification_passed": null,
      "evaluation": "equivalent",
      "transformations_used": [
        "simplify a trigonometric component",
        "change a function to an easier one",
        "change a function to an easier one",
        "eliminate absolute value terms",
        "drop a subexpression"
      ],
      "solution": null,
      "evaluations": {},
      "timestamp": "2025-02-10T03:13:36.690254Z"
    },
    {
      "original": "integrate(p*x*sqrt(x) - x**2, x)",
      "requested_difficulty": "equivalent",
      "variant": "integrate(p*x*x**(1/2) - x**2, x)",
      "reasoning": "As a calculus professor, I notice that this integral can benefit from rewriting the integrand using the properties of exponents for smooth integration. The term \\(\\sqrt{x}\\) can be expressed as \\(x^{1/2}\\), leading to a more manageable form of the integrand.",
      "variant_response": null,
      "verification_passed": null,
      "evaluation": "equivalent",
      "transformations_used": [
        "substitute equivalent exponential forms",
        "adjust parameters while keeping the integral equivalent",
        "use trigonometric identities to rewrite expression"
      ],
      "solution": null,
      "evaluations": {},
      "timestamp": "2025-02-10T03:13:36.517867Z"
    },
    {
      "original": "integrate(p*x*sqrt(x) - x**2, x)",
      "requested_difficulty": "equivalent",
      "variant": "integrate(p*x**(3/2) - x**2, x)",
      "reasoning": "As a student focused on polynomials and rational functions, I want to expand the integrand into a polynomial form first, which can help in understanding the roots and simplifying the integral.",
      "variant_response": null,
      "verification_passed": null,
      "evaluation": "equivalent",
      "transformations_used": [
        "substitute equivalent exponential forms",
        "adjust parameters while keeping the integral equivalent",
        "use trigonometric identities to rewrite expression"
      ],
      "solution": null,
      "evaluations": {},
      "timestamp": "2025-02-10T03:13:36.574133Z"
    },
    {
      "original": "integrate(p*x*sqrt(x) - x**2, x)",
      "requested_difficulty": "equivalent",
      "variant": "integrate(p*x(1 - x**(3/2)), x)",
      "reasoning": "As a number theorist, I admire the properties of coefficients and constants. I can factor out common terms for clearer insight into the integrand\u2019s behavior, emphasizing prime factorization or polynomial degree.",
      "variant_response": null,
      "verification_passed": null,
      "evaluation": "easier",
      "transformations_used": [
        "substitute equivalent exponential forms",
        "adjust parameters while keeping the integral equivalent",
        "use trigonometric identities to rewrite expression"
      ],
      "solution": null,
      "evaluations": {},
      "timestamp": "2025-02-10T03:13:37.093123Z"
    },
    {
      "original": "integrate(p*x*sqrt(x) - x**2, x)",
      "requested_difficulty": "equivalent",
      "variant": "integrate(x*(p*sqrt(x) - x), x)",
      "reasoning": "I wear the hat of a creative thinker and notice this polynomial can be factored. I would factor the terms to observe how the integral simplifies and what common integrals I could leverage.",
      "variant_response": null,
      "verification_passed": null,
      "evaluation": "easier",
      "transformations_used": [
        "substitute equivalent exponential forms",
        "adjust parameters while keeping the integral equivalent",
        "use trigonometric identities to rewrite expression"
      ],
      "solution": null,
      "evaluations": {},
      "timestamp": "2025-02-10T03:13:36.539052Z"
    },
    {
      "original": "integrate(p*x*sqrt(x) - x**2, x)",
      "requested_difficulty": "equivalent",
      "variant": "integrate(p*x*sqrt(x), x)",
      "reasoning": "Returning to a calculus perspective, I can apply integration by parts to separate components of the integral, allowing for an elegant recursive evaluation.",
      "variant_response": null,
      "verification_passed": null,
      "evaluation": "easier",
      "transformations_used": [
        "substitute equivalent exponential forms",
        "adjust parameters while keeping the integral equivalent",
        "use trigonometric identities to rewrite expression"
      ],
      "solution": null,
      "evaluations": {},
      "timestamp": "2025-02-10T03:13:36.546705Z"
    },
    {
      "original": "integrate(p*x*sqrt(x) - x**2, x)",
      "requested_difficulty": "equivalent",
      "variant": "integrate(p * x * (x**(1/2)) - x**2, x)",
      "reasoning": "As a calculus professor who loves elegant simplifications, I know that \\( \\sqrt{x} = x^{1/2} \\). This allows me to rewrite the integral in simpler polynomial terms, which can facilitate the integration process.",
      "variant_response": null,
      "verification_passed": null,
      "evaluation": "equivalent",
      "transformations_used": [
        "change a function to an easier one",
        "rewrite the integrand in a different form without changing overall complexity",
        "alter constant terms",
        "rearrange the order of terms",
        "swap numerator and denominator with reciprocal"
      ],
      "solution": null,
      "evaluations": {},
      "timestamp": "2025-02-10T03:13:32.534850Z"
    },
    {
      "original": "integrate(p*x*sqrt(x) - x**2, x)",
      "requested_difficulty": "equivalent",
      "variant": "integrate((p * x**(3/2) - x**2), x)",
      "reasoning": "As a student who prefers working with polynomials, I'll expand \\( \\sqrt{x} \\) in terms of \\( x \\), turning it into \\( x^{1/2} \\) and then rewriting the entire polynomial combining like terms.",
      "variant_response": null,
      "verification_passed": null,
      "evaluation": "equivalent",
      "transformations_used": [
        "change a function to an easier one",
        "rewrite the integrand in a different form without changing overall complexity",
        "alter constant terms",
        "rearrange the order of terms",
        "swap numerator and denominator with reciprocal"
      ],
      "solution": null,
      "evaluations": {},
      "timestamp": "2025-02-10T03:13:32.749929Z"
    },
    {
      "original": "integrate(p*x*sqrt(x) - x**2, x)",
      "requested_difficulty": "equivalent",
      "variant": "integrate((p / 1) * x * sqrt(x) - (1) * x^2, x)",
      "reasoning": "As a number theorist fascinated by rational coefficients, I can express \\( p \\) as \\( p/1 \\) to highlight rational relationships, then rewrite the integral with emphasis on its rational components.",
      "variant_response": null,
      "verification_passed": null,
      "evaluation": "equivalent",
      "transformations_used": [
        "change a function to an easier one",
        "rewrite the integrand in a different form without changing overall complexity",
        "alter constant terms",
        "rearrange the order of terms",
        "swap numerator and denominator with reciprocal"
      ],
      "solution": null,
      "evaluations": {},
      "timestamp": "2025-02-10T03:13:32.781965Z"
    },
    {
      "original": "integrate(p*x*sqrt(x) - x**2, x)",
      "requested_difficulty": "equivalent",
      "variant": "integrate(p * (x**(3/2)) - (x**2), x)",
      "reasoning": "Assuming the imaginative role of a creative mathematician again, I notice that I can transform the square root \\( \\sqrt{x} \\) into \\( x^{1/2} \\) and rearrange it to make integration clearer.",
      "variant_response": null,
      "verification_passed": null,
      "evaluation": "equivalent",
      "transformations_used": [
        "change a function to an easier one",
        "rewrite the integrand in a different form without changing overall complexity",
        "alter constant terms",
        "rearrange the order of terms",
        "swap numerator and denominator with reciprocal"
      ],
      "solution": null,
      "evaluations": {},
      "timestamp": "2025-02-10T03:13:32.553301Z"
    },
    {
      "original": "integrate(p*x*sqrt(x) - x**2, x)",
      "requested_difficulty": "equivalent",
      "variant": "integrate(-x**2 + p * x * sqrt(x), x)",
      "reasoning": "As an engineer, I will also consider reversing the order of terms. By keeping \\( x^2 \\) in another term I can rearrange the expression while maintaining the integrity of the original formulation.",
      "variant_response": null,
      "verification_passed": null,
      "evaluation": "equivalent",
      "transformations_used": [
        "change a function to an easier one",
        "rewrite the integrand in a different form without changing overall complexity",
        "alter constant terms",
        "rearrange the order of terms",
        "swap numerator and denominator with reciprocal"
      ],
      "solution": null,
      "evaluations": {},
      "timestamp": "2025-02-10T03:13:32.508792Z"
    }
  ],
  []
]