[
  [
    {
      "original": "integrate(x**2*x/(2*log(x) + 2), x)",
      "requested_difficulty": "easier",
      "variant": "integrate((x**2 * x) / (log(x) + 1), x)",
      "reasoning": "As a calculus professor, I notice that the integral involves a logarithmic function in the denominator. I can simplify it by factoring out constants and changing the variable to eliminate the log function. Letting \\( u = \\log(x) \\) simplifies the integrand significantly.",
      "evaluation": "easier",
      "extra_verification": null,
      "transformations_used": [
        "remove nested functions",
        "convert a product to a simpler sum",
        "simplify a trigonometric component"
      ],
      "timestamp": "2025-02-05T06:38:46.767480Z"
    },
    {
      "original": "integrate(x**2*x/(2*log(x) + 2), x)",
      "requested_difficulty": "easier",
      "variant": "integrate(x**3 / (log(x) + 1), x)",
      "reasoning": "As a student who enjoys polynomials, I see that the integrand can be simplified by expanding and manipulating the terms. This makes it easier to integrate as polynomials are more straightforward.",
      "evaluation": "easier",
      "extra_verification": null,
      "transformations_used": [
        "remove nested functions",
        "convert a product to a simpler sum",
        "simplify a trigonometric component"
      ],
      "timestamp": "2025-02-05T06:38:46.585666Z"
    },
    {
      "original": "integrate(x**2*x/(2*log(x) + 2), x)",
      "requested_difficulty": "easier",
      "variant": "integrate(x**2 * x / (2 * exp(log(x)) + 2), x)",
      "reasoning": "As a theoretical physicist, I prefer working with exponential forms. I can transform the logarithm into an exponential form, which leads to easier integration techniques.",
      "evaluation": "equivalent",
      "extra_verification": null,
      "transformations_used": [
        "remove nested functions",
        "convert a product to a simpler sum",
        "simplify a trigonometric component"
      ],
      "timestamp": "2025-02-05T06:38:46.612537Z"
    },
    {
      "original": "integrate(x**2*x/(2*log(x) + 2), x)",
      "requested_difficulty": "easier",
      "variant": "integrate(x**3 / (2 * (log(x) + 1)), x)",
      "reasoning": "As an engineer focusing on computational methods, I would prefer integrating functions with rational coefficients. I can convert the log part to a rational approximation for an easier computation.",
      "evaluation": "easier",
      "extra_verification": null,
      "transformations_used": [
        "remove nested functions",
        "convert a product to a simpler sum",
        "simplify a trigonometric component"
      ],
      "timestamp": "2025-02-05T06:38:46.838268Z"
    },
    {
      "original": "integrate(x**2*x/(2*log(x) + 2), x)",
      "requested_difficulty": "easier",
      "variant": "integrate(x**2*x/(log(x)), x)",
      "reasoning": "The creative mathematician in me wants to employ a substitution that simplifies the logarithmic function. A change of variables can make handling the integral more straightforward.",
      "evaluation": "easier",
      "extra_verification": null,
      "transformations_used": [
        "eliminate a radical",
        "simplify a trigonometric component",
        "replace a complex fraction with a simpler one"
      ],
      "timestamp": "2025-02-05T06:38:49.562121Z"
    },
    {
      "original": "integrate(x**2*x/(2*log(x) + 2), x)",
      "requested_difficulty": "easier",
      "variant": "integrate(x**2*x/(exp(log(x)) + 1), x)",
      "reasoning": "As a theoretical physicist, I like to replace the logarithm with an exponential form, which can sometimes simplify the resulting expressions in integration.",
      "evaluation": "equivalent",
      "extra_verification": null,
      "transformations_used": [
        "eliminate a radical",
        "simplify a trigonometric component",
        "replace a complex fraction with a simpler one"
      ],
      "timestamp": "2025-02-05T06:38:42.777482Z"
    },
    {
      "original": "integrate(x**2*x/(2*log(x) + 2), x)",
      "requested_difficulty": "easier",
      "variant": "integrate(x**3/(2 + log(x)), x)",
      "reasoning": "The engineer in me thinks about practical computation. By simplifying the denominator to a polynomial, I can make numerical evaluation much more feasible.",
      "evaluation": "easier",
      "extra_verification": null,
      "transformations_used": [
        "eliminate a radical",
        "simplify a trigonometric component",
        "replace a complex fraction with a simpler one"
      ],
      "timestamp": "2025-02-05T06:38:42.961079Z"
    },
    {
      "original": "integrate(x**2*x/(2*log(x) + 2), x)",
      "requested_difficulty": "easier",
      "variant": "integrate(x**2/(log(x) + 1), x)",
      "reasoning": "As a geometry enthusiast, I see geometric interpretations. By considering the integral in terms of areas and volumes, I can rethink the expression to represent relationships between shapes.",
      "evaluation": "easier",
      "extra_verification": null,
      "transformations_used": [
        "eliminate a radical",
        "simplify a trigonometric component",
        "replace a complex fraction with a simpler one"
      ],
      "timestamp": "2025-02-05T06:38:43.006260Z"
    },
    {
      "original": "integrate(x**2*x/(2*log(x) + 2), x)",
      "requested_difficulty": "easier",
      "variant": "integrate(x**3/(log(x) + 2), x)",
      "reasoning": "The calculus professor might also suggest using properties of logarithms to bring terms together, focusing on the integral of a simpler rational function.",
      "evaluation": "easier",
      "extra_verification": null,
      "transformations_used": [
        "eliminate a radical",
        "simplify a trigonometric component",
        "replace a complex fraction with a simpler one"
      ],
      "timestamp": "2025-02-05T06:38:42.832051Z"
    },
    {
      "original": "integrate(x**2*x/(2*log(x) + 2), x)",
      "requested_difficulty": "easier",
      "variant": "integrate(x**2*(x/(2 + log(x))), x)",
      "reasoning": "As a creative mathematician, I would consider combining terms intelligently to prepare for substitution, which can significantly streamline the integration process.",
      "evaluation": "easier",
      "extra_verification": null,
      "transformations_used": [
        "eliminate a radical",
        "simplify a trigonometric component",
        "replace a complex fraction with a simpler one"
      ],
      "timestamp": "2025-02-05T06:38:42.843196Z"
    },
    {
      "original": "integrate(x**2*x/(2*log(x) + 2), x)",
      "requested_difficulty": "equivalent",
      "variant": "integrate(x**2 * x / log(x), x)",
      "reasoning": "As a calculus professor, I notice that we can factor out constants, simplifying the integral while still preserving its complexity.",
      "evaluation": "easier",
      "extra_verification": null,
      "transformations_used": [
        "apply algebraic identities that preserve complexity",
        "swap numerator and denominator with reciprocal",
        "alter constant terms"
      ],
      "timestamp": "2025-02-05T06:38:44.599747Z"
    },
    {
      "original": "integrate(x**2*x/(2*log(x) + 2), x)",
      "requested_difficulty": "equivalent",
      "variant": "integrate((x**3)/(2 * (1 + log(x))), x)",
      "reasoning": "As a student who loves polynomials, I see that we keep the integrand but explore the power expansion of \\( log(x) \\) leading us to new expressions.",
      "evaluation": "easier",
      "extra_verification": null,
      "transformations_used": [
        "apply algebraic identities that preserve complexity",
        "swap numerator and denominator with reciprocal",
        "alter constant terms"
      ],
      "timestamp": "2025-02-05T06:38:44.560144Z"
    },
    {
      "original": "integrate(x**2*x/(2*log(x) + 2), x)",
      "requested_difficulty": "equivalent",
      "variant": "integrate(x**2 * x / (2 * exp(log(x))), x)",
      "reasoning": "I am a theoretical physicist, so I opt to express \\( log(x) \\) in terms of exponentials, which gives us an interesting view into exponential growth.",
      "evaluation": "equivalent",
      "extra_verification": null,
      "transformations_used": [
        "apply algebraic identities that preserve complexity",
        "swap numerator and denominator with reciprocal",
        "alter constant terms"
      ],
      "timestamp": "2025-02-05T06:38:44.597354Z"
    },
    {
      "original": "integrate(x**2*x/(2*log(x) + 2), x)",
      "requested_difficulty": "equivalent",
      "variant": "integrate(x**2 * x / (0.693 * x + 1), x)",
      "reasoning": "As an engineer, I prefer computational forms. I can rewrite the expression with a numerical approximation for logarithm and simplify the expression.",
      "evaluation": "easier",
      "extra_verification": null,
      "transformations_used": [
        "apply algebraic identities that preserve complexity",
        "swap numerator and denominator with reciprocal",
        "alter constant terms"
      ],
      "timestamp": "2025-02-05T06:38:44.813006Z"
    },
    {
      "original": "integrate(x**2*x/(2*log(x) + 2), x)",
      "requested_difficulty": "equivalent",
      "variant": "integrate((x**3)/(3 * log(x) + 6), x)",
      "reasoning": "From a number theorist\u2019s perspective, we can form a version using rational coefficients for further exploration of prime aspects.",
      "evaluation": "easier",
      "extra_verification": null,
      "transformations_used": [
        "apply algebraic identities that preserve complexity",
        "swap numerator and denominator with reciprocal",
        "alter constant terms"
      ],
      "timestamp": "2025-02-05T06:38:44.673979Z"
    },
    {
      "original": "integrate(x**2*x/(2*log(x) + 2), x)",
      "requested_difficulty": "equivalent",
      "variant": "integrate(x**3/(log(x) + 1), x)",
      "reasoning": "As a calculus professor, I appreciate rewriting in terms of simpler components. We can factor out the constant to facilitate integration.",
      "evaluation": "easier",
      "extra_verification": null,
      "transformations_used": [
        "rearrange the order of terms",
        "alter constant terms",
        "use trigonometric identities to rewrite expression",
        "substitute equivalent exponential forms",
        "rewrite using alternate algebraic forms"
      ],
      "timestamp": "2025-02-05T06:38:48.319717Z"
    },
    {
      "original": "integrate(x**2*x/(2*log(x) + 2), x)",
      "requested_difficulty": "equivalent",
      "variant": "integrate(2 * x**3 / (2 * log(x) + 2), x)",
      "reasoning": "As a student who prefers working with polynomials, I recognize that a rational representation could ease integration. We can multiply by 2 to eliminate the denominator.",
      "evaluation": "easier",
      "extra_verification": null,
      "transformations_used": [
        "rearrange the order of terms",
        "alter constant terms",
        "use trigonometric identities to rewrite expression",
        "substitute equivalent exponential forms",
        "rewrite using alternate algebraic forms"
      ],
      "timestamp": "2025-02-05T06:38:48.440623Z"
    },
    {
      "original": "integrate(x**2*x/(2*log(x) + 2), x)",
      "requested_difficulty": "equivalent",
      "variant": "integrate((x**3)/(2 * log(x) + 2), x)",
      "reasoning": "In the spirit of a theoretical physicist, we can look at transformations involving exponential growth patterns, recognizing the underlying \\( e^{\\log(x)} \\) component.",
      "evaluation": "easier",
      "extra_verification": null,
      "transformations_used": [
        "rearrange the order of terms",
        "alter constant terms",
        "use trigonometric identities to rewrite expression",
        "substitute equivalent exponential forms",
        "rewrite using alternate algebraic forms"
      ],
      "timestamp": "2025-02-05T06:38:48.414455Z"
    },
    {
      "original": "integrate(x**2*x/(2*log(x) + 2), x)",
      "requested_difficulty": "equivalent",
      "variant": "integrate((x**3)/(log(x) + log(2)), x)",
      "reasoning": "A number theorist would appreciate the structural shifts in logarithmic terms. We could represent the logarithm as a scalar multiple to show its properties.",
      "evaluation": "easier",
      "extra_verification": null,
      "transformations_used": [
        "rearrange the order of terms",
        "alter constant terms",
        "use trigonometric identities to rewrite expression",
        "substitute equivalent exponential forms",
        "rewrite using alternate algebraic forms"
      ],
      "timestamp": "2025-02-05T06:38:48.358179Z"
    },
    {
      "original": "integrate(x**2*x/(2*log(x) + 2), x)",
      "requested_difficulty": "equivalent",
      "variant": "integrate((x**3)/(2*(log(x) + 1)), x)",
      "reasoning": "A creative substitution could appeal to the polynomial perspective. Let's rewrite using polynomial long division and another representation of logarithm, yielding insight into asymptotic behavior.",
      "evaluation": "easier",
      "extra_verification": null,
      "transformations_used": [
        "rearrange the order of terms",
        "alter constant terms",
        "use trigonometric identities to rewrite expression",
        "substitute equivalent exponential forms",
        "rewrite using alternate algebraic forms"
      ],
      "timestamp": "2025-02-05T06:38:48.807588Z"
    }
  ],
  [
    {
      "original": "integrate(2*log(x)+log(x)**2, x)",
      "requested_difficulty": "easier",
      "variant": "integrate(2*log(x) + log(x)**2, x)",
      "reasoning": "As a calculus professor, I appreciate the power of substitution. Let's make a substitution with \\( u = \\log(x) \\). This simplifies the integrand significantly while maintaining a level of complexity. The term \\( 2\\log(x)+\\log(x)^2 \\) can be rewritten as \\( 2u + u^2 \\).",
      "evaluation": "equivalent",
      "extra_verification": null,
      "transformations_used": [
        "simplify composite trigonometric functions",
        "lower a coefficient",
        "reduce the number of terms in the expression"
      ],
      "timestamp": "2025-02-05T06:38:44.785682Z"
    },
    {
      "original": "integrate(2*log(x)+log(x)**2, x)",
      "requested_difficulty": "easier",
      "variant": "integrate(2*log(x), x)",
      "reasoning": "The engineer in me loves practicality, so let\u2019s focus on reducing the integral to manageable computational components. I can separate the terms of the integral, simplifying calculations for each part.",
      "evaluation": "easier",
      "extra_verification": null,
      "transformations_used": [
        "simplify composite trigonometric functions",
        "lower a coefficient",
        "reduce the number of terms in the expression"
      ],
      "timestamp": "2025-02-05T06:38:45.009248Z"
    },
    {
      "original": "integrate(2*log(x)+log(x)**2, x)",
      "requested_difficulty": "easier",
      "variant": "integrate(log(x**2 * x), x)",
      "reasoning": "The number theorist in me enjoys patterns, especially those involving logarithmic transformations. Let\u2019s look at properties of logarithmic products; I\u2019ll rewrite the integrand to highlight potential simplifications.",
      "evaluation": "equivalent",
      "extra_verification": null,
      "transformations_used": [
        "simplify composite trigonometric functions",
        "lower a coefficient",
        "reduce the number of terms in the expression"
      ],
      "timestamp": "2025-02-05T06:38:45.783747Z"
    },
    {
      "original": "integrate(2*log(x)+log(x)**2, x)",
      "requested_difficulty": "easier",
      "variant": "integrate(log(x**2), x)",
      "reasoning": "In my role as a geometry enthusiast, I translate logarithmic relationships into geometric transformations. Here, I can reshape the function focusing on its growth characteristics, allowing for useful interpretations of the logarithmic form.",
      "evaluation": "easier",
      "extra_verification": null,
      "transformations_used": [
        "simplify composite trigonometric functions",
        "lower a coefficient",
        "reduce the number of terms in the expression"
      ],
      "timestamp": "2025-02-05T06:38:45.043100Z"
    },
    {
      "original": "integrate(2*log(x)+log(x)**2, x)",
      "requested_difficulty": "easier",
      "variant": "integrate(log(2*x), x)",
      "reasoning": "As a creative mathematician, let's try dealing with simpler logarithmic compositions; instead of squaring log, I can create a linear transformation to limit complexity while still embracing challenge.",
      "evaluation": "easier",
      "extra_verification": null,
      "transformations_used": [
        "simplify composite trigonometric functions",
        "lower a coefficient",
        "reduce the number of terms in the expression"
      ],
      "timestamp": "2025-02-05T06:38:44.881225Z"
    },
    {
      "original": "integrate(2*log(x)+log(x)**2, x)",
      "requested_difficulty": "easier",
      "variant": "integrate(log(x) * (2 + log(x)), x)",
      "reasoning": "As a calculus professor, I see that the original integrand combines logarithmic functions. A common technique is integration by parts, but I prefer to think about breaking it into simpler parts. We can rewrite the expression in a way that allows us to use known integrals of powers of logarithms.",
      "evaluation": "equivalent",
      "extra_verification": null,
      "transformations_used": [
        "simplify a trigonometric component",
        "reduce an exponent",
        "remove a factor"
      ],
      "timestamp": "2025-02-05T06:38:42.894989Z"
    },
    {
      "original": "integrate(2*log(x)+log(x)**2, x)",
      "requested_difficulty": "easier",
      "variant": "integrate(2*(x - 1) + ((x - 1)**2), x)",
      "reasoning": "As an engineer, I like to work with approximations and expansions. I can consider the logarithmic functions at small values of \\( x \\), which might lead to Taylor series expansions. It makes the integral easier to handle computationally.",
      "evaluation": "easier",
      "extra_verification": null,
      "transformations_used": [
        "simplify a trigonometric component",
        "reduce an exponent",
        "remove a factor"
      ],
      "timestamp": "2025-02-05T06:38:49.555775Z"
    },
    {
      "original": "integrate(2*log(x)+log(x)**2, x)",
      "requested_difficulty": "easier",
      "variant": "integrate(log(x) + log(x**2), x)",
      "reasoning": "As a geometry enthusiast, I often think in terms of area under curves. The log function can be visualized as a transformation on coordinates. I can manipulate the function to make it appear more geometric.",
      "evaluation": "easier",
      "extra_verification": null,
      "transformations_used": [
        "simplify a trigonometric component",
        "reduce an exponent",
        "remove a factor"
      ],
      "timestamp": "2025-02-05T06:38:42.757180Z"
    },
    {
      "original": "integrate(2*log(x)+log(x)**2, x)",
      "requested_difficulty": "easier",
      "variant": "integrate(log(2*x) + log(x), x)",
      "reasoning": "As a calculus professor focused on elegant simplifications, I can notice that certain logarithmic identities can allow us to reduce complexity. The identity \\( \\log(a) + \\log(b) = \\log(ab) \\) simplifies our work.",
      "evaluation": "easier",
      "extra_verification": null,
      "transformations_used": [
        "simplify a trigonometric component",
        "reduce an exponent",
        "remove a factor"
      ],
      "timestamp": "2025-02-05T06:38:42.879515Z"
    },
    {
      "original": "integrate(2*log(x)+log(x)**2, x)",
      "requested_difficulty": "easier",
      "variant": "integrate(log(x**2)/2 + log(x**3)/3, x)",
      "reasoning": "As an engineer focused on real-world applications, I can use properties of logarithms in terms of decay or growth processes, simplifying the original expression while keeping it relevant to practical scenarios.",
      "evaluation": "equivalent",
      "extra_verification": null,
      "transformations_used": [
        "simplify a trigonometric component",
        "reduce an exponent",
        "remove a factor"
      ],
      "timestamp": "2025-02-05T06:38:42.997247Z"
    },
    {
      "original": "integrate(2*log(x)+log(x)**2, x)",
      "requested_difficulty": "equivalent",
      "variant": "integrate(log(x) * (log(x) + 2), x)",
      "reasoning": "As a calculus professor, I appreciate simplifying expressions. I can factor out a log term to streamline the integral.",
      "evaluation": "equivalent",
      "extra_verification": null,
      "transformations_used": [
        "rearrange the order of terms",
        "factor common terms differently",
        "exchange similar functions (e.g., sin to cos)"
      ],
      "timestamp": "2025-02-05T06:38:46.227220Z"
    },
    {
      "original": "integrate(2*log(x)+log(x)**2, x)",
      "requested_difficulty": "equivalent",
      "variant": "integrate(2*log(x) + (log(x))**2, x)",
      "reasoning": "As a student fond of polynomials, transforming the logarithmic expression into a polynomial form makes sense. I can rewrite \\( \\log(x)^2 \\) to highlight its polynomial nature.",
      "evaluation": "equivalent",
      "extra_verification": null,
      "transformations_used": [
        "rearrange the order of terms",
        "factor common terms differently",
        "exchange similar functions (e.g., sin to cos)"
      ],
      "timestamp": "2025-02-05T06:38:46.134616Z"
    },
    {
      "original": "integrate(2*log(x)+log(x)**2, x)",
      "requested_difficulty": "equivalent",
      "variant": "integrate(log(x**2) + log(x**2) * log(x), x)",
      "reasoning": "As a theoretical physicist, I prefer expressing functions in exponential form. We know \\( e^{\\log(x)} = x \\); thus, using \\( x \\) directly can offer unique insight.",
      "evaluation": "equivalent",
      "extra_verification": null,
      "transformations_used": [
        "rearrange the order of terms",
        "factor common terms differently",
        "exchange similar functions (e.g., sin to cos)"
      ],
      "timestamp": "2025-02-05T06:38:50.113288Z"
    },
    {
      "original": "integrate(2*log(x)+log(x)**2, x)",
      "requested_difficulty": "equivalent",
      "variant": "integrate(2*(log(x)) + (log(x) + log(10))**2 - log(10)**2, x)",
      "reasoning": "The geometry enthusiast appreciates the transformation of logarithmic terms. By rewriting the terms in a rotated manner, we can visualize the integral's behavior more dynamically.",
      "evaluation": "equivalent",
      "extra_verification": null,
      "transformations_used": [
        "rearrange the order of terms",
        "factor common terms differently",
        "exchange similar functions (e.g., sin to cos)"
      ],
      "timestamp": "2025-02-05T06:38:46.110469Z"
    },
    {
      "original": "integrate(2*log(x)+log(x)**2, x)",
      "requested_difficulty": "equivalent",
      "variant": "integrate(log(x)**2 * 2, x)",
      "reasoning": "As a calculus professor again, I can leverage integration by parts by selecting \\( u = log(x)^2 \\) and \\( dv = 2 dx \\). This reveals a deeper structure in the integral.",
      "evaluation": "easier",
      "extra_verification": null,
      "transformations_used": [
        "rearrange the order of terms",
        "factor common terms differently",
        "exchange similar functions (e.g., sin to cos)"
      ],
      "timestamp": "2025-02-05T06:38:46.141184Z"
    },
    {
      "original": "integrate(2*log(x)+log(x)**2, x)",
      "requested_difficulty": "equivalent",
      "variant": "integrate(log(x) + log(x) + log(x)**2, x)",
      "reasoning": "Embracing a creative approach, I can express log functions in terms of their difference, which might yield surprising integration properties.",
      "evaluation": "equivalent",
      "extra_verification": null,
      "transformations_used": [
        "rearrange the order of terms",
        "factor common terms differently",
        "exchange similar functions (e.g., sin to cos)"
      ],
      "timestamp": "2025-02-05T06:38:46.073506Z"
    },
    {
      "original": "integrate(2*log(x)+log(x)**2, x)",
      "requested_difficulty": "equivalent",
      "variant": "integrate(log(x)*(log(x) + 2), x)",
      "reasoning": "As an engineer, let\u2019s utilize an approximation technique by grouping logarithmic terms differently, perhaps highlighting growth differences.",
      "evaluation": "equivalent",
      "extra_verification": null,
      "transformations_used": [
        "rearrange the order of terms",
        "factor common terms differently",
        "exchange similar functions (e.g., sin to cos)"
      ],
      "timestamp": "2025-02-05T06:38:46.289848Z"
    },
    {
      "original": "integrate(2*log(x)+log(x)**2, x)",
      "requested_difficulty": "equivalent",
      "variant": "integrate(log(x)**2 + log(x) + log(x), x)",
      "reasoning": "As a calculus professor, I am drawn to the simplifications from logarithmic identities. Utilizing the property \\( a \\log(b) = \\log(b^a) \\), we can combine terms elegantly.",
      "evaluation": "easier",
      "extra_verification": null,
      "transformations_used": [
        "apply algebraic identities that preserve complexity",
        "factor common terms differently",
        "use alternate but equivalent radical forms",
        "rewrite using alternate algebraic forms",
        "substitute equivalent exponential forms"
      ],
      "timestamp": "2025-02-05T06:38:47.448714Z"
    },
    {
      "original": "integrate(2*log(x)+log(x)**2, x)",
      "requested_difficulty": "equivalent",
      "variant": "integrate(2 * ln(x) + ln(x)**2, x)",
      "reasoning": "As a creative mathematician, I enjoy exploring alternate forms. One might rewrite \\( \\log(x) \\) in terms of \\( e \\) for an interesting twist. Let's express it as \\( \\log(x) = ln(x) \\).",
      "evaluation": "equivalent",
      "extra_verification": null,
      "transformations_used": [
        "apply algebraic identities that preserve complexity",
        "factor common terms differently",
        "use alternate but equivalent radical forms",
        "rewrite using alternate algebraic forms",
        "substitute equivalent exponential forms"
      ],
      "timestamp": "2025-02-05T06:38:47.645593Z"
    },
    {
      "original": "integrate(2*log(x)+log(x)**2, x)",
      "requested_difficulty": "equivalent",
      "variant": "integrate(2 * (x - 1) - (x - 1)**2/2, x)",
      "reasoning": "As an engineer, I appreciate computational approaches. I suggest expressing the integral in terms of polynomial approximations of \\( log(x) \\) near certain ranges. This retains complexity while becoming easier to handle in certain intervals.",
      "evaluation": "easier",
      "extra_verification": null,
      "transformations_used": [
        "apply algebraic identities that preserve complexity",
        "factor common terms differently",
        "use alternate but equivalent radical forms",
        "rewrite using alternate algebraic forms",
        "substitute equivalent exponential forms"
      ],
      "timestamp": "2025-02-05T06:38:47.255105Z"
    }
  ],
  [],
  [
    {
      "original": "integrate(sin(2*x)*cos(cos(x)), x)",
      "requested_difficulty": "easier",
      "variant": "integrate(sin(2*x)*cos(1), x)",
      "reasoning": "As a calculus professor, I recognize that removing the nested function will help simplify this integral significantly while still retaining some complexity. By replacing \\(\\cos(\\cos(x))\\) with \\(\\cos(1)\\), we can avoid the complications of evaluating the nested cosines.",
      "evaluation": "easier",
      "extra_verification": null,
      "transformations_used": [
        "remove a complicated term",
        "remove nested functions",
        "replace transcendental functions with simpler algebraic ones",
        "reduce the degree of a polynomial",
        "reduce an exponent"
      ],
      "timestamp": "2025-02-05T06:38:46.572710Z"
    },
    {
      "original": "integrate(sin(2*x)*cos(cos(x)), x)",
      "requested_difficulty": "easier",
      "variant": "integrate(sin(2*x)*cos(0), x)",
      "reasoning": "As a creative mathematician, I love substitution. By transforming \\(\\cos(\\cos(x))\\) into a more manageable form, such as a constant, I can keep the essential harmonic nature of the original function intact. Here, I can use \\(\\cos(0)\\) which equals 1.",
      "evaluation": "easier",
      "extra_verification": null,
      "transformations_used": [
        "remove a complicated term",
        "remove nested functions",
        "replace transcendental functions with simpler algebraic ones",
        "reduce the degree of a polynomial",
        "reduce an exponent"
      ],
      "timestamp": "2025-02-05T06:38:46.608484Z"
    },
    {
      "original": "integrate(sin(2*x)*cos(cos(x)), x)",
      "requested_difficulty": "easier",
      "variant": "integrate(sin(2*x)*1, x)",
      "reasoning": "As a student who enjoys working with polynomials, I would prefer to avoid transcendental functions where possible. Replacing \\(\\cos(\\cos(x))\\) with a simpler algebraic term like \\(1\\) could help in simplifying the integration process.",
      "evaluation": "easier",
      "extra_verification": null,
      "transformations_used": [
        "remove a complicated term",
        "remove nested functions",
        "replace transcendental functions with simpler algebraic ones",
        "reduce the degree of a polynomial",
        "reduce an exponent"
      ],
      "timestamp": "2025-02-05T06:38:46.635738Z"
    },
    {
      "original": "integrate(sin(2*x)*cos(cos(x)), x)",
      "requested_difficulty": "easier",
      "variant": "integrate(2*sin(x)*cos(x), x)",
      "reasoning": "As a theoretical physicist, I might prefer trigonometric identities. By using the identity \\(\\sin(2x) = 2\\sin(x)\\cos(x)\\) and simplifying further by approximating \\(\\cos(\\cos(x))\\) as \\(1\\), we keep a similar structure without much complexity.",
      "evaluation": "easier",
      "extra_verification": null,
      "transformations_used": [
        "remove a complicated term",
        "remove nested functions",
        "replace transcendental functions with simpler algebraic ones",
        "reduce the degree of a polynomial",
        "reduce an exponent"
      ],
      "timestamp": "2025-02-05T06:38:46.698106Z"
    },
    {
      "original": "integrate(sin(2*x)*cos(cos(x)), x)",
      "requested_difficulty": "easier",
      "variant": "integrate(sin(2*x)*(1/2), x)",
      "reasoning": "As a practical engineer, I focus on computational methods. By taking \\(\\cos(\\cos(x))\\) which oscillates but stays bounded, I simplify it to a constant average value such as \\(\\frac{1}{2}\\) for computational ease.",
      "evaluation": "easier",
      "extra_verification": null,
      "transformations_used": [
        "remove a complicated term",
        "remove nested functions",
        "replace transcendental functions with simpler algebraic ones",
        "reduce the degree of a polynomial",
        "reduce an exponent"
      ],
      "timestamp": "2025-02-05T06:38:46.553020Z"
    },
    {
      "original": "integrate(sin(2*x)*cos(cos(x)), x)",
      "requested_difficulty": "easier",
      "variant": "integrate((2*x - (4/3)*x**3)*1, x)",
      "reasoning": "As a student inclined toward rational functions, I see \\(\\sin(2x)\\) can be expressed via polynomials based on their Taylor series. Therefore, approximating \\(\\cos(\\cos(x))\\) to a first-order term simplifies the composition well.",
      "evaluation": "easier",
      "extra_verification": null,
      "transformations_used": [
        "remove a complicated term",
        "remove nested functions",
        "replace transcendental functions with simpler algebraic ones",
        "reduce the degree of a polynomial",
        "reduce an exponent"
      ],
      "timestamp": "2025-02-05T06:38:46.491777Z"
    },
    {
      "original": "integrate(sin(2*x)*cos(cos(x)), x)",
      "requested_difficulty": "easier",
      "variant": "integrate(sin(2*x) * (1 - (cos(x)**2)/2), x)",
      "reasoning": "From the perspective of a student who favors polynomials, let's simplify the complexity of cos(cos(x)). Instead, I can focus on cos(x) and explore its own polynomial Taylor series expansion for a neighborhood around 0.",
      "evaluation": "easier",
      "extra_verification": null,
      "transformations_used": [
        "remove logarithmic terms",
        "remove a complicated term",
        "replace a complex fraction with a simpler one"
      ],
      "timestamp": "2025-02-05T06:38:42.761302Z"
    },
    {
      "original": "integrate(sin(2*x)*cos(cos(x)), x)",
      "requested_difficulty": "easier",
      "variant": "integrate(sin(2*x) * (1 - cos(x)**2/2), x)",
      "reasoning": "An engineer typically favors computational efficiency. By approximating the cosine function in the interval of interest, I can create a variant that might be easier to integrate numerically.",
      "evaluation": "easier",
      "extra_verification": null,
      "transformations_used": [
        "remove logarithmic terms",
        "remove a complicated term",
        "replace a complex fraction with a simpler one"
      ],
      "timestamp": "2025-02-05T06:38:42.785907Z"
    },
    {
      "original": "integrate(sin(2*x)*cos(cos(x)), x)",
      "requested_difficulty": "easier",
      "variant": "integrate(sin(2*x) * cos(3), x)",
      "reasoning": "As a number theorist, I observe that primes can help simplify the function. Let's focus on constants or coefficients that are prime numbers, which can allow us to draw conclusions from their simplicity.",
      "evaluation": "easier",
      "extra_verification": null,
      "transformations_used": [
        "remove logarithmic terms",
        "remove a complicated term",
        "replace a complex fraction with a simpler one"
      ],
      "timestamp": "2025-02-05T06:38:43.231421Z"
    },
    {
      "original": "integrate(sin(2*x)*cos(cos(x)), x)",
      "requested_difficulty": "easier",
      "variant": "integrate(sin(2*x) * (1 - (x**2)/2), x)",
      "reasoning": "With an engineering perspective, a practical way is to use the small angle approximation for the cosine function. This keeps the integral non-trivial while making calculation feasible.",
      "evaluation": "easier",
      "extra_verification": null,
      "transformations_used": [
        "remove logarithmic terms",
        "remove a complicated term",
        "replace a complex fraction with a simpler one"
      ],
      "timestamp": "2025-02-05T06:38:42.779833Z"
    },
    {
      "original": "integrate(sin(2*x)*cos(cos(x)), x)",
      "requested_difficulty": "equivalent",
      "variant": "integrate(cos(cos(x)) * d(sin(2*x)), x)",
      "reasoning": "From the engineer's perspective, we can transform the integral by applying integration by parts and focusing on practical computation aspects.",
      "evaluation": "easier",
      "extra_verification": null,
      "transformations_used": [
        "rewrite the integrand in a different form without changing overall complexity",
        "rewrite using alternate algebraic forms",
        "rearrange the order of terms"
      ],
      "timestamp": "2025-02-05T06:38:43.750697Z"
    },
    {
      "original": "integrate(sin(2*x)*cos(cos(x)), x)",
      "requested_difficulty": "equivalent",
      "variant": "integrate(sin(2 * (\u03c0 - x)) * cos(cos(\u03c0 - x)), x)",
      "reasoning": "A calculus lover, I can take advantage of symmetry properties by translating \\( x \\) to \\( \u03c0 - x \\) and utilizing the symmetry of sine functions.",
      "evaluation": "equivalent",
      "extra_verification": null,
      "transformations_used": [
        "rewrite the integrand in a different form without changing overall complexity",
        "rewrite using alternate algebraic forms",
        "rearrange the order of terms"
      ],
      "timestamp": "2025-02-05T06:38:43.755554Z"
    },
    {
      "original": "integrate(sin(2*x)*cos(cos(x)), x)",
      "requested_difficulty": "equivalent",
      "variant": "integrate((1/2i)(e^(2ix) - e^(-2ix))(e^(i cos(x)) + e^(-i cos(x))), x)",
      "reasoning": "Taking on the persona of a theoretical physicist, I see the potential for using complex exponentials. I represent both sine and cosine in terms of exponentials to maintain a complex but valid form.",
      "evaluation": "equivalent",
      "extra_verification": null,
      "transformations_used": [
        "apply algebraic identities that preserve complexity",
        "rewrite using alternate algebraic forms",
        "factor common terms differently",
        "rewrite the integrand in a different form without changing overall complexity",
        "change variables while maintaining complexity"
      ],
      "timestamp": "2025-02-05T06:38:46.253942Z"
    },
    {
      "original": "integrate(sin(2*x)*cos(cos(x)), x)",
      "requested_difficulty": "equivalent",
      "variant": "integrate(-sin(2*x + \u03c0/2)*cos(cos(x)), x)",
      "reasoning": "As a number theorist, I explore symmetry by reformulating the integral using symmetry in properties of sine and cosine functions and their periodicity. This approach yields a framed version in sine.",
      "evaluation": "equivalent",
      "extra_verification": null,
      "transformations_used": [
        "apply algebraic identities that preserve complexity",
        "rewrite using alternate algebraic forms",
        "factor common terms differently",
        "rewrite the integrand in a different form without changing overall complexity",
        "change variables while maintaining complexity"
      ],
      "timestamp": "2025-02-05T06:38:46.072527Z"
    },
    {
      "original": "integrate(sin(2*x)*cos(cos(x)), x)",
      "requested_difficulty": "equivalent",
      "variant": "integrate(1/2*(sin(2x + cos(cos(x))) - sin(2x - cos(cos(x)))), x)",
      "reasoning": "As an eccentric mathematician, I find value in blending trigonometric forms. I explore an alternative representation using a product-to-sum identity that maintains complexity.",
      "evaluation": "equivalent",
      "extra_verification": null,
      "transformations_used": [
        "apply algebraic identities that preserve complexity",
        "rewrite using alternate algebraic forms",
        "factor common terms differently",
        "rewrite the integrand in a different form without changing overall complexity",
        "change variables while maintaining complexity"
      ],
      "timestamp": "2025-02-05T06:38:46.348286Z"
    }
  ],
  [
    {
      "original": "integrate(log(x**2) - 2*log(2*x), x)",
      "requested_difficulty": "easier",
      "variant": "integrate(log(1/4), x)",
      "reasoning": "As a calculus professor, I prefer integrands that reveal elegant patterns in simplifications. Let's simplify using logarithmic properties.",
      "evaluation": "easier",
      "extra_verification": null,
      "transformations_used": [
        "remove logarithmic terms",
        "simplify the denominator",
        "replace a complex fraction with a simpler one",
        "eliminate absolute value terms",
        "simplify a trigonometric component"
      ],
      "timestamp": "2025-02-05T06:38:43.712093Z"
    },
    {
      "original": "integrate(log(x**2) - 2*log(2*x), x)",
      "requested_difficulty": "easier",
      "variant": "integrate(2*log(x) - 2*log(2) - 2*log(x), x)",
      "reasoning": "As a student of polynomials, I want to express logs in terms of polynomials. So, let's focus on a polynomial expansion of log terms.",
      "evaluation": "easier",
      "extra_verification": null,
      "transformations_used": [
        "remove logarithmic terms",
        "simplify the denominator",
        "replace a complex fraction with a simpler one",
        "eliminate absolute value terms",
        "simplify a trigonometric component"
      ],
      "timestamp": "2025-02-05T06:38:43.785785Z"
    },
    {
      "original": "integrate(log(x**2) - 2*log(2*x), x)",
      "requested_difficulty": "easier",
      "variant": "integrate(log(1/4) + log(1/x**2), x)",
      "reasoning": "As an engineer, I look for practical approaches. By simplifying logarithmic expressions step-wise, let\u2019s express them in a straightforward manner.",
      "evaluation": "equivalent",
      "extra_verification": null,
      "transformations_used": [
        "remove logarithmic terms",
        "simplify the denominator",
        "replace a complex fraction with a simpler one",
        "eliminate absolute value terms",
        "simplify a trigonometric component"
      ],
      "timestamp": "2025-02-05T06:38:44.044317Z"
    },
    {
      "original": "integrate(log(x**2) - 2*log(2*x), x)",
      "requested_difficulty": "easier",
      "variant": "integrate(log(1/2) - log(2) - log(x), x)",
      "reasoning": "Number theorists are enamored with simplicity. Let\u2019s focus on integer values to eradicate complexities of logarithms, focusing instead on rational coefficients.",
      "evaluation": "easier",
      "extra_verification": null,
      "transformations_used": [
        "remove logarithmic terms",
        "simplify the denominator",
        "replace a complex fraction with a simpler one",
        "eliminate absolute value terms",
        "simplify a trigonometric component"
      ],
      "timestamp": "2025-02-05T06:38:43.816418Z"
    },
    {
      "original": "integrate(log(x**2) - 2*log(2*x), x)",
      "requested_difficulty": "easier",
      "variant": "integrate(log(x**2) / log(4), x)",
      "reasoning": "The geometry enthusiast loves transformations. I will explore the integral under a geometrical lens by transforming the logarithmic expression geometrically.",
      "evaluation": "easier",
      "extra_verification": null,
      "transformations_used": [
        "remove logarithmic terms",
        "simplify the denominator",
        "replace a complex fraction with a simpler one",
        "eliminate absolute value terms",
        "simplify a trigonometric component"
      ],
      "timestamp": "2025-02-05T06:38:43.768753Z"
    },
    {
      "original": "integrate(log(x**2) - 2*log(2*x), x)",
      "requested_difficulty": "easier",
      "variant": "integrate(log(x**2/4), x)",
      "reasoning": "As a calculus instructor, let\u2019s factor out constants and simplify while retaining various logarithmic arguments. This will clarify the integration step.",
      "evaluation": "equivalent",
      "extra_verification": null,
      "transformations_used": [
        "remove logarithmic terms",
        "simplify the denominator",
        "replace a complex fraction with a simpler one",
        "eliminate absolute value terms",
        "simplify a trigonometric component"
      ],
      "timestamp": "2025-02-05T06:38:43.889996Z"
    },
    {
      "original": "integrate(log(x**2) - 2*log(2*x), x)",
      "requested_difficulty": "easier",
      "variant": "integrate(2*log(x) - 2*log(2) + log(1), x)",
      "reasoning": "A student\u2019s preference for polynomial behavior leads me to break down the logarithmic terms with careful tracking of coefficients.",
      "evaluation": "equivalent",
      "extra_verification": null,
      "transformations_used": [
        "remove logarithmic terms",
        "simplify the denominator",
        "replace a complex fraction with a simpler one",
        "eliminate absolute value terms",
        "simplify a trigonometric component"
      ],
      "timestamp": "2025-02-05T06:38:43.951562Z"
    },
    {
      "original": "integrate(log(x**2) - 2*log(2*x), x)",
      "requested_difficulty": "easier",
      "variant": "integrate(log(2) - log(x) + log(1/2), x)",
      "reasoning": "Keeping it practical as an engineer, I will suggest a stepwise breakdown of the processed terms, reflecting real-world applications of integration.",
      "evaluation": "easier",
      "extra_verification": null,
      "transformations_used": [
        "remove logarithmic terms",
        "simplify the denominator",
        "replace a complex fraction with a simpler one",
        "eliminate absolute value terms",
        "simplify a trigonometric component"
      ],
      "timestamp": "2025-02-05T06:38:43.786803Z"
    },
    {
      "original": "integrate(log(x**2) - 2*log(2*x), x)",
      "requested_difficulty": "easier",
      "variant": "integrate(log(x) - log(2) - log(x), x)",
      "reasoning": "As a calculus professor, I appreciate finding simpler analogues that capture the essence of logarithmic behavior without the complexity. Here, I replace the logarithmic difference with a piecewise structure that smooths the integration process.",
      "evaluation": "easier",
      "extra_verification": null,
      "transformations_used": [
        "convert a product to a simpler sum",
        "remove logarithmic terms",
        "reduce the degree of a polynomial",
        "remove nested functions",
        "simplify composite trigonometric functions"
      ],
      "timestamp": "2025-02-05T06:38:48.850566Z"
    },
    {
      "original": "integrate(log(x**2) - 2*log(2*x), x)",
      "requested_difficulty": "easier",
      "variant": "integrate(-log(2) - log(x), x)",
      "reasoning": "I embody a creative mathematician and enjoy unusual substitutions. By rewriting the logarithm in a different base, we can reformulate the integral in terms of exponential functions, which are often more manageable.",
      "evaluation": "easier",
      "extra_verification": null,
      "transformations_used": [
        "convert a product to a simpler sum",
        "remove logarithmic terms",
        "reduce the degree of a polynomial",
        "remove nested functions",
        "simplify composite trigonometric functions"
      ],
      "timestamp": "2025-02-05T06:38:48.746751Z"
    },
    {
      "original": "integrate(log(x**2) - 2*log(2*x), x)",
      "requested_difficulty": "equivalent",
      "variant": "integrate(log((x**2)/2**2), x)",
      "reasoning": "As a student who prefers polynomials, I can explore the structure of \\(\\log\\) functions but consider factorization of the logarithm instead, which involves working between polynomial-like and logarithmic functional forms.",
      "evaluation": "equivalent",
      "extra_verification": null,
      "transformations_used": [
        "rearrange the order of terms",
        "distribute terms differently",
        "exchange similar functions (e.g., sin to cos)"
      ],
      "timestamp": "2025-02-05T06:38:45.084370Z"
    },
    {
      "original": "integrate(log(x**2) - 2*log(2*x), x)",
      "requested_difficulty": "equivalent",
      "variant": "integrate(log(x**2) - log(4) - log(exp(1)), x)",
      "reasoning": "A theoretical physicist might express the integrand in a way that emphasizes periodicity through oscillatory functions, which can introduce extra layers of complexity.",
      "evaluation": "equivalent",
      "extra_verification": null,
      "transformations_used": [
        "rearrange the order of terms",
        "distribute terms differently",
        "exchange similar functions (e.g., sin to cos)"
      ],
      "timestamp": "2025-02-05T06:38:45.004271Z"
    },
    {
      "original": "integrate(log(x**2) - 2*log(2*x), x)",
      "requested_difficulty": "equivalent",
      "variant": "integrate(log(x**2) - 2*log(2) - 2*log(x), x)",
      "reasoning": "From an engineering perspective, I think in terms of computational practicality; I'll rewrite the logarithmic terms to simplify integration by distributing constants differently.",
      "evaluation": "easier",
      "extra_verification": null,
      "transformations_used": [
        "rearrange the order of terms",
        "distribute terms differently",
        "exchange similar functions (e.g., sin to cos)"
      ],
      "timestamp": "2025-02-05T06:38:45.129870Z"
    },
    {
      "original": "integrate(log(x**2) - 2*log(2*x), x)",
      "requested_difficulty": "equivalent",
      "variant": "integrate(log((2*n)**2) - 2*log(2*(2*n)), x)",
      "reasoning": "As a number theorist, I can look at the factor of 2 and rewrite \\(x\\) as \\(2n\\) to examine the relationships with rational coefficients, exploring deeper properties of the logarithmic functions.",
      "evaluation": "easier",
      "extra_verification": null,
      "transformations_used": [
        "rearrange the order of terms",
        "distribute terms differently",
        "exchange similar functions (e.g., sin to cos)"
      ],
      "timestamp": "2025-02-05T06:38:44.854035Z"
    },
    {
      "original": "integrate(log(x**2) - 2*log(2*x), x)",
      "requested_difficulty": "equivalent",
      "variant": "integrate(log(x/2)**2, x)",
      "reasoning": "Embracing a geometric transformation mindset, I can express logarithms as ratios that reflect scaling and transformations, which can lead to more complex structures.",
      "evaluation": "easier",
      "extra_verification": null,
      "transformations_used": [
        "rearrange the order of terms",
        "distribute terms differently",
        "exchange similar functions (e.g., sin to cos)"
      ],
      "timestamp": "2025-02-05T06:38:44.941455Z"
    },
    {
      "original": "integrate(log(x**2) - 2*log(2*x), x)",
      "requested_difficulty": "equivalent",
      "variant": "integrate(2*log(x) - log(2**2), x)",
      "reasoning": "Tapping into the mind of a creative mathematician again, this time I will rewrite the logarithm in a more abstract sense, exploring its dual nature through rewriting.",
      "evaluation": "easier",
      "extra_verification": null,
      "transformations_used": [
        "rearrange the order of terms",
        "distribute terms differently",
        "exchange similar functions (e.g., sin to cos)"
      ],
      "timestamp": "2025-02-05T06:38:45.390711Z"
    },
    {
      "original": "integrate(log(x**2) - 2*log(2*x), x)",
      "requested_difficulty": "equivalent",
      "variant": "integrate(log(x**2) / log(2), x)",
      "reasoning": "As a calculus professor again, I can switch the base of logarithms to link it with natural logarithm forms through careful manipulation, which enables elegant integral expressions.",
      "evaluation": "easier",
      "extra_verification": null,
      "transformations_used": [
        "rearrange the order of terms",
        "distribute terms differently",
        "exchange similar functions (e.g., sin to cos)"
      ],
      "timestamp": "2025-02-05T06:38:44.864904Z"
    },
    {
      "original": "integrate(log(x**2) - 2*log(2*x), x)",
      "requested_difficulty": "equivalent",
      "variant": "integrate(log(x**2 / (2*x)**2), x)",
      "reasoning": "As a calculus professor who enjoys elegant simplifications, I notice that the logs can combine using properties of logarithms. Specifically, I can simplify the integrand into a single logarithm before integrating, which is generally cleaner and more efficient.",
      "evaluation": "equivalent",
      "extra_verification": null,
      "transformations_used": [
        "adjust parameters while keeping the integral equivalent",
        "rewrite the integrand in a different form without changing overall complexity",
        "rearrange the order of terms",
        "rewrite using different logarithmic properties",
        "change coefficient values slightly"
      ],
      "timestamp": "2025-02-05T06:38:44.367631Z"
    },
    {
      "original": "integrate(log(x**2) - 2*log(2*x), x)",
      "requested_difficulty": "equivalent",
      "variant": "integrate(log(2*x**2)/(2), x)",
      "reasoning": "As a creative mathematician, I enjoy making unusual substitutions. Here, I will apply a substitution of the variable x by defining it in terms of a new variable; meanwhile, I keep it equivalent. This keeps the integral equivalent but presents a fresh approach.",
      "evaluation": "easier",
      "extra_verification": null,
      "transformations_used": [
        "adjust parameters while keeping the integral equivalent",
        "rewrite the integrand in a different form without changing overall complexity",
        "rearrange the order of terms",
        "rewrite using different logarithmic properties",
        "change coefficient values slightly"
      ],
      "timestamp": "2025-02-05T06:38:44.133279Z"
    },
    {
      "original": "integrate(log(x**2) - 2*log(2*x), x)",
      "requested_difficulty": "equivalent",
      "variant": "integrate(log(exp(log(x**2))) - log(exp(log(4*x**2))), x)",
      "reasoning": "From the perspective of a theoretical physicist, I will convert the logarithmic terms into exponential forms to create an equivalent expression. This transformation will showcase the relations in terms of exponentials, which might be intuitive for physics related problems.",
      "evaluation": "equivalent",
      "extra_verification": null,
      "transformations_used": [
        "adjust parameters while keeping the integral equivalent",
        "rewrite the integrand in a different form without changing overall complexity",
        "rearrange the order of terms",
        "rewrite using different logarithmic properties",
        "change coefficient values slightly"
      ],
      "timestamp": "2025-02-05T06:38:44.454844Z"
    }
  ]
]