[
  [
    {
      "original": "integrate((x + 1 - exp(-x))*exp(x*exp(x)), x)",
      "requested_difficulty": "easier",
      "variant": "integrate((x + 1)*exp(x*exp(x)), x)",
      "reasoning": "As a calculus professor, I appreciate that breaking down the integral into simpler components can often illuminate the solution. Here, I can separate the terms in the integrand to allow easier integration of each part.",
      "evaluation": "easier",
      "transformations_used": [
        "reduce the degree of a polynomial",
        "reduce an exponent",
        "remove nested functions"
      ],
      "timestamp": "2025-02-05T06:22:23.284350Z"
    },
    {
      "original": "integrate((x + 1 - exp(-x))*exp(x*exp(x)), x)",
      "requested_difficulty": "easier",
      "variant": "integrate((x + 1 - (1 - x + x**2/2))*exp(x*exp(x)), x)",
      "reasoning": "From the perspective of a student focused on polynomials, I can treat \\( exp(-x) \\) as a polynomial approximation (using first-order terms) to avoid handling the exponential directly.",
      "evaluation": "easier",
      "transformations_used": [
        "reduce the degree of a polynomial",
        "reduce an exponent",
        "remove nested functions"
      ],
      "timestamp": "2025-02-05T06:22:22.223985Z"
    },
    {
      "original": "integrate((x + 1 - exp(-x))*exp(x*exp(x)), x)",
      "requested_difficulty": "easier",
      "variant": "integrate((x + 1) * exp(x * exp(x)), x)",
      "reasoning": "As a calculus professor, I appreciate breaking down complex expressions and focusing on the dominant behavior. I can ignore the exponential decay of `exp(-x)` for large `x`, simplifying the integral to a form that's more manageable.",
      "evaluation": "easier",
      "transformations_used": [
        "reduce the number of terms in the expression",
        "remove a complicated term",
        "convert a product to a simpler sum"
      ],
      "timestamp": "2025-02-05T06:22:21.436555Z"
    },
    {
      "original": "integrate((x + 1 - exp(-x))*exp(x*exp(x)), x)",
      "requested_difficulty": "easier",
      "variant": "integrate((x + 1) * (1 + exp(x)), x)",
      "reasoning": "As an engineer who enjoys practical approaches, I recognize that numerical approximations can significantly simplify analytic expressions. Therefore, I can approximate the exponential term for small values of `x`.",
      "evaluation": "easier",
      "transformations_used": [
        "reduce the number of terms in the expression",
        "remove a complicated term",
        "convert a product to a simpler sum"
      ],
      "timestamp": "2025-02-05T06:22:21.442897Z"
    },
    {
      "original": "integrate((x + 1 - exp(-x))*exp(x*exp(x)), x)",
      "requested_difficulty": "easier",
      "variant": "integrate(exp(x) * (x + 1), x)",
      "reasoning": "Viewing the problem geometrically, I see complex expressions as transformations. I simplify the expression by rearranging it into a canonical form that is easier to visualize geometrically.",
      "evaluation": "easier",
      "transformations_used": [
        "reduce the number of terms in the expression",
        "remove a complicated term",
        "convert a product to a simpler sum"
      ],
      "timestamp": "2025-02-05T06:22:21.516923Z"
    },
    {
      "original": "integrate((x + 1 - exp(-x))*exp(x*exp(x)), x)",
      "requested_difficulty": "easier",
      "variant": "integrate((x + 1) * exp(x), x)",
      "reasoning": "I prefer concise expressions as a creative mathematician. By removing the less impactful term, I enhance the clarity of my integral, promoting elegance in computations.",
      "evaluation": "easier",
      "transformations_used": [
        "reduce the number of terms in the expression",
        "remove a complicated term",
        "convert a product to a simpler sum"
      ],
      "timestamp": "2025-02-05T06:22:21.733949Z"
    },
    {
      "original": "integrate((x + 1 - exp(-x))*exp(x*exp(x)), x)",
      "requested_difficulty": "easier",
      "variant": "integrate((x + 1 - (1 - x + x**2/2)) * exp(x*exp(x)), x)",
      "reasoning": "Being a student who prefers polynomials, I want to approach the integral by making it a polynomial expression by approximating \\(\\exp(-x)\\) using the first few terms of its Taylor series.",
      "evaluation": "easier",
      "transformations_used": [
        "simplify composite trigonometric functions",
        "replace a complex fraction with a simpler one",
        "remove logarithmic terms",
        "reduce the number of terms in the expression",
        "simplify the denominator"
      ],
      "timestamp": "2025-02-05T06:22:18.687431Z"
    },
    {
      "original": "integrate((x + 1 - exp(-x))*exp(x*exp(x)), x)",
      "requested_difficulty": "easier",
      "variant": "integrate((x + 1 - exp(-x))*exp(x*exp(x)), x)",
      "reasoning": "As an engineer, I value practical approaches. I will numerically evaluate the original integral for specific bounds, enabling easier insights through computational means.",
      "evaluation": "equivalent",
      "transformations_used": [
        "simplify composite trigonometric functions",
        "replace a complex fraction with a simpler one",
        "remove logarithmic terms",
        "reduce the number of terms in the expression",
        "simplify the denominator"
      ],
      "timestamp": "2025-02-05T06:22:18.726828Z"
    },
    {
      "original": "integrate((x + 1 - exp(-x))*exp(x*exp(x)), x)",
      "requested_difficulty": "easier",
      "variant": "integrate((x + 1 - (1 + x + x**2/2 + x**3/6))*exp(x*exp(x)), x)",
      "reasoning": "As a student fond of polynomials, I see potential in expanding \\( exp(x) \\) as a Taylor series. This can help express the integrand as a polynomial approximation, making the integral simpler and manageable.",
      "evaluation": "easier",
      "transformations_used": [
        "simplify a trigonometric component",
        "replace transcendental functions with simpler algebraic ones",
        "remove nested functions",
        "simplify the denominator",
        "remove a complicated term"
      ],
      "timestamp": "2025-02-05T06:22:19.040326Z"
    },
    {
      "original": "integrate((x + 1 - exp(-x))*exp(x*exp(x)), x)",
      "requested_difficulty": "easier",
      "variant": "integrate(x + 1 - (1 - x)**2, x)",
      "reasoning": "Considering a number theoretic approach, we might truncate \\( exp(-x) \\) to an integer coefficient series, thus using only rational terms to represent it, which is simpler in form for integration.",
      "evaluation": "easier",
      "transformations_used": [
        "simplify a trigonometric component",
        "replace transcendental functions with simpler algebraic ones",
        "remove nested functions",
        "simplify the denominator",
        "remove a complicated term"
      ],
      "timestamp": "2025-02-05T06:22:19.119837Z"
    },
    {
      "original": "integrate((x + 1 - exp(-x))*exp(x*exp(x)), x)",
      "requested_difficulty": "easier",
      "variant": "integrate((1 - exp(-x))*exp(x*exp(x)), x)",
      "reasoning": "As a calculus professor again, I emphasize looking for fundamental theorem applications. By breaking down \\( exp(x*exp(x)) \\) into manageable sections, we can introduce limits that simplify the area under the curve.",
      "evaluation": "easier",
      "transformations_used": [
        "simplify a trigonometric component",
        "replace transcendental functions with simpler algebraic ones",
        "remove nested functions",
        "simplify the denominator",
        "remove a complicated term"
      ],
      "timestamp": "2025-02-05T06:22:19.602392Z"
    },
    {
      "original": "integrate((x + 1 - exp(-x))*exp(x*exp(x)), x)",
      "requested_difficulty": "easier",
      "variant": "integrate((x + 1), x)",
      "reasoning": "As a calculus professor, I appreciate simplifying by focusing on the polynomial part of the expression. The exponential parts can complicate integration, so let\u2019s ignore the exponential term for a simpler integral.",
      "evaluation": "easier",
      "transformations_used": [
        "drop a subexpression",
        "change a function to an easier one",
        "remove nested functions"
      ],
      "timestamp": "2025-02-05T06:22:15.514830Z"
    },
    {
      "original": "integrate((x + 1 - exp(-x))*exp(x*exp(x)), x)",
      "requested_difficulty": "easier",
      "variant": "integrate((x + 1 - (1 - x)), x)",
      "reasoning": "From a creative mathematician's perspective, we can simplify the structure by replacing the exponential function with its Taylor expansion up to the first term. This is less complex and retains enough information for a basic understanding.",
      "evaluation": "easier",
      "transformations_used": [
        "drop a subexpression",
        "change a function to an easier one",
        "remove nested functions"
      ],
      "timestamp": "2025-02-05T06:22:15.464964Z"
    },
    {
      "original": "integrate((x + 1 - exp(-x))*exp(x*exp(x)), x)",
      "requested_difficulty": "easier",
      "variant": "integrate((x + 1 - 1)*exp(x), x)",
      "reasoning": "As a theoretical physicist, I like to use a trigonometric substitution or a simple exponential function. Instead of handling exp(-x), I\u2019ll just use a constant for simplicity.",
      "evaluation": "easier",
      "transformations_used": [
        "drop a subexpression",
        "change a function to an easier one",
        "remove nested functions"
      ],
      "timestamp": "2025-02-05T06:22:15.673413Z"
    },
    {
      "original": "integrate((x + 1 - exp(-x))*exp(x*exp(x)), x)",
      "requested_difficulty": "easier",
      "variant": "integrate((x + 1)*exp(x), x)",
      "reasoning": "For engineering applications where practical computations are key, I suggest simplifying the model by focusing directly on the multiplicative structure, ignoring the less significant terms.",
      "evaluation": "easier",
      "transformations_used": [
        "drop a subexpression",
        "change a function to an easier one",
        "remove nested functions"
      ],
      "timestamp": "2025-02-05T06:22:15.674953Z"
    },
    {
      "original": "integrate((x + 1 - exp(-x))*exp(x*exp(x)), x)",
      "requested_difficulty": "easier",
      "variant": "integrate(x + 1, x)",
      "reasoning": "As a number theorist, I prefer integers and rational coefficients; thus, we can omit the complicated exponential and just integrate rational polynomial expressions.",
      "evaluation": "easier",
      "transformations_used": [
        "drop a subexpression",
        "change a function to an easier one",
        "remove nested functions"
      ],
      "timestamp": "2025-02-05T06:22:15.443712Z"
    },
    {
      "original": "integrate((x + 1 - exp(-x))*exp(x*exp(x)), x)",
      "requested_difficulty": "easier",
      "variant": "integrate((x + 1 - (x**2)/2), x)",
      "reasoning": "Seeing this from a creative standpoint, let\u2019s change the exponential function into a series of simpler terms while keeping the original structure somewhat intact. This may offer easier integration steps.",
      "evaluation": "easier",
      "transformations_used": [
        "drop a subexpression",
        "change a function to an easier one",
        "remove nested functions"
      ],
      "timestamp": "2025-02-05T06:22:15.436109Z"
    },
    {
      "original": "integrate((x + 1 - exp(-x))*exp(x*exp(x)), x)",
      "requested_difficulty": "easier",
      "variant": "integrate((x + 1 - 1/e**x)*e**(x*e**x), x)",
      "reasoning": "Embracing my role as a creative mathematician, I can substitute \\( e^{-x} \\) with \\( \\frac{1}{e^x} \\). This substitution allows us to pivot to rational functions, emphasizing familiarity with more manageable components in integration.",
      "evaluation": "equivalent",
      "transformations_used": [
        "reduce an exponent",
        "simplify a trigonometric component",
        "remove a factor",
        "change a function to an easier one",
        "reduce the number of terms in the expression"
      ],
      "timestamp": "2025-02-05T06:22:17.620730Z"
    },
    {
      "original": "integrate((x + 1 - exp(-x))*exp(x*exp(x)), x)",
      "requested_difficulty": "easier",
      "variant": "integrate((x + 1)*1*exp(x*1), x)",
      "reasoning": "As an engineer who favors computation, simplifying this integral can make numerical approaches much more manageable. By approximating \\( e^{-x} \\) as \\( 1 \\) when \\( x \\) is small, I arrive at a useful variant.",
      "evaluation": "easier",
      "transformations_used": [
        "reduce an exponent",
        "simplify a trigonometric component",
        "remove a factor",
        "change a function to an easier one",
        "reduce the number of terms in the expression"
      ],
      "timestamp": "2025-02-05T06:22:17.679036Z"
    },
    {
      "original": "integrate((x + 1 - exp(-x))*exp(x*exp(x)), x)",
      "requested_difficulty": "easier",
      "variant": "integrate((x + 1 - 0.5)*exp(x*exp(x)), x)",
      "reasoning": "As a number theorist, I'm intrigued by rational coefficients. I will examine the integrand's structure and simplify \\( e^{-x} \\) to rational approximations, focusing on simple rational values to keep things easy.",
      "evaluation": "easier",
      "transformations_used": [
        "reduce an exponent",
        "simplify a trigonometric component",
        "remove a factor",
        "change a function to an easier one",
        "reduce the number of terms in the expression"
      ],
      "timestamp": "2025-02-05T06:22:17.541259Z"
    },
    {
      "original": "integrate((x + 1 - exp(-x))*exp(x*exp(x)), x)",
      "requested_difficulty": "easier",
      "variant": "integrate((x + 1)*1, x)",
      "reasoning": "Approaching the problem as a geometry enthusiast, I choose to see the integrand as a geometric transformation. I will define the function as having linear dimensions, keeping it straightforward without complex factors.",
      "evaluation": "easier",
      "transformations_used": [
        "reduce an exponent",
        "simplify a trigonometric component",
        "remove a factor",
        "change a function to an easier one",
        "reduce the number of terms in the expression"
      ],
      "timestamp": "2025-02-05T06:22:17.648717Z"
    },
    {
      "original": "integrate((x + 1 - exp(-x))*exp(x*exp(x)), x)",
      "requested_difficulty": "easier",
      "variant": "integrate((x + 1)*exp(0), x)",
      "reasoning": "As a creative mathematician, I propose a clever substitution to treat tedious growth as a real number approach. I will also truncate the exponential term, keeping it manageable.",
      "evaluation": "easier",
      "transformations_used": [
        "reduce an exponent",
        "simplify a trigonometric component",
        "remove a factor",
        "change a function to an easier one",
        "reduce the number of terms in the expression"
      ],
      "timestamp": "2025-02-05T06:22:17.601179Z"
    }
  ]
]