[
  [
    {
      "original": "integrate(log(2*x)/(x*log(x)), x)",
      "requested_difficulty": "easier",
      "variant": "integrate(log(2) + log(x)/(x*log(x)), x)",
      "reasoning": "As a calculus professor who loves elegant simplifications, I see that the term \\( \\frac{\\log(2x)}{x \\log(x)} \\) can be rewritten by separating the logarithms, which might make it easier to integrate.",
      "evaluation": "easier",
      "extra_verification": null,
      "transformations_used": [
        "simplify the denominator",
        "lower a coefficient",
        "replace a complex fraction with a simpler one",
        "simplify a trigonometric component",
        "remove a factor"
      ],
      "timestamp": "2025-02-05T06:52:42.513162Z"
    },
    {
      "original": "integrate(log(2*x)/(x*log(x)), x)",
      "requested_difficulty": "easier",
      "variant": "integrate(2 + 2 * log(x)/(x * log(x)), x)",
      "reasoning": "As a student who prefers polynomials, I might consider expressing \\( \\log(2x) \\) in a polynomial-like form by expanding it, which can help with integration.",
      "evaluation": "easier",
      "extra_verification": null,
      "transformations_used": [
        "simplify the denominator",
        "lower a coefficient",
        "replace a complex fraction with a simpler one",
        "simplify a trigonometric component",
        "remove a factor"
      ],
      "timestamp": "2025-02-05T06:52:42.367460Z"
    },
    {
      "original": "integrate(log(2*x)/(x*log(x)), x)",
      "requested_difficulty": "easier",
      "variant": "integrate(log(2)/(x*log(x)) + log(x)/(x*log(x)), x)",
      "reasoning": "As an engineer focusing on practical approaches, I can break down the expression \\( \\frac{\\log(2x)}{x\\log(x)} \\) into smaller, manageable parts that lend themselves to straightforward integration techniques.",
      "evaluation": "easier",
      "extra_verification": null,
      "transformations_used": [
        "simplify the denominator",
        "lower a coefficient",
        "replace a complex fraction with a simpler one",
        "simplify a trigonometric component",
        "remove a factor"
      ],
      "timestamp": "2025-02-05T06:52:42.322252Z"
    },
    {
      "original": "integrate(log(2*x)/(x*log(x)), x)",
      "requested_difficulty": "easier",
      "variant": "integrate(log(2)/(x*(log(x)+1)), x)",
      "reasoning": "Viewing this as a number theorist fascinated with primes, I want to inspect simpler variants of logarithmic terms that could yield prime properties when combined with rational coefficients.",
      "evaluation": "easier",
      "extra_verification": null,
      "transformations_used": [
        "simplify the denominator",
        "lower a coefficient",
        "replace a complex fraction with a simpler one",
        "simplify a trigonometric component",
        "remove a factor"
      ],
      "timestamp": "2025-02-05T06:52:42.355897Z"
    },
    {
      "original": "integrate(log(2*x)/(x*log(x)), x)",
      "requested_difficulty": "easier",
      "variant": "integrate((log(2)/x + log(x)/(x*log(x))), x)",
      "reasoning": "Adopting the persona of a calculus professor, I might simplify the logarithmic expressions more effectively by focusing on constant factors and rearranging them for improved clarity.",
      "evaluation": "easier",
      "extra_verification": null,
      "transformations_used": [
        "simplify the denominator",
        "lower a coefficient",
        "replace a complex fraction with a simpler one",
        "simplify a trigonometric component",
        "remove a factor"
      ],
      "timestamp": "2025-02-05T06:52:42.659870Z"
    },
    {
      "original": "integrate(log(2*x)/(x*log(x)), x)",
      "requested_difficulty": "easier",
      "variant": "integrate(log(2)/(x*log(10)) + log(x)/(x*log(10)), x)",
      "reasoning": "Embracing the role of an engineer once more, I\u2019d favor constants that simplify computations. Here, I focus on reducing the complexities of logarithm and rational terms, simplifying integration.",
      "evaluation": "easier",
      "extra_verification": null,
      "transformations_used": [
        "simplify the denominator",
        "lower a coefficient",
        "replace a complex fraction with a simpler one",
        "simplify a trigonometric component",
        "remove a factor"
      ],
      "timestamp": "2025-02-05T06:52:42.445638Z"
    },
    {
      "original": "integrate(log(2*x)/(x*log(x)), x)",
      "requested_difficulty": "easier",
      "variant": "integrate(log(3*x)/(x*log(x)), x)",
      "reasoning": "As a creative mathematician, I'd like to introduce an arbitrary constant factor in the logarithm that reduces the tendency of growing complexity while retaining the core challenge of integration.",
      "evaluation": "equivalent",
      "extra_verification": null,
      "transformations_used": [
        "simplify the denominator",
        "lower a coefficient",
        "replace a complex fraction with a simpler one",
        "simplify a trigonometric component",
        "remove a factor"
      ],
      "timestamp": "2025-02-05T06:52:42.338196Z"
    },
    {
      "original": "integrate(log(2*x)/(x*log(x)), x)",
      "requested_difficulty": "easier",
      "variant": "integrate((log(2) + log(x))/(x*log(x)), x)",
      "reasoning": "As a calculus professor who appreciates elegant simplifications, I notice that the log functions can be simplified. Let's replace \\( \\log(2x) \\) with \\( \\log(2) + \\log(x) \\), which allows us to separate the integral into two parts.",
      "evaluation": "easier",
      "extra_verification": null,
      "transformations_used": [
        "lower a coefficient",
        "simplify the denominator",
        "simplify a trigonometric component",
        "replace transcendental functions with simpler algebraic ones",
        "remove logarithmic terms"
      ],
      "timestamp": "2025-02-05T06:52:46.760427Z"
    },
    {
      "original": "integrate(log(2*x)/(x*log(x)), x)",
      "requested_difficulty": "easier",
      "variant": "integrate(log(2*x)/(x*ln(x)), x)",
      "reasoning": "Embracing the role of a creative mathematician, I\u2019d like to consider changing the base of the logarithm to a more manageable form. Let\u2019s replace \\( \\log(x) \\) with a simpler base, say \\( \\ln(x) \\), which avoids complications with the leading constant.",
      "evaluation": "equivalent",
      "extra_verification": null,
      "transformations_used": [
        "lower a coefficient",
        "simplify the denominator",
        "simplify a trigonometric component",
        "replace transcendental functions with simpler algebraic ones",
        "remove logarithmic terms"
      ],
      "timestamp": "2025-02-05T06:52:46.775135Z"
    },
    {
      "original": "integrate(log(2*x)/(x*log(x)), x)",
      "requested_difficulty": "easier",
      "variant": "integrate(log(x)/(x*log(x)), x)",
      "reasoning": "The engineer in me wants practicality; let\u2019s assume \\( x \\) is significantly larger than 1, and we can approximate \\( \\log(2x) \\approx \\log(x) \\). This reduces the complexity of the numerator considerably.",
      "evaluation": "easier",
      "extra_verification": null,
      "transformations_used": [
        "lower a coefficient",
        "simplify the denominator",
        "simplify a trigonometric component",
        "replace transcendental functions with simpler algebraic ones",
        "remove logarithmic terms"
      ],
      "timestamp": "2025-02-05T06:52:46.941940Z"
    },
    {
      "original": "integrate(log(2*x)/(x*log(x)), x)",
      "requested_difficulty": "equivalent",
      "variant": "integrate((log(2) + log(x))/(x * log(x)), x)",
      "reasoning": "As a calculus professor, I value elegant simplifications. Notice we can separate \\( \\log(2x) \\) into \\( \\log(2) + \\log(x) \\). This gives us two separate integrals to evaluate.",
      "evaluation": "easier",
      "extra_verification": null,
      "transformations_used": [
        "use trigonometric identities to rewrite expression",
        "substitute equivalent exponential forms",
        "use alternate but equivalent radical forms"
      ],
      "timestamp": "2025-02-05T06:52:39.379112Z"
    },
    {
      "original": "integrate(log(2*x)/(x*log(x)), x)",
      "requested_difficulty": "equivalent",
      "variant": "integrate((log(exp(log(2) + log(x))))/(x * log(x)), x)",
      "reasoning": "As an engineer, I prefer practical approaches, so I will express \\( 2 \\) in terms of an exponential, transforming the integrand slightly using \\( e^{\\log(2)} \\) for clearer simplification.",
      "evaluation": "equivalent",
      "extra_verification": null,
      "transformations_used": [
        "use trigonometric identities to rewrite expression",
        "substitute equivalent exponential forms",
        "use alternate but equivalent radical forms"
      ],
      "timestamp": "2025-02-05T06:52:39.479260Z"
    },
    {
      "original": "integrate(log(2*x)/(x*log(x)), x)",
      "requested_difficulty": "equivalent",
      "variant": "integrate((1/2 * log(2*x))/(x * log(x)), x)",
      "reasoning": "From a number theorist\u2019s standpoint, I'll focus on rational coefficients. By leveraging the integral's form, I can incorporate a rational coefficient as part of transformation.",
      "evaluation": "easier",
      "extra_verification": null,
      "transformations_used": [
        "use trigonometric identities to rewrite expression",
        "substitute equivalent exponential forms",
        "use alternate but equivalent radical forms"
      ],
      "timestamp": "2025-02-05T06:52:39.593238Z"
    },
    {
      "original": "integrate(log(2*x)/(x*log(x)), x)",
      "requested_difficulty": "equivalent",
      "variant": "integrate((1/x) * (log(2) + log(x))/log(x), x)",
      "reasoning": "As a geometry enthusiast, I visualize the relationship of the logarithm to geometric transformations, interpreting \\( \\log(x) \\) through a change in areas under curves.",
      "evaluation": "easier",
      "extra_verification": null,
      "transformations_used": [
        "use trigonometric identities to rewrite expression",
        "substitute equivalent exponential forms",
        "use alternate but equivalent radical forms"
      ],
      "timestamp": "2025-02-05T06:52:39.365499Z"
    },
    {
      "original": "integrate(log(2*x)/(x*log(x)), x)",
      "requested_difficulty": "equivalent",
      "variant": "integrate((1/x) * (log(2) + log(x))/(log(x)), x)",
      "reasoning": "As a student who loves polynomials, I can express \\(\\log(2)\\) as a constant multiplier, making the integral resemble a simpler form that emphasizes polynomial like behavior.",
      "evaluation": "easier",
      "extra_verification": null,
      "transformations_used": [
        "alter constant terms",
        "use alternate but equivalent radical forms",
        "substitute equivalent exponential forms",
        "use trigonometric identities to rewrite expression",
        "rewrite using different logarithmic properties"
      ],
      "timestamp": "2025-02-05T06:52:42.378861Z"
    },
    {
      "original": "integrate(log(2*x)/(x*log(x)), x)",
      "requested_difficulty": "equivalent",
      "variant": "integrate(log(2*exp(log(x)))/(exp(log(x)) * log(x)), x)",
      "reasoning": "As a theoretical physicist, using properties of exponential functions can lead to interesting formulations that might help in different contexts or applications.",
      "evaluation": "equivalent",
      "extra_verification": null,
      "transformations_used": [
        "alter constant terms",
        "use alternate but equivalent radical forms",
        "substitute equivalent exponential forms",
        "use trigonometric identities to rewrite expression",
        "rewrite using different logarithmic properties"
      ],
      "timestamp": "2025-02-05T06:52:42.561755Z"
    },
    {
      "original": "integrate(log(2*x)/(x*log(x)), x)",
      "requested_difficulty": "equivalent",
      "variant": "integrate(log(2) + (log(x)/(x*log(x))), x)",
      "reasoning": "As a number theorist, I find the inclusion of the log terms interesting; I want to inspect the behavior of this integral around rational coefficients by rewriting \\(\\log(2x)\\) in terms of coefficients.",
      "evaluation": "easier",
      "extra_verification": null,
      "transformations_used": [
        "alter constant terms",
        "use alternate but equivalent radical forms",
        "substitute equivalent exponential forms",
        "use trigonometric identities to rewrite expression",
        "rewrite using different logarithmic properties"
      ],
      "timestamp": "2025-02-05T06:52:42.321338Z"
    }
  ],
  [
    {
      "original": "integrate(Abs(Abs(Abs(Abs(x) - 1) - 1) - 1), x)",
      "requested_difficulty": "easier",
      "variant": "integrate(Abs(Abs(Abs(x) - 1) - 1), x)",
      "reasoning": "By dropping the innermost absolute value, we can simplify our calculations significantly, still maintaining complexity.",
      "evaluation": "easier",
      "extra_verification": null,
      "transformations_used": [
        "drop a subexpression",
        "remove a factor",
        "simplify the denominator"
      ],
      "timestamp": "2025-02-05T06:52:41.993610Z"
    },
    {
      "original": "integrate(Abs(Abs(Abs(Abs(x) - 1) - 1) - 1), x)",
      "requested_difficulty": "easier",
      "variant": "integrate(Abs(Abs(x) - 1) - 1, x)",
      "reasoning": "Removing the outermost absolute value reduces the piecewise conditions, making it a bit easier to navigate while still covering a significant range of x-values.",
      "evaluation": "easier",
      "extra_verification": null,
      "transformations_used": [
        "drop a subexpression",
        "remove a factor",
        "simplify the denominator"
      ],
      "timestamp": "2025-02-05T06:52:41.952120Z"
    },
    {
      "original": "integrate(Abs(Abs(Abs(Abs(x) - 1) - 1) - 1), x)",
      "requested_difficulty": "easier",
      "variant": "integrate(Abs(x) - 1, x)",
      "reasoning": "Let's drop two absolute values to reveal a simpler structure that still retains important characteristics of the original function.",
      "evaluation": "easier",
      "extra_verification": null,
      "transformations_used": [
        "drop a subexpression",
        "remove a factor",
        "simplify the denominator"
      ],
      "timestamp": "2025-02-05T06:52:42.081851Z"
    },
    {
      "original": "integrate(Abs(Abs(Abs(Abs(x) - 1) - 1) - 1), x)",
      "requested_difficulty": "easier",
      "variant": "integrate(x**2 - 1, x)",
      "reasoning": "I will focus on the polynomial expression formed by the absolute value, allowing for the exploration of a simpler polynomial.",
      "evaluation": "easier",
      "extra_verification": null,
      "transformations_used": [
        "drop a subexpression",
        "remove a factor",
        "simplify the denominator"
      ],
      "timestamp": "2025-02-05T06:52:41.896465Z"
    },
    {
      "original": "integrate(Abs(Abs(Abs(Abs(x) - 1) - 1) - 1), x)",
      "requested_difficulty": "easier",
      "variant": "integrate((x - 1)**2, x)",
      "reasoning": "By simplifying the problem into a quadratic form, we can highlight relevant features while still keeping a challenge.",
      "evaluation": "easier",
      "extra_verification": null,
      "transformations_used": [
        "drop a subexpression",
        "remove a factor",
        "simplify the denominator"
      ],
      "timestamp": "2025-02-05T06:52:41.953883Z"
    },
    {
      "original": "integrate(Abs(Abs(Abs(Abs(x) - 1) - 1) - 1), x)",
      "requested_difficulty": "easier",
      "variant": "integrate(Abs(x), x)",
      "reasoning": "Retaining one layer of absolute value gives us a concise structure to work within, allowing for manageable piecewise calculations.",
      "evaluation": "easier",
      "extra_verification": null,
      "transformations_used": [
        "drop a subexpression",
        "remove a factor",
        "simplify the denominator"
      ],
      "timestamp": "2025-02-05T06:52:42.058444Z"
    },
    {
      "original": "integrate(Abs(Abs(Abs(Abs(x) - 1) - 1) - 1), x)",
      "requested_difficulty": "easier",
      "variant": "integrate(x**4, x)",
      "reasoning": "I propose dropping the constants altogether, allowing us to focus solely on the polynomial characteristics of the function.",
      "evaluation": "easier",
      "extra_verification": null,
      "transformations_used": [
        "drop a subexpression",
        "remove a factor",
        "simplify the denominator"
      ],
      "timestamp": "2025-02-05T06:52:43.821691Z"
    },
    {
      "original": "integrate(Abs(Abs(Abs(Abs(x) - 1) - 1) - 1), x)",
      "requested_difficulty": "easier",
      "variant": "integrate((x + 1)**2, x)",
      "reasoning": "With a practical substitution method, we can express the absolute values as polynomials in specific intervals, easing computation.",
      "evaluation": "easier",
      "extra_verification": null,
      "transformations_used": [
        "drop a subexpression",
        "remove a factor",
        "simplify the denominator"
      ],
      "timestamp": "2025-02-05T06:52:41.953581Z"
    },
    {
      "original": "integrate(Abs(Abs(Abs(Abs(x) - 1) - 1) - 1), x)",
      "requested_difficulty": "easier",
      "variant": "integrate(x**3, x)",
      "reasoning": "By breaking the function into its constituent polynomial parts, we can explore each section separately, still maintaining overall complexity.",
      "evaluation": "easier",
      "extra_verification": null,
      "transformations_used": [
        "drop a subexpression",
        "remove a factor",
        "simplify the denominator"
      ],
      "timestamp": "2025-02-05T06:52:42.624399Z"
    },
    {
      "original": "integrate(Abs(Abs(Abs(Abs(x) - 1) - 1) - 1), x)",
      "requested_difficulty": "easier",
      "variant": "integrate(Abs(2*x - 1), x)",
      "reasoning": "Creating a mix of absolute values but employing a linear transformation offers a nice bridge between simplicity and complexity.",
      "evaluation": "easier",
      "extra_verification": null,
      "transformations_used": [
        "drop a subexpression",
        "remove a factor",
        "simplify the denominator"
      ],
      "timestamp": "2025-02-05T06:52:41.906973Z"
    },
    {
      "original": "integrate(Abs(Abs(Abs(Abs(x) - 1) - 1) - 1), x)",
      "requested_difficulty": "equivalent",
      "variant": "integrate(Abs(Abs(Abs(Abs(1 - x) - 1) - 1), x)",
      "reasoning": "As a calculus professor, I appreciate the beauty of symmetry. Recognizing that the expression involves absolute values, I can use the properties of even functions to introduce a change that simplifies the integration domain.",
      "evaluation": "equivalent",
      "extra_verification": null,
      "transformations_used": [
        "use trigonometric identities to rewrite expression",
        "swap numerator and denominator with reciprocal",
        "modify an exponent slightly"
      ],
      "timestamp": "2025-02-05T06:52:42.817967Z"
    },
    {
      "original": "integrate(Abs(Abs(Abs(Abs(x) - 1) - 1) - 1), x)",
      "requested_difficulty": "equivalent",
      "variant": "integrate(Abs(x - 1) + Abs(x + 1), x)",
      "reasoning": "Viewing this through the eyes of a student who loves polynomials, I can expand the absolute value expressions into piecewise functions, which allows me to express the integrand as a sum of simpler polynomial components.",
      "evaluation": "easier",
      "extra_verification": null,
      "transformations_used": [
        "use trigonometric identities to rewrite expression",
        "swap numerator and denominator with reciprocal",
        "modify an exponent slightly"
      ],
      "timestamp": "2025-02-05T06:52:42.674329Z"
    },
    {
      "original": "integrate(Abs(Abs(Abs(Abs(x) - 1) - 1) - 1), x)",
      "requested_difficulty": "equivalent",
      "variant": "integrate(Abs(1 - Abs(1 - (x**2))), x)",
      "reasoning": "As a geometry enthusiast, I can reinterpret the problem through geometric transformations. The absolute values can relate to reflections across axes, allowing me to dress the integral in a geometrically inspired form.",
      "evaluation": "easier",
      "extra_verification": null,
      "transformations_used": [
        "use trigonometric identities to rewrite expression",
        "swap numerator and denominator with reciprocal",
        "modify an exponent slightly"
      ],
      "timestamp": "2025-02-05T06:52:42.696330Z"
    },
    {
      "original": "integrate(Abs(Abs(Abs(Abs(x) - 1) - 1) - 1), x)",
      "requested_difficulty": "equivalent",
      "variant": "integrate(Abs(Abs(Abs(x - 2) - 1) - 1), x)",
      "reasoning": "As a calculus professor, I appreciate simplifying the structure. The outermost absolute value can be analyzed by finding critical points (where the expression inside changes its sign) and can yield a cleaner representation when we split it accordingly.",
      "evaluation": "easier",
      "extra_verification": null,
      "transformations_used": [
        "distribute terms differently",
        "change coefficient values slightly",
        "use alternate but equivalent radical forms"
      ],
      "timestamp": "2025-02-05T06:52:45.202466Z"
    },
    {
      "original": "integrate(Abs(Abs(Abs(Abs(x) - 1) - 1) - 1), x)",
      "requested_difficulty": "equivalent",
      "variant": "integrate(Heaviside(x - 1)*(Abs(Abs(x - 1) - 1)), x)",
      "reasoning": "As an engineer, I favor computational approaches. Employing a stepwise method by introducing the Heaviside function can help represent the absolute value pieces more clearly for numerical evaluations.",
      "evaluation": "easier",
      "extra_verification": null,
      "transformations_used": [
        "distribute terms differently",
        "change coefficient values slightly",
        "use alternate but equivalent radical forms"
      ],
      "timestamp": "2025-02-05T06:52:45.173735Z"
    },
    {
      "original": "integrate(Abs(Abs(Abs(Abs(x) - 1) - 1) - 1), x)",
      "requested_difficulty": "equivalent",
      "variant": "integrate(Abs(Abs(Abs(x - 0) - 1) - 1), x)",
      "reasoning": "As a geometry enthusiast, I consider breaking down the expression using transformations that visualize critical points on a number line. I can create a geometric interpretation which splits the integral at important locations.",
      "evaluation": "easier",
      "extra_verification": null,
      "transformations_used": [
        "distribute terms differently",
        "change coefficient values slightly",
        "use alternate but equivalent radical forms"
      ],
      "timestamp": "2025-02-05T06:52:45.120898Z"
    },
    {
      "original": "integrate(Abs(Abs(Abs(Abs(x) - 1) - 1) - 1), x)",
      "requested_difficulty": "equivalent",
      "variant": "integrate(Abs(Abs(0.5*Abs(x - 1) - 1) - 1), x)",
      "reasoning": "As an engineer who thrives on applications, I can view absolute values in terms of physical constraints or conditions, rethinking the argument structure based on engineering problems, allowing a broader context in terms of limits.",
      "evaluation": "easier",
      "extra_verification": null,
      "transformations_used": [
        "distribute terms differently",
        "change coefficient values slightly",
        "use alternate but equivalent radical forms"
      ],
      "timestamp": "2025-02-05T06:52:45.229273Z"
    }
  ],
  [
    {
      "original": "integrate((x**5-x**3+x**2-1)/(x**4-x**3+x-1), x)",
      "requested_difficulty": "easier",
      "variant": "integrate((x**3 - 1)/(x**2 - x + 1), x)",
      "reasoning": "As a calculus professor, I enjoy simplifying complex fractions. By breaking down the numerator and denominator to ease computation, I arrive at a simpler integral with polynomials of lower degrees.",
      "evaluation": "easier",
      "extra_verification": null,
      "transformations_used": [
        "reduce the number of terms in the expression",
        "change a function to an easier one",
        "replace a complex fraction with a simpler one",
        "simplify a trigonometric component",
        "replace transcendental functions with simpler algebraic ones"
      ],
      "timestamp": "2025-02-05T06:52:43.599180Z"
    },
    {
      "original": "integrate((x**5-x**3+x**2-1)/(x**4-x**3+x-1), x)",
      "requested_difficulty": "easier",
      "variant": "integrate((x**4 - x)/(x**3 + x), x)",
      "reasoning": "As a student, I love working with simpler polynomials. By modifying both the numerator and denominator to have lower-order terms, I alleviate the complexity while maintaining a challenging problem.",
      "evaluation": "easier",
      "extra_verification": null,
      "transformations_used": [
        "reduce the number of terms in the expression",
        "change a function to an easier one",
        "replace a complex fraction with a simpler one",
        "simplify a trigonometric component",
        "replace transcendental functions with simpler algebraic ones"
      ],
      "timestamp": "2025-02-05T06:52:41.630186Z"
    },
    {
      "original": "integrate((x**5-x**3+x**2-1)/(x**4-x**3+x-1), x)",
      "requested_difficulty": "easier",
      "variant": "integrate((x**5 - x**3 + x**2 - 1)/( (x - 1)*(x**3 + 1) ), x)",
      "reasoning": "As a calculus professor focusing on elegant simplifications, I can express the denominator as a product of lower polynomials. This way, I simplify the integration process and provide a clearer form.",
      "evaluation": "easier",
      "extra_verification": null,
      "transformations_used": [
        "reduce the number of terms in the expression",
        "change a function to an easier one",
        "replace a complex fraction with a simpler one",
        "simplify a trigonometric component",
        "replace transcendental functions with simpler algebraic ones"
      ],
      "timestamp": "2025-02-05T06:52:41.459856Z"
    },
    {
      "original": "integrate((x**5-x**3+x**2-1)/(x**4-x**3+x-1), x)",
      "requested_difficulty": "easier",
      "variant": "integrate((x**3)/(x**2 + 1) - 1/(x**4 + 1), x)",
      "reasoning": "As a student keen on rational functions, I can apply partial fraction decomposition to tackle both the numerator and denominator, making the integral more accessible while remaining mathematically rich.",
      "evaluation": "easier",
      "extra_verification": null,
      "transformations_used": [
        "reduce the number of terms in the expression",
        "change a function to an easier one",
        "replace a complex fraction with a simpler one",
        "simplify a trigonometric component",
        "replace transcendental functions with simpler algebraic ones"
      ],
      "timestamp": "2025-02-05T06:52:41.528569Z"
    },
    {
      "original": "integrate((x**5-x**3+x**2-1)/(x**4-x**3+x-1), x)",
      "requested_difficulty": "easier",
      "variant": "integrate((x**3 * (x**2 - 1) + (x**2 - 1))/(x**3 * (x - 1) + (x - 1)), x)",
      "reasoning": "As a calculus professor, I notice that the numerator and denominator can be simplified by factoring. By factoring out common terms, I reduce the complexity.",
      "evaluation": "easier",
      "extra_verification": null,
      "transformations_used": [
        "simplify composite trigonometric functions",
        "convert a product to a simpler sum",
        "simplify a trigonometric component",
        "remove a complicated term",
        "lower a coefficient"
      ],
      "timestamp": "2025-02-05T06:52:45.180149Z"
    },
    {
      "original": "integrate((x**5-x**3+x**2-1)/(x**4-x**3+x-1), x)",
      "requested_difficulty": "easier",
      "variant": "integrate(x**5/x**4 - x**3/x**4 + x**2/x**4 - 1/x**4, x)",
      "reasoning": "As a student who prefers polynomials, I rewrite the original integral into polynomial forms, making it easier by long division.",
      "evaluation": "easier",
      "extra_verification": null,
      "transformations_used": [
        "simplify composite trigonometric functions",
        "convert a product to a simpler sum",
        "simplify a trigonometric component",
        "remove a complicated term",
        "lower a coefficient"
      ],
      "timestamp": "2025-02-05T06:52:45.205131Z"
    },
    {
      "original": "integrate((x**5-x**3+x**2-1)/(x**4-x**3+x-1), x)",
      "requested_difficulty": "easier",
      "variant": "integrate(A/(x - 1) + B/(x**3) + C/(x**2) + D/(x + 1), x)",
      "reasoning": "As an engineer, I will use practical computational methods to break down the integral into partial fractions directly.",
      "evaluation": "easier",
      "extra_verification": null,
      "transformations_used": [
        "simplify composite trigonometric functions",
        "convert a product to a simpler sum",
        "simplify a trigonometric component",
        "remove a complicated term",
        "lower a coefficient"
      ],
      "timestamp": "2025-02-05T06:52:45.057610Z"
    },
    {
      "original": "integrate((x**5-x**3+x**2-1)/(x**4-x**3+x-1), x)",
      "requested_difficulty": "easier",
      "variant": "integrate((0.5*x**5 - 0.5*x**3 + 0.5*x**2 - 0.5)/(0.5*x**4 - 0.5*x**3 + 0.5*x - 0.5), x)",
      "reasoning": "As a number theorist, I observe that working with rational coefficients may lead me to a clearer understanding; thus, I scale the polynomial to maintain rationality but lower coefficients.",
      "evaluation": "equivalent",
      "extra_verification": null,
      "transformations_used": [
        "simplify composite trigonometric functions",
        "convert a product to a simpler sum",
        "simplify a trigonometric component",
        "remove a complicated term",
        "lower a coefficient"
      ],
      "timestamp": "2025-02-05T06:52:48.412028Z"
    },
    {
      "original": "integrate((x**5-x**3+x**2-1)/(x**4-x**3+x-1), x)",
      "requested_difficulty": "easier",
      "variant": "integrate((1 - (1/x**3) + (1/x**2) - (1/x**5))/(1 - (1/x**4) + (1/x) - (1/x**3)), x)",
      "reasoning": "As a geometry enthusiast, I think about transformations. By performing a substitution that simplifies the powers involved, I can make the integral easier.",
      "evaluation": "equivalent",
      "extra_verification": null,
      "transformations_used": [
        "simplify composite trigonometric functions",
        "convert a product to a simpler sum",
        "simplify a trigonometric component",
        "remove a complicated term",
        "lower a coefficient"
      ],
      "timestamp": "2025-02-05T06:52:45.134753Z"
    },
    {
      "original": "integrate((x**5-x**3+x**2-1)/(x**4-x**3+x-1), x)",
      "requested_difficulty": "easier",
      "variant": "integrate((x**5 - x**3 + 1 - 1)/(x**4 - x**3 + x - 1), x)",
      "reasoning": "I adopt the persona of a polynomial-focused student and aim to simplify one term while keeping the integral intact.",
      "evaluation": "easier",
      "extra_verification": null,
      "transformations_used": [
        "simplify composite trigonometric functions",
        "convert a product to a simpler sum",
        "simplify a trigonometric component",
        "remove a complicated term",
        "lower a coefficient"
      ],
      "timestamp": "2025-02-05T06:52:45.971177Z"
    },
    {
      "original": "integrate((x**5-x**3+x**2-1)/(x**4-x**3+x-1), x)",
      "requested_difficulty": "equivalent",
      "variant": "integrate((x**5 - x**3 + x**2 - 1)/(x**4 - x**3 + x - 1), x)",
      "reasoning": "As a calculus professor, I value simplifications. In this variant, I will factor the numerator and denominator where possible to make the structure more evident. This allows us to analyze potential cancellation.",
      "evaluation": "equivalent",
      "extra_verification": null,
      "transformations_used": [
        "rewrite the integrand in a different form without changing overall complexity",
        "swap numerator and denominator with reciprocal",
        "distribute terms differently"
      ],
      "timestamp": "2025-02-05T06:52:50.280787Z"
    },
    {
      "original": "integrate((x**5-x**3+x**2-1)/(x**4-x**3+x-1), x)",
      "requested_difficulty": "equivalent",
      "variant": "integrate((x**5 - x**3 + x**2 - 1)/((x**4 - x**3 + x - 1)), x)",
      "reasoning": "As a student of polynomials, I appreciate the degree of each polynomial. I will express the integrand as a combination of partial fractions if possible, which will allow me to break it down into simpler parts for integration.",
      "evaluation": "equivalent",
      "extra_verification": null,
      "transformations_used": [
        "rewrite the integrand in a different form without changing overall complexity",
        "swap numerator and denominator with reciprocal",
        "distribute terms differently"
      ],
      "timestamp": "2025-02-05T06:52:50.141942Z"
    },
    {
      "original": "integrate((x**5-x**3+x**2-1)/(x**4-x**3+x-1), x)",
      "requested_difficulty": "equivalent",
      "variant": "integrate((e**(x**5 - x**3 + x**2 - 1))/(e**(x**4 - x**3 + x - 1)), x)",
      "reasoning": "Theoretical physicists often work with exponential forms. I will express the integrand in terms of \\( e^{kx} \\) where appropriate, which can sometimes yield insights into oscillatory behavior or convergence.",
      "evaluation": "equivalent",
      "extra_verification": null,
      "transformations_used": [
        "rewrite the integrand in a different form without changing overall complexity",
        "swap numerator and denominator with reciprocal",
        "distribute terms differently"
      ],
      "timestamp": "2025-02-05T06:52:52.764042Z"
    },
    {
      "original": "integrate((x**5-x**3+x**2-1)/(x**4-x**3+x-1), x)",
      "requested_difficulty": "equivalent",
      "variant": "integrate((x**5)/(x**4 - x**3 + x - 1), x)",
      "reasoning": "As an engineer focused on computational approaches, I appreciate efficiency. I will break this integral into two separate integrals that can be solved individually, utilizing linearity of integration.",
      "evaluation": "easier",
      "extra_verification": null,
      "transformations_used": [
        "rewrite the integrand in a different form without changing overall complexity",
        "swap numerator and denominator with reciprocal",
        "distribute terms differently"
      ],
      "timestamp": "2025-02-05T06:52:50.587196Z"
    },
    {
      "original": "integrate((x**5-x**3+x**2-1)/(x**4-x**3+x-1), x)",
      "requested_difficulty": "equivalent",
      "variant": "integrate(((1*x**5 - 1*x**3 + 1*x**2 - 1)/(1*x**4 - 1*x**3 + 1*x - 1)), x)",
      "reasoning": "A number theorist at heart, I want to examine the nature of the coefficients while preserving the overall complexity. I will analyze the integral with a focus on integer relationships and prime factorization when rewriting the rational function.",
      "evaluation": "equivalent",
      "extra_verification": null,
      "transformations_used": [
        "rewrite the integrand in a different form without changing overall complexity",
        "swap numerator and denominator with reciprocal",
        "distribute terms differently"
      ],
      "timestamp": "2025-02-05T06:52:50.298368Z"
    },
    {
      "original": "integrate((x**5-x**3+x**2-1)/(x**4-x**3+x-1), x)",
      "requested_difficulty": "equivalent",
      "variant": "integrate((x**5 - (x**3 - x**2) - 1)/(x**4 - (x**3 + x) + 1), x)",
      "reasoning": "Focusing on geometry, I will think in terms of transformations. I\u2019ll apply a transformation that normalizes the input and identifies symmetries in the polynomial to see how they affect the integration.",
      "evaluation": "equivalent",
      "extra_verification": null,
      "transformations_used": [
        "rewrite the integrand in a different form without changing overall complexity",
        "swap numerator and denominator with reciprocal",
        "distribute terms differently"
      ],
      "timestamp": "2025-02-05T06:52:50.377917Z"
    },
    {
      "original": "integrate((x**5-x**3+x**2-1)/(x**4-x**3+x-1), x)",
      "requested_difficulty": "equivalent",
      "variant": "integrate((x*(x**4 - x + 1) - (x**3 - 1))/(x**4 - x**3 + x - 1), x)",
      "reasoning": "As a creative thinker, I prefer to represent the numerator and denominator in factored forms if possible. Misleading simplicity is avoided by maintaining higher powers, though factorization can still reveal relationships.",
      "evaluation": "easier",
      "extra_verification": null,
      "transformations_used": [
        "rewrite the integrand in a different form without changing overall complexity",
        "swap numerator and denominator with reciprocal",
        "distribute terms differently"
      ],
      "timestamp": "2025-02-05T06:52:50.355801Z"
    },
    {
      "original": "integrate((x**5-x**3+x**2-1)/(x**4-x**3+x-1), x)",
      "requested_difficulty": "equivalent",
      "variant": "integrate(1/((x**4 - x**3 + x - 1)/(x**5 - x**3 + x**2 - 1)), x)",
      "reasoning": "As a creative mathematician, let\u2019s explore rationalizing inputs. If we denote the integrand with a reciprocal form, we can swap the functions around and create a slightly unique view of the integral through division.",
      "evaluation": "equivalent",
      "extra_verification": null,
      "transformations_used": [
        "rewrite the integrand in a different form without changing overall complexity",
        "swap numerator and denominator with reciprocal",
        "distribute terms differently"
      ],
      "timestamp": "2025-02-05T06:52:50.209345Z"
    },
    {
      "original": "integrate((x**5-x**3+x**2-1)/(x**4-x**3+x-1), x)",
      "requested_difficulty": "equivalent",
      "variant": "integrate((x**5 - x**3 + x**2 - 1) / (x**4 - x**3 + x - 1), x)",
      "reasoning": "As a calculus professor, I enjoy simplifying the integrand. Here, I factor out a common term in the numerator and denominator, altering the appearance while keeping the integral's essence.",
      "evaluation": "equivalent",
      "extra_verification": null,
      "transformations_used": [
        "exchange similar functions (e.g., sin to cos)",
        "alter constant terms",
        "use alternate but equivalent radical forms",
        "rewrite the integrand in a different form without changing overall complexity",
        "use trigonometric identities to rewrite expression"
      ],
      "timestamp": "2025-02-05T06:52:48.157120Z"
    },
    {
      "original": "integrate((x**5-x**3+x**2-1)/(x**4-x**3+x-1), x)",
      "requested_difficulty": "equivalent",
      "variant": "integrate(2*(x**5-x**3+x**2-1)/(x**4-x**3+x-1), x)",
      "reasoning": "As a calculus professor loving elegant simplifications, re-express the integral's complexity through multiplication by a non-zero constant, preserving its form yet altering its scale.",
      "evaluation": "equivalent",
      "extra_verification": null,
      "transformations_used": [
        "exchange similar functions (e.g., sin to cos)",
        "alter constant terms",
        "use alternate but equivalent radical forms",
        "rewrite the integrand in a different form without changing overall complexity",
        "use trigonometric identities to rewrite expression"
      ],
      "timestamp": "2025-02-05T06:52:47.769544Z"
    }
  ],
  [
    {
      "original": "integrate((cos(3*x) + sin(2*x)) * (- sin(2019*x) + cos(3*x)), (x, -2*pi, 2*pi))",
      "requested_difficulty": "easier",
      "variant": "integrate(2*cos(3*x)*cos(3*x) + cos(3*x)*sin(2*x) - sin(2019*x)*sin(2*x), x)",
      "reasoning": "As a calculus professor who loves elegant simplifications, I notice that the terms involving sine and cosine can be simplified using trigonometric identities. I\u2019ll combine similar terms together and aim for a less complex expression.",
      "evaluation": "easier",
      "extra_verification": null,
      "transformations_used": [
        "simplify a trigonometric component",
        "change a function to an easier one",
        "lower a coefficient",
        "eliminate a radical",
        "reduce the number of terms in the expression"
      ],
      "timestamp": "2025-02-05T06:52:42.448684Z"
    },
    {
      "original": "integrate((cos(3*x) + sin(2*x)) * (- sin(2019*x) + cos(3*x)), (x, -2*pi, 2*pi))",
      "requested_difficulty": "easier",
      "variant": "integrate(sin(2*x + 3*x) - sin(2019*x) + cos(3*x), x)",
      "reasoning": "As a creative mathematician, I enjoy unusual substitutions. I will focus on changing the sine and cosine functions using angle addition formulas, effectively transforming part of the function into a single sine function with a phase shift.",
      "evaluation": "easier",
      "extra_verification": null,
      "transformations_used": [
        "simplify a trigonometric component",
        "change a function to an easier one",
        "lower a coefficient",
        "eliminate a radical",
        "reduce the number of terms in the expression"
      ],
      "timestamp": "2025-02-05T06:52:42.452683Z"
    },
    {
      "original": "integrate((cos(3*x) + sin(2*x)) * (- sin(2019*x) + cos(3*x)), (x, -2*pi, 2*pi))",
      "requested_difficulty": "easier",
      "variant": "integrate(cos(x) + sin(x), x)",
      "reasoning": "From the perspective of a student who prefers working with polynomials and rational functions, I see that the argument of the sine and cosine functions is quite complex. I'll simplify it by reducing the degree. By lowering the coefficients, this should lead to simpler integration.",
      "evaluation": "easier",
      "extra_verification": null,
      "transformations_used": [
        "simplify a trigonometric component",
        "change a function to an easier one",
        "lower a coefficient",
        "eliminate a radical",
        "reduce the number of terms in the expression"
      ],
      "timestamp": "2025-02-05T06:52:42.495182Z"
    },
    {
      "original": "integrate((cos(3*x) + sin(2*x)) * (- sin(2019*x) + cos(3*x)), (x, -2*pi, 2*pi))",
      "requested_difficulty": "easier",
      "variant": "integrate((e^(3*I*x) + e^(2*I*x)) * (-e^(2019*I*x) + e^(3*I*x)), x)",
      "reasoning": "A theoretical physicist likes exponential forms, so I leverage Euler's formula. By expressing the sine and cosine in terms of exponentials, I rewrite the integral, which could yield a simpler evaluation.",
      "evaluation": "easier",
      "extra_verification": null,
      "transformations_used": [
        "simplify a trigonometric component",
        "change a function to an easier one",
        "lower a coefficient",
        "eliminate a radical",
        "reduce the number of terms in the expression"
      ],
      "timestamp": "2025-02-05T06:52:42.540398Z"
    },
    {
      "original": "integrate((cos(3*x) + sin(2*x)) * (- sin(2019*x) + cos(3*x)), (x, -2*pi, 2*pi))",
      "requested_difficulty": "easier",
      "variant": "integrate(cos(3*x) * (-sin(2019*x)), x)",
      "reasoning": "As an engineer favoring practical approaches, I decide to focus on analytical aspects. This variant simplifies by removing one of the oscillatory functions, giving a function that still presents mathematical interest but is easier to handle.",
      "evaluation": "easier",
      "extra_verification": null,
      "transformations_used": [
        "simplify a trigonometric component",
        "change a function to an easier one",
        "lower a coefficient",
        "eliminate a radical",
        "reduce the number of terms in the expression"
      ],
      "timestamp": "2025-02-05T06:52:43.191258Z"
    },
    {
      "original": "integrate((cos(3*x) + sin(2*x)) * (- sin(2019*x) + cos(3*x)), (x, -2*pi, 2*pi))",
      "requested_difficulty": "easier",
      "variant": "integrate(cos(3*x), x)",
      "reasoning": "Staying within the sphere of the calculus professor, I think that reducing the complexity further can yield a manageable result. I will pull one term out of the integral and integrate the residual.",
      "evaluation": "easier",
      "extra_verification": null,
      "transformations_used": [
        "simplify a trigonometric component",
        "change a function to an easier one",
        "lower a coefficient",
        "eliminate a radical",
        "reduce the number of terms in the expression"
      ],
      "timestamp": "2025-02-05T06:52:42.658587Z"
    },
    {
      "original": "integrate((cos(3*x) + sin(2*x)) * (- sin(2019*x) + cos(3*x)), (x, -2*pi, 2*pi))",
      "requested_difficulty": "easier",
      "variant": "integrate((cos(3*x) + sin(2*x)) * (-sin(3*x) + cos(3*x)), x)",
      "reasoning": "A student-focused view leads to thinking about basic harmonic functions. I\u2019ll replace higher-frequency terms like sin(2019*x) with their simpler counterparts that maintain the periodic nature somewhat.",
      "evaluation": "easier",
      "extra_verification": null,
      "transformations_used": [
        "simplify a trigonometric component",
        "change a function to an easier one",
        "lower a coefficient",
        "eliminate a radical",
        "reduce the number of terms in the expression"
      ],
      "timestamp": "2025-02-05T06:52:42.646678Z"
    },
    {
      "original": "integrate((cos(3*x) + sin(2*x)) * (- sin(2019*x) + cos(3*x)), (x, -2*pi, 2*pi))",
      "requested_difficulty": "easier",
      "variant": "integrate(cos(3*x)*(cos(3*x) - sin(2019*x)) + sin(2*x)*(cos(3*x)), x)",
      "reasoning": "As an engineer who enjoys practical solutions, I think to combine the integrals into polynomials\u2014a sum of product terms can lead to easier calculations.",
      "evaluation": "easier",
      "extra_verification": null,
      "transformations_used": [
        "simplify a trigonometric component",
        "change a function to an easier one",
        "lower a coefficient",
        "eliminate a radical",
        "reduce the number of terms in the expression"
      ],
      "timestamp": "2025-02-05T06:52:42.621163Z"
    },
    {
      "original": "integrate((cos(3*x) + sin(2*x)) * (- sin(2019*x) + cos(3*x)), (x, -2*pi, 2*pi))",
      "requested_difficulty": "equivalent",
      "variant": "integrate((1/2) * (sin(3*x + 2) - sin(3*x - 2) - sin(2019*x)), x)",
      "reasoning": "As a calculus professor, I appreciate elegant simplifications. Noticing that the product of cosine and sine functions can often yield simpler expressions, I will use the product-to-sum identities to rewrite the integrand.",
      "evaluation": "easier",
      "extra_verification": null,
      "transformations_used": [
        "rewrite using alternate algebraic forms",
        "use trigonometric identities to rewrite expression",
        "rewrite using different logarithmic properties"
      ],
      "timestamp": "2025-02-05T06:52:46.704230Z"
    },
    {
      "original": "integrate((cos(3*x) + sin(2*x)) * (- sin(2019*x) + cos(3*x)), (x, -2*pi, 2*pi))",
      "requested_difficulty": "equivalent",
      "variant": "integrate(((exp(3*I*x) + exp(-2*I*x)) * (exp(-2019*I*x) + exp(3*I*x))), x)",
      "reasoning": "As a theoretical physicist, I appreciate trigonometric identities. I will express all sine and cosine terms in terms of complex exponentials, utilizing Euler's formula.",
      "evaluation": "easier",
      "extra_verification": null,
      "transformations_used": [
        "rewrite using alternate algebraic forms",
        "use trigonometric identities to rewrite expression",
        "rewrite using different logarithmic properties"
      ],
      "timestamp": "2025-02-05T06:52:46.764001Z"
    },
    {
      "original": "integrate((cos(3*x) + sin(2*x)) * (- sin(2019*x) + cos(3*x)), (x, -2*pi, 2*pi))",
      "requested_difficulty": "equivalent",
      "variant": "integrate((cos(3*x) + sin(2*x)) * (- sin(2019*x) + cos(3*x)), x)",
      "reasoning": "As a number theorist fascinated by primes, let\u2019s rewrite our integral by examining coefficients of polynomials, making some terms represent step functions when evaluating at specific primes.",
      "evaluation": "easier",
      "extra_verification": null,
      "transformations_used": [
        "rewrite using alternate algebraic forms",
        "use trigonometric identities to rewrite expression",
        "rewrite using different logarithmic properties"
      ],
      "timestamp": "2025-02-05T06:52:47.006060Z"
    },
    {
      "original": "integrate((cos(3*x) + sin(2*x)) * (- sin(2019*x) + cos(3*x)), (x, -2*pi, 2*pi))",
      "requested_difficulty": "equivalent",
      "variant": "integrate(cos(3*x) * cos(3*(x + \u03c0/2)) + sin(2*x) * sin(3*(x + \u03c0/2)), x)",
      "reasoning": "A geometry enthusiast thinks in terms of transformations. I will express the integrated function using a rotation of axes to shift how we interpret the sinusoidal functions.",
      "evaluation": "equivalent",
      "extra_verification": null,
      "transformations_used": [
        "rewrite using alternate algebraic forms",
        "use trigonometric identities to rewrite expression",
        "rewrite using different logarithmic properties"
      ],
      "timestamp": "2025-02-05T06:52:46.790132Z"
    },
    {
      "original": "integrate((cos(3*x) + sin(2*x)) * (- sin(2019*x) + cos(3*x)), (x, -2*pi, 2*pi))",
      "requested_difficulty": "equivalent",
      "variant": "integrate(cos(3*x) * (-sin(2019*x) + cos(3*x)) + sin(2*x) * (-sin(2019*x) + cos(3*x)), x)",
      "reasoning": "As a calculus professor, I appreciate elegant simplifications. By distributing the terms in the integrand, we can simplify the analysis of symmetry.",
      "evaluation": "equivalent",
      "extra_verification": null,
      "transformations_used": [
        "factor common terms differently",
        "apply algebraic identities that preserve complexity",
        "rewrite the integrand in a different form without changing overall complexity"
      ],
      "timestamp": "2025-02-05T06:52:46.544847Z"
    }
  ],
  [
    {
      "original": "integrate((x + 1 - exp(-x))*exp(x*exp(x)), x)",
      "requested_difficulty": "easier",
      "variant": "integrate((x + 1)*exp(x*exp(x)), x)",
      "reasoning": "From the perspective of a student focused on polynomials, I'll consider the first two terms only, treating the integral without the exponential decay which could make integration more manageable.",
      "evaluation": "easier",
      "extra_verification": null,
      "transformations_used": [
        "lower a coefficient",
        "simplify the denominator",
        "eliminate absolute value terms"
      ],
      "timestamp": "2025-02-05T06:52:42.622805Z"
    },
    {
      "original": "integrate((x + 1 - exp(-x))*exp(x*exp(x)), x)",
      "requested_difficulty": "easier",
      "variant": "integrate(((x - 1) + 2 - exp(-(x-1)))*exp((x-1)*exp(x-1)), x)",
      "reasoning": "As a geometry enthusiast, I enjoy using geometric transformations. I will attempt to leverage the symmetry in the function by shifting the variable to \\( x-1 \\).",
      "evaluation": "equivalent",
      "extra_verification": null,
      "transformations_used": [
        "lower a coefficient",
        "simplify the denominator",
        "eliminate absolute value terms"
      ],
      "timestamp": "2025-02-05T06:52:42.522311Z"
    },
    {
      "original": "integrate((x + 1 - exp(-x))*exp(x*exp(x)), x)",
      "requested_difficulty": "easier",
      "variant": "integrate((0.5*(x + 1) - 0.5*exp(-x)) * exp(x*exp(x)), x)",
      "reasoning": "As a calculus professor who enjoys elegance, I will try factoring out common terms and simplifying the integrand by considering linear combinations of exponential functions.",
      "evaluation": "easier",
      "extra_verification": null,
      "transformations_used": [
        "lower a coefficient",
        "simplify the denominator",
        "eliminate absolute value terms"
      ],
      "timestamp": "2025-02-05T06:52:42.573339Z"
    },
    {
      "original": "integrate((x + 1 - exp(-x))*exp(x*exp(x)), x)",
      "requested_difficulty": "easier",
      "variant": "integrate((x + 1 - (1 - x + x**2/2)) * exp(x*exp(x)), x)",
      "reasoning": "In line with my engineering mindset, I will reduce the complexity of the integrand using a linear approximation of the exponential function, which may help in numerical methods.",
      "evaluation": "easier",
      "extra_verification": null,
      "transformations_used": [
        "lower a coefficient",
        "simplify the denominator",
        "eliminate absolute value terms"
      ],
      "timestamp": "2025-02-05T06:52:42.580705Z"
    },
    {
      "original": "integrate((x + 1 - exp(-x))*exp(x*exp(x)), x)",
      "requested_difficulty": "easier",
      "variant": "integrate((x + 1 - (1 - x + x^2/2))*exp(x*exp(x)), x)",
      "reasoning": "As a student inclined towards polynomials, I will expand and focus on just the leading order terms in the Taylor series around \\( x = 0 \\) for the function \\( \\exp(-x) \\) and replace it, simplifying the whole expression.",
      "evaluation": "easier",
      "extra_verification": null,
      "transformations_used": [
        "simplify a trigonometric component",
        "reduce an exponent",
        "convert a product to a simpler sum",
        "reduce the number of terms in the expression",
        "change a function to an easier one"
      ],
      "timestamp": "2025-02-05T06:52:43.107028Z"
    },
    {
      "original": "integrate((x + 1 - exp(-x))*exp(x*exp(x)), x)",
      "requested_difficulty": "easier",
      "variant": "integrate((x + 1 - (1 - x/2 + x**2/6))*exp(x*exp(x)), x)",
      "reasoning": "As a number theorist, I find interest in rational coefficients and integral transformations. Focusing on rational approximations for \\( \\exp(-x) \\) and utilizing a series expansion could help refine the approach.",
      "evaluation": "easier",
      "extra_verification": null,
      "transformations_used": [
        "simplify a trigonometric component",
        "reduce an exponent",
        "convert a product to a simpler sum",
        "reduce the number of terms in the expression",
        "change a function to an easier one"
      ],
      "timestamp": "2025-02-05T06:52:43.089468Z"
    },
    {
      "original": "integrate((x + 1 - exp(-x))*exp(x*exp(x)), x)",
      "requested_difficulty": "equivalent",
      "variant": "integrate(e^(x*exp(x)) * (x + 1 - exp(-x)), x)",
      "reasoning": "As a calculus professor who enjoys elegance, I recognize that the combination of impeding terms can be simplified for deeper insight. By factoring out the exponential term, the structure becomes more straightforward while maintaining complexity.",
      "evaluation": "equivalent",
      "extra_verification": null,
      "transformations_used": [
        "rewrite using different logarithmic properties",
        "modify an exponent slightly",
        "use alternate but equivalent radical forms",
        "factor common terms differently",
        "alter constant terms"
      ],
      "timestamp": "2025-02-05T06:52:42.357085Z"
    },
    {
      "original": "integrate((x + 1 - exp(-x))*exp(x*exp(x)), x)",
      "requested_difficulty": "equivalent",
      "variant": "integrate((x + 1 - 1/(exp(x))) * exp(x * exp(x)), x)",
      "reasoning": "As a student keen on polynomials, I notice that by rewriting \\( e^{-x} \\) as \\( 1/(e^x) \\), the integral takes on a new rational form that highlights polynomial behavior combined with exponential growth.",
      "evaluation": "easier",
      "extra_verification": null,
      "transformations_used": [
        "rewrite using different logarithmic properties",
        "modify an exponent slightly",
        "use alternate but equivalent radical forms",
        "factor common terms differently",
        "alter constant terms"
      ],
      "timestamp": "2025-02-05T06:52:42.372768Z"
    },
    {
      "original": "integrate((x + 1 - exp(-x))*exp(x*exp(x)), x)",
      "requested_difficulty": "equivalent",
      "variant": "integrate(exp(x * exp(x)) * x, x)",
      "reasoning": "As an engineer, I'm inclined towards computational aspects, so I consider splitting the integral into two parts which can be computed more conveniently, thus maintaining complexity while allowing for practical calculations.",
      "evaluation": "easier",
      "extra_verification": null,
      "transformations_used": [
        "rewrite using different logarithmic properties",
        "modify an exponent slightly",
        "use alternate but equivalent radical forms",
        "factor common terms differently",
        "alter constant terms"
      ],
      "timestamp": "2025-02-05T06:52:42.518794Z"
    },
    {
      "original": "integrate((x + 1 - exp(-x))*exp(x*exp(x)), x)",
      "requested_difficulty": "equivalent",
      "variant": "integrate((x*exp(x) + exp(x) - exp(x) * exp(-x)), x)",
      "reasoning": "As an engineer dedicated to practical applications, I look at combining like terms within the integral, leading to a more manageable, yet complex, formulation that retains the integral's challenging nature.",
      "evaluation": "equivalent",
      "extra_verification": null,
      "transformations_used": [
        "rewrite using different logarithmic properties",
        "modify an exponent slightly",
        "use alternate but equivalent radical forms",
        "factor common terms differently",
        "alter constant terms"
      ],
      "timestamp": "2025-02-05T06:52:42.508226Z"
    }
  ]
]