[
  [
    {
      "original": "integrate(tan(x)**2, x)",
      "requested_difficulty": "easier",
      "variant": "integrate(sec(x)**2 - 1, x)",
      "reasoning": "As a calculus professor, I see that integrating \\(\\tan^2(x)\\) can be simplified by utilizing the identity \\(\\tan^2(x) = \\sec^2(x) - 1\\). This allows for a more straightforward integration.",
      "evaluation": "equivalent",
      "transformations_used": [
        "replace transcendental functions with simpler algebraic ones",
        "simplify composite trigonometric functions",
        "reduce the number of terms in the expression",
        "reduce the degree of a polynomial",
        "lower a coefficient"
      ],
      "timestamp": "2025-02-05T06:21:43.714196Z"
    },
    {
      "original": "integrate(tan(x)**2, x)",
      "requested_difficulty": "easier",
      "variant": "integrate((sin(x)/cos(x))**2, x)",
      "reasoning": "As a geometry enthusiast, I appreciate the idea of substituting geometric transformations. By express \\(\\tan^2(x)\\) in terms of geometric constraints, I can see if there's a simpler way to visualize it.",
      "evaluation": "equivalent",
      "transformations_used": [
        "replace transcendental functions with simpler algebraic ones",
        "simplify composite trigonometric functions",
        "reduce the number of terms in the expression",
        "reduce the degree of a polynomial",
        "lower a coefficient"
      ],
      "timestamp": "2025-02-05T06:21:43.470222Z"
    },
    {
      "original": "integrate(tan(x)**2, x)",
      "requested_difficulty": "easier",
      "variant": "integrate((sin(x)**2/cos(x)**2), x)",
      "reasoning": "A student focusing on rational functions can view \\(\\tan^2(x)\\) in relation to rational approximations or series to simplify assessments for integration.",
      "evaluation": "equivalent",
      "transformations_used": [
        "replace transcendental functions with simpler algebraic ones",
        "simplify composite trigonometric functions",
        "reduce the number of terms in the expression",
        "reduce the degree of a polynomial",
        "lower a coefficient"
      ],
      "timestamp": "2025-02-05T06:21:43.569817Z"
    },
    {
      "original": "integrate(tan(x)**2, x)",
      "requested_difficulty": "easier",
      "variant": "integrate(tan(x)*tan(x)/tan(x), x)",
      "reasoning": "As a calculus professor, I might also consider substitutions that create a symmetry or cancellation in \\(\\tan\\) and \\(\\cot\\) functions rather than just transformation.",
      "evaluation": "equivalent",
      "transformations_used": [
        "replace transcendental functions with simpler algebraic ones",
        "simplify composite trigonometric functions",
        "reduce the number of terms in the expression",
        "reduce the degree of a polynomial",
        "lower a coefficient"
      ],
      "timestamp": "2025-02-05T06:21:43.703703Z"
    },
    {
      "original": "integrate(tan(x)**2, x)",
      "requested_difficulty": "easier",
      "variant": "integrate(sin(x)**2/cos(x)**2, x)",
      "reasoning": "As a student favoring polynomials, I'll use the Pythagorean identity to rewrite the integrand in terms of \\(sin\\) and \\(cos\\), which can be easier to work with.",
      "evaluation": "equivalent",
      "transformations_used": [
        "eliminate a radical",
        "replace transcendental functions with simpler algebraic ones",
        "remove a complicated term",
        "remove nested functions",
        "change a function to an easier one"
      ],
      "timestamp": "2025-02-05T06:21:42.523662Z"
    },
    {
      "original": "integrate(tan(x)**2, x)",
      "requested_difficulty": "easier",
      "variant": "integrate(tan(x) * tan(x), x)",
      "reasoning": "As an engineer, I appreciate practical approaches, so I'll apply the substitution method directly with integration by parts where usable, treating \\(\\tan(x)\\) as a separate entity.",
      "evaluation": "equivalent",
      "transformations_used": [
        "eliminate a radical",
        "replace transcendental functions with simpler algebraic ones",
        "remove a complicated term",
        "remove nested functions",
        "change a function to an easier one"
      ],
      "timestamp": "2025-02-05T06:21:42.300201Z"
    },
    {
      "original": "integrate(tan(x)**2, x)",
      "requested_difficulty": "easier",
      "variant": "integrate((2 * sin(x)/cos(x))**2, x)",
      "reasoning": "As a geometry enthusiast, I visualize curves. The integral of \\(\\tan(x)^2\\) can be seen through its geometric interpretation as areas under the curve, allowing transformations that make integration easier.",
      "evaluation": "equivalent",
      "transformations_used": [
        "eliminate a radical",
        "replace transcendental functions with simpler algebraic ones",
        "remove a complicated term",
        "remove nested functions",
        "change a function to an easier one"
      ],
      "timestamp": "2025-02-05T06:21:42.298960Z"
    },
    {
      "original": "integrate(tan(x)**2, x)",
      "requested_difficulty": "easier",
      "variant": "integrate(tan(x)**2, x)",
      "reasoning": "As an engineer who favors practical, computational approaches, I note that using a numerical approximation for \\(\\tan^2(x)\\) over an interval can yield results without needing to directly compute the integral in an analytic form.",
      "evaluation": "equivalent",
      "transformations_used": [
        "simplify a trigonometric component",
        "remove logarithmic terms",
        "replace a complex fraction with a simpler one",
        "simplify composite trigonometric functions",
        "remove a complicated term"
      ],
      "timestamp": "2025-02-05T06:21:45.374910Z"
    },
    {
      "original": "integrate(tan(x)**2, x)",
      "requested_difficulty": "easier",
      "variant": "integrate(2/3 * (1 - cos(2*x)), x)",
      "reasoning": "As a number theorist fascinated by prime numbers and rational coefficients, I consider that we can express \\(\\tan^2(x)\\) with rational coefficients directly. This allows us to integrate without encountering complex irrational forms while focusing on polynomial-like behavior.",
      "evaluation": "easier",
      "transformations_used": [
        "simplify a trigonometric component",
        "remove logarithmic terms",
        "replace a complex fraction with a simpler one",
        "simplify composite trigonometric functions",
        "remove a complicated term"
      ],
      "timestamp": "2025-02-05T06:21:45.367416Z"
    },
    {
      "original": "integrate(tan(x)**2, x)",
      "requested_difficulty": "easier",
      "variant": "integrate(d(tan(x)), x)",
      "reasoning": "Adopting the persona of a calculus professor again, I would suggest simply considering the derivative of \\(\\tan(x)\\) which brings us back to evaluating basic trigonometric integrals, making it distinct and approachable.",
      "evaluation": "easier",
      "transformations_used": [
        "simplify a trigonometric component",
        "remove logarithmic terms",
        "replace a complex fraction with a simpler one",
        "simplify composite trigonometric functions",
        "remove a complicated term"
      ],
      "timestamp": "2025-02-05T06:21:47.101114Z"
    },
    {
      "original": "integrate(tan(x)**2, x)",
      "requested_difficulty": "easier",
      "variant": "integrate(1 - cos(2*x)/sin(2*x)**2, x)",
      "reasoning": "As a student who is comfortable with polynomials, I notice that integrating polynomials is straightforward. Here, I convert the trigonometric function to a polynomial form by using a known identity again.",
      "evaluation": "equivalent",
      "transformations_used": [
        "remove a complicated term",
        "replace a complex fraction with a simpler one",
        "reduce the degree of a polynomial",
        "eliminate a radical",
        "eliminate absolute value terms"
      ],
      "timestamp": "2025-02-05T06:21:36.667869Z"
    },
    {
      "original": "integrate(tan(x)**2, x)",
      "requested_difficulty": "easier",
      "variant": "integrate(1, x)",
      "reasoning": "As an engineer, my aim is computational efficiency. I see that integrating a constant can simplify the work needed before tackling the remaining parts.",
      "evaluation": "easier",
      "transformations_used": [
        "remove a complicated term",
        "replace a complex fraction with a simpler one",
        "reduce the degree of a polynomial",
        "eliminate a radical",
        "eliminate absolute value terms"
      ],
      "timestamp": "2025-02-05T06:21:36.331832Z"
    },
    {
      "original": "integrate(tan(x)**2, x)",
      "requested_difficulty": "easier",
      "variant": "integrate(0, x)",
      "reasoning": "As a calculus professor, a common technique is to use symmetry properties. By splitting the integral around the odd function, the problem simplifies greatly.",
      "evaluation": "easier",
      "transformations_used": [
        "remove a complicated term",
        "replace a complex fraction with a simpler one",
        "reduce the degree of a polynomial",
        "eliminate a radical",
        "eliminate absolute value terms"
      ],
      "timestamp": "2025-02-05T06:21:36.245227Z"
    },
    {
      "original": "integrate(tan(x)**2, x)",
      "requested_difficulty": "easier",
      "variant": "integrate(1/(cos(x)**2) - 1, x)",
      "reasoning": "As a number theorist, my interest in rational coefficients leads me to express \\(\\tan(x)\\) as a simple rational function combined with terms that eliminate irrational aspects.",
      "evaluation": "equivalent",
      "transformations_used": [
        "lower a coefficient",
        "remove a factor",
        "reduce the number of terms in the expression",
        "remove logarithmic terms",
        "remove nested functions"
      ],
      "timestamp": "2025-02-05T06:21:38.390396Z"
    },
    {
      "original": "integrate(tan(x)**2, x)",
      "requested_difficulty": "easier",
      "variant": "integrate(sec(x)**2, x)",
      "reasoning": "As a calculus professor focusing on reduction of complexity, I could express the integral directly in a simplified form without losing accuracy by identifying common elements in its derivative and integrals.",
      "evaluation": "easier",
      "transformations_used": [
        "lower a coefficient",
        "remove a factor",
        "reduce the number of terms in the expression",
        "remove logarithmic terms",
        "remove nested functions"
      ],
      "timestamp": "2025-02-05T06:21:38.266005Z"
    },
    {
      "original": "integrate(tan(x)**2, x)",
      "requested_difficulty": "easier",
      "variant": "integrate((sin(x)**2)/(cos(x)**2), x)",
      "reasoning": "As a creative mathematician, I often like to unexpectedly simplify by reducing nested expressions, treating \\(\\tan(x) = \\frac{\\sin(x)}{\\cos(x)}\\) to make the integral less complex.",
      "evaluation": "equivalent",
      "transformations_used": [
        "lower a coefficient",
        "remove a factor",
        "reduce the number of terms in the expression",
        "remove logarithmic terms",
        "remove nested functions"
      ],
      "timestamp": "2025-02-05T06:21:38.300138Z"
    },
    {
      "original": "integrate(tan(x)**2, x)",
      "requested_difficulty": "easier",
      "variant": "integrate((x**2), x)",
      "reasoning": "As an engineer, I\u2019d focus on approximations within bounds, thus adopting the approach of approximating \\(\\tan(x)^2\\) around specific values for easier integrals, especially when x is near 0.",
      "evaluation": "easier",
      "transformations_used": [
        "lower a coefficient",
        "remove a factor",
        "reduce the number of terms in the expression",
        "remove logarithmic terms",
        "remove nested functions"
      ],
      "timestamp": "2025-02-05T06:21:38.327698Z"
    },
    {
      "original": "integrate(tan(x)**2, x)",
      "requested_difficulty": "easier",
      "variant": "integrate(tan(x)*tan(x), x)",
      "reasoning": "As a student who prefers polynomials, I recognize that \\(\\tan^2(x)\\) can be expressed as a rational function, which is easier to integrate directly without getting into trigonometric identities.",
      "evaluation": "equivalent",
      "transformations_used": [
        "eliminate absolute value terms",
        "replace a complex fraction with a simpler one",
        "remove logarithmic terms"
      ],
      "timestamp": "2025-02-05T06:21:37.618774Z"
    },
    {
      "original": "integrate(tan(x)**2, x)",
      "requested_difficulty": "easier",
      "variant": "integrate(1/(cos(x)**2), x)",
      "reasoning": "From an engineering perspective, I prefer a numerical approach or breaking it down into simpler intervals. Using a numerical method simplifies this process through computational means.",
      "evaluation": "equivalent",
      "transformations_used": [
        "eliminate absolute value terms",
        "replace a complex fraction with a simpler one",
        "remove logarithmic terms"
      ],
      "timestamp": "2025-02-05T06:21:37.606174Z"
    },
    {
      "original": "integrate(tan(x)**2, x)",
      "requested_difficulty": "easier",
      "variant": "integrate((2*tan(x))/(1 + tan(x)**2), x)",
      "reasoning": "The number theorist in me likes to focus on integers and rational polynomials. Although \\(\\tan(x)\\) doesn\u2019t deal in integers, recognizing its periodic nature suggests breaking it into defined intervals where it behaves more like rational functions.",
      "evaluation": "easier",
      "transformations_used": [
        "eliminate absolute value terms",
        "replace a complex fraction with a simpler one",
        "remove logarithmic terms"
      ],
      "timestamp": "2025-02-05T06:21:37.585916Z"
    }
  ]
]