[
  [
    {
      "original": "integrate(x**5 + 5*x**4 + 10*x**3 + 8*x**2 + x, x)",
      "requested_difficulty": "easier",
      "variant": "integrate(5*x**4 + 10*x**3 + 8*x**2 + x, x)",
      "reasoning": "As a calculus professor, I appreciate a polynomial that is reduced in degree. I will simplify it by removing the highest degree term \\(x^5\\), making it easier to integrate.",
      "evaluation": "easier",
      "extra_verification": null,
      "transformations_used": [
        "remove a complicated term",
        "replace a complex fraction with a simpler one",
        "remove a factor",
        "lower a coefficient",
        "remove nested functions"
      ],
      "timestamp": "2025-02-05T06:31:57.243925Z"
    },
    {
      "original": "integrate(x**5 + 5*x**4 + 10*x**3 + 8*x**2 + x, x)",
      "requested_difficulty": "easier",
      "variant": "integrate(x*(x**4 + 5*x**3 + 10*x**2 + 8*x + 1), x)",
      "reasoning": "As a creative mathematician, I enjoy unusual substitutions. I will factor out \\(x\\) from the integrand to make integration straightforward.",
      "evaluation": "equivalent",
      "extra_verification": null,
      "transformations_used": [
        "remove a complicated term",
        "replace a complex fraction with a simpler one",
        "remove a factor",
        "lower a coefficient",
        "remove nested functions"
      ],
      "timestamp": "2025-02-05T06:31:57.339243Z"
    },
    {
      "original": "integrate(x**5 + 5*x**4 + 10*x**3 + 8*x**2 + x, x)",
      "requested_difficulty": "easier",
      "variant": "integrate(x**5 + x**4 + 10*x**3 + 8*x**2 + x, x)",
      "reasoning": "As a student focused on polynomials, I find it helpful to lower the coefficients. I will remove the leading coefficient 5 from \\(5x^4\\), making it a simpler polynomial.",
      "evaluation": "easier",
      "extra_verification": null,
      "transformations_used": [
        "remove a complicated term",
        "replace a complex fraction with a simpler one",
        "remove a factor",
        "lower a coefficient",
        "remove nested functions"
      ],
      "timestamp": "2025-02-05T06:31:57.132117Z"
    },
    {
      "original": "integrate(x**5 + 5*x**4 + 10*x**3 + 8*x**2 + x, x)",
      "requested_difficulty": "easier",
      "variant": "integrate(exp(x) - 1, x)",
      "reasoning": "As a theoretical physicist, I prefer working with simpler exponential forms. I'll transform the polynomial into its exponential counterpart.",
      "evaluation": "easier",
      "extra_verification": null,
      "transformations_used": [
        "remove a complicated term",
        "replace a complex fraction with a simpler one",
        "remove a factor",
        "lower a coefficient",
        "remove nested functions"
      ],
      "timestamp": "2025-02-05T06:31:57.307523Z"
    },
    {
      "original": "integrate(x**5 + 5*x**4 + 10*x**3 + 8*x**2 + x, x)",
      "requested_difficulty": "easier",
      "variant": "integrate(x**5 + 5*x**4 + 10*x**3 + 8*x**2, x)",
      "reasoning": "As an engineer, I like practical reductions. I will drop the constant term and incorporate only the significant powers.",
      "evaluation": "easier",
      "extra_verification": null,
      "transformations_used": [
        "remove a complicated term",
        "replace a complex fraction with a simpler one",
        "remove a factor",
        "lower a coefficient",
        "remove nested functions"
      ],
      "timestamp": "2025-02-05T06:31:57.340995Z"
    },
    {
      "original": "integrate(x**5 + 5*x**4 + 10*x**3 + 8*x**2 + x, x)",
      "requested_difficulty": "easier",
      "variant": "integrate(x**5 + 5*x**4 + 8*x**2 + x, x)",
      "reasoning": "From a number-theoretic perspective, I love the numbers and their properties. I'll shift focus to prime coefficients, focusing on \\(10\\) which is neither prime nor essential.",
      "evaluation": "easier",
      "extra_verification": null,
      "transformations_used": [
        "remove a complicated term",
        "replace a complex fraction with a simpler one",
        "remove a factor",
        "lower a coefficient",
        "remove nested functions"
      ],
      "timestamp": "2025-02-05T06:31:57.361821Z"
    },
    {
      "original": "integrate(x**5 + 5*x**4 + 10*x**3 + 8*x**2 + x, x)",
      "requested_difficulty": "easier",
      "variant": "integrate(8*x**2 + x, x)",
      "reasoning": "As a geometry enthusiast, I think in terms of areas under curves. I will consider just the portion of the polynomial that represents a geometric shape, thus leveraging a lower-degree polynomial.",
      "evaluation": "easier",
      "extra_verification": null,
      "transformations_used": [
        "remove a complicated term",
        "replace a complex fraction with a simpler one",
        "remove a factor",
        "lower a coefficient",
        "remove nested functions"
      ],
      "timestamp": "2025-02-05T06:31:57.305055Z"
    },
    {
      "original": "integrate(x**5 + 5*x**4 + 10*x**3 + 8*x**2 + x, x)",
      "requested_difficulty": "easier",
      "variant": "integrate(x**4 + 5*x**3 + 10*x**2 + 8*x + 1, x)",
      "reasoning": "Emphasizing polynomial division, I\u2019ll extract powers of \\(x\\). This approach makes each term manageable, akin to considering each degree separately.",
      "evaluation": "easier",
      "extra_verification": null,
      "transformations_used": [
        "remove a complicated term",
        "replace a complex fraction with a simpler one",
        "remove a factor",
        "lower a coefficient",
        "remove nested functions"
      ],
      "timestamp": "2025-02-05T06:31:57.259010Z"
    },
    {
      "original": "integrate(x**5 + 5*x**4 + 10*x**3 + 8*x**2 + x, x)",
      "requested_difficulty": "easier",
      "variant": "integrate((x**3+3*x**2)*(x**2+2), x)",
      "reasoning": "I enjoy transformations in the polynomial space, so let's convert the polynomial into simpler binomials. This approach can sometimes yield more intuitive results.",
      "evaluation": "easier",
      "extra_verification": null,
      "transformations_used": [
        "remove a complicated term",
        "replace a complex fraction with a simpler one",
        "remove a factor",
        "lower a coefficient",
        "remove nested functions"
      ],
      "timestamp": "2025-02-05T06:31:57.303178Z"
    },
    {
      "original": "integrate(x**5 + 5*x**4 + 10*x**3 + 8*x**2 + x, x)",
      "requested_difficulty": "easier",
      "variant": "integrate(x, x)",
      "reasoning": "As a practical engineer, I find integrating simple linear combinations easier. Let\u2019s discard larger components and just focus on linear terms.",
      "evaluation": "easier",
      "extra_verification": null,
      "transformations_used": [
        "remove a complicated term",
        "replace a complex fraction with a simpler one",
        "remove a factor",
        "lower a coefficient",
        "remove nested functions"
      ],
      "timestamp": "2025-02-05T06:31:57.197141Z"
    },
    {
      "original": "integrate(x**5 + 5*x**4 + 10*x**3 + 8*x**2 + x, x)",
      "requested_difficulty": "easier",
      "variant": "integrate((x + 1)**5, x)",
      "reasoning": "As a calculus professor, I recognize that the given function can be simplified significantly by factorization. I notice that the polynomial can be rearranged and grouped in a way that makes integration more straightforward.",
      "evaluation": "easier",
      "extra_verification": null,
      "transformations_used": [
        "change a function to an easier one",
        "replace transcendental functions with simpler algebraic ones",
        "eliminate absolute value terms"
      ],
      "timestamp": "2025-02-05T06:31:58.644627Z"
    },
    {
      "original": "integrate(x**5 + 5*x**4 + 10*x**3 + 8*x**2 + x, x)",
      "requested_difficulty": "easier",
      "variant": "integrate(x**5 + 5*x**4 + 10*x**3 + 8*x**2 + x, x)",
      "reasoning": "Taking a student's perspective, I prefer to work with polynomials. Since the integral is polynomial, I will express it in a simplified polynomial form, keeping the calculations clean.",
      "evaluation": "equivalent",
      "extra_verification": null,
      "transformations_used": [
        "change a function to an easier one",
        "replace transcendental functions with simpler algebraic ones",
        "eliminate absolute value terms"
      ],
      "timestamp": "2025-02-05T06:31:58.589238Z"
    },
    {
      "original": "integrate(x**5 + 5*x**4 + 10*x**3 + 8*x**2 + x, x)",
      "requested_difficulty": "easier",
      "variant": "integrate(2*(x + 1)**5 - 2**6, x)",
      "reasoning": "As a geometry enthusiast, I interpret polynomial behavior in terms of geometrical transformations. I focus on the transformation involving vertical shifts by using vertex forms where applicable.",
      "evaluation": "easier",
      "extra_verification": null,
      "transformations_used": [
        "change a function to an easier one",
        "replace transcendental functions with simpler algebraic ones",
        "eliminate absolute value terms"
      ],
      "timestamp": "2025-02-05T06:31:58.557399Z"
    },
    {
      "original": "integrate(x**5 + 5*x**4 + 10*x**3 + 8*x**2 + x, x)",
      "requested_difficulty": "easier",
      "variant": "integrate(x * (x**4 + 5*x**3 + 10*x**2 + 8*x + 1), x)",
      "reasoning": "As a calculus professor, I appreciate simplifying polynomial integrals. The original polynomial can be simplified by factoring out the common term \\(x\\).",
      "evaluation": "equivalent",
      "extra_verification": null,
      "transformations_used": [
        "remove logarithmic terms",
        "remove a factor",
        "lower a coefficient"
      ],
      "timestamp": "2025-02-05T06:31:57.610348Z"
    },
    {
      "original": "integrate(x**5 + 5*x**4 + 10*x**3 + 8*x**2 + x, x)",
      "requested_difficulty": "easier",
      "variant": "integrate(x**5 + x**4 + 2*x**3 + 8*x**2 + x, x)",
      "reasoning": "As a student who prefers polynomials, I notice that the integral in its expanded form is straightforward but cumbersome. I will simplify the constant coefficients by removing '5' and '10'.",
      "evaluation": "easier",
      "extra_verification": null,
      "transformations_used": [
        "remove logarithmic terms",
        "remove a factor",
        "lower a coefficient"
      ],
      "timestamp": "2025-02-05T06:31:57.437112Z"
    },
    {
      "original": "integrate(x**5 + 5*x**4 + 10*x**3 + 8*x**2 + x, x)",
      "requested_difficulty": "easier",
      "variant": "integrate(e**(5*ln(x)) + 5 * e**(4*ln(x)) + 10 * e**(3*ln(x)) + 8 * e**(2*ln(x)) + e**(ln(x)), x)",
      "reasoning": "From a theoretical physicist's viewpoint, I'd like to express the polynomial in terms of exponential functions so it\u2019s easier to work with in physical contexts.",
      "evaluation": "equivalent",
      "extra_verification": null,
      "transformations_used": [
        "remove logarithmic terms",
        "remove a factor",
        "lower a coefficient"
      ],
      "timestamp": "2025-02-05T06:31:57.579917Z"
    },
    {
      "original": "integrate(x**5 + 5*x**4 + 10*x**3 + 8*x**2 + x, x)",
      "requested_difficulty": "easier",
      "variant": "integrate((1/2)*x**5 + (5/2)*x**4 + (5)*x**3 + 4*x**2 + (1/2)*x, x)",
      "reasoning": "As a number theorist focused on rational coefficients, I enjoy using monomials with rational coefficients. I could rewrite the integral to work with simpler fractions.",
      "evaluation": "equivalent",
      "extra_verification": null,
      "transformations_used": [
        "remove logarithmic terms",
        "remove a factor",
        "lower a coefficient"
      ],
      "timestamp": "2025-02-05T06:31:57.536726Z"
    },
    {
      "original": "integrate(x**5 + 5*x**4 + 10*x**3 + 8*x**2 + x, x)",
      "requested_difficulty": "easier",
      "variant": "integrate(x**2 * (x**3 + 5*x**2 + 10*x + 8) + x, x)",
      "reasoning": "From a geometry perspective, looking at transformations can clarify our view on this polynomial. I can break it down as \\(x^2\\) times another polynomial, making it simpler to integrate.",
      "evaluation": "easier",
      "extra_verification": null,
      "transformations_used": [
        "remove logarithmic terms",
        "remove a factor",
        "lower a coefficient"
      ],
      "timestamp": "2025-02-05T06:31:57.693353Z"
    },
    {
      "original": "integrate(x**5 + 5*x**4 + 10*x**3 + 8*x**2 + x, x)",
      "requested_difficulty": "easier",
      "variant": "integrate(x**5 + 5*x**4, x)",
      "reasoning": "As a calculus professor, I can find ways to reduce complexity. Here, I can drop lower-powered terms to approximate the integral's behavior.",
      "evaluation": "easier",
      "extra_verification": null,
      "transformations_used": [
        "remove logarithmic terms",
        "remove a factor",
        "lower a coefficient"
      ],
      "timestamp": "2025-02-05T06:31:57.465730Z"
    },
    {
      "original": "integrate(x**5 + 5*x**4 + 10*x**3 + 8*x**2 + x, x)",
      "requested_difficulty": "easier",
      "variant": "integrate(x**5 + 5*x**4 + 10*x**3, x)",
      "reasoning": "From an engineering perspective, I would like to focus on the first few leading terms which greatly influence behavior under integration.",
      "evaluation": "easier",
      "extra_verification": null,
      "transformations_used": [
        "remove logarithmic terms",
        "remove a factor",
        "lower a coefficient"
      ],
      "timestamp": "2025-02-05T06:31:57.435668Z"
    },
    {
      "original": "integrate(x**5 + 5*x**4 + 10*x**3 + 8*x**2 + x, x)",
      "requested_difficulty": "equivalent",
      "variant": "integrate(x**4 * (x + 5) + 8*x**2 + x, x)",
      "reasoning": "As a calculus professor who enjoys elegant simplifications, I notice the polynomial can be expressed more compactly by grouping terms that have common factors.",
      "evaluation": "easier",
      "extra_verification": null,
      "transformations_used": [
        "distribute terms differently",
        "rewrite the integrand in a different form without changing overall complexity",
        "alter constant terms",
        "rearrange the order of terms",
        "change coefficient values slightly"
      ],
      "timestamp": "2025-02-05T06:31:56.011612Z"
    },
    {
      "original": "integrate(x**5 + 5*x**4 + 10*x**3 + 8*x**2 + x, x)",
      "requested_difficulty": "equivalent",
      "variant": "integrate((x**5 + 5*x**4 + 10*x**3 + 8*x**2 + x), x)",
      "reasoning": "Embracing the spirit of a creative mathematician, I thought of applying a substitution that leads to an interesting transformation by redefining the variable slightly.",
      "evaluation": "equivalent",
      "extra_verification": null,
      "transformations_used": [
        "distribute terms differently",
        "rewrite the integrand in a different form without changing overall complexity",
        "alter constant terms",
        "rearrange the order of terms",
        "change coefficient values slightly"
      ],
      "timestamp": "2025-02-05T06:31:55.959834Z"
    },
    {
      "original": "integrate(x**5 + 5*x**4 + 10*x**3 + 8*x**2 + x, x)",
      "requested_difficulty": "equivalent",
      "variant": "integrate(10*x**3 + 5*x**4 + x**5 + 8*x**2 + x, x)",
      "reasoning": "As a student, I prefer working with polynomials and recognize that the integral can be simplified by rearranging terms to emphasize the leading power of x.",
      "evaluation": "equivalent",
      "extra_verification": null,
      "transformations_used": [
        "distribute terms differently",
        "rewrite the integrand in a different form without changing overall complexity",
        "alter constant terms",
        "rearrange the order of terms",
        "change coefficient values slightly"
      ],
      "timestamp": "2025-02-05T06:31:56.092377Z"
    },
    {
      "original": "integrate(x**5 + 5*x**4 + 10*x**3 + 8*x**2 + x, x)",
      "requested_difficulty": "equivalent",
      "variant": "integrate(4 * (2*x**5 + 10*x**4 + 20*x**3 + 16*x**2 + 4*x), x)",
      "reasoning": "Theoretical physicists love trigonometric forms for their computational elegance. Here I\u2019ll use a simple numerical transformation that retains polynomial behavior while looking unconventional.",
      "evaluation": "equivalent",
      "extra_verification": null,
      "transformations_used": [
        "distribute terms differently",
        "rewrite the integrand in a different form without changing overall complexity",
        "alter constant terms",
        "rearrange the order of terms",
        "change coefficient values slightly"
      ],
      "timestamp": "2025-02-05T06:31:55.962509Z"
    },
    {
      "original": "integrate(x**5 + 5*x**4 + 10*x**3 + 8*x**2 + x, x)",
      "requested_difficulty": "equivalent",
      "variant": "integrate(x**5 + (5.1)*x**4 + 10*x**3 + 8*x**2 + (1 + 0.1), x)",
      "reasoning": "As a number theorist fascinated by the structure of polynomials, I can modify coefficients slightly to create a new polynomial that has a similar growth rate and form.",
      "evaluation": "equivalent",
      "extra_verification": null,
      "transformations_used": [
        "distribute terms differently",
        "rewrite the integrand in a different form without changing overall complexity",
        "alter constant terms",
        "rearrange the order of terms",
        "change coefficient values slightly"
      ],
      "timestamp": "2025-02-05T06:31:56.114347Z"
    },
    {
      "original": "integrate(x**5 + 5*x**4 + 10*x**3 + 8*x**2 + x, x)",
      "requested_difficulty": "equivalent",
      "variant": "integrate((x**4 + 5*x**3 + 10*x**2 + 8*x + 1) * x, x)",
      "reasoning": "Thinking geometrically, I can express the polynomial in a form that highlights symmetry, perhaps reflecting how we visualize transformations in geometry.",
      "evaluation": "easier",
      "extra_verification": null,
      "transformations_used": [
        "distribute terms differently",
        "rewrite the integrand in a different form without changing overall complexity",
        "alter constant terms",
        "rearrange the order of terms",
        "change coefficient values slightly"
      ],
      "timestamp": "2025-02-05T06:31:56.064845Z"
    },
    {
      "original": "integrate(x**5 + 5*x**4 + 10*x**3 + 8*x**2 + x, x)",
      "requested_difficulty": "equivalent",
      "variant": "integrate((x*(x**4 + 5*x**3 + 10*x**2 + 8*x + 1)), x)",
      "reasoning": "From the perspective of a creative mathematician exploring unusual substitutions, I can represent the polynomial in a way that employs a product arrangement.",
      "evaluation": "equivalent",
      "extra_verification": null,
      "transformations_used": [
        "distribute terms differently",
        "rewrite the integrand in a different form without changing overall complexity",
        "alter constant terms",
        "rearrange the order of terms",
        "change coefficient values slightly"
      ],
      "timestamp": "2025-02-05T06:31:56.200725Z"
    },
    {
      "original": "integrate(x**5 + 5*x**4 + 10*x**3 + 8*x**2 + x, x)",
      "requested_difficulty": "equivalent",
      "variant": "integrate(0.5*(2*x**5 + 10*x**4 + 20*x**3 + 16*x**2 + 2*x), x)",
      "reasoning": "As I think like an engineer, I observe that combining terms into one single polynomial makes computation a bit easier. I\u2019ll slightly re-organize and adjust coefficients.",
      "evaluation": "equivalent",
      "extra_verification": null,
      "transformations_used": [
        "distribute terms differently",
        "rewrite the integrand in a different form without changing overall complexity",
        "alter constant terms",
        "rearrange the order of terms",
        "change coefficient values slightly"
      ],
      "timestamp": "2025-02-05T06:31:56.030925Z"
    },
    {
      "original": "integrate(x**5 + 5*x**4 + 10*x**3 + 8*x**2 + x, x)",
      "requested_difficulty": "equivalent",
      "variant": "integrate(x**5 + 5*x**4 + 10*x**3 + 8*x**2 + x + 0, x)",
      "reasoning": "As a student who prefers working with polynomials, I will expand the expression a bit further to aid in the integration process.",
      "evaluation": "equivalent",
      "extra_verification": null,
      "transformations_used": [
        "modify an exponent slightly",
        "exchange similar functions (e.g., sin to cos)",
        "use alternate but equivalent radical forms",
        "change variables while maintaining complexity",
        "apply algebraic identities that preserve complexity"
      ],
      "timestamp": "2025-02-05T06:31:56.845239Z"
    },
    {
      "original": "integrate(x**5 + 5*x**4 + 10*x**3 + 8*x**2 + x, x)",
      "requested_difficulty": "equivalent",
      "variant": "integrate(sum(k * x**k for k in range(6)), x)",
      "reasoning": "I am an engineer who favors practical, computational approaches. I might express the integral as a series expansion for computational methods.",
      "evaluation": "equivalent",
      "extra_verification": null,
      "transformations_used": [
        "modify an exponent slightly",
        "exchange similar functions (e.g., sin to cos)",
        "use alternate but equivalent radical forms",
        "change variables while maintaining complexity",
        "apply algebraic identities that preserve complexity"
      ],
      "timestamp": "2025-02-05T06:31:56.673238Z"
    },
    {
      "original": "integrate(x**5 + 5*x**4 + 10*x**3 + 8*x**2 + x, x)",
      "requested_difficulty": "equivalent",
      "variant": "integrate(sum((1*(x**k)) / factorial(k) for k in range(6)), x)",
      "reasoning": "As a theoretical physicist, I appreciate using exponential forms. I convert the polynomial to an exponential using Taylor series around a point.",
      "evaluation": "equivalent",
      "extra_verification": null,
      "transformations_used": [
        "modify an exponent slightly",
        "exchange similar functions (e.g., sin to cos)",
        "use alternate but equivalent radical forms",
        "change variables while maintaining complexity",
        "apply algebraic identities that preserve complexity"
      ],
      "timestamp": "2025-02-05T06:31:56.894942Z"
    },
    {
      "original": "integrate(x**5 + 5*x**4 + 10*x**3 + 8*x**2 + x, x)",
      "requested_difficulty": "equivalent",
      "variant": "integrate(x**5 + 5*x**4 + 10*x**3 + 8*(x**2) + (x + 0), x)",
      "reasoning": "In the spirit of a creative mathematician, I notice that the term can also be expressed by factoring out common components or reconstructing the polynomial. However, all coefficients are already convenient, but let's express it by adjusting the constant.",
      "evaluation": "equivalent",
      "extra_verification": null,
      "transformations_used": [
        "modify an exponent slightly",
        "rearrange the order of terms",
        "rewrite using different logarithmic properties"
      ],
      "timestamp": "2025-02-05T06:31:58.441328Z"
    },
    {
      "original": "integrate(x**5 + 5*x**4 + 10*x**3 + 8*x**2 + x, x)",
      "requested_difficulty": "equivalent",
      "variant": "integrate(x**5 + 5*x**4 + 10*x**3 + 8*(x**2) + (x*1), x)",
      "reasoning": "As a student who likes polynomials, I can combine like terms or rewrite the polynomial differently without changing its value. I decide to modify one of the coefficients slightly to demonstrate my understanding of polynomial forms.",
      "evaluation": "equivalent",
      "extra_verification": null,
      "transformations_used": [
        "modify an exponent slightly",
        "rearrange the order of terms",
        "rewrite using different logarithmic properties"
      ],
      "timestamp": "2025-02-05T06:31:58.471037Z"
    },
    {
      "original": "integrate(x**5 + 5*x**4 + 10*x**3 + 8*x**2 + x, x)",
      "requested_difficulty": "equivalent",
      "variant": "integrate(1*(x**5) + 5*(x**4) + 10*(x**3) + 8*(x**2) + (1*x), x)",
      "reasoning": "Approaching this as a theoretical physicist, I am drawn to expressing polynomials in a more trigonometric-inspired way. I could use an exponential form or rewrite using identities, but I stick to its polynomial nature to keep it simple.",
      "evaluation": "equivalent",
      "extra_verification": null,
      "transformations_used": [
        "modify an exponent slightly",
        "rearrange the order of terms",
        "rewrite using different logarithmic properties"
      ],
      "timestamp": "2025-02-05T06:31:58.660722Z"
    },
    {
      "original": "integrate(x**5 + 5*x**4 + 10*x**3 + 8*x**2 + x, x)",
      "requested_difficulty": "equivalent",
      "variant": "integrate(x**5 + 5*(11 - 1)*x**4 + 10*x**3 + 8*x**2 + (x - 2 + 2), x)",
      "reasoning": "As a number theorist, I find prime numbers fascinating, and while this polynomial doesn't directly invoke them, I can focus on the coefficients. I add a polynomial perturbation to explore deeper connections.",
      "evaluation": "equivalent",
      "extra_verification": null,
      "transformations_used": [
        "modify an exponent slightly",
        "rearrange the order of terms",
        "rewrite using different logarithmic properties"
      ],
      "timestamp": "2025-02-05T06:31:58.500979Z"
    },
    {
      "original": "integrate(x**5 + 5*x**4 + 10*x**3 + 8*x**2 + x, x)",
      "requested_difficulty": "equivalent",
      "variant": "integrate((x**5 + 5*x**4 + 10*x**3) + (8*x**2 + x), x)",
      "reasoning": "Viewing through the lens of geometry, I think about symmetry in polynomial functions. The arrangement of coefficients suggests a symmetrical form; however, I still retain the polynomial's essence.",
      "evaluation": "equivalent",
      "extra_verification": null,
      "transformations_used": [
        "modify an exponent slightly",
        "rearrange the order of terms",
        "rewrite using different logarithmic properties"
      ],
      "timestamp": "2025-02-05T06:31:58.537345Z"
    },
    {
      "original": "integrate(x**5 + 5*x**4 + 10*x**3 + 8*x**2 + x, x)",
      "requested_difficulty": "equivalent",
      "variant": "integrate(x**5 + (5/1)*x**4 + (10/1)*x**3 + (8/1)*x**2 + (1/1)*x, x)",
      "reasoning": "As a practical-minded person, I can represent the equation using fractions or alternative transformations to create another equivalent mathematical representation.",
      "evaluation": "equivalent",
      "extra_verification": null,
      "transformations_used": [
        "modify an exponent slightly",
        "rearrange the order of terms",
        "rewrite using different logarithmic properties"
      ],
      "timestamp": "2025-02-05T06:31:58.661935Z"
    },
    {
      "original": "integrate(x**5 + 5*x**4 + 10*x**3 + 8*x**2 + x, x)",
      "requested_difficulty": "equivalent",
      "variant": "integrate(1*(x**5 + 5*x**4 + 10*x**3 + 8*x**2 + x), x)",
      "reasoning": "From a creative standpoint, I notice I can express the polynomial entirely in terms of a linear combination of powers with shifted coefficients, showing it from a different perspective.",
      "evaluation": "equivalent",
      "extra_verification": null,
      "transformations_used": [
        "modify an exponent slightly",
        "rearrange the order of terms",
        "rewrite using different logarithmic properties"
      ],
      "timestamp": "2025-02-05T06:31:58.509776Z"
    },
    {
      "original": "integrate(x**5 + 5*x**4 + 10*x**3 + 8*x**2 + x, x)",
      "requested_difficulty": "equivalent",
      "variant": "integrate((1*(x**5)) + (5*x**4) + (10*x**3) + (8*x**2) + (x), x)",
      "reasoning": "Adopting the role of a theoretical physicist intrigued by symmetry, I realize I can modify coefficients while retaining their balanced sum of powers. I rewrite the polynomial in various simple forms.",
      "evaluation": "equivalent",
      "extra_verification": null,
      "transformations_used": [
        "modify an exponent slightly",
        "rearrange the order of terms",
        "rewrite using different logarithmic properties"
      ],
      "timestamp": "2025-02-05T06:31:58.550498Z"
    },
    {
      "original": "integrate(x**5 + 5*x**4 + 10*x**3 + 8*x**2 + x, x)",
      "requested_difficulty": "equivalent",
      "variant": "integrate((x + 1)**5 - (x + 1) + 1, x)",
      "reasoning": "As a calculus professor focused on elegant simplifications, I can recognize the polynomial's structure and notice that the coefficients resemble values from the binomial expansion. I can express this polynomial in a more compact form.",
      "evaluation": "equivalent",
      "extra_verification": null,
      "transformations_used": [
        "modify an exponent slightly",
        "rearrange the order of terms",
        "change coefficient values slightly",
        "use alternate but equivalent radical forms",
        "exchange similar functions (e.g., sin to cos)"
      ],
      "timestamp": "2025-02-05T06:31:56.925663Z"
    }
  ]
]